Age,Attrition,DailyRate,DistanceFromHome,Education,EnvironmentSatisfaction,HourlyRate,JobInvolvement,JobLevel,JobSatisfaction,MonthlyRate,NumCompaniesWorked,PercentSalaryHike,PerformanceRating,RelationshipSatisfaction,StockOptionLevel,TotalWorkingYears,TrainingTimesLastYear,WorkLifeBalance,YearsAtCompany,YearsSinceLastPromotion,Income_Rel_Role,PromotionStagnation,Loyalty,TotalSatisfaction,Stability,SalesDpt,LongDisJobS1,YoungAndBadPaid,Engaged,Income_Distance,BusinessTravel_Travel_Frequently,BusinessTravel_Travel_Rarely,EducationField_Life Sciences,EducationField_Marketing,EducationField_Medical,EducationField_Other,EducationField_Technical Degree,Gender_Male,JobRole_Human Resources,JobRole_Laboratory Technician,JobRole_Manager,JobRole_Manufacturing Director,JobRole_Research Director,JobRole_Research Scientist,JobRole_Sales Representative,MaritalStatus_Married,MaritalStatus_Single,OverTime_Yes,AgeGroup_Middle,AgeGroup_Senior,IncomeRange_Medium,IncomeRange_High
0.4463504035345031,1.0,0.7425265337769018,-1.0109093429124179,-0.8916882501868245,-0.6605306743650393,1.3831382668932737,0.3796721288811475,-0.05778754527941421,1.1532535902386967,0.7260199409380492,2.1698771115828235,-1.1505541015749308,3.0,-1.584178240646517,-0.9320143892374165,-0.42499866454451996,-2.171981830933257,-2.4938204216722384,-0.12383236911271409,-0.6791456840737199,-0.39042628117352685,-0.8781534100649921,0.2983229624701303,-1.4455905142848562,0.2665251432402553,1.0,0.0,0.0,0.0,1.062555831933127,0.0,1.0,1.0,0.0,0.0,0.0,0.0,0.0,0.0,0.0,0.0,0.0,0.0,0.0,0.0,0.0,1.0,1.0,1.0,0.0,0.0,1.0
1.3223652142096962,0.0,-1.2977746019136118,-0.14714972001373974,-1.8684257522543597,0.2546249253678617,-0.2406767700620191,-1.0261667362455194,-0.05778754527941421,-0.6608531809232983,1.4888761391146892,-0.6828168296701794,2.1293060069870897,4.0,1.1914379855160337,0.24198831185855807,-0.15107647365097865,0.1557070814399298,0.33809616377248186,0.6780776863749062,-0.3687152874355457,1.6934036738638103,-0.5405362393801,1.1507914064214602,0.5320903195901912,0.3669727680941946,0.0,0.0,0.0,1.0,-0.4441026212513382,1.0,0.0,1.0,0.0,0.0,0.0,0.0,1.0,0.0,0.0,0.0,0.0,0.0,1.0,0.0,1.0,0.0,0.0,0.0,1.0,0.0,1.0
0.008342998196906572,1.0,1.4143632382387843,-0.8875151110697495,-0.8916882501868245,1.1697805251007627,1.2847252343505287,-1.0261667362455194,-0.9614863916702531,0.24620020465769926,-1.6748408610979753,1.3548216997962514,-0.057267398720923963,3.0,-0.6589728319256667,-0.9320143892374165,-0.5619597599912906,0.1557070814399298,0.33809616377248186,-1.3266974523441444,-0.6791456840737199,-1.0287171536299113,-0.8781534100649921,-2.045965258396027,0.5320903195901912,-1.742399228925451,0.0,0.0,0.0,0.0,-0.36545295956989077,0.0,1.0,0.0,0.0,0.0,1.0,0.0,1.0,0.0,1.0,0.0,0.0,0.0,0.0,0.0,0.0,1.0,1.0,1.0,0.0,0.0,0.0
-0.42966440714069,0.0,1.4614661806180305,-0.7641208792270812,1.0617867539482457,1.1697805251007627,-0.4867093514188816,0.3796721288811475,-0.9614863916702531,0.24620020465769926,1.2432105837696696,-0.6828168296701794,-1.1505541015749308,3.0,0.26623257679518353,-0.9320143892374165,-0.42499866454451996,0.1557070814399298,0.33809616377248186,0.27712265863109603,0.2521455058408027,-0.2965407920753742,0.3597762157796122,1.079752369425516,1.026510528058953,0.8943151081711811,0.0,0.0,1.0,0.0,-0.34646320572969913,1.0,0.0,1.0,0.0,0.0,0.0,0.0,0.0,0.0,0.0,0.0,0.0,0.0,1.0,0.0,1.0,0.0,1.0,1.0,0.0,0.0,0.0
-1.0866755151470848,0.0,-0.5242947060017769,-0.8875151110697495,-1.8684257522543597,-1.5756862740979403,-1.2740136117608418,0.3796721288811475,-0.9614863916702531,-0.6608531809232983,0.3258998974213038,2.373640964529467,-0.8772324258614291,3.0,1.1914379855160337,0.24198831185855807,-0.6989208554380613,0.1557070814399298,0.33809616377248186,-0.9257424246003343,-0.058284890797371494,0.20699540931607513,1.5977058416242167,-1.0412703065962452,-0.4567500973473325,1.2709772847514702,0.0,0.0,1.0,0.0,-0.0802444495776944,0.0,1.0,0.0,0.0,1.0,0.0,0.0,1.0,0.0,1.0,0.0,0.0,0.0,0.0,0.0,1.0,0.0,0.0,0.0,0.0,1.0,0.0
-0.5391662584750891,0.0,0.5020536174196967,-0.8875151110697495,-0.8916882501868245,1.1697805251007627,0.645040522822686,0.3796721288811475,-0.9614863916702531,1.1532535902386967,-0.34419928329096944,-1.0903445355634656,-0.6039107501479274,3.0,0.26623257679518353,-0.9320143892374165,-0.42499866454451996,-0.6201892226844657,-1.0778621289498782,0.07664514475919097,0.2521455058408027,-0.15170199647376142,0.5145174190101878,0.6890376659478233,1.026510528058953,1.2709880467950734,0.0,0.0,1.0,0.0,-0.1630335671371128,1.0,0.0,1.0,0.0,0.0,0.0,0.0,1.0,0.0,1.0,0.0,0.0,0.0,0.0,0.0,0.0,1.0,0.0,1.0,0.0,1.0,0.0
2.4173837275536876,0.0,1.2928872289449382,-0.7641208792270812,0.08504925188071055,0.2546249253678617,0.743453555365431,1.7855109940078144,-0.9614863916702531,-1.5679065665042957,-0.6112270608399039,0.5397662880096791,1.3093409798465847,4.0,-1.584178240646517,2.5899937140505074,0.12284571724256264,0.1557070814399298,-1.0778621289498782,-1.1262199384722393,-0.6791456840737199,-0.5086059152346486,-0.8781534100649921,-1.7754704636807008,-1.940010722753618,-1.742399228925451,0.0,0.0,0.0,1.0,-0.3835630790360135,0.0,1.0,0.0,0.0,1.0,0.0,0.0,0.0,0.0,1.0,0.0,0.0,0.0,0.0,0.0,1.0,0.0,1.0,0.0,1.0,0.0,0.0
-0.7581699611438873,0.0,1.3771767047814845,1.827157989468953,-1.8684257522543597,1.1697805251007627,0.05456232756621595,0.3796721288811475,-0.9614863916702531,0.24620020465769926,-0.1374635670938734,-0.6828168296701794,1.855984331273588,4.0,-0.6589728319256667,0.24198831185855807,-1.3837263326719145,-0.6201892226844657,0.33809616377248186,-1.1262199384722393,-0.6791456840737199,-0.4879808144017328,-0.8781534100649921,-0.2877490927464089,0.5320903195901912,-1.742399228925451,0.0,0.0,1.0,0.0,-0.7311407707415977,0.0,1.0,1.0,0.0,0.0,0.0,0.0,1.0,0.0,1.0,0.0,0.0,0.0,0.0,0.0,0.0,0.0,0.0,0.0,0.0,0.0,0.0
0.11784484953130571,0.0,-1.4539580424342708,1.7037637576262845,0.08504925188071055,1.1697805251007627,-1.0771875466753518,-1.0261667362455194,0.8459113011114247,0.24620020465769926,-0.7766437419846911,-1.0903445355634656,1.5826626555600865,4.0,-0.6589728319256667,-0.9320143892374165,-0.15107647365097865,-0.6201892226844657,0.33809616377248186,0.4776001725030011,-0.3687152874355457,0.8877137514459723,-0.5067745223116108,0.8311157399397118,0.5320903195901912,0.6013471740137043,0.0,0.0,0.0,0.0,-0.5515732444831581,1.0,0.0,1.0,0.0,0.0,0.0,0.0,1.0,0.0,0.0,0.0,1.0,0.0,0.0,0.0,0.0,1.0,0.0,1.0,0.0,0.0,0.0
-0.10115885313749257,0.0,1.230909673182772,2.197340684996958,0.08504925188071055,0.2546249253678617,1.3831382668932737,0.3796721288811475,-0.05778754527941421,0.24620020465769926,0.31817014596593995,1.3548216997962514,-0.6039107501479274,3.0,-0.6589728319256667,1.4159910129545328,0.8076511944764159,0.1557070814399298,-1.0778621289498782,0.07664514475919097,1.4938670923934996,-0.8836491430497542,2.3714118577770944,-0.6784637962241018,-0.4567500973473325,1.2709880467950734,0.0,0.0,0.0,1.0,-0.6818921857842783,0.0,1.0,0.0,0.0,1.0,0.0,0.0,1.0,0.0,0.0,0.0,0.0,0.0,0.0,0.0,1.0,0.0,0.0,1.0,0.0,0.0,1.0
-0.2106607044718917,0.0,0.016149580244313087,0.8400041347276065,0.08504925188071055,-1.5756862740979403,0.8910731041795485,1.7855109940078144,-0.9614863916702531,-0.6608531809232983,0.304397134281837,-1.0903445355634656,-0.6039107501479274,3.0,0.26623257679518353,0.24198831185855807,-0.6989208554380613,1.707499689688721,0.33809616377248186,-0.32430988298461916,-0.6791456840737199,-0.7274113327664489,-0.8781534100649921,0.4657721211034274,-0.9511703058160944,0.6683092141052549,0.0,0.0,0.0,0.0,-0.7094173932888154,0.0,1.0,0.0,0.0,1.0,0.0,0.0,1.0,0.0,1.0,0.0,0.0,0.0,0.0,0.0,1.0,0.0,0.0,1.0,0.0,0.0,0.0
-0.8676718124782865,0.0,-1.6101414829549299,0.7166099028849382,-0.8916882501868245,1.1697805251007627,-0.8311549653184892,-1.0261667362455194,-0.05778754527941421,0.24620020465769926,-0.22923679800937558,-1.0903445355634656,-0.8772324258614291,3.0,1.1914379855160337,-0.9320143892374165,-0.15107647365097865,0.1557070814399298,0.33809616377248186,0.4776001725030011,-0.6791456840737199,0.857134457310154,-0.8781534100649921,0.8311157399397118,1.520930736527715,-0.06829465539748285,0.0,0.0,0.0,0.0,-0.6353066754147386,0.0,1.0,1.0,0.0,0.0,0.0,0.0,0.0,0.0,1.0,0.0,0.0,0.0,0.0,0.0,0.0,1.0,1.0,0.0,0.0,1.0,0.0
-0.6486681098094882,0.0,-0.32844562979333136,2.0739464531542895,-1.8684257522543597,-1.5756862740979403,-1.7168722582031943,0.3796721288811475,-0.9614863916702531,0.24620020465769926,0.12042904964417642,-0.6828168296701794,0.4893759527060795,3.0,1.1914379855160337,0.24198831185855807,-0.8358819508848319,-1.3960855268088614,-1.0778621289498782,-0.32430988298461916,0.5625759024789769,-0.2947488564914577,1.5977058416242167,0.8843950176866698,-0.4567500973473325,-0.5370450074100981,0.0,0.0,1.0,0.0,-0.7310818984802221,0.0,1.0,1.0,0.0,0.0,0.0,0.0,1.0,0.0,0.0,0.0,0.0,0.0,1.0,0.0,0.0,0.0,0.0,1.0,0.0,0.0,0.0
-0.3201625558062908,0.0,1.3474274780156446,1.2101868302556114,-0.8916882501868245,-0.6605306743650393,1.333931750621901,0.3796721288811475,-0.9614863916702531,1.1532535902386967,-0.7807194291157011,-1.0903445355634656,-1.1505541015749308,3.0,0.26623257679518353,0.24198831185855807,-1.1098041417783733,-0.6201892226844657,0.33809616377248186,-0.9257424246003343,-0.3687152874355457,-0.51667660686492,0.3597762157796122,-0.2877490927464089,0.5320903195901912,1.2709772847514702,0.0,0.0,1.0,0.0,-0.7154129081332472,0.0,1.0,0.0,0.0,1.0,0.0,0.0,1.0,0.0,1.0,0.0,0.0,0.0,0.0,0.0,0.0,0.0,0.0,1.0,0.0,0.0,0.0
-0.9771736638126857,1.0,-1.7340965944792623,1.827157989468953,0.08504925188071055,0.2546249253678617,-0.7819484490471167,-1.0261667362455194,-0.9614863916702531,0.24620020465769926,-0.19199345008807683,0.9472939939029652,-0.3305890744344257,3.0,-0.6589728319256667,-0.9320143892374165,-0.6989208554380613,0.9316033855643254,0.33809616377248186,-0.5247873968565242,-0.6791456840737199,-1.084315251527336,-0.8781534100649921,-0.036575354796463615,0.037670111121429345,-0.23570720537576498,0.0,0.0,1.0,0.0,-0.7476571996947017,0.0,1.0,1.0,0.0,0.0,0.0,0.0,1.0,0.0,1.0,0.0,0.0,0.0,0.0,0.0,0.0,1.0,1.0,0.0,0.0,0.0,0.0
-0.8676718124782865,0.0,1.4540288739265705,1.456975293940948,1.0617867539482457,-0.6605306743650393,-0.7327419327757442,1.7855109940078144,0.8459113011114247,-1.5679065665042957,-0.5787621047273755,-0.6828168296701794,-1.1505541015749308,3.0,0.26623257679518353,0.24198831185855807,-0.15107647365097865,-1.3960855268088614,0.33809616377248186,0.6780776863749062,1.8042974890316739,1.0683712868279598,1.822783955414145,1.1507914064214602,-0.9511703058160944,0.9696504815283791,0.0,1.0,0.0,0.0,-0.516354942030467,0.0,1.0,1.0,0.0,0.0,0.0,0.0,0.0,0.0,0.0,0.0,1.0,0.0,0.0,0.0,0.0,0.0,0.0,0.0,0.0,0.0,0.0
-0.5391662584750891,0.0,-1.1614239792368461,-0.5173324155417446,-0.8916882501868245,-1.5756862740979403,0.6942470390940585,1.7855109940078144,-0.9614863916702531,-0.6608531809232983,0.10398576018458414,-1.0903445355634656,-0.8772324258614291,3.0,1.1914379855160337,1.4159910129545328,-0.5619597599912906,1.707499689688721,-1.0778621289498782,-0.12383236911271409,-0.6791456840737199,0.051990678996369895,-0.8781534100649921,0.5913589900784001,-0.9511703058160944,-0.7379370428425979,0.0,0.0,1.0,0.0,-0.45672796167914953,0.0,1.0,1.0,0.0,0.0,0.0,0.0,1.0,0.0,0.0,0.0,0.0,0.0,1.0,0.0,0.0,0.0,1.0,1.0,0.0,1.0,0.0
-1.6341847718190805,0.0,0.7945876806171215,0.8400041347276065,-0.8916882501868245,1.1697805251007627,1.4815512994360187,1.7855109940078144,-0.9614863916702531,1.1532535902386967,-0.9822551306973706,-0.6828168296701794,-0.6039107501479274,3.0,-0.6589728319256667,1.4159910129545328,-1.3837263326719145,-0.6201892226844657,-1.0778621289498782,-1.1262199384722393,-0.6791456840737199,-0.27096888389888196,-0.8781534100649921,-0.2877490927464089,0.5320903195901912,-1.742399228925451,0.0,0.0,0.0,0.0,-0.6908263664486343,0.0,0.0,0.0,0.0,1.0,0.0,0.0,1.0,0.0,1.0,0.0,0.0,0.0,0.0,0.0,0.0,0.0,1.0,0.0,0.0,1.0,0.0
1.7603726195472926,0.0,1.0325814947438399,-0.8875151110697495,1.0617867539482457,-1.5756862740979403,0.5958340065513135,-1.0261667362455194,1.7496101475022634,1.1532535902386967,1.083274999111413,-0.27528912377689324,0.21605427699257776,3.0,0.26623257679518353,-0.9320143892374165,2.3827037921142784,0.1557070814399298,0.33809616377248186,2.2818977973501466,0.2521455058408027,-0.29645941769051104,-0.4496393088110906,0.7012475004315012,0.037670111121429345,-0.7781143088603825,1.0,0.0,0.0,1.0,2.3949431926550164,0.0,1.0,1.0,0.0,0.0,0.0,0.0,0.0,0.0,0.0,1.0,0.0,0.0,0.0,0.0,1.0,0.0,0.0,0.0,1.0,0.0,0.0
0.11784484953130571,0.0,-1.06969719670884,-0.8875151110697495,0.08504925188071055,1.1697805251007627,-1.0279810304039791,0.3796721288811475,-0.9614863916702531,1.1532535902386967,-1.40640767419352,0.9472939939029652,-1.1505541015749308,3.0,0.26623257679518353,-0.9320143892374165,-0.6989208554380613,0.1557070814399298,0.33809616377248186,-0.7252649107284292,-0.3687152874355457,0.6307858726013732,0.050293809318461155,-0.5389228306963544,1.520930736527715,0.2665217950441287,0.0,0.0,0.0,0.0,0.01827460031801351,0.0,1.0,1.0,0.0,0.0,0.0,0.0,1.0,0.0,0.0,0.0,0.0,0.0,1.0,0.0,0.0,1.0,1.0,1.0,0.0,1.0,0.0
-1.4151810691502822,0.0,-0.32100832310187144,0.2230329755142651,-0.8916882501868245,-1.5756862740979403,1.4815512994360187,1.7855109940078144,-0.05778754527941421,0.24620020465769926,-0.8546439612160903,-1.0903445355634656,0.7626976284195812,3.0,1.1914379855160337,0.24198831185855807,-0.8358819508848319,1.707499689688721,-1.0778621289498782,-0.5247873968565242,-0.3687152874355457,-1.3068375869497555,-0.13539563455822945,0.2983229624701303,-0.4567500973473325,-0.23570720537576498,0.0,0.0,0.0,0.0,-0.5904841297360848,0.0,0.0,0.0,0.0,0.0,1.0,0.0,0.0,0.0,0.0,0.0,1.0,0.0,0.0,0.0,0.0,0.0,0.0,0.0,0.0,1.0,0.0
-0.10115885313749257,1.0,1.0301023925133532,-0.02375548817107146,1.0617867539482457,0.2546249253678617,0.7926600716368035,-1.0261667362455194,-0.9614863916702531,-1.5679065665042957,-1.0297579669139705,1.7623494056895375,2.1293060069870897,4.0,-0.6589728319256667,-0.9320143892374165,-0.15107647365097865,0.9316033855643254,0.33809616377248186,-0.32430988298461916,-0.6791456840737199,0.8633562712211316,-0.8781534100649921,-0.44758692598728334,-0.9511703058160944,0.06563210334757824,1.0,0.0,0.0,0.0,-0.586479206174148,0.0,1.0,1.0,0.0,0.0,0.0,0.0,1.0,0.0,0.0,0.0,0.0,0.0,0.0,1.0,0.0,1.0,0.0,1.0,0.0,1.0,0.0
-0.3201625558062908,0.0,-0.9507002896454807,-0.270543951856408,1.0617867539482457,-1.5756862740979403,-0.6343289002329991,0.3796721288811475,0.8459113011114247,-0.6608531809232983,0.9809611980295055,-1.0903445355634656,-1.1505541015749308,3.0,0.26623257679518353,-0.9320143892374165,0.2598068126893333,0.9316033855643254,0.33809616377248186,1.0790327141187162,-0.058284890797371494,-0.7313698170079616,-0.3068012750597901,0.9681195970033181,-0.9511703058160944,-0.23570469422448517,0.0,0.0,0.0,0.0,0.13288578493933328,0.0,1.0,1.0,0.0,0.0,0.0,0.0,0.0,0.0,0.0,0.0,0.0,1.0,0.0,0.0,0.0,1.0,0.0,1.0,0.0,0.0,0.0
-1.7436866231534796,0.0,-1.020115152099107,0.7166099028849382,-0.8916882501868245,0.2546249253678617,1.4815512994360187,0.3796721288811475,-0.9614863916702531,1.1532535902386967,0.6981928356987392,-0.6828168296701794,-0.3305890744344257,3.0,1.1914379855160337,-0.9320143892374165,-1.520687428118685,2.4833959938131165,0.33809616377248186,-1.3266974523441444,-0.6791456840737199,-1.7990787791892924,-0.8781534100649921,-2.045965258396027,1.520930736527715,-1.742399228925451,0.0,0.0,0.0,0.0,-0.7502153834272877,0.0,1.0,1.0,0.0,0.0,0.0,0.0,1.0,0.0,0.0,0.0,0.0,0.0,1.0,0.0,0.0,1.0,0.0,0.0,0.0,0.0,0.0
-0.3201625558062908,1.0,-0.2565516651092185,-0.3939381836990763,-1.8684257522543597,-0.6605306743650393,0.841866587908176,0.3796721288811475,-0.9614863916702531,-1.5679065665042957,0.3919541371307771,-0.27528912377689324,-1.1505541015749308,3.0,0.26623257679518353,-0.9320143892374165,-0.42499866454451996,-0.6201892226844657,0.33809616377248186,-0.5247873968565242,-0.3687152874355457,-0.2508464346855055,-0.13539563455822945,-0.48310644448525547,-0.9511703058160944,-0.23570720537576498,0.0,0.0,1.0,0.0,-0.5354663259865534,0.0,1.0,0.0,0.0,1.0,0.0,0.0,1.0,0.0,0.0,0.0,0.0,0.0,1.0,0.0,0.0,1.0,0.0,1.0,0.0,1.0,0.0
1.7603726195472926,0.0,1.188764935264499,-0.5173324155417446,0.08504925188071055,0.2546249253678617,-0.3882963188761366,0.3796721288811475,2.6533089938931025,0.24620020465769926,-0.5028699995292573,0.5397662880096791,-1.1505541015749308,3.0,1.1914379855160337,0.24198831185855807,2.040301053497352,0.1557070814399298,-1.0778621289498782,1.4799877418625262,0.5625759024789769,0.3230945017318317,0.11219029061069137,-0.2226299755001269,0.5320903195901912,1.0557480972031277,0.0,0.0,0.0,1.0,1.1779431645315666,0.0,1.0,0.0,0.0,0.0,1.0,0.0,0.0,0.0,0.0,1.0,0.0,0.0,0.0,0.0,0.0,0.0,0.0,0.0,1.0,0.0,0.0
-0.5391662584750891,1.0,0.7995458850780948,0.8400041347276065,-1.8684257522543597,-0.6605306743650393,0.3005949089230785,-2.432005601372186,-0.9614863916702531,-1.5679065665042957,-1.3537048233614937,-0.6828168296701794,1.855984331273588,4.0,-0.6589728319256667,-0.9320143892374165,-0.15107647365097865,1.707499689688721,0.33809616377248186,0.6780776863749062,1.1834366957553253,0.6083866778024181,1.1475496140443604,1.1507914064214602,-1.4455905142848562,-1.1397215154912665,0.0,1.0,0.0,0.0,-0.6548861495316632,1.0,0.0,1.0,0.0,0.0,0.0,0.0,0.0,0.0,0.0,0.0,0.0,0.0,1.0,0.0,0.0,1.0,1.0,1.0,0.0,1.0,0.0
0.5558522548689022,0.0,-0.2763844829531117,-0.14714972001373974,1.0617867539482457,0.2546249253678617,-0.8803614815898617,0.3796721288811475,-0.05778754527941421,-0.6608531809232983,0.964096285763257,-1.0903445355634656,-1.1505541015749308,3.0,1.1914379855160337,0.24198831185855807,-0.15107647365097865,-0.6201892226844657,0.33809616377248186,0.4776001725030011,0.5625759024789769,-0.04162144747866822,0.6073621409485332,0.8311157399397118,0.5320903195901912,0.6013471740137043,1.0,0.0,0.0,1.0,-0.3271629926986597,0.0,1.0,0.0,1.0,0.0,0.0,0.0,1.0,0.0,0.0,0.0,0.0,0.0,0.0,0.0,1.0,0.0,0.0,1.0,0.0,0.0,1.0
0.7748559575377005,0.0,-0.806912360277255,-0.270543951856408,1.0617867539482457,-1.5756862740979403,-1.1756005792180968,-1.0261667362455194,0.8459113011114247,1.1532535902386967,-1.7172842236347006,0.1322385821163929,-0.3305890744344257,3.0,1.1914379855160337,0.24198831185855807,1.7663788626038104,0.9316033855643254,0.33809616377248186,2.2818977973501466,0.8730062991171511,1.0484726176289583,-0.07080800190546756,1.0484951931473008,0.5320903195901912,-0.9205655350609055,0.0,0.0,0.0,1.0,-0.002629651865739677,0.0,1.0,0.0,0.0,1.0,0.0,0.0,0.0,0.0,0.0,0.0,0.0,0.0,0.0,0.0,1.0,0.0,0.0,1.0,0.0,0.0,0.0
0.9938596602064987,0.0,-0.2416770517262986,-0.8875151110697495,1.0617867539482457,-0.6605306743650393,0.841866587908176,0.3796721288811475,2.6533089938931025,-1.5679065665042957,1.1958482884886217,0.1322385821163929,-0.8772324258614291,3.0,1.1914379855160337,-0.9320143892374165,1.4924566717102692,-0.6201892226844657,-1.0778621289498782,-0.9257424246003343,-0.058284890797371494,0.2982582797097199,1.5977058416242167,-1.7401885339352239,-0.9511703058160944,1.2709772847514702,1.0,0.0,0.0,0.0,3.1234874271778983,0.0,1.0,0.0,1.0,0.0,0.0,0.0,0.0,0.0,0.0,1.0,0.0,0.0,0.0,0.0,0.0,1.0,0.0,0.0,1.0,0.0,0.0
-0.42966440714069,0.0,0.30124633675027795,-0.8875151110697495,0.08504925188071055,0.2546249253678617,0.5958340065513135,0.3796721288811475,-0.9614863916702531,1.1532535902386967,-1.074168902548425,0.5397662880096791,-1.1505541015749308,3.0,1.1914379855160337,-0.9320143892374165,-0.5619597599912906,0.1557070814399298,0.33809616377248186,-1.1262199384722393,-0.6791456840737199,-0.6646392867532274,-0.8781534100649921,-1.6064112169836224,1.520930736527715,1.270962218019569,0.0,0.0,1.0,0.0,-0.28142200524708105,0.0,1.0,0.0,0.0,1.0,0.0,0.0,1.0,0.0,1.0,0.0,0.0,0.0,0.0,0.0,0.0,1.0,0.0,1.0,0.0,0.0,0.0
0.7748559575377005,0.0,1.627566030060636,0.09963874367159682,1.0617867539482457,1.1697805251007627,-1.2248070954894692,0.3796721288811475,-0.05778754527941421,1.1532535902386967,0.6757062860104079,-0.27528912377689324,-0.6039107501479274,3.0,1.1914379855160337,-0.9320143892374165,-0.2880375690977493,1.707499689688721,1.754054456494842,-0.5247873968565242,-0.3687152874355457,-0.4101617109776212,-0.13539563455822945,-0.6393923258763324,2.5097711534652385,-0.23570720537576498,0.0,0.0,0.0,1.0,-0.43309543175764276,0.0,1.0,0.0,0.0,0.0,1.0,0.0,1.0,0.0,0.0,0.0,0.0,0.0,0.0,0.0,1.0,0.0,1.0,1.0,0.0,0.0,1.0
-0.7581699611438873,0.0,-1.679556345408556,-0.02375548817107146,-0.8916882501868245,1.1697805251007627,0.841866587908176,-1.0261667362455194,-0.9614863916702531,0.24620020465769926,0.2535213156119874,-0.6828168296701794,-0.6039107501479274,3.0,-1.584178240646517,-0.9320143892374165,-0.15107647365097865,1.707499689688721,0.33809616377248186,0.6780776863749062,-0.3687152874355457,-0.9246949059508589,-0.5405362393801,1.1507914064214602,0.037670111121429345,-1.742399228925451,0.0,0.0,1.0,0.0,-0.6610515038157941,0.0,1.0,0.0,0.0,1.0,0.0,0.0,1.0,0.0,1.0,0.0,0.0,0.0,0.0,0.0,0.0,1.0,0.0,0.0,0.0,0.0,0.0
0.22734670086570485,1.0,0.22935237206616507,-0.5173324155417446,0.08504925188071055,1.1697805251007627,-0.4867093514188816,0.3796721288811475,-0.05778754527941421,1.1532535902386967,-1.5428729226145808,0.1322385821163929,-0.3305890744344257,3.0,0.26623257679518353,0.24198831185855807,1.0815733853699572,2.4833959938131165,1.754054456494842,-1.1262199384722393,-0.6791456840737199,-0.5969428763884902,-0.8781534100649921,-1.8701436418310649,2.015350944996477,-1.742399228925451,1.0,0.0,0.0,1.0,-0.5821534747816682,0.0,1.0,0.0,0.0,0.0,0.0,1.0,1.0,0.0,0.0,0.0,0.0,0.0,0.0,1.0,1.0,0.0,0.0,1.0,0.0,0.0,0.0
-1.4151810691502822,1.0,0.02606598916625969,-1.0109093429124179,0.08504925188071055,-0.6605306743650393,-0.2406767700620191,0.3796721288811475,-0.9614863916702531,1.1532535902386967,-1.587143317313483,-0.27528912377689324,0.21605427699257776,3.0,-1.584178240646517,0.24198831185855807,-0.6989208554380613,-0.6201892226844657,-1.0778621289498782,-0.9257424246003343,-0.058284890797371494,-0.8484569519216314,1.5977058416242167,-1.0412703065962452,-0.9511703058160944,-1.742399228925451,0.0,0.0,1.0,0.0,-0.08614317420380296,0.0,1.0,0.0,0.0,1.0,0.0,0.0,1.0,0.0,0.0,0.0,0.0,0.0,1.0,0.0,1.0,0.0,1.0,0.0,0.0,0.0,0.0
0.6653541062033014,0.0,1.1664530151901191,-0.8875151110697495,-0.8916882501868245,1.1697805251007627,0.3005949089230785,1.7855109940078144,-0.9614863916702531,0.24620020465769926,1.0695019874273102,-0.6828168296701794,-0.8772324258614291,3.0,1.1914379855160337,1.4159910129545328,-0.6989208554380613,0.1557070814399298,-1.0778621289498782,-0.32430988298461916,-0.3687152874355457,-0.5330762891523416,-0.25918859714269,0.4657721211034274,1.026510528058953,0.06563210334757824,0.0,0.0,0.0,1.0,-0.25058305895619776,0.0,1.0,0.0,0.0,1.0,0.0,0.0,0.0,0.0,0.0,0.0,0.0,0.0,1.0,0.0,0.0,0.0,0.0,1.0,0.0,0.0,0.0
1.4318670655440953,1.0,0.16489571407351214,-0.7641208792270812,-0.8916882501868245,-1.5756862740979403,0.9894861367222936,-1.0261667362455194,-0.9614863916702531,0.24620020465769926,-1.4761159782273472,-0.6828168296701794,-0.3305890744344257,3.0,0.26623257679518353,-0.9320143892374165,-1.1098041417783733,-0.6201892226844657,0.33809616377248186,-0.7252649107284292,-0.6791456840737199,0.06301063695211824,-0.8781534100649921,0.5913589900784001,-0.4567500973473325,0.2665217950441287,1.0,0.0,0.0,1.0,-0.38154509429550265,0.0,1.0,0.0,1.0,0.0,0.0,0.0,1.0,0.0,0.0,0.0,0.0,0.0,0.0,1.0,1.0,0.0,1.0,0.0,1.0,0.0,0.0
-0.2106607044718917,0.0,0.2169568609137318,-0.8875151110697495,0.08504925188071055,1.1697805251007627,1.5307578157073911,0.3796721288811475,-0.9614863916702531,1.1532535902386967,-0.6501568999878274,-0.6828168296701794,-0.6039107501479274,3.0,-1.584178240646517,-0.9320143892374165,-1.2467652372251439,0.1557070814399298,0.33809616377248186,-0.9257424246003343,-0.058284890797371494,-0.6765352599069557,1.5977058416242167,0.2983229624701303,0.5320903195901912,1.2709772847514702,1.0,0.0,0.0,0.0,-0.3811828919061802,0.0,1.0,0.0,1.0,0.0,0.0,0.0,0.0,0.0,0.0,0.0,0.0,0.0,0.0,1.0,1.0,0.0,0.0,1.0,0.0,0.0,0.0
-0.10115885313749257,0.0,0.12275097615523907,-0.5173324155417446,1.0617867539482457,-0.6605306743650393,0.7926600716368035,-1.0261667362455194,-0.9614863916702531,-1.5679065665042957,-0.174425833144068,2.373640964529467,-0.3305890744344257,3.0,1.1914379855160337,0.24198831185855807,-0.6989208554380613,0.1557070814399298,1.754054456494842,-1.1262199384722393,-0.6791456840737199,0.1604027818233133,-0.8781534100649921,-1.5436177824961361,0.037670111121429345,1.270962218019569,0.0,0.0,0.0,1.0,-0.44420610764828744,0.0,1.0,1.0,0.0,0.0,0.0,0.0,0.0,0.0,0.0,0.0,0.0,0.0,1.0,0.0,1.0,0.0,1.0,1.0,0.0,1.0,0.0
-0.42966440714069,0.0,0.8392115207658811,-1.0109093429124179,0.08504925188071055,0.2546249253678617,-1.1756005792180968,1.7855109940078144,-0.05778754527941421,-1.5679065665042957,-1.5628297354629748,-0.27528912377689324,1.036019304133083,3.0,-1.584178240646517,1.4159910129545328,-0.15107647365097865,0.1557070814399298,0.33809616377248186,-0.32430988298461916,-0.3687152874355457,-0.6490952503919498,-0.25918859714269,-0.44758692598728334,-1.4455905142848562,0.06563210334757824,1.0,0.0,0.0,0.0,0.8710025111800228,1.0,0.0,1.0,0.0,0.0,0.0,0.0,0.0,0.0,0.0,0.0,0.0,0.0,0.0,0.0,1.0,0.0,0.0,1.0,0.0,0.0,1.0
-0.2106607044718917,0.0,-0.8391406892735814,-0.6407266473844129,-0.8916882501868245,0.2546249253678617,0.448214457737196,0.3796721288811475,-0.9614863916702531,1.1532535902386967,-0.4782753358076449,-0.6828168296701794,-0.8772324258614291,3.0,0.26623257679518353,0.24198831185855807,-1.3837263326719145,0.1557070814399298,0.33809616377248186,-1.1262199384722393,-0.6791456840737199,-1.1533645021418795,-0.8781534100649921,-0.2877490927464089,1.026510528058953,-1.742399228925451,0.0,0.0,0.0,0.0,-0.5557437462802138,0.0,1.0,0.0,0.0,0.0,1.0,0.0,1.0,0.0,1.0,0.0,0.0,0.0,0.0,0.0,0.0,0.0,0.0,1.0,0.0,0.0,0.0
-1.0866755151470848,0.0,1.0846426415840595,-0.8875151110697495,1.0617867539482457,1.1697805251007627,-1.6184592256604493,0.3796721288811475,-0.9614863916702531,-1.5679065665042957,0.7591876017283379,-0.6828168296701794,-0.6039107501479274,3.0,1.1914379855160337,0.24198831185855807,-1.3837263326719145,2.4833959938131165,0.33809616377248186,-1.1262199384722393,-0.6791456840737199,-0.8036345314967891,-0.8781534100649921,-0.2877490927464089,0.5320903195901912,-1.742399228925451,0.0,0.0,1.0,0.0,-0.31350278830135564,0.0,1.0,1.0,0.0,0.0,0.0,0.0,0.0,0.0,1.0,0.0,0.0,0.0,0.0,0.0,0.0,0.0,0.0,0.0,0.0,0.0,0.0
-1.1961773664814839,1.0,1.3746976025509978,1.950552221311621,0.08504925188071055,-1.5756862740979403,-0.8803614815898617,-2.432005601372186,-0.9614863916702531,0.24620020465769926,-0.5277457451219738,-0.6828168296701794,-0.8772324258614291,3.0,0.26623257679518353,-0.9320143892374165,-1.3837263326719145,-0.6201892226844657,-1.0778621289498782,-1.1262199384722393,-0.6791456840737199,-0.8466782201915694,-0.8781534100649921,-0.2877490927464089,-0.9511703058160944,-1.742399228925451,0.0,0.0,1.0,0.0,-0.7432658738475404,0.0,1.0,1.0,0.0,0.0,0.0,0.0,1.0,0.0,1.0,0.0,0.0,0.0,0.0,0.0,0.0,1.0,0.0,0.0,0.0,0.0,0.0
-1.0866755151470848,0.0,0.4747834928843435,-0.14714972001373974,0.08504925188071055,1.1697805251007627,-1.4216331605749593,0.3796721288811475,0.8459113011114247,0.24620020465769926,-1.5934676594133264,-0.6828168296701794,-0.057267398720923963,3.0,1.1914379855160337,-0.9320143892374165,-0.2880375690977493,-2.171981830933257,0.33809616377248186,0.4776001725030011,-0.3687152874355457,0.7553472891246092,-0.5067745223116108,1.1188238397732855,1.520930736527715,0.9361680887192979,1.0,0.0,0.0,0.0,-0.1960112322982811,1.0,0.0,1.0,0.0,0.0,0.0,0.0,1.0,0.0,0.0,0.0,0.0,0.0,0.0,0.0,0.0,1.0,0.0,0.0,0.0,0.0,0.0
-0.7581699611438873,0.0,-0.2020114160385122,-1.0109093429124179,-0.8916882501868245,0.2546249253678617,-0.3882963188761366,0.3796721288811475,-0.05778754527941421,1.1532535902386967,-0.49640511649386204,-0.6828168296701794,2.1293060069870897,4.0,1.1914379855160337,-0.9320143892374165,0.12284571724256264,-0.6201892226844657,0.33809616377248186,1.0790327141187162,0.2521455058408027,0.6939271376757783,-0.02112520755718905,1.1999722781878834,1.520930736527715,0.26652681734250366,0.0,0.0,0.0,0.0,0.44722571567274993,1.0,0.0,0.0,0.0,1.0,0.0,0.0,0.0,0.0,1.0,0.0,0.0,0.0,0.0,0.0,0.0,1.0,0.0,0.0,0.0,1.0,0.0
0.4463504035345031,1.0,1.3821349092424577,0.3464272073569334,0.08504925188071055,-0.6605306743650393,-0.8311549653184892,0.3796721288811475,2.6533089938931025,0.24620020465769926,0.27642948810697493,-0.6828168296701794,-0.8772324258614291,3.0,1.1914379855160337,-0.9320143892374165,1.6294177671570398,-2.171981830933257,0.33809616377248186,2.2818977973501466,3.977310265498893,0.6357560975684442,1.5438828144135819,1.1774310452949392,0.5320903195901912,0.31218500573591246,0.0,0.0,0.0,1.0,0.13550080658532074,0.0,1.0,0.0,0.0,0.0,0.0,1.0,0.0,0.0,0.0,0.0,0.0,1.0,0.0,0.0,1.0,0.0,0.0,1.0,0.0,0.0,0.0
-0.3201625558062908,0.0,0.6507997512488957,1.7037637576262845,1.0617867539482457,-0.6605306743650393,0.3005949089230785,0.3796721288811475,-0.05778754527941421,0.24620020465769926,-0.6013891953512589,-1.0903445355634656,1.3093409798465847,4.0,0.26623257679518353,-0.9320143892374165,-0.15107647365097865,-0.6201892226844657,0.33809616377248186,0.4776001725030011,1.8042974890316739,-0.9878384061917647,2.092877691962059,0.8311157399397118,0.037670111121429345,-0.06829465539748285,1.0,0.0,0.0,0.0,-0.679844633501782,0.0,0.0,0.0,1.0,0.0,0.0,0.0,1.0,0.0,0.0,0.0,0.0,0.0,0.0,0.0,0.0,1.0,0.0,1.0,0.0,1.0,0.0
0.008342998196906572,0.0,-0.977970414180834,1.2101868302556114,-0.8916882501868245,-0.6605306743650393,0.349801425194451,0.3796721288811475,-0.9614863916702531,-0.6608531809232983,-0.5742647947897093,0.5397662880096791,1.5826626555600865,4.0,-1.584178240646517,-0.9320143892374165,-0.42499866454451996,-1.3960855268088614,0.33809616377248186,-1.1262199384722393,-0.6791456840737199,-0.19529643158409637,-0.8781534100649921,-1.655250554918334,-1.4455905142848562,-1.742399228925451,0.0,0.0,0.0,1.0,-0.7042053313436409,0.0,1.0,1.0,0.0,0.0,0.0,0.0,1.0,0.0,0.0,0.0,0.0,0.0,1.0,0.0,1.0,0.0,0.0,1.0,0.0,1.0,0.0
0.9938596602064987,0.0,1.0127486768999467,-0.5173324155417446,1.0617867539482457,-1.5756862740979403,1.5799643319787637,0.3796721288811475,-0.05778754527941421,1.1532535902386967,0.8617824846813495,0.5397662880096791,1.5826626555600865,4.0,0.26623257679518353,-0.9320143892374165,0.39676790813610396,0.9316033855643254,0.33809616377248186,0.4776001725030011,-0.6791456840737199,-0.48307756512372374,-0.8781534100649921,0.0638941403835146,0.037670111121429345,0.26652625930811075,1.0,0.0,0.0,0.0,-0.20070261562664815,1.0,0.0,0.0,1.0,0.0,0.0,0.0,1.0,0.0,0.0,0.0,0.0,0.0,0.0,0.0,0.0,1.0,1.0,0.0,1.0,0.0,1.0
-0.2106607044718917,0.0,1.0573725170487065,-0.14714972001373974,-1.8684257522543597,1.1697805251007627,-1.4708396768463317,1.7855109940078144,-0.9614863916702531,1.1532535902386967,-1.3240506859600067,-0.6828168296701794,1.036019304133083,3.0,1.1914379855160337,-0.9320143892374165,-1.3837263326719145,-0.6201892226844657,0.33809616377248186,-1.1262199384722393,-0.6791456840737199,-0.8682000645389595,-0.8781534100649921,-0.2877490927464089,2.015350944996477,-1.742399228925451,0.0,0.0,0.0,0.0,-0.6414856756992515,0.0,1.0,1.0,0.0,0.0,0.0,0.0,1.0,0.0,1.0,0.0,0.0,0.0,0.0,0.0,1.0,0.0,0.0,1.0,0.0,0.0,0.0
1.2128633628752972,1.0,-0.43752612793474405,-1.0109093429124179,-0.8916882501868245,-1.5756862740979403,1.5799643319787637,-1.0261667362455194,0.8459113011114247,0.24620020465769926,0.7000198678609162,2.373640964529467,-0.6039107501479274,3.0,1.1914379855160337,-0.9320143892374165,1.6294177671570398,-0.6201892226844657,0.33809616377248186,-1.1262199384722393,-0.6791456840737199,1.9224657525059683,-0.8781534100649921,-1.8994472445918922,0.037670111121429345,-1.742399228925451,0.0,0.0,0.0,0.0,0.8725548071342618,0.0,1.0,1.0,0.0,0.0,0.0,0.0,1.0,0.0,1.0,0.0,0.0,0.0,0.0,0.0,0.0,1.0,1.0,0.0,1.0,0.0,1.0
-0.9771736638126857,1.0,1.5655884742984698,-0.5173324155417446,1.0617867539482457,0.2546249253678617,-0.7819484490471167,0.3796721288811475,-0.9614863916702531,0.24620020465769926,-0.44046982414413793,-0.6828168296701794,-0.6039107501479274,3.0,0.26623257679518353,-0.9320143892374165,-1.2467652372251439,0.1557070814399298,-1.0778621289498782,-0.9257424246003343,-0.058284890797371494,0.1827833344252613,1.5977058416242167,0.2983229624701303,0.037670111121429345,1.2709772847514702,0.0,0.0,1.0,0.0,-0.44192940691540344,0.0,1.0,0.0,0.0,0.0,0.0,1.0,1.0,0.0,1.0,0.0,0.0,0.0,0.0,0.0,0.0,1.0,1.0,0.0,0.0,1.0,0.0
0.7748559575377005,0.0,1.699459994744749,-1.0109093429124179,2.038524256015781,-0.6605306743650393,0.448214457737196,0.3796721288811475,-0.05778754527941421,-1.5679065665042957,-1.448148332052485,0.9472939939029652,1.5826626555600865,4.0,0.26623257679518353,0.24198831185855807,-0.2880375690977493,-0.6201892226844657,-1.0778621289498782,-0.5247873968565242,-0.3687152874355457,-0.6163947972330568,-0.13539563455822945,-0.6393923258763324,-1.4455905142848562,0.517638806399078,1.0,0.0,0.0,1.0,0.8952183280661526,0.0,1.0,0.0,1.0,0.0,0.0,0.0,0.0,0.0,0.0,0.0,0.0,0.0,0.0,0.0,0.0,0.0,1.0,1.0,0.0,0.0,1.0
-0.2106607044718917,0.0,0.7301310226244685,0.2230329755142651,-0.8916882501868245,0.2546249253678617,0.645040522822686,-1.0261667362455194,0.8459113011114247,-1.5679065665042957,-0.8448060957274455,-0.27528912377689324,-0.6039107501479274,3.0,0.26623257679518353,0.24198831185855807,-0.15107647365097865,0.1557070814399298,0.33809616377248186,-0.5247873968565242,-0.058284890797371494,0.908122922780215,0.6073621409485332,-0.767262592469032,-0.4567500973473325,-1.742399228925451,0.0,0.0,0.0,0.0,-0.28659632509454475,0.0,0.0,0.0,0.0,1.0,0.0,0.0,1.0,0.0,0.0,0.0,0.0,0.0,0.0,0.0,1.0,0.0,1.0,1.0,0.0,0.0,0.0
-1.1961773664814839,0.0,1.5879003943728498,1.7037637576262845,0.08504925188071055,0.2546249253678617,-0.9295679978612341,-1.0261667362455194,-0.05778754527941421,1.1532535902386967,1.0010585518134516,1.7623494056895375,1.036019304133083,3.0,0.26623257679518353,0.24198831185855807,-0.8358819508848319,-0.6201892226844657,-1.0778621289498782,-0.9257424246003343,-0.6791456840737199,-1.1601446401443933,-0.8781534100649921,-0.8738211479629483,0.5320903195901912,1.2709772847514702,1.0,0.0,0.0,0.0,-0.6904778607883199,0.0,1.0,0.0,1.0,0.0,0.0,0.0,0.0,0.0,0.0,0.0,0.0,0.0,0.0,0.0,1.0,0.0,1.0,0.0,0.0,1.0,0.0
-0.42966440714069,0.0,-0.7127064755187623,-1.0109093429124179,-0.8916882501868245,-1.5756862740979403,1.5799643319787637,0.3796721288811475,0.8459113011114247,1.1532535902386967,0.11705606719092672,-0.6828168296701794,-0.8772324258614291,3.0,0.26623257679518353,-0.9320143892374165,0.5337290035828746,-1.3960855268088614,0.33809616377248186,1.6804652557344315,1.8042974890316739,-0.4663092503360163,0.9787410287019146,1.2506900521970068,0.037670111121429345,1.0700977045987836,0.0,0.0,0.0,0.0,3.3801336916120954,1.0,0.0,1.0,0.0,0.0,0.0,0.0,0.0,0.0,0.0,0.0,0.0,1.0,0.0,0.0,0.0,1.0,1.0,1.0,0.0,0.0,0.0
-0.2106607044718917,0.0,0.12523007838572572,1.0867925984129432,2.038524256015781,-0.6605306743650393,0.251388392651706,0.3796721288811475,0.8459113011114247,-1.5679065665042957,-0.4612698826058444,-0.6828168296701794,1.855984331273588,4.0,1.1914379855160337,0.24198831185855807,-0.2880375690977493,0.1557070814399298,-1.0778621289498782,0.4776001725030011,-0.3687152874355457,0.8991454357079461,-0.5067745223116108,1.1188238397732855,-0.9511703058160944,0.9361680887192979,1.0,1.0,0.0,0.0,-0.501651951260076,1.0,0.0,1.0,0.0,0.0,0.0,0.0,1.0,0.0,0.0,0.0,0.0,0.0,0.0,0.0,1.0,0.0,0.0,1.0,0.0,0.0,0.0
-0.2106607044718917,0.0,0.8416906229963679,1.7037637576262845,1.0617867539482457,0.2546249253678617,-1.7660787744745667,0.3796721288811475,-0.9614863916702531,-1.5679065665042957,0.23735910802349927,0.1322385821163929,-0.057267398720923963,3.0,0.26623257679518353,0.24198831185855807,-0.9728430463316026,0.1557070814399298,0.33809616377248186,-0.9257424246003343,-0.058284890797371494,0.696617368219202,1.5977058416242167,-0.6393923258763324,-0.4567500973473325,1.2709772847514702,0.0,1.0,0.0,0.0,-0.6941774994792563,0.0,1.0,0.0,0.0,1.0,0.0,0.0,0.0,0.0,1.0,0.0,0.0,0.0,0.0,0.0,1.0,0.0,1.0,1.0,0.0,1.0,0.0
-0.6486681098094882,0.0,-0.36563216325063114,-0.270543951856408,1.0617867539482457,1.1697805251007627,-0.8803614815898617,0.3796721288811475,-0.05778754527941421,1.1532535902386967,-0.6725029087406067,0.1322385821163929,1.855984331273588,4.0,1.1914379855160337,0.24198831185855807,-0.15107647365097865,0.1557070814399298,-1.0778621289498782,0.07664514475919097,-0.3687152874355457,2.4013267892353998,-0.4139298003732655,0.1917644069762141,1.520930736527715,1.2709880467950734,0.0,0.0,0.0,0.0,-0.33893457035163954,0.0,1.0,1.0,0.0,0.0,0.0,0.0,1.0,0.0,1.0,0.0,0.0,0.0,0.0,0.0,0.0,0.0,0.0,1.0,0.0,0.0,1.0
0.008342998196906572,0.0,0.7747548627732282,-1.0109093429124179,1.0617867539482457,-1.5756862740979403,-0.7327419327757442,-1.0261667362455194,-0.05778754527941421,0.24620020465769926,-1.6336623669812185,-0.6828168296701794,0.7626976284195812,3.0,0.26623257679518353,0.24198831185855807,-0.5619597599912906,-0.6201892226844657,1.754054456494842,0.07664514475919097,-0.6791456840737199,-0.5181520470222246,-0.8781534100649921,1.0309130314908046,0.037670111121429345,0.4100202537320666,0.0,0.0,0.0,1.0,1.062555831933127,0.0,1.0,1.0,0.0,0.0,0.0,0.0,1.0,0.0,0.0,0.0,1.0,0.0,0.0,0.0,0.0,0.0,0.0,1.0,0.0,0.0,1.0
-0.5391662584750891,0.0,-0.9308674718015876,-1.0109093429124179,0.08504925188071055,-1.5756862740979403,-1.6184592256604493,0.3796721288811475,-0.05778754527941421,1.1532535902386967,-0.48291318668086325,-0.6828168296701794,1.855984331273588,4.0,-0.6589728319256667,0.24198831185855807,-0.2880375690977493,0.1557070814399298,0.33809616377248186,0.4776001725030011,1.4938670923934996,-0.45090287636240983,1.721498804208677,1.1188238397732855,-0.4567500973473325,0.9361680887192979,0.0,0.0,0.0,0.0,1.1150234351864083,0.0,1.0,0.0,0.0,1.0,0.0,0.0,1.0,0.0,0.0,0.0,1.0,0.0,0.0,0.0,1.0,0.0,1.0,1.0,0.0,0.0,1.0
0.11784484953130571,0.0,-0.3705903677116045,2.4441291486822943,2.038524256015781,1.1697805251007627,-0.7819484490471167,0.3796721288811475,-0.05778754527941421,1.1532535902386967,-1.2447855983086387,-0.6828168296701794,-1.1505541015749308,3.0,1.1914379855160337,-0.9320143892374165,-0.15107647365097865,-0.6201892226844657,0.33809616377248186,0.6780776863749062,2.114727885669848,-0.7453462030559407,2.1604011260990372,1.1507914064214602,2.015350944996477,-0.8383826587741743,0.0,0.0,0.0,0.0,-0.7482284446058616,1.0,0.0,1.0,0.0,0.0,0.0,0.0,0.0,0.0,1.0,0.0,0.0,0.0,0.0,0.0,0.0,1.0,0.0,1.0,0.0,0.0,0.0
1.4318670655440953,0.0,0.46238798173191026,-0.270543951856408,-0.8916882501868245,-0.6605306743650393,-1.1263940629467242,-1.0261667362455194,2.6533089938931025,0.24620020465769926,0.33559722197439673,0.9472939939029652,-0.8772324258614291,3.0,1.1914379855160337,0.24198831185855807,2.3827037921142784,-0.6201892226844657,-1.0778621289498782,2.2818977973501466,3.3564494722225446,0.4900089963588021,0.8461057116471354,1.1188238397732855,0.037670111121429345,-1.4075780662044568,0.0,0.0,0.0,1.0,0.6564752103041799,0.0,1.0,0.0,0.0,1.0,0.0,0.0,0.0,0.0,0.0,0.0,0.0,1.0,0.0,0.0,0.0,0.0,1.0,0.0,1.0,0.0,0.0
2.4173837275536876,0.0,1.5680675765289565,1.950552221311621,0.08504925188071055,-1.5756862740979403,1.6291708482501361,0.3796721288811475,0.8459113011114247,-1.5679065665042957,-1.6807435803911621,1.7623494056895375,-1.1505541015749308,3.0,1.1914379855160337,-0.9320143892374165,2.314223244390893,0.1557070814399298,-1.0778621289498782,2.2818977973501466,1.4938670923934996,0.2987986546369872,0.3035066873321302,0.5004167746137647,-1.4455905142848562,0.5535170724930643,1.0,1.0,0.0,0.0,-0.6156432649328676,0.0,1.0,1.0,0.0,0.0,0.0,0.0,0.0,0.0,0.0,0.0,0.0,0.0,0.0,0.0,0.0,1.0,0.0,0.0,1.0,0.0,1.0
-0.10115885313749257,0.0,1.0424979036657867,-0.14714972001373974,0.08504925188071055,0.2546249253678617,-0.3390898026047641,0.3796721288811475,0.8459113011114247,0.24620020465769926,-0.8588601892826525,-0.6828168296701794,-0.6039107501479274,3.0,-0.6589728319256667,2.5899937140505074,0.8076511944764159,-0.6201892226844657,0.33809616377248186,2.081420283478242,3.0460190755843706,0.9898650527470655,1.5977058416242167,1.2751097211643625,0.037670111121429345,0.7392159070558133,0.0,0.0,0.0,1.0,-0.1014936564179451,0.0,1.0,0.0,0.0,0.0,0.0,1.0,0.0,0.0,0.0,0.0,0.0,0.0,0.0,0.0,0.0,0.0,0.0,1.0,0.0,0.0,0.0
1.979376322216091,0.0,0.08308534046745267,-0.14714972001373974,0.08504925188071055,1.1697805251007627,-1.6184592256604493,0.3796721288811475,1.7496101475022634,0.24620020465769926,0.761295715761619,-0.27528912377689324,-0.3305890744344257,3.0,0.26623257679518353,2.5899937140505074,1.3554955762634984,-0.6201892226844657,0.33809616377248186,-0.32430988298461916,-0.6791456840737199,-0.4098274787574299,-0.8781534100649921,-1.246776092191655,1.026510528058953,-1.742399228925451,0.0,0.0,0.0,1.0,0.22000408343779632,0.0,1.0,0.0,0.0,1.0,0.0,0.0,0.0,0.0,0.0,1.0,0.0,0.0,0.0,0.0,0.0,0.0,1.0,0.0,1.0,0.0,0.0
-0.10115885313749257,0.0,0.9730830412121604,0.2230329755142651,0.08504925188071055,-0.6605306743650393,1.432344783164646,-1.0261667362455194,-0.05778754527941421,-0.6608531809232983,1.1725184931869779,-0.6828168296701794,-0.6039107501479274,3.0,0.26623257679518353,-0.9320143892374165,-0.6989208554380613,0.1557070814399298,0.33809616377248186,-0.12383236911271409,-0.6791456840737199,-0.3168024591295249,-0.8781534100649921,0.9681195970033181,-0.4567500973473325,0.7687562362816817,0.0,0.0,0.0,0.0,-0.4617470519311892,1.0,0.0,1.0,0.0,0.0,0.0,0.0,1.0,0.0,0.0,0.0,1.0,0.0,0.0,0.0,0.0,1.0,0.0,1.0,0.0,0.0,1.0
0.8843578088720997,0.0,1.330073762402238,-0.270543951856408,0.08504925188071055,-0.6605306743650393,-0.3390898026047641,0.3796721288811475,0.8459113011114247,-1.5679065665042957,0.6287656135360162,-0.27528912377689324,0.4893759527060795,3.0,0.26623257679518353,0.24198831185855807,1.903339958050581,-0.6201892226844657,0.33809616377248186,-1.1262199384722393,-0.6791456840737199,5.8094797101198274,-0.8781534100649921,-1.9107178610383642,-0.9511703058160944,-1.742399228925451,0.0,0.0,0.0,1.0,-0.04329980586680396,0.0,1.0,1.0,0.0,0.0,0.0,0.0,1.0,0.0,0.0,0.0,0.0,0.0,1.0,0.0,0.0,0.0,0.0,1.0,0.0,0.0,0.0
-0.2106607044718917,0.0,-0.3433202431762513,-1.0109093429124179,0.08504925188071055,-0.6605306743650393,0.645040522822686,0.3796721288811475,-0.9614863916702531,-1.5679065665042957,-1.1868827328611855,0.5397662880096791,-0.6039107501479274,3.0,1.1914379855160337,0.24198831185855807,-0.8358819508848319,-0.6201892226844657,-1.0778621289498782,-0.7252649107284292,-0.3687152874355457,-0.9371577633254942,0.050293809318461155,-0.2877490927464089,-0.9511703058160944,0.2665217950441287,0.0,0.0,0.0,0.0,-0.11687863409773704,1.0,0.0,0.0,0.0,1.0,0.0,0.0,1.0,0.0,0.0,0.0,0.0,0.0,1.0,0.0,1.0,0.0,0.0,1.0,0.0,0.0,0.0
-0.10115885313749257,1.0,-1.2010896149246324,-0.02375548817107146,0.08504925188071055,1.1697805251007627,0.645040522822686,-1.0261667362455194,-0.9614863916702531,0.24620020465769926,1.0489830108367078,-1.0903445355634656,0.4893759527060795,3.0,-1.584178240646517,0.24198831185855807,-1.2467652372251439,-2.171981830933257,-1.0778621289498782,-1.1262199384722393,-0.6791456840737199,0.1326277802726084,-0.8781534100649921,-0.8738211479629483,-0.4567500973473325,-1.742399228925451,0.0,0.0,0.0,1.0,-0.5876589510993697,0.0,1.0,0.0,0.0,1.0,0.0,0.0,1.0,0.0,0.0,0.0,0.0,0.0,1.0,0.0,1.0,0.0,1.0,1.0,0.0,1.0,0.0
2.4173837275536876,0.0,1.04745610812676,-1.0109093429124179,-1.8684257522543597,-1.5756862740979403,-0.4375028351475091,-1.0261667362455194,-0.05778754527941421,0.24620020465769926,1.4552868555177443,1.7623494056895375,-1.1505541015749308,3.0,1.1914379855160337,-0.9320143892374165,1.2185344808167278,-0.6201892226844657,-1.0778621289498782,-0.5247873968565242,-0.3687152874355457,-0.6084293022328136,-0.13539563455822945,-1.3761686238628392,-0.4567500973473325,0.517638806399078,1.0,0.0,0.0,0.0,0.9011170526922612,1.0,0.0,1.0,0.0,0.0,0.0,0.0,0.0,0.0,0.0,0.0,0.0,0.0,0.0,0.0,0.0,1.0,0.0,0.0,1.0,0.0,1.0
-0.8676718124782865,0.0,1.3028036378668848,-0.8875151110697495,0.08504925188071055,0.2546249253678617,0.4974209740085685,0.3796721288811475,-0.9614863916702531,-0.6608531809232983,-1.3150560660846742,-1.0903445355634656,2.1293060069870897,4.0,1.1914379855160337,0.24198831185855807,-0.6989208554380613,0.1557070814399298,0.33809616377248186,-0.32430988298461916,-0.6791456840737199,-0.4811101572187654,-0.8781534100649921,0.4657721211034274,0.5320903195901912,0.6683092141052549,0.0,0.0,1.0,0.0,-0.23857863691008205,0.0,1.0,1.0,0.0,0.0,0.0,0.0,1.0,0.0,0.0,0.0,0.0,0.0,1.0,0.0,1.0,0.0,0.0,0.0,0.0,0.0,0.0
-0.6486681098094882,0.0,0.6929444891671688,-1.0109093429124179,1.0617867539482457,0.2546249253678617,1.038692652993666,0.3796721288811475,-0.9614863916702531,-0.6608531809232983,0.6270791223093914,-0.6828168296701794,0.4893759527060795,3.0,-0.6589728319256667,-0.9320143892374165,-1.3837263326719145,0.9316033855643254,0.33809616377248186,-1.1262199384722393,-0.3687152874355457,-0.6620956511943237,0.9787410287019146,-0.2877490927464089,-0.4567500973473325,1.270962218019569,0.0,0.0,1.0,0.0,-0.02156766250745663,0.0,1.0,0.0,0.0,1.0,0.0,0.0,1.0,0.0,0.0,0.0,0.0,0.0,1.0,0.0,0.0,1.0,0.0,1.0,0.0,0.0,0.0
-0.5391662584750891,0.0,-0.6308961019127028,-1.0109093429124179,0.08504925188071055,-0.6605306743650393,0.005355811294843447,0.3796721288811475,-0.05778754527941421,-0.6608531809232983,-0.9791632301152251,-0.6828168296701794,0.4893759527060795,3.0,-0.6589728319256667,1.4159910129545328,-0.15107647365097865,0.1557070814399298,0.33809616377248186,0.6780776863749062,-0.6791456840737199,2.670008567098259,-0.8781534100649921,1.1507914064214602,-0.9511703058160944,-0.537043802057082,0.0,0.0,0.0,0.0,1.1330300682555818,0.0,1.0,1.0,0.0,0.0,0.0,0.0,1.0,0.0,0.0,0.0,0.0,0.0,1.0,0.0,1.0,0.0,0.0,1.0,0.0,0.0,1.0
-0.10115885313749257,0.0,-1.6622026297951495,-0.3939381836990763,0.08504925188071055,-0.6605306743650393,-0.5359158676902541,1.7855109940078144,-0.9614863916702531,1.1532535902386967,1.0806047213359238,0.1322385821163929,-0.8772324258614291,3.0,-0.6589728319256667,-0.9320143892374165,-0.8358819508848319,0.1557070814399298,0.33809616377248186,-1.1262199384722393,-0.6791456840737199,-0.17860430190799895,-0.8781534100649921,-1.4598932031794878,0.037670111121429345,-1.742399228925451,0.0,0.0,0.0,1.0,-0.5285475211619449,0.0,1.0,1.0,0.0,0.0,0.0,0.0,0.0,0.0,1.0,0.0,0.0,0.0,0.0,0.0,1.0,0.0,0.0,1.0,0.0,1.0,0.0
-0.6486681098094882,0.0,-0.14003386027634593,-0.14714972001373974,1.0617867539482457,0.2546249253678617,-0.2406767700620191,0.3796721288811475,-0.05778754527941421,1.1532535902386967,0.8950906864071904,-0.6828168296701794,2.1293060069870897,4.0,1.1914379855160337,-0.9320143892374165,-0.014115378204207997,-0.6201892226844657,0.33809616377248186,0.8785552002468112,-0.3687152874355457,-1.1424949391242911,-0.568671003603841,1.1774310452949392,1.520930736527715,0.17521185178415083,0.0,0.0,0.0,0.0,-0.492810218748796,0.0,1.0,1.0,0.0,0.0,0.0,0.0,0.0,0.0,0.0,0.0,1.0,0.0,0.0,0.0,0.0,1.0,0.0,1.0,0.0,1.0,0.0
-0.2106607044718917,0.0,-0.06566079336174639,-1.0109093429124179,1.0617867539482457,0.2546249253678617,-1.6676657419318217,-1.0261667362455194,-0.05778754527941421,-1.5679065665042957,1.2231132299857235,-1.0903445355634656,-0.3305890744344257,3.0,-0.6589728319256667,-0.9320143892374165,0.6706900990296453,-0.6201892226844657,0.33809616377248186,1.6804652557344315,-0.058284890797371494,-1.0951629704055674,-0.4139298003732655,1.056769151573887,-0.9511703058160944,0.8692050664899097,1.0,0.0,0.0,0.0,0.5406739321179435,0.0,1.0,0.0,1.0,0.0,0.0,0.0,1.0,0.0,0.0,0.0,0.0,0.0,0.0,0.0,0.0,1.0,0.0,1.0,0.0,1.0,0.0
0.8843578088720997,0.0,-1.5109773937354638,-0.3939381836990763,1.0617867539482457,1.1697805251007627,-0.6835354165043717,0.3796721288811475,0.8459113011114247,-1.5679065665042957,0.10595333328231313,0.5397662880096791,-0.3305890744344257,3.0,-0.6589728319256667,-0.9320143892374165,0.8076511944764159,0.1557070814399298,1.754054456494842,-1.3266974523441444,-0.6791456840737199,-0.5048733901591886,-0.8781534100649921,-2.045965258396027,0.037670111121429345,-1.742399228925451,0.0,0.0,0.0,1.0,0.3768401819762515,0.0,1.0,0.0,0.0,0.0,1.0,0.0,1.0,0.0,0.0,0.0,0.0,1.0,0.0,0.0,1.0,0.0,1.0,1.0,0.0,0.0,0.0
0.008342998196906572,0.0,-1.0052405387161871,-0.270543951856408,1.0617867539482457,-1.5756862740979403,-1.7660787744745667,0.3796721288811475,0.8459113011114247,0.24620020465769926,1.538206007493466,0.5397662880096791,-0.6039107501479274,3.0,-1.584178240646517,-0.9320143892374165,0.6706900990296453,0.1557070814399298,1.754054456494842,-0.32430988298461916,-0.6791456840737199,-0.4290124766103194,-0.8781534100649921,-1.0117204550727221,-0.9511703058160944,-0.5370450074100981,0.0,0.0,0.0,0.0,0.2625024971182977,0.0,1.0,0.0,0.0,1.0,0.0,0.0,1.0,0.0,0.0,0.0,0.0,1.0,0.0,0.0,0.0,1.0,0.0,1.0,0.0,0.0,0.0
0.9938596602064987,0.0,0.35330748359049763,-0.5173324155417446,-0.8916882501868245,-0.6605306743650393,0.6942470390940585,0.3796721288811475,-0.05778754527941421,-0.6608531809232983,-0.5464376895503993,2.1698771115828235,1.855984331273588,4.0,1.1914379855160337,0.24198831185855807,0.6706900990296453,-0.6201892226844657,0.33809616377248186,-0.5247873968565242,-0.6791456840737199,0.5381599339897161,-0.8781534100649921,-1.2185694157373832,0.037670111121429345,-0.23570720537576498,0.0,0.0,0.0,1.0,-0.2784208997355521,0.0,1.0,0.0,0.0,1.0,0.0,0.0,1.0,1.0,0.0,0.0,0.0,0.0,0.0,0.0,0.0,0.0,1.0,0.0,1.0,0.0,1.0
-0.7581699611438873,0.0,0.12275097615523907,-1.0109093429124179,-1.8684257522543597,1.1697805251007627,-0.5359158676902541,-1.0261667362455194,-0.05778754527941421,1.1532535902386967,0.23679694428129097,-0.6828168296701794,-0.8772324258614291,3.0,0.26623257679518353,1.4159910129545328,-0.15107647365097865,-1.3960855268088614,-1.0778621289498782,0.6780776863749062,0.2521455058408027,1.6937961563149477,0.1346981019896841,1.1507914064214602,1.026510528058953,0.668311624811287,0.0,0.0,0.0,0.0,0.793387713468068,0.0,1.0,1.0,0.0,0.0,0.0,0.0,1.0,0.0,1.0,0.0,0.0,0.0,0.0,0.0,1.0,0.0,1.0,0.0,0.0,0.0,1.0
-0.2106607044718917,0.0,1.0201859835914067,-1.0109093429124179,0.08504925188071055,-0.6605306743650393,-1.7660787744745667,-1.0261667362455194,-0.9614863916702531,0.24620020465769926,1.6815577617565782,-0.6828168296701794,0.7626976284195812,3.0,-1.584178240646517,-0.9320143892374165,-0.6989208554380613,0.1557070814399298,0.33809616377248186,-0.12383236911271409,-0.6791456840737199,-0.3413391816732845,-0.8781534100649921,0.9681195970033181,-0.9511703058160944,0.2665251432402553,0.0,0.0,0.0,0.0,0.08957672781606255,0.0,1.0,0.0,0.0,1.0,0.0,0.0,1.0,0.0,0.0,0.0,0.0,0.0,1.0,0.0,0.0,1.0,0.0,1.0,0.0,0.0,0.0
1.979376322216091,0.0,-1.7142637766353692,-1.0109093429124179,-0.8916882501868245,-1.5756862740979403,0.20218187638033347,0.3796721288811475,0.8459113011114247,1.1532535902386967,0.5310896633273271,0.1322385821163929,-0.3305890744344257,3.0,1.1914379855160337,0.24198831185855807,1.7663788626038104,0.9316033855643254,0.33809616377248186,-1.1262199384722393,-0.3687152874355457,1.3896522330913414,0.9787410287019146,-1.9053079651440574,0.5320903195901912,-1.742399228925451,1.0,0.0,0.0,1.0,2.380765556272966,0.0,1.0,1.0,0.0,0.0,0.0,0.0,1.0,0.0,0.0,0.0,0.0,0.0,0.0,0.0,1.0,0.0,0.0,0.0,1.0,0.0,0.0
0.11784484953130571,0.0,-0.5689185461505365,-0.3939381836990763,0.08504925188071055,-0.6605306743650393,0.645040522822686,-2.432005601372186,-0.05778754527941421,1.1532535902386967,0.19730494139115912,1.7623494056895375,-0.8772324258614291,3.0,1.1914379855160337,2.5899937140505074,0.8076511944764159,0.1557070814399298,0.33809616377248186,1.2795102279906212,-0.3687152874355457,1.8717012644634938,-0.6128827759554341,0.4936803142089768,1.026510528058953,0.8073916855549522,0.0,0.0,0.0,1.0,-0.3253298050955583,0.0,0.0,0.0,0.0,1.0,0.0,0.0,0.0,0.0,0.0,0.0,0.0,0.0,1.0,0.0,0.0,0.0,1.0,1.0,0.0,0.0,1.0
-0.3201625558062908,0.0,0.868960747531721,-1.0109093429124179,-0.8916882501868245,-1.5756862740979403,1.3831382668932737,0.3796721288811475,-0.05778754527941421,-0.6608531809232983,0.4810570902707899,-0.6828168296701794,-0.057267398720923963,3.0,0.26623257679518353,-0.9320143892374165,-0.8358819508848319,-0.6201892226844657,0.33809616377248186,-0.32430988298461916,-0.3687152874355457,-1.1818894237119932,-0.25918859714269,0.8843950176866698,-0.9511703058160944,-0.5370450074100981,0.0,0.0,0.0,0.0,0.544709901598965,0.0,1.0,0.0,0.0,1.0,0.0,0.0,1.0,0.0,0.0,0.0,1.0,0.0,0.0,0.0,1.0,0.0,0.0,1.0,0.0,1.0,0.0
2.08887817355049,0.0,1.4812989984619238,-0.270543951856408,0.08504925188071055,1.1697805251007627,-0.8311549653184892,-2.432005601372186,0.8459113011114247,1.1532535902386967,1.0378802769280941,0.5397662880096791,-1.1505541015749308,3.0,-1.584178240646517,-0.9320143892374165,2.3827037921142784,0.1557070814399298,-1.0778621289498782,-0.12383236911271409,-0.6791456840737199,-0.013982229116986596,-0.8781534100649921,-1.4907391008224633,0.037670111121429345,0.2665251432402553,0.0,0.0,0.0,0.0,-0.2345426674290604,0.0,1.0,1.0,0.0,0.0,0.0,0.0,1.0,0.0,0.0,0.0,1.0,0.0,0.0,0.0,0.0,1.0,0.0,0.0,1.0,0.0,1.0
-1.5246829204846812,0.0,-0.6482498175261093,-0.8875151110697495,-1.8684257522543597,0.2546249253678617,-0.19147025379064658,0.3796721288811475,-0.9614863916702531,-1.5679065665042957,-0.6739083180961274,0.1322385821163929,-0.6039107501479274,3.0,0.26623257679518353,0.24198831185855807,-1.1098041417783733,0.1557070814399298,0.33809616377248186,-1.3266974523441444,-0.6791456840737199,-0.33605673041129835,-0.8781534100649921,-2.045965258396027,-0.4567500973473325,-1.742399228925451,1.0,0.0,0.0,0.0,-0.31743527138542804,0.0,1.0,0.0,0.0,0.0,0.0,1.0,1.0,0.0,0.0,0.0,0.0,0.0,0.0,1.0,0.0,0.0,0.0,0.0,0.0,0.0,0.0
1.5413689168784945,0.0,-0.9184719606491543,-0.02375548817107146,1.0617867539482457,1.1697805251007627,1.4815512994360187,0.3796721288811475,-0.9614863916702531,1.1532535902386967,0.6200520755317879,0.1322385821163929,2.1293060069870897,4.0,-0.6589728319256667,1.4159910129545328,-0.15107647365097865,0.9316033855643254,0.33809616377248186,-0.5247873968565242,-0.6791456840737199,-1.0421683063470304,-0.8781534100649921,-0.767262592469032,1.026510528058953,-0.23570720537576498,0.0,0.0,0.0,1.0,-0.6691855346160069,0.0,1.0,1.0,0.0,0.0,0.0,0.0,1.0,0.0,1.0,0.0,0.0,0.0,0.0,0.0,1.0,0.0,0.0,0.0,1.0,0.0,0.0
-0.7581699611438873,0.0,-1.275462681839232,-0.8875151110697495,0.08504925188071055,0.2546249253678617,1.6291708482501361,-1.0261667362455194,-0.05778754527941421,1.1532535902386967,0.2131860671085431,-0.6828168296701794,1.036019304133083,3.0,-1.584178240646517,2.5899937140505074,-0.014115378204207997,0.1557070814399298,0.33809616377248186,0.8785552002468112,2.4251582823080224,-1.3019991950027383,2.216670654546519,1.1774310452949392,0.037670111121429345,0.997045172088266,0.0,0.0,0.0,0.0,0.06132494144891102,0.0,1.0,1.0,0.0,0.0,0.0,0.0,1.0,0.0,0.0,0.0,0.0,0.0,0.0,0.0,1.0,0.0,0.0,0.0,0.0,1.0,0.0
0.9938596602064987,1.0,-0.33092473202381806,-0.02375548817107146,-0.8916882501868245,0.2546249253678617,-0.09305722124790157,-1.0261667362455194,0.8459113011114247,1.1532535902386967,-0.10078238291478293,-0.6828168296701794,0.21605427699257776,3.0,1.1914379855160337,-0.9320143892374165,-0.2880375690977493,0.1557070814399298,0.33809616377248186,0.4776001725030011,0.5625759024789769,1.1297255541360383,0.6073621409485332,1.1188238397732855,1.520930736527715,0.9361680887192979,1.0,0.0,0.0,0.0,-0.20076470746481773,0.0,1.0,0.0,0.0,1.0,0.0,0.0,1.0,0.0,0.0,0.0,0.0,0.0,0.0,0.0,0.0,1.0,0.0,0.0,1.0,0.0,0.0
0.33684855220010396,0.0,-0.6755199420614625,-1.0109093429124179,1.0617867539482457,0.2546249253678617,0.5958340065513135,-1.0261667362455194,1.7496101475022634,-0.6608531809232983,-0.027841637363258218,-0.6828168296701794,1.855984331273588,4.0,1.1914379855160337,0.24198831185855807,1.4924566717102692,0.1557070814399298,-1.0778621289498782,2.2818977973501466,2.7355886789461965,2.30352277348791,0.898006487885962,1.3175787106728076,0.037670111121429345,-1.3314823819931783,0.0,0.0,0.0,1.0,3.394104355200247,1.0,0.0,1.0,0.0,0.0,0.0,0.0,1.0,0.0,0.0,0.0,0.0,0.0,0.0,0.0,1.0,0.0,0.0,1.0,0.0,0.0,0.0
1.5413689168784945,0.0,-0.4226515145518241,1.456975293940948,1.0617867539482457,0.2546249253678617,0.251388392651706,0.3796721288811475,-0.05778754527941421,1.1532535902386967,-0.8278006425256449,-1.0903445355634656,1.855984331273588,4.0,1.1914379855160337,-0.9320143892374165,-0.014115378204207997,-0.6201892226844657,-2.4938204216722384,0.6780776863749062,-0.3687152874355457,-0.6218448727595389,-0.5405362393801,0.8843950176866698,0.5320903195901912,0.3669727680941946,1.0,0.0,0.0,0.0,-0.6444616935993989,0.0,1.0,0.0,1.0,0.0,0.0,0.0,1.0,0.0,0.0,0.0,0.0,0.0,0.0,0.0,0.0,1.0,1.0,0.0,1.0,0.0,1.0
-0.7581699611438873,0.0,1.3176782512498049,-0.6407266473844129,-0.8916882501868245,0.2546249253678617,-0.14226373751927407,-1.0261667362455194,-0.05778754527941421,-0.6608531809232983,0.7655119438281811,-0.6828168296701794,-0.8772324258614291,3.0,-0.6589728319256667,2.5899937140505074,-0.014115378204207997,0.9316033855643254,-1.0778621289498782,0.8785552002468112,-0.058284890797371494,-0.7191077590782978,-0.25918859714269,1.1774310452949392,-0.9511703058160944,0.4491562918855226,1.0,0.0,0.0,0.0,-0.15115332876733628,0.0,1.0,0.0,0.0,1.0,0.0,0.0,0.0,0.0,0.0,0.0,0.0,0.0,0.0,0.0,0.0,0.0,1.0,0.0,0.0,0.0,1.0
0.9938596602064987,0.0,-0.4077769011689042,-1.0109093429124179,0.08504925188071055,0.2546249253678617,-1.2740136117608418,-1.0261667362455194,0.8459113011114247,-1.5679065665042957,-1.5699973231761304,-0.27528912377689324,-0.6039107501479274,3.0,0.26623257679518353,0.24198831185855807,1.3554955762634984,1.707499689688721,-1.0778621289498782,0.6780776863749062,2.114727885669848,1.2123424536474083,2.1604011260990372,-0.44758692598728334,-0.9511703058160944,0.9696504815283791,0.0,0.0,0.0,1.0,2.5155048451009194,1.0,0.0,0.0,0.0,1.0,0.0,0.0,1.0,0.0,0.0,0.0,0.0,0.0,0.0,0.0,1.0,0.0,1.0,0.0,1.0,0.0,0.0
-0.5391662584750891,0.0,0.7202146137025219,-0.3939381836990763,1.0617867539482457,-0.6605306743650393,1.038692652993666,0.3796721288811475,-0.05778754527941421,0.24620020465769926,1.4037083321701342,-0.6828168296701794,0.21605427699257776,3.0,-1.584178240646517,-0.9320143892374165,0.12284571724256264,-2.171981830933257,0.33809616377248186,0.8785552002468112,0.8730062991171511,-0.8025358382913709,0.6692586222407634,0.9294774834725573,-0.9511703058160944,0.4491562918855226,1.0,0.0,0.0,0.0,-0.35362594277568815,0.0,1.0,0.0,0.0,1.0,0.0,0.0,1.0,0.0,0.0,0.0,0.0,0.0,0.0,0.0,0.0,1.0,0.0,1.0,0.0,0.0,1.0
1.869874470881692,0.0,1.0276232902828666,-0.8875151110697495,1.0617867539482457,-1.5756862740979403,-0.2898832863333916,0.3796721288811475,0.8459113011114247,0.24620020465769926,1.361546051504513,2.373640964529467,-0.8772324258614291,3.0,-1.584178240646517,0.24198831185855807,0.6706900990296453,1.707499689688721,-2.4938204216722384,-0.5247873968565242,-0.6791456840737199,-0.44983349106883963,-0.8781534100649921,-1.2185694157373832,-2.43443093122238,0.517638806399078,0.0,0.0,0.0,1.0,2.0062482857135473,0.0,1.0,0.0,0.0,0.0,0.0,1.0,0.0,0.0,0.0,0.0,0.0,1.0,0.0,0.0,1.0,0.0,0.0,0.0,1.0,0.0,0.0
-1.4151810691502822,0.0,1.3647811936290513,-0.7641208792270812,-0.8916882501868245,-1.5756862740979403,-1.6184592256604493,0.3796721288811475,-0.05778754527941421,0.24620020465769926,0.4505597072559906,-1.0903445355634656,1.5826626555600865,4.0,-1.584178240646517,0.24198831185855807,-0.9728430463316026,-0.6201892226844657,-1.0778621289498782,-0.7252649107284292,-0.6791456840737199,-0.8071474406599326,-0.8781534100649921,0.0638941403835146,-1.940010722753618,0.2665217950441287,1.0,0.0,0.0,0.0,-0.02203335129372836,0.0,1.0,0.0,0.0,0.0,1.0,0.0,0.0,0.0,0.0,0.0,0.0,0.0,0.0,0.0,1.0,0.0,0.0,0.0,0.0,0.0,1.0
-0.9771736638126857,0.0,-1.6919518565609895,-0.6407266473844129,0.08504925188071055,-0.6605306743650393,-1.1263940629467242,0.3796721288811475,-0.05778754527941421,0.24620020465769926,-0.7659626308827338,-0.6828168296701794,-0.057267398720923963,3.0,-0.6589728319256667,-0.9320143892374165,-0.8358819508848319,0.1557070814399298,1.754054456494842,-0.32430988298461916,-0.6791456840737199,-1.1333134990909428,-0.8781534100649921,0.8843950176866698,0.037670111121429345,0.6683092141052549,1.0,0.0,0.0,0.0,-0.27384680099039427,0.0,0.0,0.0,0.0,1.0,0.0,0.0,1.0,0.0,0.0,0.0,0.0,0.0,0.0,0.0,1.0,0.0,0.0,0.0,0.0,1.0,0.0
2.3078818762192883,0.0,-0.29869640302749156,0.09963874367159682,1.0617867539482457,1.1697805251007627,-1.4216331605749593,0.3796721288811475,1.7496101475022634,0.24620020465769926,1.418886753209758,-1.0903445355634656,-0.6039107501479274,3.0,0.26623257679518353,-0.9320143892374165,2.3827037921142784,-1.3960855268088614,-1.0778621289498782,2.2818977973501466,-0.3687152874355457,2.9127387244536282,-0.7804221238141024,1.2901372097596584,0.5320903195901912,-0.9279692921336802,1.0,0.0,0.0,0.0,-0.01499157237404379,0.0,1.0,0.0,0.0,1.0,0.0,0.0,1.0,0.0,0.0,0.0,0.0,0.0,0.0,0.0,0.0,1.0,0.0,0.0,1.0,0.0,0.0
0.7748559575377005,0.0,-0.7771631335114152,1.7037637576262845,0.08504925188071055,-0.6605306743650393,0.05456232756621595,0.3796721288811475,-0.05778754527941421,-0.6608531809232983,1.507989706349771,0.5397662880096791,-0.8772324258614291,3.0,0.26623257679518353,0.24198831185855807,0.8076511944764159,0.1557070814399298,1.754054456494842,-0.7252649107284292,-0.3687152874355457,-1.071760842324692,0.050293809318461155,-1.4598932031794878,0.037670111121429345,0.2665217950441287,0.0,0.0,0.0,1.0,-0.7451962931752479,0.0,0.0,0.0,0.0,1.0,0.0,0.0,1.0,0.0,1.0,0.0,0.0,0.0,0.0,0.0,1.0,0.0,0.0,1.0,0.0,0.0,0.0
0.008342998196906572,1.0,0.011191375783339787,-0.3939381836990763,1.0617867539482457,0.2546249253678617,-0.14226373751927407,0.3796721288811475,-0.9614863916702531,-1.5679065665042957,1.311935101254632,0.5397662880096791,1.855984331273588,4.0,1.1914379855160337,-0.9320143892374165,-0.5619597599912906,0.1557070814399298,0.33809616377248186,-0.7252649107284292,-0.6791456840737199,-1.482209993296731,-0.8781534100649921,-0.7273031341588134,0.037670111121429345,0.2665217950441287,0.0,0.0,0.0,1.0,-0.6141455552099865,0.0,1.0,0.0,0.0,0.0,0.0,0.0,1.0,1.0,0.0,0.0,0.0,0.0,0.0,0.0,0.0,0.0,1.0,1.0,0.0,0.0,0.0
-0.5391662584750891,0.0,0.060773420393072805,-1.0109093429124179,-1.8684257522543597,1.1697805251007627,0.251388392651706,0.3796721288811475,-0.9614863916702531,-1.5679065665042957,0.12155337712859297,-0.6828168296701794,-0.6039107501479274,3.0,1.1914379855160337,-0.9320143892374165,-1.3837263326719145,-0.6201892226844657,0.33809616377248186,-1.1262199384722393,-0.6791456840737199,-0.25443030585333815,-0.8781534100649921,-0.2877490927464089,0.5320903195901912,-1.742399228925451,0.0,0.0,1.0,0.0,0.11969126932830097,0.0,1.0,1.0,0.0,0.0,0.0,0.0,1.0,0.0,0.0,0.0,0.0,0.0,1.0,0.0,0.0,1.0,0.0,1.0,0.0,1.0,0.0
-1.8531884744878788,1.0,0.16985391853448545,-0.3939381836990763,0.08504925188071055,1.1697805251007627,0.005355811294843447,-1.0261667362455194,-0.9614863916702531,1.1532535902386967,0.7687443853458787,-0.6828168296701794,0.7626976284195812,3.0,-0.6589728319256667,-0.9320143892374165,-1.3837263326719145,1.707499689688721,0.33809616377248186,-1.1262199384722393,-0.3687152874355457,-0.2790395755291533,0.9787410287019146,-0.2877490927464089,1.026510528058953,-1.742399228925451,0.0,0.0,0.0,0.0,-0.5384822152690751,1.0,0.0,1.0,0.0,0.0,0.0,0.0,0.0,0.0,1.0,0.0,0.0,0.0,0.0,0.0,0.0,1.0,1.0,0.0,0.0,1.0,0.0
-0.3201625558062908,0.0,-0.3408411409457646,-0.3939381836990763,1.0617867539482457,-1.5756862740979403,-1.2248070954894692,0.3796721288811475,-0.05778754527941421,0.24620020465769926,-0.25734498511978976,-0.6828168296701794,-0.3305890744344257,3.0,0.26623257679518353,-0.9320143892374165,0.6706900990296453,0.1557070814399298,0.33809616377248186,1.8809427696063366,-0.058284890797371494,1.405798012645225,-0.44123707153160235,1.2636181122385481,-0.4567500973473325,0.7059799000421786,0.0,0.0,0.0,0.0,-0.3714551705929486,0.0,1.0,0.0,0.0,0.0,1.0,0.0,0.0,0.0,0.0,0.0,0.0,0.0,1.0,0.0,0.0,1.0,0.0,1.0,0.0,1.0,0.0
0.008342998196906572,0.0,0.5888221954867294,-0.8875151110697495,-0.8916882501868245,0.2546249253678617,1.6783773645215088,-1.0261667362455194,-0.05778754527941421,1.1532535902386967,0.2159968858195845,0.9472939939029652,-0.3305890744344257,3.0,1.1914379855160337,0.24198831185855807,0.8076511944764159,-0.6201892226844657,1.754054456494842,-1.1262199384722393,-0.6791456840737199,-0.9121817733212019,-0.8781534100649921,-1.8506079066571803,2.015350944996477,-1.742399228925451,0.0,0.0,0.0,1.0,0.270574436080341,0.0,0.0,1.0,0.0,0.0,0.0,0.0,1.0,0.0,0.0,0.0,0.0,0.0,0.0,0.0,0.0,0.0,0.0,1.0,0.0,0.0,1.0
2.4173837275536876,0.0,1.5308810430716568,-0.8875151110697495,1.0617867539482457,0.2546249253678617,-1.6676657419318217,-1.0261667362455194,2.6533089938931025,1.1532535902386967,1.069361446491758,2.373640964529467,1.5826626555600865,4.0,1.1914379855160337,0.24198831185855807,2.3827037921142784,0.1557070814399298,0.33809616377248186,-0.7252649107284292,-0.058284890797371494,0.2808560289051109,0.9787410287019146,-1.7056653553670684,1.520930736527715,0.2665217950441287,0.0,0.0,0.0,1.0,3.102169229406348,0.0,0.0,0.0,0.0,0.0,0.0,0.0,0.0,0.0,0.0,1.0,0.0,0.0,0.0,0.0,1.0,0.0,0.0,0.0,1.0,0.0,0.0
1.4318670655440953,0.0,0.7747548627732282,-1.0109093429124179,0.08504925188071055,-1.5756862740979403,0.349801425194451,0.3796721288811475,2.6533089938931025,-0.6608531809232983,-0.6406001163702867,0.1322385821163929,1.036019304133083,3.0,-1.584178240646517,-0.9320143892374165,2.314223244390893,-1.3960855268088614,-1.0778621289498782,0.27712265863109603,-0.6791456840737199,0.3871712901636759,-0.8781534100649921,-1.0759149601065825,-2.43443093122238,-0.6123787987411802,0.0,0.0,0.0,1.0,4.843638317268714,1.0,0.0,1.0,0.0,0.0,0.0,0.0,0.0,0.0,0.0,0.0,0.0,1.0,0.0,0.0,1.0,0.0,1.0,0.0,1.0,0.0,0.0
-1.3056792178158831,1.0,-1.3944595889025913,-0.5173324155417446,0.08504925188071055,0.2546249253678617,-0.9787745141326066,-1.0261667362455194,-0.05778754527941421,0.24620020465769926,1.7772661388675384,-0.6828168296701794,-1.1505541015749308,3.0,1.1914379855160337,-0.9320143892374165,-0.6989208554380613,-1.3960855268088614,0.33809616377248186,-0.12383236911271409,-0.6791456840737199,-0.49481618933460847,-0.8781534100649921,0.9681195970033181,1.026510528058953,0.2665251432402553,1.0,0.0,0.0,0.0,-0.20360023474122776,0.0,1.0,0.0,1.0,0.0,0.0,0.0,1.0,0.0,0.0,0.0,0.0,0.0,0.0,0.0,0.0,1.0,1.0,0.0,0.0,0.0,1.0
-1.3056792178158831,0.0,1.1838067308035256,-0.270543951856408,-1.8684257522543597,1.1697805251007627,-0.09305722124790157,-1.0261667362455194,-0.9614863916702531,1.1532535902386967,1.76855260086331,-0.6828168296701794,-1.1505541015749308,3.0,0.26623257679518353,1.4159910129545328,-1.2467652372251439,-0.6201892226844657,0.33809616377248186,-0.9257424246003343,-0.058284890797371494,-0.3144601479145383,1.5977058416242167,0.2983229624701303,1.520930736527715,1.2709772847514702,0.0,0.0,1.0,0.0,-0.5737969482280145,0.0,1.0,0.0,0.0,1.0,0.0,0.0,1.0,0.0,0.0,0.0,0.0,0.0,1.0,0.0,1.0,0.0,0.0,0.0,0.0,0.0,0.0
-1.6341847718190805,0.0,-0.6656035331395159,0.7166099028849382,0.08504925188071055,-0.6605306743650393,-0.3390898026047641,0.3796721288811475,-0.9614863916702531,1.1532535902386967,1.3311892094252658,-0.6828168296701794,-0.057267398720923963,3.0,0.26623257679518353,-0.9320143892374165,-1.3837263326719145,1.707499689688721,0.33809616377248186,-1.3266974523441444,-0.6791456840737199,-0.32836046882525566,-0.8781534100649921,-2.045965258396027,0.5320903195901912,-1.742399228925451,0.0,0.0,0.0,0.0,-0.6866100567023408,0.0,1.0,0.0,0.0,1.0,0.0,0.0,0.0,0.0,1.0,0.0,0.0,0.0,0.0,0.0,0.0,1.0,0.0,0.0,0.0,0.0,0.0
1.5413689168784945,0.0,1.6201287233691761,-1.0109093429124179,1.0617867539482457,-1.5756862740979403,-1.7660787744745667,-1.0261667362455194,0.8459113011114247,-1.5679065665042957,1.61381703082048,0.1322385821163929,1.3093409798465847,4.0,0.26623257679518353,-0.9320143892374165,1.6294177671570398,-1.3960855268088614,-1.0778621289498782,1.2795102279906212,3.0460190755843706,-0.017259680618090478,2.3050941992497047,-0.1412310789422742,-1.940010722753618,1.039190859598625,0.0,0.0,0.0,0.0,1.525450485487225,1.0,0.0,0.0,0.0,1.0,0.0,0.0,0.0,0.0,0.0,0.0,0.0,0.0,0.0,0.0,0.0,1.0,0.0,0.0,1.0,0.0,1.0
-0.3201625558062908,1.0,-0.3581948565591712,-0.270543951856408,0.08504925188071055,-1.5756862740979403,0.005355811294843447,-2.432005601372186,-0.05778754527941421,0.24620020465769926,1.2049834492995064,-0.6828168296701794,2.4026276827005915,4.0,1.1914379855160337,-0.9320143892374165,-0.2880375690977493,0.1557070814399298,0.33809616377248186,0.4776001725030011,-0.6791456840737199,2.54390900803686,-0.8781534100649921,1.1188238397732855,0.037670111121429345,0.6013471740137043,0.0,0.0,0.0,0.0,-0.3265938175154387,1.0,0.0,1.0,0.0,0.0,0.0,0.0,1.0,0.0,1.0,0.0,0.0,0.0,0.0,0.0,0.0,1.0,1.0,1.0,0.0,0.0,1.0
1.869874470881692,0.0,-1.6374116074902831,2.0739464531542895,0.08504925188071055,1.1697805251007627,-1.7660787744745667,1.7855109940078144,1.7496101475022634,1.1532535902386967,-0.06213362563796348,-0.27528912377689324,-0.8772324258614291,3.0,0.26623257679518353,-0.9320143892374165,1.6294177671570398,0.1557070814399298,0.33809616377248186,-0.32430988298461916,0.5625759024789769,0.02472192968387536,1.5977058416242167,-1.3133751893753527,1.520930736527715,0.06563210334757824,0.0,0.0,0.0,0.0,-0.39953447963185124,0.0,0.0,0.0,0.0,0.0,0.0,0.0,0.0,0.0,0.0,1.0,0.0,0.0,0.0,0.0,0.0,1.0,1.0,0.0,1.0,0.0,0.0
-1.4151810691502822,0.0,0.804504089539068,1.0867925984129432,-1.8684257522543597,-0.6605306743650393,-0.6835354165043717,0.3796721288811475,-0.9614863916702531,0.24620020465769926,-0.14842576006693492,-1.0903445355634656,-0.8772324258614291,3.0,0.26623257679518353,0.24198831185855807,-0.6989208554380613,-0.6201892226844657,0.33809616377248186,-0.32430988298461916,-0.3687152874355457,-0.41534458972929095,-0.25918859714269,0.4657721211034274,0.037670111121429345,0.06563210334757824,0.0,0.0,1.0,0.0,-0.7073720150902886,0.0,1.0,1.0,0.0,0.0,0.0,0.0,1.0,0.0,1.0,0.0,0.0,0.0,0.0,0.0,1.0,0.0,0.0,0.0,0.0,0.0,0.0
-0.3201625558062908,0.0,0.5665102754123496,-0.3939381836990763,1.0617867539482457,0.2546249253678617,-1.0279810304039791,-1.0261667362455194,-0.05778754527941421,-0.6608531809232983,0.09653709060032438,1.3548216997962514,-0.057267398720923963,3.0,0.26623257679518353,0.24198831185855807,0.12284571724256264,0.1557070814399298,0.33809616377248186,-1.1262199384722393,-0.6791456840737199,1.1334238038899291,-0.8781534100649921,-1.7754704636807008,0.037670111121429345,-1.742399228925451,0.0,0.0,0.0,0.0,-0.39842076888373057,0.0,1.0,1.0,0.0,0.0,0.0,0.0,0.0,0.0,0.0,0.0,0.0,0.0,1.0,0.0,0.0,0.0,0.0,1.0,0.0,1.0,0.0
0.008342998196906572,0.0,0.9582084278292404,-0.7641208792270812,0.08504925188071055,0.2546249253678617,1.038692652993666,0.3796721288811475,0.8459113011114247,1.1532535902386967,0.02710986843760144,-0.27528912377689324,-0.8772324258614291,3.0,-1.584178240646517,-0.9320143892374165,0.12284571724256264,0.1557070814399298,0.33809616377248186,-0.32430988298461916,-0.3687152874355457,0.2111782096343127,-0.25918859714269,-0.6934912848193976,0.037670111121429345,0.06563210334757824,1.0,0.0,0.0,0.0,0.3550193359909477,0.0,1.0,1.0,0.0,0.0,0.0,0.0,1.0,0.0,0.0,0.0,0.0,0.0,0.0,0.0,0.0,1.0,0.0,1.0,0.0,0.0,1.0
-0.3201625558062908,0.0,1.367260295859538,-0.5173324155417446,0.08504925188071055,0.2546249253678617,-1.0279810304039791,-1.0261667362455194,0.8459113011114247,-1.5679065665042957,-1.2224395895558595,-0.27528912377689324,-0.8772324258614291,3.0,1.1914379855160337,-0.9320143892374165,0.39676790813610396,2.4833959938131165,0.33809616377248186,0.8785552002468112,0.8730062991171511,-0.9378083890914419,0.6692586222407634,0.532751784556746,0.037670111121429345,0.997045172088266,0.0,0.0,0.0,0.0,0.4056241840991422,0.0,1.0,0.0,0.0,1.0,0.0,0.0,0.0,0.0,0.0,1.0,0.0,0.0,0.0,0.0,0.0,1.0,0.0,1.0,0.0,0.0,0.0
-0.10115885313749257,0.0,1.6473988479045294,0.2230329755142651,-0.8916882501868245,-0.6605306743650393,1.2847252343505287,0.3796721288811475,0.8459113011114247,1.1532535902386967,1.214118610110391,-1.0903445355634656,-0.3305890744344257,3.0,0.26623257679518353,0.24198831185855807,-0.15107647365097865,2.4833959938131165,0.33809616377248186,0.4776001725030011,-0.058284890797371494,1.179614707032298,-0.13539563455822945,0.8311157399397118,0.5320903195901912,0.6013471740137043,1.0,0.0,0.0,1.0,-0.2941508320718416,1.0,0.0,0.0,0.0,0.0,0.0,1.0,0.0,0.0,0.0,0.0,0.0,0.0,0.0,0.0,1.0,0.0,0.0,1.0,0.0,0.0,0.0
-0.10115885313749257,0.0,0.2962881322893046,-0.7641208792270812,-0.8916882501868245,-1.5756862740979403,-1.3232201280322142,0.3796721288811475,-0.9614863916702531,1.1532535902386967,-1.6516516067318836,0.9472939939029652,1.855984331273588,4.0,-1.584178240646517,0.24198831185855807,-0.5619597599912906,-0.6201892226844657,0.33809616377248186,-1.1262199384722393,-0.6791456840737199,-0.3606432353463409,-0.8781534100649921,-1.6064112169836224,-0.9511703058160944,-1.742399228925451,0.0,0.0,0.0,1.0,-0.35795019579106846,0.0,1.0,1.0,0.0,0.0,0.0,0.0,0.0,0.0,1.0,0.0,0.0,0.0,0.0,0.0,0.0,0.0,0.0,1.0,0.0,0.0,0.0
0.6653541062033014,0.0,-1.012677845407647,2.0739464531542895,-0.8916882501868245,0.2546249253678617,1.2847252343505287,0.3796721288811475,1.7496101475022634,1.1532535902386967,0.7281280549713303,-0.6828168296701794,-0.8772324258614291,3.0,1.1914379855160337,1.4159910129545328,1.903339958050581,0.1557070814399298,1.754054456494842,2.2818977973501466,0.5625759024789769,-0.0376220562083651,-0.3068012750597901,1.335219675545546,2.015350944996477,-0.2959718488278481,1.0,0.0,0.0,1.0,-0.4080203641816917,1.0,0.0,1.0,0.0,0.0,0.0,0.0,1.0,0.0,0.0,1.0,0.0,0.0,0.0,0.0,1.0,0.0,1.0,1.0,0.0,0.0,0.0
-0.7581699611438873,0.0,1.2631380021790986,1.7037637576262845,0.08504925188071055,-1.5756862740979403,1.4815512994360187,-2.432005601372186,-0.9614863916702531,0.24620020465769926,1.1238913294859614,-0.6828168296701794,2.675949358414093,4.0,0.26623257679518353,2.5899937140505074,-0.15107647365097865,-0.6201892226844657,-1.0778621289498782,0.6780776863749062,-0.6791456840737199,-0.5617472584950043,-0.8781534100649921,1.1507914064214602,-0.9511703058160944,0.3669727680941946,0.0,0.0,1.0,0.0,-0.7304236100107392,1.0,0.0,1.0,0.0,0.0,0.0,0.0,1.0,0.0,0.0,0.0,0.0,0.0,1.0,0.0,0.0,0.0,0.0,0.0,0.0,0.0,0.0
-0.42966440714069,0.0,-0.1301174513543993,1.5803695257836163,-0.8916882501868245,0.2546249253678617,1.432344783164646,0.3796721288811475,-0.05778754527941421,-0.6608531809232983,0.16399673966531833,-1.0903445355634656,-0.6039107501479274,3.0,-1.584178240646517,0.24198831185855807,-0.42499866454451996,-0.6201892226844657,1.754054456494842,0.07664514475919097,-0.6791456840737199,-0.3262830845926215,-0.8781534100649921,0.6890376659478233,-0.4567500973473325,1.2709880467950734,1.0,0.0,0.0,0.0,-0.6321059086482261,0.0,0.0,0.0,1.0,0.0,0.0,0.0,1.0,0.0,0.0,0.0,0.0,0.0,0.0,0.0,1.0,0.0,0.0,1.0,0.0,0.0,1.0
2.08887817355049,1.0,-0.8961600405747744,0.59321567104227,1.0617867539482457,-0.6605306743650393,0.3005949089230785,0.3796721288811475,-0.9614863916702531,-0.6608531809232983,-1.3777373233408976,2.373640964529467,0.7626976284195812,3.0,-1.584178240646517,2.5899937140505074,-0.5619597599912906,-0.6201892226844657,0.33809616377248186,-0.32430988298461916,0.5625759024789769,1.5437770526067895,1.5977058416242167,0.15180494866599556,-1.4455905142848562,0.6683092141052549,0.0,0.0,0.0,1.0,-0.592584903594155,0.0,1.0,1.0,0.0,0.0,0.0,0.0,0.0,0.0,0.0,0.0,0.0,0.0,1.0,0.0,1.0,0.0,1.0,0.0,1.0,0.0,1.0
1.5413689168784945,0.0,-0.2937381985665183,-0.3939381836990763,0.08504925188071055,-1.5756862740979403,-0.7327419327757442,0.3796721288811475,2.6533089938931025,0.24620020465769926,-1.1034014171432556,1.7623494056895375,-0.6039107501479274,3.0,0.26623257679518353,-0.9320143892374165,1.6294177671570398,1.707499689688721,0.33809616377248186,2.2818977973501466,3.977310265498893,0.6343076791713296,1.774552931030589,0.8843950176866698,-0.4567500973473325,0.9696518375525565,0.0,0.0,0.0,0.0,0.9349571044946735,0.0,1.0,1.0,0.0,0.0,0.0,0.0,1.0,0.0,0.0,0.0,0.0,1.0,0.0,0.0,0.0,1.0,0.0,0.0,1.0,0.0,0.0
-0.6486681098094882,1.0,-1.3721476688282115,-0.3939381836990763,1.0617867539482457,-0.6605306743650393,0.4974209740085685,-2.432005601372186,-0.05778754527941421,0.24620020465769926,0.9031015197336584,0.5397662880096791,0.7626976284195812,3.0,-0.6589728319256667,-0.9320143892374165,0.12284571724256264,0.1557070814399298,-1.0778621289498782,0.07664514475919097,1.4938670923934996,-0.3153829335396571,2.3714118577770944,-0.15250169538874608,-0.9511703058160944,1.2709880467950734,1.0,0.0,0.0,0.0,-0.25055349141421224,0.0,1.0,1.0,0.0,0.0,0.0,0.0,1.0,0.0,0.0,0.0,0.0,0.0,0.0,0.0,1.0,0.0,1.0,1.0,0.0,0.0,1.0
-1.1961773664814839,0.0,0.09548085161988591,-0.3939381836990763,0.08504925188071055,0.2546249253678617,-0.9787745141326066,-1.0261667362455194,-0.9614863916702531,-0.6608531809232983,1.2630268556825115,-0.6828168296701794,1.036019304133083,3.0,0.26623257679518353,-0.9320143892374165,-0.8358819508848319,0.1557070814399298,-1.0778621289498782,-0.32430988298461916,0.5625759024789769,-0.7812593675247655,1.5977058416242167,0.8843950176866698,-0.4567500973473325,0.6683092141052549,0.0,0.0,1.0,0.0,-0.5879782805528132,0.0,1.0,0.0,0.0,0.0,1.0,0.0,0.0,0.0,0.0,0.0,0.0,0.0,1.0,0.0,1.0,0.0,0.0,0.0,0.0,0.0,0.0
2.3078818762192883,1.0,-1.6250160963378497,1.7037637576262845,1.0617867539482457,1.1697805251007627,1.3831382668932737,0.3796721288811475,0.8459113011114247,1.1532535902386967,-1.5246026009928115,-0.6828168296701794,-0.8772324258614291,3.0,1.1914379855160337,0.24198831185855807,2.3827037921142784,0.1557070814399298,-1.0778621289498782,2.2818977973501466,3.977310265498893,1.0731494870529132,0.4805498378132322,1.3847004306763984,1.520930736527715,-0.9890515221225055,0.0,0.0,0.0,1.0,-0.531238167482626,0.0,1.0,0.0,0.0,1.0,0.0,0.0,0.0,0.0,0.0,0.0,0.0,0.0,0.0,0.0,1.0,0.0,0.0,0.0,1.0,0.0,0.0
-1.9626903258222779,1.0,-0.6804781465224358,1.5803695257836163,-1.8684257522543597,1.1697805251007627,-0.7819484490471167,0.3796721288811475,-0.9614863916702531,0.24620020465769926,1.7577309488258006,-0.6828168296701794,1.036019304133083,3.0,1.1914379855160337,-0.9320143892374165,-1.520687428118685,-0.6201892226844657,-1.0778621289498782,-1.3266974523441444,-0.6791456840737199,-1.051282732306397,-0.8781534100649921,-2.045965258396027,1.026510528058953,-1.742399228925451,1.0,0.0,0.0,0.0,-0.7528070427595824,0.0,1.0,0.0,1.0,0.0,0.0,0.0,1.0,0.0,0.0,0.0,0.0,0.0,0.0,1.0,0.0,1.0,1.0,0.0,0.0,0.0,0.0
-1.6341847718190805,0.0,-0.5168573993103168,-0.8875151110697495,-1.8684257522543597,0.2546249253678617,1.6783773645215088,0.3796721288811475,-0.9614863916702531,1.1532535902386967,0.7007225725386765,-1.0903445355634656,-0.3305890744344257,3.0,0.26623257679518353,0.24198831185855807,-1.1098041417783733,-0.6201892226844657,0.33809616377248186,-0.9257424246003343,-0.058284890797371494,-0.6404272118624136,1.5977058416242167,-0.2877490927464089,1.026510528058953,-0.2357109720869905,0.0,0.0,0.0,0.0,-0.27583373981182036,0.0,1.0,0.0,0.0,0.0,0.0,1.0,1.0,0.0,1.0,0.0,0.0,0.0,0.0,0.0,1.0,0.0,0.0,0.0,0.0,0.0,0.0
1.3223652142096962,0.0,-0.8242660758906616,1.3335810620982798,1.0617867539482457,0.2546249253678617,1.4815512994360187,0.3796721288811475,-0.05778754527941421,-1.5679065665042957,-1.2317152913022962,-0.6828168296701794,-0.3305890744344257,3.0,0.26623257679518353,-0.9320143892374165,0.6706900990296453,-0.6201892226844657,-1.0778621289498782,1.6804652557344315,0.8730062991171511,-0.2897436212309013,0.28240561416432447,1.056769151573887,-0.9511703058160944,0.467419790272162,0.0,1.0,0.0,1.0,-0.6038560505990301,0.0,1.0,0.0,0.0,1.0,0.0,0.0,0.0,0.0,0.0,0.0,1.0,0.0,0.0,0.0,1.0,0.0,0.0,0.0,1.0,0.0,1.0
0.6653541062033014,0.0,0.3830567103563374,2.320734916839626,0.08504925188071055,-0.6605306743650393,0.3005949089230785,1.7855109940078144,-0.9614863916702531,0.24620020465769926,0.2497267103520815,0.5397662880096791,-0.8772324258614291,3.0,1.1914379855160337,-0.9320143892374165,0.9446122899231866,-0.6201892226844657,0.33809616377248186,-0.7252649107284292,-0.3687152874355457,1.34308026720815,0.050293809318461155,-1.4907391008224633,0.5320903195901912,0.2665217950441287,0.0,0.0,0.0,0.0,-0.6965594708573128,1.0,0.0,0.0,0.0,1.0,0.0,0.0,0.0,0.0,0.0,0.0,0.0,0.0,1.0,0.0,0.0,1.0,0.0,1.0,0.0,1.0,0.0
1.4318670655440953,0.0,0.016149580244313087,0.3464272073569334,0.08504925188071055,0.2546249253678617,0.5466274902799411,0.3796721288811475,0.8459113011114247,1.1532535902386967,-1.0776824259372266,0.5397662880096791,-1.1505541015749308,3.0,1.1914379855160337,-0.9320143892374165,0.6706900990296453,0.1557070814399298,0.33809616377248186,-0.9257424246003343,-0.058284890797371494,0.9574193201834095,1.5977058416242167,-1.632267337066705,1.520930736527715,1.2709772847514702,1.0,0.0,0.0,0.0,-0.3582248327675877,1.0,0.0,0.0,1.0,0.0,0.0,0.0,0.0,0.0,0.0,0.0,0.0,0.0,0.0,0.0,0.0,1.0,0.0,0.0,1.0,0.0,0.0
-0.6486681098094882,1.0,-0.6457707152956227,1.3335810620982798,0.08504925188071055,-0.6605306743650393,0.251388392651706,-2.432005601372186,-0.05778754527941421,0.24620020465769926,1.4721517677839928,0.1322385821163929,-1.1505541015749308,3.0,0.26623257679518353,0.24198831185855807,-0.9728430463316026,-0.6201892226844657,0.33809616377248186,-0.9257424246003343,-0.058284890797371494,-0.9916115354024061,1.5977058416242167,-0.6393923258763324,0.037670111121429345,1.2709772847514702,1.0,0.0,0.0,0.0,-0.6632276749059274,0.0,1.0,1.0,0.0,0.0,0.0,0.0,0.0,0.0,0.0,0.0,0.0,0.0,0.0,0.0,1.0,0.0,1.0,1.0,0.0,1.0,0.0
0.4463504035345031,0.0,-0.0012041353690934679,-0.02375548817107146,-1.8684257522543597,0.2546249253678617,1.4815512994360187,0.3796721288811475,0.8459113011114247,0.24620020465769926,0.9673287272809546,0.1322385821163929,-0.6039107501479274,3.0,0.26623257679518353,0.24198831185855807,0.12284571724256264,-0.6201892226844657,0.33809616377248186,0.4776001725030011,-0.6791456840737199,0.5302172462229993,-0.8781534100649921,0.3884878940419056,0.5320903195901912,0.6013471740137043,1.0,0.0,0.0,1.0,-0.28955603604729396,0.0,1.0,1.0,0.0,0.0,0.0,0.0,1.0,0.0,0.0,0.0,0.0,0.0,0.0,0.0,0.0,0.0,1.0,1.0,0.0,0.0,1.0
-1.1961773664814839,0.0,1.3697393980900245,1.950552221311621,-1.8684257522543597,0.2546249253678617,-0.2406767700620191,0.3796721288811475,-0.9614863916702531,0.24620020465769926,-0.758513961298474,-0.6828168296701794,2.1293060069870897,4.0,1.1914379855160337,0.24198831185855807,-0.42499866454451996,0.1557070814399298,0.33809616377248186,0.27712265863109603,0.8730062991171511,-0.8866531863727412,1.1850626330093488,1.079752369425516,1.026510528058953,0.8943151081711811,0.0,0.0,1.0,0.0,-0.7277667957813684,0.0,1.0,1.0,0.0,0.0,0.0,0.0,0.0,1.0,0.0,0.0,0.0,0.0,0.0,0.0,1.0,0.0,0.0,0.0,0.0,1.0,0.0
-0.10115885313749257,0.0,-1.4539580424342708,-0.3939381836990763,-0.8916882501868245,-0.6605306743650393,0.8910731041795485,0.3796721288811475,-0.05778754527941421,-0.6608531809232983,-1.6153920453594492,1.3548216997962514,1.3093409798465847,4.0,1.1914379855160337,1.4159910129545328,-0.5619597599912906,-2.171981830933257,0.33809616377248186,-0.7252649107284292,-0.6791456840737199,-0.9367681862774023,-0.8781534100649921,-0.7273031341588134,0.037670111121429345,0.2665217950441287,0.0,0.0,0.0,1.0,-0.35974642396668793,0.0,1.0,0.0,0.0,1.0,0.0,0.0,1.0,0.0,0.0,0.0,1.0,0.0,0.0,0.0,0.0,0.0,0.0,1.0,0.0,0.0,1.0
1.5413689168784945,1.0,0.861523440840261,-0.14714972001373974,1.0617867539482457,-1.5756862740979403,-0.6343289002329991,-2.432005601372186,0.8459113011114247,1.1532535902386967,1.5230275864538423,-0.27528912377689324,-0.057267398720923963,3.0,1.1914379855160337,-0.9320143892374165,0.9446122899231866,-0.6201892226844657,0.33809616377248186,-0.5247873968565242,-0.6791456840737199,1.3349804249467516,-0.8781534100649921,-1.3056637149646089,0.5320903195901912,-0.23570720537576498,0.0,0.0,0.0,0.0,-0.06327268047801368,1.0,0.0,1.0,0.0,0.0,0.0,0.0,1.0,0.0,0.0,0.0,1.0,0.0,0.0,0.0,0.0,1.0,0.0,0.0,1.0,0.0,0.0
0.22734670086570485,0.0,1.3052827400973714,-0.6407266473844129,1.0617867539482457,1.1697805251007627,-0.9295679978612341,-1.0261667362455194,-0.05778754527941421,0.24620020465769926,0.03891530702397538,0.5397662880096791,-0.3305890744344257,3.0,0.26623257679518353,0.24198831185855807,0.8076511944764159,-1.3960855268088614,1.754054456494842,1.6804652557344315,0.8730062991171511,-0.42857680985890223,0.28240561416432447,0.8843950176866698,1.520930736527715,0.467419790272162,1.0,0.0,0.0,1.0,-0.06509404106432079,0.0,1.0,1.0,0.0,0.0,0.0,0.0,0.0,0.0,0.0,0.0,0.0,0.0,0.0,0.0,1.0,0.0,0.0,1.0,0.0,0.0,1.0
-1.3056792178158831,0.0,0.3880149148173107,2.320734916839626,0.08504925188071055,-1.5756862740979403,-1.2248070954894692,-1.0261667362455194,-0.05778754527941421,0.24620020465769926,1.47875719175494,-0.27528912377689324,0.7626976284195812,3.0,1.1914379855160337,-0.9320143892374165,-0.6989208554380613,0.1557070814399298,0.33809616377248186,-0.9257424246003343,-0.058284890797371494,0.7188737067550748,1.5977058416242167,-1.0412703065962452,0.037670111121429345,1.2709772847514702,1.0,0.0,0.0,0.0,-0.6130566540085892,0.0,1.0,1.0,0.0,0.0,0.0,0.0,1.0,0.0,0.0,0.0,0.0,0.0,0.0,0.0,1.0,0.0,0.0,0.0,0.0,0.0,0.0
-0.7581699611438873,0.0,1.0846426415840595,-0.02375548817107146,0.08504925188071055,0.2546249253678617,-0.8803614815898617,0.3796721288811475,-0.05778754527941421,1.1532535902386967,-0.046533581791683626,-1.0903445355634656,1.036019304133083,3.0,1.1914379855160337,-0.9320143892374165,0.12284571724256264,-0.6201892226844657,-2.4938204216722384,0.8785552002468112,0.5625759024789769,1.4469151997908791,0.3597762157796122,0.9294774834725573,0.5320903195901912,0.7231007319868943,0.0,0.0,0.0,0.0,-0.40392920195563037,0.0,1.0,0.0,0.0,0.0,0.0,0.0,1.0,1.0,0.0,0.0,0.0,0.0,0.0,0.0,1.0,0.0,1.0,0.0,0.0,0.0,1.0
-0.5391662584750891,1.0,0.5714684798733228,-0.02375548817107146,0.08504925188071055,-1.5756862740979403,-1.2248070954894692,0.3796721288811475,-0.9614863916702531,-1.5679065665042957,-0.5746864175963655,1.7623494056895375,1.855984331273588,4.0,-1.584178240646517,-0.9320143892374165,-0.15107647365097865,-0.6201892226844657,1.754054456494842,-0.32430988298461916,-0.6791456840737199,0.8634116619114758,-0.8781534100649921,-0.44758692598728334,-1.940010722753618,0.6683092141052549,0.0,0.0,0.0,0.0,-0.5372403785056838,0.0,1.0,0.0,0.0,1.0,0.0,0.0,0.0,0.0,1.0,0.0,0.0,0.0,0.0,0.0,0.0,1.0,0.0,1.0,0.0,1.0,0.0
0.8843578088720997,0.0,1.2730544111010451,2.4441291486822943,0.08504925188071055,0.2546249253678617,0.841866587908176,0.3796721288811475,-0.9614863916702531,1.1532535902386967,-0.6410217391769428,0.9472939939029652,-0.6039107501479274,3.0,-0.6589728319256667,-0.9320143892374165,-0.2880375690977493,-0.6201892226844657,-1.0778621289498782,-0.12383236911271409,-0.6791456840737199,0.18996971895793371,-0.8781534100649921,0.0638941403835146,0.037670111121429345,0.7687562362816817,0.0,0.0,0.0,0.0,-0.7265790903640738,0.0,1.0,0.0,0.0,1.0,0.0,0.0,1.0,0.0,0.0,0.0,0.0,0.0,1.0,0.0,0.0,1.0,0.0,1.0,0.0,1.0,0.0
0.11784484953130571,0.0,-1.0870509123222465,-0.7641208792270812,2.038524256015781,1.1697805251007627,-1.6676657419318217,0.3796721288811475,-0.05778754527941421,0.24620020465769926,-1.68805170903987,0.1322385821163929,1.3093409798465847,4.0,-0.6589728319256667,-0.9320143892374165,1.0815733853699572,-0.6201892226844657,0.33809616377248186,-0.7252649107284292,-0.058284890797371494,0.9649818590017855,0.9787410287019146,-1.5185004087011413,0.5320903195901912,0.2665217950441287,0.0,0.0,0.0,0.0,-0.12789993537283462,0.0,1.0,0.0,0.0,0.0,0.0,1.0,0.0,0.0,0.0,0.0,0.0,0.0,1.0,0.0,0.0,1.0,1.0,1.0,0.0,1.0,0.0
-0.7581699611438873,0.0,-0.9035973472662344,1.0867925984129432,0.08504925188071055,-1.5756862740979403,0.448214457737196,0.3796721288811475,-0.9614863916702531,0.24620020465769926,1.3487568263692746,-0.6828168296701794,-0.3305890744344257,3.0,0.26623257679518353,-0.9320143892374165,-0.8358819508848319,0.9316033855643254,-1.0778621289498782,-0.32430988298461916,-0.6791456840737199,-0.5447238704477982,-0.8781534100649921,0.8843950176866698,-0.9511703058160944,0.6683092141052549,0.0,0.0,1.0,0.0,-0.7120125629955928,0.0,1.0,1.0,0.0,0.0,0.0,0.0,0.0,0.0,0.0,0.0,0.0,0.0,1.0,0.0,0.0,1.0,0.0,0.0,0.0,0.0,0.0
-0.5391662584750891,0.0,-0.281342687414085,-0.02375548817107146,-0.8916882501868245,1.1697805251007627,-1.5200461931177043,-2.432005601372186,-0.05778754527941421,1.1532535902386967,1.194442879133101,-1.0903445355634656,0.4893759527060795,3.0,1.1914379855160337,2.5899937140505074,-0.2880375690977493,-0.6201892226844657,1.754054456494842,0.27712265863109603,-0.6791456840737199,-0.9459147482957482,-0.8781534100649921,0.767180606643362,2.5097711534652385,0.8943151081711811,1.0,0.0,0.0,0.0,-0.508181398242328,1.0,0.0,0.0,0.0,1.0,0.0,0.0,1.0,0.0,0.0,0.0,0.0,0.0,0.0,0.0,0.0,0.0,0.0,1.0,0.0,1.0,0.0
-0.7581699611438873,0.0,-1.4911445758915707,-0.5173324155417446,0.08504925188071055,1.1697805251007627,0.8910731041795485,0.3796721288811475,-0.9614863916702531,-1.5679065665042957,-0.54784309890592,0.9472939939029652,-0.3305890744344257,3.0,1.1914379855160337,0.24198831185855807,-0.42499866454451996,0.1557070814399298,0.33809616377248186,-0.7252649107284292,-0.058284890797371494,-0.032230293447702216,0.9787410287019146,-0.8738211479629483,0.5320903195901912,0.2665217950441287,0.0,0.0,1.0,0.0,-0.46645568299238116,0.0,1.0,0.0,0.0,0.0,0.0,1.0,0.0,0.0,0.0,0.0,0.0,0.0,1.0,0.0,0.0,0.0,0.0,0.0,0.0,1.0,0.0
-0.7581699611438873,0.0,1.5482347586850633,-0.8875151110697495,-1.8684257522543597,-0.6605306743650393,-1.5200461931177043,-1.0261667362455194,-0.9614863916702531,1.1532535902386967,-0.4428590200485231,-1.0903445355634656,-0.6039107501479274,3.0,1.1914379855160337,-0.9320143892374165,-0.6989208554380613,0.1557070814399298,0.33809616377248186,-0.32430988298461916,-0.3687152874355457,-0.46376873951091896,-0.25918859714269,0.4657721211034274,1.026510528058953,0.06563210334757824,0.0,0.0,1.0,0.0,-0.2350600994138068,0.0,1.0,0.0,0.0,1.0,0.0,0.0,1.0,0.0,1.0,0.0,0.0,0.0,0.0,0.0,0.0,1.0,0.0,0.0,0.0,0.0,0.0
0.4463504035345031,0.0,0.13514648730767234,0.09963874367159682,0.08504925188071055,1.1697805251007627,1.235518718079156,-1.0261667362455194,1.7496101475022634,-1.5679065665042957,-0.20028536528564903,0.5397662880096791,-0.6039107501479274,3.0,-0.6589728319256667,0.24198831185855807,1.3554955762634984,-0.6201892226844657,-1.0778621289498782,0.07664514475919097,1.4938670923934996,-0.00011429233823672518,2.3714118577770944,-0.9271004257099064,-0.9511703058160944,0.8405041502635701,0.0,0.0,0.0,1.0,0.1717919662651259,1.0,0.0,1.0,0.0,0.0,0.0,0.0,1.0,0.0,0.0,1.0,0.0,0.0,0.0,0.0,0.0,0.0,0.0,1.0,0.0,0.0,0.0
0.4463504035345031,0.0,0.3235582568246578,-0.02375548817107146,1.0617867539482457,0.2546249253678617,1.3831382668932737,0.3796721288811475,-0.9614863916702531,-1.5679065665042957,-1.0332714903027722,-0.27528912377689324,1.5826626555600865,4.0,1.1914379855160337,0.24198831185855807,-0.5619597599912906,-0.6201892226844657,0.33809616377248186,-0.32430988298461916,-0.3687152874355457,-0.895999113487672,-0.25918859714269,0.15180494866599556,0.037670111121429345,-1.742399228925451,0.0,0.0,0.0,1.0,-0.659064564994368,0.0,1.0,1.0,0.0,0.0,0.0,0.0,1.0,0.0,1.0,0.0,0.0,0.0,0.0,0.0,1.0,0.0,0.0,1.0,0.0,0.0,0.0
-1.9626903258222779,0.0,0.9383756099853472,-0.7641208792270812,-1.8684257522543597,-0.6605306743650393,0.645040522822686,0.3796721288811475,-0.9614863916702531,-0.6608531809232983,0.25141320157870634,-0.6828168296701794,-0.3305890744344257,3.0,1.1914379855160337,-0.9320143892374165,-1.3837263326719145,0.1557070814399298,0.33809616377248186,-1.1262199384722393,-0.6791456840737199,-1.573040466915988,-0.8781534100649921,-0.2877490927464089,0.037670111121429345,-1.742399228925451,0.0,0.0,0.0,0.0,-0.567820608804194,0.0,1.0,0.0,0.0,1.0,0.0,0.0,0.0,0.0,1.0,0.0,0.0,0.0,0.0,0.0,0.0,1.0,0.0,0.0,0.0,0.0,0.0
0.33684855220010396,0.0,1.4689034873094906,2.0739464531542895,0.08504925188071055,-0.6605306743650393,-0.5851223839616266,0.3796721288811475,-0.05778754527941421,-0.6608531809232983,-0.8164168267459271,-0.6828168296701794,-1.1505541015749308,3.0,-1.584178240646517,0.24198831185855807,1.2185344808167278,-0.6201892226844657,0.33809616377248186,2.2818977973501466,-0.058284890797371494,2.1189883750439598,-0.524459231252248,1.3030179142699119,-1.4455905142848562,-0.6877127030728926,0.0,0.0,0.0,1.0,-0.6691280421732573,1.0,0.0,0.0,0.0,1.0,0.0,0.0,0.0,0.0,0.0,0.0,0.0,0.0,1.0,0.0,0.0,0.0,0.0,1.0,0.0,0.0,1.0
-0.2106607044718917,0.0,-0.3482784476372246,-1.0109093429124179,2.038524256015781,0.2546249253678617,1.3831382668932737,0.3796721288811475,0.8459113011114247,-0.6608531809232983,-0.40392918090059954,-0.6828168296701794,-0.6039107501479274,3.0,-1.584178240646517,1.4159910129545328,-0.15107647365097865,0.1557070814399298,0.33809616377248186,0.6780776863749062,-0.6791456840737199,0.15541974463261057,-0.8781534100649921,1.1507914064214602,-0.9511703058160944,0.668311624811287,1.0,0.0,0.0,0.0,1.4667736984169872,0.0,1.0,0.0,1.0,0.0,0.0,0.0,1.0,0.0,0.0,0.0,0.0,0.0,0.0,0.0,1.0,0.0,0.0,1.0,0.0,0.0,1.0
1.7603726195472926,0.0,1.570546678759443,-0.3939381836990763,-0.8916882501868245,-0.6605306743650393,-1.5692527093890767,0.3796721288811475,-0.05778754527941421,0.24620020465769926,0.24368345012334244,-0.27528912377689324,1.3093409798465847,4.0,1.1914379855160337,0.24198831185855807,0.2598068126893333,0.1557070814399298,-2.4938204216722384,0.07664514475919097,0.5625759024789769,-0.35374392674873495,0.9787410287019146,-0.2877490927464089,-0.4567500973473325,1.2709880467950734,1.0,0.0,0.0,1.0,-0.5934778433621173,0.0,1.0,0.0,1.0,0.0,0.0,0.0,1.0,0.0,0.0,0.0,0.0,0.0,0.0,1.0,1.0,0.0,1.0,0.0,1.0,0.0,0.0
0.8843578088720997,0.0,-1.5084982915049772,-0.02375548817107146,0.08504925188071055,-0.6605306743650393,-0.2898832863333916,0.3796721288811475,-0.05778754527941421,-0.6608531809232983,-0.47954020422761356,2.1698771115828235,0.7626976284195812,3.0,0.26623257679518353,0.24198831185855807,1.2185344808167278,-0.6201892226844657,-2.4938204216722384,2.081420283478242,-0.6791456840737199,-0.797357326895467,-0.8781534100649921,0.8006704383700213,-1.4455905142848562,-0.14707521293749518,0.0,0.0,0.0,1.0,-0.6522344627957161,0.0,1.0,1.0,0.0,0.0,0.0,0.0,1.0,0.0,1.0,0.0,0.0,0.0,0.0,0.0,0.0,0.0,0.0,1.0,0.0,0.0,0.0
-0.5391662584750891,0.0,0.40784773266120394,-0.14714972001373974,0.08504925188071055,-0.6605306743650393,-1.1263940629467242,0.3796721288811475,0.8459113011114247,1.1532535902386967,0.17931570164049404,-0.6828168296701794,-0.3305890744344257,3.0,1.1914379855160337,-0.9320143892374165,-0.2880375690977493,-0.6201892226844657,0.33809616377248186,0.4776001725030011,0.2521455058408027,0.8693796386017747,0.2359832531951518,1.1188238397732855,1.026510528058953,0.9361680887192979,1.0,0.0,0.0,0.0,-0.1772456989848129,1.0,0.0,0.0,1.0,0.0,0.0,0.0,0.0,0.0,0.0,0.0,0.0,0.0,0.0,0.0,0.0,1.0,0.0,1.0,0.0,0.0,0.0
-0.8676718124782865,0.0,1.7192928125886422,-1.0109093429124179,-1.8684257522543597,1.1697805251007627,-1.2248070954894692,0.3796721288811475,-0.05778754527941421,0.24620020465769926,1.6822604664343386,-0.6828168296701794,-0.6039107501479274,3.0,-1.584178240646517,0.24198831185855807,-0.15107647365097865,-1.3960855268088614,0.33809616377248186,0.6780776863749062,-0.6791456840737199,-1.18427696823246,-0.8781534100649921,1.1507914064214602,0.037670111121429345,0.3669727680941946,0.0,0.0,0.0,0.0,0.5428471464538782,0.0,0.0,0.0,0.0,0.0,0.0,1.0,1.0,0.0,0.0,0.0,1.0,0.0,0.0,0.0,1.0,0.0,0.0,0.0,0.0,1.0,0.0
1.5413689168784945,0.0,0.9086263832195074,-0.270543951856408,1.0617867539482457,-0.6605306743650393,-1.5692527093890767,-1.0261667362455194,-0.05778754527941421,0.24620020465769926,-0.04639304085613156,-0.27528912377689324,0.4893759527060795,3.0,0.26623257679518353,-0.9320143892374165,-0.15107647365097865,-0.6201892226844657,0.33809616377248186,-1.1262199384722393,-0.6791456840737199,-0.4628405989647437,-0.8781534100649921,-1.726289591914278,0.037670111121429345,-1.742399228925451,0.0,0.0,0.0,1.0,-0.3220921592481453,0.0,1.0,0.0,0.0,1.0,0.0,0.0,1.0,0.0,0.0,0.0,1.0,0.0,0.0,0.0,1.0,0.0,0.0,0.0,1.0,0.0,1.0
2.3078818762192883,0.0,0.8491279296878278,-0.02375548817107146,0.08504925188071055,-0.6605306743650393,0.448214457737196,-1.0261667362455194,-0.9614863916702531,-0.6608531809232983,-0.3429344148710008,0.5397662880096791,1.3093409798465847,4.0,-0.6589728319256667,0.24198831185855807,-0.2880375690977493,0.1557070814399298,-1.0778621289498782,-1.1262199384722393,-0.6791456840737199,0.09499713301036339,-0.8781534100649921,-1.6943220252661033,-1.4455905142848562,-1.742399228925451,0.0,0.0,0.0,1.0,-0.5902668083024913,0.0,1.0,0.0,0.0,1.0,0.0,0.0,0.0,0.0,0.0,0.0,0.0,0.0,1.0,0.0,1.0,0.0,1.0,0.0,1.0,1.0,0.0
0.33684855220010396,0.0,-0.42760971901279743,-0.6407266473844129,1.0617867539482457,0.2546249253678617,0.05456232756621595,-1.0261667362455194,0.8459113011114247,1.1532535902386967,-0.8096708618394277,1.7623494056895375,-1.1505541015749308,3.0,-1.584178240646517,0.24198831185855807,0.5337290035828746,-0.6201892226844657,-1.0778621289498782,1.0790327141187162,-0.058284890797371494,1.647901965730804,-0.3068012750597901,0.5913589900784001,-0.4567500973473325,1.0198740846929866,1.0,0.0,0.0,1.0,0.549987707843378,0.0,1.0,0.0,1.0,0.0,0.0,0.0,1.0,0.0,0.0,0.0,0.0,0.0,0.0,0.0,1.0,0.0,0.0,1.0,0.0,0.0,0.0
-0.3201625558062908,0.0,-1.2382761483819322,-0.8875151110697495,1.0617867539482457,0.2546249253678617,0.448214457737196,0.3796721288811475,-0.9614863916702531,0.24620020465769926,-0.42149679784460836,1.3548216997962514,0.7626976284195812,3.0,1.1914379855160337,0.24198831185855807,-0.6989208554380613,0.1557070814399298,0.33809616377248186,-0.5247873968565242,-0.3687152874355457,-0.43665265958046995,-0.13539563455822945,-0.036575354796463615,1.026510528058953,0.517638806399078,1.0,0.0,1.0,0.0,-0.33626979563019577,1.0,0.0,0.0,1.0,0.0,0.0,0.0,0.0,0.0,0.0,0.0,0.0,0.0,0.0,1.0,1.0,0.0,0.0,1.0,0.0,0.0,0.0
-1.6341847718190805,0.0,1.124308277271846,1.2101868302556114,-1.8684257522543597,0.2546249253678617,0.6942470390940585,0.3796721288811475,-0.9614863916702531,1.1532535902386967,-0.3262100435403044,-0.6828168296701794,2.4026276827005915,4.0,-1.584178240646517,1.4159910129545328,-1.2467652372251439,2.4833959938131165,0.33809616377248186,-0.9257424246003343,-0.058284890797371494,-0.8215779181628852,1.5977058416242167,0.2983229624701303,0.037670111121429345,1.2709772847514702,0.0,0.0,0.0,0.0,-0.7259064287839033,0.0,1.0,0.0,0.0,1.0,0.0,0.0,1.0,0.0,0.0,0.0,0.0,0.0,1.0,0.0,1.0,0.0,0.0,0.0,0.0,0.0,0.0
-1.0866755151470848,0.0,-0.2763844829531117,-0.02375548817107146,0.08504925188071055,1.1697805251007627,-0.4375028351475091,0.3796721288811475,-0.9614863916702531,-0.6608531809232983,-1.1725475574348745,1.3548216997962514,0.7626976284195812,3.0,1.1914379855160337,0.24198831185855807,-0.6989208554380613,-1.3960855268088614,-2.4938204216722384,-0.9257424246003343,-0.058284890797371494,-1.0894722879583898,1.5977058416242167,-1.0412703065962452,0.037670111121429345,1.2709772847514702,0.0,0.0,1.0,0.0,-0.6723522183626546,0.0,0.0,0.0,0.0,1.0,0.0,0.0,1.0,0.0,0.0,0.0,0.0,0.0,1.0,0.0,0.0,0.0,0.0,0.0,0.0,0.0,0.0
-0.9771736638126857,0.0,-0.8986391428052611,1.456975293940948,0.08504925188071055,0.2546249253678617,-1.1756005792180968,0.3796721288811475,-0.9614863916702531,1.1532535902386967,-1.0738878206773208,-0.6828168296701794,-1.1505541015749308,3.0,0.26623257679518353,0.24198831185855807,-0.8358819508848319,-0.6201892226844657,-2.4938204216722384,-0.32430988298461916,-0.6791456840737199,-0.47215047929918336,-0.8781534100649921,0.8843950176866698,0.037670111121429345,-0.5370450074100981,0.0,0.0,1.0,0.0,-0.7214555729296579,0.0,1.0,0.0,0.0,1.0,0.0,0.0,1.0,0.0,0.0,0.0,0.0,0.0,1.0,0.0,1.0,0.0,0.0,0.0,0.0,0.0,0.0
2.1983800248848895,0.0,-1.1614239792368461,1.827157989468953,-0.8916882501868245,0.2546249253678617,0.841866587908176,1.7855109940078144,0.8459113011114247,1.1532535902386967,1.2773620311088227,0.1322385821163929,0.21605427699257776,3.0,-0.6589728319256667,0.24198831185855807,0.12284571724256264,-0.6201892226844657,-2.4938204216722384,-0.32430988298461916,-0.3687152874355457,0.736541565066779,-0.25918859714269,-0.6934912848193976,-0.4567500973473325,0.06563210334757824,0.0,0.0,0.0,1.0,-0.5635921546248468,0.0,1.0,1.0,0.0,0.0,0.0,0.0,1.0,0.0,0.0,0.0,0.0,0.0,0.0,0.0,0.0,0.0,1.0,0.0,1.0,0.0,0.0
-1.0866755151470848,0.0,1.6052541099862563,-0.7641208792270812,0.08504925188071055,0.2546249253678617,0.645040522822686,-1.0261667362455194,-0.9614863916702531,0.24620020465769926,1.5477627911110068,-0.6828168296701794,-0.057267398720923963,3.0,1.1914379855160337,0.24198831185855807,-1.3837263326719145,-0.6201892226844657,-1.0778621289498782,-1.1262199384722393,-0.6791456840737199,-0.60385774471704,-0.8781534100649921,-0.2877490927464089,0.5320903195901912,1.270962218019569,0.0,0.0,1.0,0.0,-0.39970695696010006,0.0,0.0,0.0,0.0,1.0,0.0,0.0,1.0,0.0,0.0,0.0,0.0,0.0,1.0,0.0,0.0,0.0,1.0,0.0,0.0,0.0,0.0
1.4318670655440953,0.0,1.6102123144472296,0.2230329755142651,0.08504925188071055,0.2546249253678617,-0.6343289002329991,0.3796721288811475,2.6533089938931025,-0.6608531809232983,0.3850676312887256,0.1322385821163929,-0.057267398720923963,3.0,-0.6589728319256667,-0.9320143892374165,1.3554955762634984,1.707499689688721,0.33809616377248186,-0.32430988298461916,0.5625759024789769,0.4636641392991591,1.5977058416242167,-1.246776092191655,-0.4567500973473325,0.6683092141052549,0.0,0.0,0.0,0.0,0.23300887398775488,0.0,1.0,1.0,0.0,0.0,0.0,0.0,0.0,0.0,0.0,1.0,0.0,0.0,0.0,0.0,0.0,1.0,0.0,0.0,1.0,0.0,0.0
0.4463504035345031,0.0,-0.8366615870430948,0.59321567104227,0.08504925188071055,-1.5756862740979403,-0.4867093514188816,0.3796721288811475,-0.9614863916702531,0.24620020465769926,-1.3638237707212426,0.5397662880096791,-0.8772324258614291,3.0,-1.584178240646517,0.24198831185855807,0.2598068126893333,-0.6201892226844657,0.33809616377248186,0.4776001725030011,-0.3687152874355457,-0.7068940407922343,-0.5067745223116108,0.2145983831534821,-1.4455905142848562,0.9361680887192979,0.0,0.0,0.0,1.0,-0.6965680352487845,0.0,1.0,1.0,0.0,0.0,0.0,0.0,1.0,0.0,0.0,0.0,0.0,0.0,1.0,0.0,0.0,0.0,0.0,1.0,0.0,0.0,0.0
-0.7581699611438873,0.0,1.330073762402238,-0.5173324155417446,0.08504925188071055,-0.6605306743650393,-1.2248070954894692,0.3796721288811475,0.8459113011114247,1.1532535902386967,-0.8798007886799111,-0.27528912377689324,-0.8772324258614291,3.0,0.26623257679518353,0.24198831185855807,0.12284571724256264,-0.6201892226844657,0.33809616377248186,0.6780776863749062,1.4938670923934996,1.0458782383440046,1.4851667847292527,0.6589826887572316,0.5320903195901912,0.9696504815283791,1.0,0.0,0.0,0.0,0.17671227404735035,0.0,1.0,1.0,0.0,0.0,0.0,0.0,0.0,0.0,0.0,0.0,0.0,0.0,0.0,0.0,1.0,0.0,0.0,0.0,0.0,0.0,0.0
0.11784484953130571,0.0,-0.24911435841775856,-1.0109093429124179,1.0617867539482457,-1.5756862740979403,-0.3390898026047641,-1.0261667362455194,-0.05778754527941421,1.1532535902386967,-0.19438264599246205,0.5397662880096791,1.855984331273588,4.0,0.26623257679518353,-0.9320143892374165,0.12284571724256264,-0.6201892226844657,1.754054456494842,0.27712265863109603,-0.6791456840737199,0.7385778259662028,-0.8781534100649921,0.11799309932657996,0.5320903195901912,-0.6123787987411802,1.0,0.0,0.0,0.0,1.8986224328863035,0.0,1.0,1.0,0.0,0.0,0.0,0.0,0.0,0.0,0.0,0.0,0.0,0.0,0.0,0.0,0.0,1.0,0.0,1.0,0.0,0.0,0.0
-0.5391662584750891,0.0,-1.6919518565609895,-0.3939381836990763,2.038524256015781,0.2546249253678617,-1.1263940629467242,0.3796721288811475,-0.9614863916702531,0.24620020465769926,-0.2646531137684974,0.1322385821163929,1.3093409798465847,4.0,-1.584178240646517,-0.9320143892374165,-0.42499866454451996,-0.6201892226844657,0.33809616377248186,-0.32430988298461916,-0.3687152874355457,-0.18096094691276488,-0.25918859714269,-0.0923917410075624,-0.4567500973473325,0.6683092141052549,0.0,0.0,1.0,0.0,-0.5285475211619449,0.0,1.0,1.0,0.0,0.0,0.0,0.0,1.0,0.0,0.0,0.0,0.0,0.0,1.0,0.0,0.0,1.0,0.0,1.0,0.0,1.0,0.0
-1.0866755151470848,0.0,0.8788771564536676,0.9633983665702748,0.08504925188071055,0.2546249253678617,-0.7327419327757442,0.3796721288811475,-0.9614863916702531,-0.6608531809232983,-0.13338787996286333,-1.0903445355634656,0.21605427699257776,3.0,1.1914379855160337,0.24198831185855807,-0.6989208554380613,0.1557070814399298,-1.0778621289498782,-0.32430988298461916,-0.3687152874355457,-0.16304159107360075,-0.25918859714269,0.4657721211034274,0.037670111121429345,-0.5370450074100981,0.0,0.0,1.0,0.0,-0.6925389648608928,0.0,1.0,0.0,0.0,0.0,0.0,1.0,1.0,0.0,0.0,0.0,0.0,0.0,1.0,0.0,1.0,0.0,1.0,0.0,0.0,1.0,0.0
-1.9626903258222779,1.0,-0.49702458146642364,-1.0109093429124179,-1.8684257522543597,0.2546249253678617,1.6783773645215088,-2.432005601372186,-0.9614863916702531,-1.5679065665042957,0.938236753621676,-1.0903445355634656,1.5826626555600865,4.0,-1.584178240646517,-0.9320143892374165,-1.3837263326719145,1.707499689688721,1.754054456494842,-1.3266974523441444,-0.6791456840737199,-0.3327403810980288,-0.8781534100649921,-2.045965258396027,-0.9511703058160944,-1.742399228925451,1.0,0.0,0.0,0.0,-0.07620848009667276,1.0,0.0,0.0,0.0,0.0,0.0,1.0,0.0,0.0,0.0,0.0,0.0,0.0,0.0,1.0,0.0,1.0,0.0,0.0,0.0,0.0,0.0
-0.10115885313749257,0.0,1.6796271769008557,-0.7641208792270812,-0.8916882501868245,1.1697805251007627,-1.7660787744745667,0.3796721288811475,-0.9614863916702531,-0.6608531809232983,0.10525062860455277,0.5397662880096791,-0.8772324258614291,3.0,0.26623257679518353,-0.9320143892374165,0.2598068126893333,0.1557070814399298,-1.0778621289498782,0.27712265863109603,1.4938670923934996,-1.0305106406588607,2.010349050239085,-0.036575354796463615,0.037670111121429345,0.8943151081711811,0.0,0.0,0.0,0.0,-0.4739067035727288,1.0,0.0,0.0,0.0,1.0,0.0,0.0,1.0,0.0,1.0,0.0,0.0,0.0,0.0,0.0,0.0,1.0,0.0,1.0,0.0,0.0,0.0
-0.7581699611438873,0.0,-1.7142637766353692,-0.02375548817107146,0.08504925188071055,0.2546249253678617,0.005355811294843447,0.3796721288811475,-0.05778754527941421,-1.5679065665042957,-0.46394016038133373,-0.6828168296701794,-1.1505541015749308,3.0,0.26623257679518353,1.4159910129545328,0.12284571724256264,0.9316033855643254,0.33809616377248186,1.0790327141187162,1.1834366957553253,-0.14811502241586275,0.835902994950614,1.1999722781878834,-0.4567500973473325,0.5176425731259977,0.0,0.0,1.0,0.0,-0.6072799719609517,0.0,0.0,0.0,0.0,1.0,0.0,0.0,1.0,0.0,1.0,0.0,0.0,0.0,0.0,0.0,0.0,0.0,0.0,0.0,0.0,1.0,0.0
0.8843578088720997,0.0,1.154057504037686,-0.6407266473844129,-0.8916882501868245,0.2546249253678617,-1.7660787744745667,0.3796721288811475,-0.05778754527941421,-1.5679065665042957,-1.1234987709272017,0.5397662880096791,-1.1505541015749308,3.0,-1.584178240646517,0.24198831185855807,-0.2880375690977493,0.1557070814399298,1.754054456494842,-0.32430988298461916,-0.6791456840737199,-0.8042127846072115,-0.8781534100649921,-0.2877490927464089,-0.9511703058160944,0.6683092141052549,1.0,0.0,0.0,1.0,-0.1763626150641791,0.0,1.0,1.0,0.0,0.0,0.0,0.0,0.0,0.0,0.0,0.0,0.0,0.0,0.0,0.0,0.0,0.0,1.0,1.0,0.0,0.0,1.0
2.08887817355049,0.0,-0.2218442338824054,-0.14714972001373974,0.08504925188071055,0.2546249253678617,0.05456232756621595,0.3796721288811475,-0.9614863916702531,-1.5679065665042957,-0.05257684202042267,0.5397662880096791,0.7626976284195812,3.0,0.26623257679518353,0.24198831185855807,1.0815733853699572,0.1557070814399298,0.33809616377248186,-0.9257424246003343,-0.058284890797371494,0.9112237914842932,1.5977058416242167,-1.6943220252661033,-0.4567500973473325,1.2709772847514702,0.0,0.0,0.0,1.0,-0.5043317042758151,0.0,1.0,1.0,0.0,0.0,0.0,0.0,0.0,0.0,0.0,0.0,0.0,0.0,1.0,0.0,0.0,0.0,1.0,0.0,1.0,1.0,0.0
-0.42966440714069,0.0,-1.6572444253341763,-0.8875151110697495,0.08504925188071055,0.2546249253678617,1.1863122018077836,0.3796721288811475,-0.9614863916702531,1.1532535902386967,-0.5337890053507128,-1.0903445355634656,-0.3305890744344257,3.0,-1.584178240646517,-0.9320143892374165,-0.9728430463316026,-0.6201892226844657,1.754054456494842,-0.7252649107284292,-0.6791456840737199,-0.6629916189862821,-0.8781534100649921,0.0638941403835146,0.5320903195901912,-0.7379387169406612,0.0,0.0,1.0,0.0,-0.2805941140714869,0.0,1.0,1.0,0.0,0.0,0.0,0.0,1.0,0.0,0.0,0.0,0.0,0.0,1.0,0.0,0.0,1.0,0.0,1.0,0.0,0.0,0.0
-1.9626903258222779,1.0,-1.2382761483819322,-0.8875151110697495,0.08504925188071055,-0.6605306743650393,-0.9295679978612341,-1.0261667362455194,-0.9614863916702531,1.1532535902386967,-0.712838157244051,-0.6828168296701794,1.855984331273588,4.0,0.26623257679518353,-0.9320143892374165,-1.3837263326719145,0.1557070814399298,-1.0778621289498782,-1.1262199384722393,-0.3687152874355457,-1.9146997459308073,0.9787410287019146,-0.2877490927464089,0.037670111121429345,-1.742399228925451,0.0,0.0,0.0,0.0,-0.5699420799416541,0.0,1.0,1.0,0.0,0.0,0.0,0.0,1.0,0.0,1.0,0.0,0.0,0.0,0.0,0.0,0.0,1.0,0.0,0.0,0.0,0.0,0.0
0.9938596602064987,0.0,-0.6854363509834092,-1.0109093429124179,-0.8916882501868245,-0.6605306743650393,1.2847252343505287,0.3796721288811475,0.8459113011114247,-1.5679065665042957,-1.7112409634059615,-0.6828168296701794,2.675949358414093,4.0,0.26623257679518353,2.5899937140505074,1.7663788626038104,-0.6201892226844657,0.33809616377248186,2.2818977973501466,3.977310265498893,1.4793688609888174,1.3501199164552957,1.3298097796512396,-0.9511703058160944,-0.11014613622784934,1.0,0.0,0.0,1.0,2.4472038231143993,0.0,1.0,0.0,1.0,0.0,0.0,0.0,0.0,0.0,0.0,0.0,0.0,0.0,0.0,0.0,0.0,0.0,0.0,0.0,1.0,0.0,0.0
0.11784484953130571,0.0,1.4317169538521908,-0.02375548817107146,-0.8916882501868245,0.2546249253678617,0.448214457737196,0.3796721288811475,-0.9614863916702531,1.1532535902386967,-1.1234987709272017,-0.6828168296701794,-0.8772324258614291,3.0,0.26623257679518353,-0.9320143892374165,-1.2467652372251439,0.1557070814399298,0.33809616377248186,-0.9257424246003343,-0.058284890797371494,-0.8511619377639424,1.5977058416242167,0.2983229624701303,1.026510528058953,1.2709772847514702,0.0,0.0,0.0,0.0,-0.6559599730858898,0.0,1.0,1.0,0.0,0.0,0.0,0.0,0.0,0.0,1.0,0.0,0.0,0.0,0.0,0.0,0.0,1.0,0.0,1.0,0.0,0.0,0.0
-0.6486681098094882,0.0,-1.6423698119512564,0.3464272073569334,-1.8684257522543597,0.2546249253678617,1.432344783164646,0.3796721288811475,-0.9614863916702531,1.1532535902386967,-1.0300390487850746,2.1698771115828235,2.1293060069870897,4.0,0.26623257679518353,0.24198831185855807,-0.5619597599912906,-2.171981830933257,0.33809616377248186,-0.5247873968565242,-0.6791456840737199,0.6173463557220001,-0.8781534100649921,-0.2877490927464089,1.026510528058953,-0.23570720537576498,0.0,0.0,0.0,0.0,-0.6103654586884547,0.0,1.0,0.0,0.0,1.0,0.0,0.0,0.0,0.0,0.0,0.0,0.0,0.0,1.0,0.0,1.0,0.0,1.0,1.0,0.0,1.0,0.0
-0.3201625558062908,0.0,-0.43008882124328407,2.197340684996958,-0.8916882501868245,1.1697805251007627,1.432344783164646,0.3796721288811475,-0.9614863916702531,-0.6608531809232983,-1.2089476597428608,-0.27528912377689324,-0.057267398720923963,3.0,1.1914379855160337,-0.9320143892374165,-0.2880375690977493,0.1557070814399298,0.33809616377248186,-0.7252649107284292,-0.3687152874355457,-0.8323295316663837,0.050293809318461155,-0.9910355590062562,1.026510528058953,0.2665217950441287,0.0,0.0,1.0,0.0,-0.7467781566714725,0.0,1.0,0.0,0.0,1.0,0.0,0.0,0.0,0.0,0.0,0.0,0.0,0.0,1.0,0.0,0.0,1.0,0.0,1.0,0.0,0.0,0.0
0.4463504035345031,1.0,1.3722185003205112,1.3335810620982798,-0.8916882501868245,-0.6605306743650393,0.20218187638033347,0.3796721288811475,-0.9614863916702531,-0.6608531809232983,1.0420965049946562,-0.6828168296701794,1.855984331273588,4.0,1.1914379855160337,-0.9320143892374165,-0.9728430463316026,1.707499689688721,-1.0778621289498782,-0.5247873968565242,-0.6791456840737199,0.5682011823401558,-0.8781534100649921,0.767180606643362,-0.4567500973473325,0.517638806399078,1.0,0.0,0.0,0.0,-0.7051840169833611,0.0,1.0,0.0,1.0,0.0,0.0,0.0,0.0,0.0,0.0,0.0,0.0,0.0,0.0,1.0,0.0,1.0,1.0,1.0,0.0,1.0,0.0
1.4318670655440953,0.0,-1.176298592619766,-1.0109093429124179,0.08504925188071055,0.2546249253678617,0.9894861367222936,-1.0261667362455194,-0.9614863916702531,0.24620020465769926,-1.5302242384148945,-0.27528912377689324,-0.057267398720923963,3.0,1.1914379855160337,0.24198831185855807,-0.8358819508848319,-0.6201892226844657,-1.0778621289498782,-0.7252649107284292,-0.6791456840737199,0.40607246952943454,-0.8781534100649921,-0.2877490927464089,0.5320903195901912,0.2665217950441287,0.0,0.0,0.0,1.0,0.34756831541060007,0.0,1.0,0.0,0.0,1.0,0.0,0.0,1.0,0.0,1.0,0.0,0.0,0.0,0.0,0.0,1.0,0.0,0.0,0.0,1.0,1.0,0.0
1.7603726195472926,0.0,0.6979026936281421,0.4698214391996017,-0.8916882501868245,1.1697805251007627,-0.4375028351475091,1.7855109940078144,-0.05778754527941421,-1.5679065665042957,1.6776226155611202,-0.6828168296701794,-1.1505541015749308,3.0,0.26623257679518353,1.4159910129545328,-0.8358819508848319,0.1557070814399298,0.33809616377248186,-0.5247873968565242,-0.3687152874355457,-1.132148912868935,-0.13539563455822945,0.2983229624701303,0.037670111121429345,-0.23570720537576498,0.0,1.0,0.0,1.0,-0.6006627560645954,0.0,1.0,0.0,0.0,1.0,0.0,0.0,0.0,0.0,0.0,0.0,1.0,0.0,0.0,0.0,0.0,0.0,0.0,0.0,1.0,1.0,0.0
-0.42966440714069,0.0,0.3186000523636845,0.59321567104227,0.08504925188071055,1.1697805251007627,0.3005949089230785,0.3796721288811475,-0.9614863916702531,-0.6608531809232983,-1.35482915084591,-0.6828168296701794,-0.6039107501479274,3.0,1.1914379855160337,0.24198831185855807,-0.42499866454451996,1.707499689688721,0.33809616377248186,0.27712265863109603,-0.3687152874355457,-0.43362386424498023,-0.46551020145012406,1.079752369425516,1.026510528058953,0.8943151081711811,0.0,0.0,1.0,0.0,-0.6839426948209733,0.0,1.0,0.0,0.0,1.0,0.0,0.0,0.0,0.0,0.0,0.0,0.0,0.0,1.0,0.0,1.0,0.0,0.0,1.0,0.0,0.0,0.0
0.33684855220010396,0.0,0.46238798173191026,-0.6407266473844129,-1.8684257522543597,1.1697805251007627,-0.9787745141326066,0.3796721288811475,2.6533089938931025,0.24620020465769926,-1.098201402527829,-0.6828168296701794,-0.3305890744344257,3.0,-0.6589728319256667,0.24198831185855807,1.3554955762634984,-0.6201892226844657,0.33809616377248186,2.2818977973501466,2.114727885669848,0.31278831436211224,0.7134703945923563,1.1507914064214602,0.5320903195901912,-0.53704319937967,0.0,0.0,0.0,1.0,1.5655618129447633,0.0,1.0,0.0,0.0,1.0,0.0,0.0,0.0,0.0,0.0,1.0,0.0,0.0,0.0,0.0,1.0,0.0,0.0,1.0,0.0,0.0,0.0
1.979376322216091,0.0,-0.27390538072262505,0.59321567104227,1.0617867539482457,0.2546249253678617,-0.2406767700620191,1.7855109940078144,2.6533089938931025,-0.6608531809232983,-0.13690140335166512,2.1698771115828235,-1.1505541015749308,3.0,1.1914379855160337,-0.9320143892374165,2.3827037921142784,0.1557070814399298,0.33809616377248186,2.2818977973501466,-0.058284890797371494,0.48675005496529444,-0.5810502998622872,0.23496382136563979,0.5320903195901912,0.14096972418716633,0.0,0.0,0.0,0.0,-0.02303716934413624,0.0,1.0,0.0,0.0,1.0,0.0,0.0,1.0,0.0,0.0,0.0,0.0,1.0,0.0,0.0,0.0,1.0,0.0,0.0,1.0,0.0,0.0
-0.3201625558062908,0.0,0.6607161601708423,-0.8875151110697495,-1.8684257522543597,1.1697805251007627,-1.0279810304039791,-1.0261667362455194,-0.05778754527941421,0.24620020465769926,-0.03360381572089312,-0.6828168296701794,0.4893759527060795,3.0,0.26623257679518353,-0.9320143892374165,-0.15107647365097865,-0.6201892226844657,-1.0778621289498782,0.6780776863749062,-0.3687152874355457,0.8960701572676062,-0.5405362393801,1.1507914064214602,0.5320903195901912,0.9696504815283791,0.0,0.0,0.0,0.0,1.1779431645315666,1.0,0.0,1.0,0.0,0.0,0.0,0.0,1.0,0.0,0.0,0.0,1.0,0.0,0.0,0.0,1.0,0.0,0.0,1.0,0.0,0.0,0.0
1.5413689168784945,0.0,-1.2134851260770658,-0.7641208792270812,0.08504925188071055,1.1697805251007627,1.5799643319787637,0.3796721288811475,1.7496101475022634,-0.6608531809232983,-1.000806534190244,0.1322385821163929,0.7626976284195812,3.0,0.26623257679518353,-0.9320143892374165,1.3554955762634984,2.4833959938131165,0.33809616377248186,0.07664514475919097,-0.3687152874355457,2.3925908490649976,-0.4139298003732655,-0.9271004257099064,0.5320903195901912,1.2709880467950734,0.0,0.0,0.0,0.0,1.3338971647341207,0.0,1.0,0.0,0.0,1.0,0.0,0.0,0.0,0.0,0.0,0.0,0.0,0.0,0.0,0.0,0.0,1.0,0.0,0.0,1.0,0.0,0.0
1.6508707682128936,0.0,-0.2565516651092185,-1.0109093429124179,1.0617867539482457,0.2546249253678617,-0.043850704976529056,-1.0261667362455194,2.6533089938931025,0.24620020465769926,-1.213585510616079,-1.0903445355634656,-0.3305890744344257,3.0,-1.584178240646517,0.24198831185855807,2.3827037921142784,1.707499689688721,0.33809616377248186,2.2818977973501466,2.7355886789461965,0.47599777336456184,0.3233665209018298,1.2695280825432527,-0.4567500973473325,-0.09873159215592252,0.0,0.0,0.0,1.0,5.410847258947678,0.0,1.0,1.0,0.0,0.0,0.0,0.0,1.0,0.0,0.0,1.0,0.0,0.0,0.0,0.0,1.0,0.0,0.0,0.0,1.0,0.0,0.0
-1.0866755151470848,0.0,0.2268732698356784,-0.02375548817107146,0.08504925188071055,1.1697805251007627,1.6291708482501361,0.3796721288811475,-0.9614863916702531,-0.6608531809232983,-0.35586418094179134,-0.6828168296701794,0.21605427699257776,3.0,1.1914379855160337,-0.9320143892374165,-0.5619597599912906,-0.6201892226844657,-1.0778621289498782,0.07664514475919097,-0.6791456840737199,-0.8610005010090463,-0.8781534100649921,1.0309130314908046,0.5320903195901912,1.2709880467950734,0.0,0.0,1.0,0.0,-0.6565187996294158,0.0,1.0,0.0,0.0,1.0,0.0,0.0,0.0,0.0,0.0,0.0,0.0,0.0,1.0,0.0,0.0,1.0,0.0,0.0,0.0,0.0,0.0
-0.2106607044718917,1.0,-0.6110632840688096,1.7037637576262845,-0.8916882501868245,-0.6605306743650393,-0.7819484490471167,-1.0261667362455194,-0.05778754527941421,0.24620020465769926,0.16638593556970355,0.1322385821163929,-0.6039107501479274,3.0,-1.584178240646517,-0.9320143892374165,-0.42499866454451996,-1.3960855268088614,0.33809616377248186,-1.1262199384722393,-0.6791456840737199,-0.5487922017015485,-0.8781534100649921,-1.655250554918334,-0.9511703058160944,-1.742399228925451,0.0,0.0,0.0,0.0,-0.644969717729877,0.0,1.0,1.0,0.0,0.0,0.0,0.0,1.0,0.0,0.0,0.0,1.0,0.0,0.0,0.0,1.0,0.0,1.0,1.0,0.0,0.0,1.0
0.6653541062033014,0.0,1.3424692735546713,-0.270543951856408,0.08504925188071055,1.1697805251007627,-1.4216331605749593,1.7855109940078144,-0.9614863916702531,1.1532535902386967,-1.276828931614511,0.5397662880096791,-0.3305890744344257,3.0,1.1914379855160337,2.5899937140505074,-0.5619597599912906,0.1557070814399298,1.754054456494842,-0.32430988298461916,-0.058284890797371494,-1.0312343814811065,0.3597762157796122,0.15180494866599556,2.5097711534652385,0.6683092141052549,0.0,0.0,0.0,1.0,-0.6358887863975783,0.0,0.0,0.0,0.0,1.0,0.0,0.0,1.0,0.0,0.0,0.0,0.0,0.0,1.0,0.0,0.0,0.0,0.0,1.0,0.0,0.0,0.0
0.8843578088720997,0.0,0.9730830412121604,-0.8875151110697495,-0.8916882501868245,-1.5756862740979403,-0.043850704976529056,-1.0261667362455194,1.7496101475022634,1.1532535902386967,0.8641716805857348,2.373640964529467,2.1293060069870897,4.0,1.1914379855160337,0.24198831185855807,1.4924566717102692,-1.3960855268088614,0.33809616377248186,2.2818977973501466,2.7355886789461965,-0.06583735605661468,1.0671645734051007,1.0118019862120042,0.5320903195901912,-0.53704319937967,0.0,0.0,0.0,1.0,2.6774610563265315,0.0,0.0,0.0,0.0,1.0,0.0,0.0,1.0,0.0,0.0,1.0,0.0,0.0,0.0,0.0,1.0,0.0,0.0,1.0,0.0,0.0,0.0
0.008342998196906572,0.0,-1.2705044773782588,1.456975293940948,0.08504925188071055,-0.6605306743650393,-0.043850704976529056,1.7855109940078144,-0.9614863916702531,-1.5679065665042957,1.2176321334991926,-0.6828168296701794,-0.8772324258614291,3.0,-1.584178240646517,0.24198831185855807,-0.42499866454451996,0.1557070814399298,-1.0778621289498782,0.27712265863109603,-0.3687152874355457,0.2903181116572538,-0.46551020145012406,1.079752369425516,-2.43443093122238,0.8943151081711811,0.0,1.0,0.0,1.0,-0.6974373209831585,0.0,1.0,1.0,0.0,0.0,0.0,0.0,1.0,0.0,0.0,0.0,0.0,0.0,1.0,0.0,1.0,0.0,1.0,1.0,0.0,1.0,0.0
-0.2106607044718917,0.0,-1.6473280164122297,-0.8875151110697495,0.08504925188071055,-0.6605306743650393,-1.4216331605749593,0.3796721288811475,-0.05778754527941421,-0.6608531809232983,0.23511045305466613,0.9472939939029652,-1.1505541015749308,3.0,1.1914379855160337,-0.9320143892374165,-0.15107647365097865,1.707499689688721,0.33809616377248186,-0.12383236911271409,-0.3687152874355457,1.065178952668259,-0.347612141845876,-0.1279112595055347,0.037670111121429345,-0.7379370428425979,0.0,0.0,0.0,0.0,0.11782851418321406,1.0,0.0,0.0,0.0,1.0,0.0,0.0,0.0,0.0,1.0,0.0,0.0,0.0,0.0,0.0,0.0,1.0,0.0,1.0,0.0,1.0,0.0
0.5558522548689022,0.0,0.30620454121125124,1.456975293940948,-0.8916882501868245,0.2546249253678617,-1.4708396768463317,0.3796721288811475,-0.05778754527941421,0.24620020465769926,0.2987754968597542,-0.27528912377689324,0.21605427699257776,3.0,-0.6589728319256667,0.24198831185855807,-0.014115378204207997,1.707499689688721,0.33809616377248186,-0.32430988298461916,-0.6791456840737199,-0.8078407821721953,-0.8781534100649921,-0.5807851203546786,0.037670111121429345,0.06563210334757824,0.0,0.0,0.0,1.0,-0.6494290406529639,0.0,0.0,0.0,0.0,1.0,0.0,0.0,0.0,0.0,0.0,0.0,1.0,0.0,0.0,0.0,0.0,0.0,0.0,1.0,0.0,0.0,1.0
0.11784484953130571,0.0,1.1367037884242792,-0.8875151110697495,1.0617867539482457,1.1697805251007627,1.0878991692650386,0.3796721288811475,-0.05778754527941421,0.24620020465769926,-0.9913902915082552,2.373640964529467,-0.3305890744344257,3.0,-0.6589728319256667,-0.9320143892374165,0.39676790813610396,0.1557070814399298,0.33809616377248186,-1.1262199384722393,-0.6791456840737199,-0.2953145584453237,-0.8781534100649921,-1.8115364363094113,0.5320903195901912,-1.742399228925451,0.0,0.0,0.0,1.0,0.5582666195993199,0.0,1.0,1.0,0.0,0.0,0.0,0.0,1.0,0.0,0.0,0.0,1.0,0.0,0.0,0.0,1.0,0.0,0.0,1.0,0.0,0.0,1.0
0.11784484953130571,0.0,0.6979026936281421,2.4441291486822943,0.08504925188071055,1.1697805251007627,-0.5851223839616266,0.3796721288811475,-0.05778754527941421,1.1532535902386967,-1.4234131273953206,0.1322385821163929,0.7626976284195812,3.0,-1.584178240646517,0.24198831185855807,-0.2880375690977493,0.1557070814399298,-2.4938204216722384,0.07664514475919097,-0.3687152874355457,-0.4115083917747077,-0.4139298003732655,0.4155373735134381,-0.4567500973473325,1.2709880467950734,0.0,0.0,0.0,1.0,-0.6684404325579721,0.0,1.0,0.0,0.0,0.0,0.0,1.0,1.0,0.0,0.0,0.0,1.0,0.0,0.0,0.0,1.0,0.0,0.0,1.0,0.0,0.0,1.0
-1.0866755151470848,0.0,-0.8193078714296883,-1.0109093429124179,-1.8684257522543597,0.2546249253678617,-0.2898832863333916,-1.0261667362455194,-0.05778754527941421,-1.5679065665042957,-0.651281227472244,0.9472939939029652,1.036019304133083,3.0,0.26623257679518353,0.24198831185855807,-0.6989208554380613,-1.3960855268088614,0.33809616377248186,-0.9257424246003343,-0.058284890797371494,-1.1926333740540935,1.5977058416242167,-1.0412703065962452,-0.4567500973473325,1.2709772847514702,0.0,0.0,0.0,0.0,0.5363275034460739,1.0,0.0,0.0,0.0,0.0,0.0,1.0,1.0,0.0,0.0,0.0,1.0,0.0,0.0,0.0,1.0,0.0,0.0,0.0,0.0,1.0,0.0
1.3223652142096962,0.0,0.4946163107282367,1.0867925984129432,1.0617867539482457,1.1697805251007627,1.2847252343505287,0.3796721288811475,-0.05778754527941421,1.1532535902386967,1.3323135369096823,-0.6828168296701794,-0.057267398720923963,3.0,-1.584178240646517,1.4159910129545328,-0.5619597599912906,-2.171981830933257,0.33809616377248186,0.07664514475919097,-0.3687152874355457,-0.19543561267246293,-0.4139298003732655,1.0309130314908046,0.5320903195901912,1.2709880467950734,0.0,0.0,0.0,1.0,-0.5756719583411612,0.0,0.0,1.0,0.0,0.0,0.0,0.0,1.0,0.0,0.0,0.0,1.0,0.0,0.0,0.0,0.0,0.0,1.0,0.0,1.0,0.0,1.0
-0.3201625558062908,0.0,0.187207634147892,0.09963874367159682,1.0617867539482457,1.1697805251007627,-1.1263940629467242,0.3796721288811475,-0.9614863916702531,0.24620020465769926,-1.1722664755637702,-0.6828168296701794,0.4893759527060795,3.0,1.1914379855160337,0.24198831185855807,-0.8358819508848319,0.9316033855643254,1.754054456494842,-0.32430988298461916,-0.058284890797371494,0.5152060274387639,0.3597762157796122,0.8843950176866698,2.015350944996477,0.06563210334757824,0.0,0.0,0.0,0.0,-0.5826803146206828,1.0,0.0,0.0,0.0,1.0,0.0,0.0,1.0,0.0,0.0,0.0,0.0,0.0,1.0,0.0,0.0,0.0,1.0,1.0,0.0,1.0,0.0
0.33684855220010396,0.0,0.25414339437103156,1.2101868302556114,-0.8916882501868245,0.2546249253678617,1.6291708482501361,0.3796721288811475,-0.05778754527941421,1.1532535902386967,0.31058093544612814,2.1698771115828235,-0.057267398720923963,3.0,0.26623257679518353,0.24198831185855807,0.5337290035828746,-0.6201892226844657,1.754054456494842,0.07664514475919097,0.2521455058408027,-0.4449371257069525,0.5145174190101878,-0.5075261134526111,1.520930736527715,-0.8814314358624441,0.0,0.0,0.0,1.0,-0.7129292346064646,0.0,1.0,0.0,0.0,1.0,0.0,0.0,1.0,0.0,1.0,0.0,0.0,0.0,0.0,0.0,1.0,0.0,1.0,1.0,0.0,0.0,0.0
0.11784484953130571,1.0,0.9358965077548606,2.4441291486822943,-1.8684257522543597,-0.6605306743650393,0.20218187638033347,0.3796721288811475,-0.05778754527941421,-1.5679065665042957,-0.41587516042252554,1.7623494056895375,1.036019304133083,3.0,-0.6589728319256667,-0.9320143892374165,0.8076511944764159,-0.6201892226844657,0.33809616377248186,-1.1262199384722393,-0.6791456840737199,-0.329961885349768,-0.8781534100649921,-1.8506079066571803,-1.4455905142848562,-1.742399228925451,0.0,1.0,0.0,1.0,-0.659913153449352,0.0,1.0,0.0,0.0,1.0,0.0,0.0,1.0,0.0,0.0,0.0,0.0,0.0,0.0,0.0,1.0,0.0,1.0,1.0,0.0,0.0,1.0
-0.8676718124782865,1.0,-1.6894727543305028,2.197340684996958,0.08504925188071055,-0.6605306743650393,-1.5200461931177043,0.3796721288811475,0.8459113011114247,1.1532535902386967,1.4351895017337981,-0.6828168296701794,1.855984331273588,4.0,1.1914379855160337,2.5899937140505074,-0.15107647365097865,0.1557070814399298,-1.0778621289498782,0.6780776863749062,-0.3687152874355457,0.2996371277949078,-0.5405362393801,1.1507914064214602,0.5320903195901912,-0.537043802057082,1.0,0.0,0.0,0.0,-0.6286262588973883,0.0,1.0,0.0,1.0,0.0,0.0,0.0,0.0,0.0,0.0,0.0,0.0,0.0,0.0,0.0,1.0,0.0,0.0,0.0,0.0,0.0,1.0
-1.6341847718190805,0.0,0.8268160096134479,-0.5173324155417446,0.08504925188071055,1.1697805251007627,-0.2898832863333916,1.7855109940078144,-0.9614863916702531,-0.6608531809232983,-0.2699936693194761,-0.6828168296701794,0.21605427699257776,3.0,-1.584178240646517,0.24198831185855807,-0.9728430463316026,-0.6201892226844657,-1.0778621289498782,-0.5247873968565242,-0.058284890797371494,-0.8170980792030942,0.6073621409485332,0.767180606643362,-0.9511703058160944,-0.23570720537576498,0.0,0.0,0.0,0.0,-0.5571097667199443,0.0,1.0,1.0,0.0,0.0,0.0,0.0,1.0,0.0,0.0,0.0,0.0,0.0,1.0,0.0,0.0,0.0,1.0,0.0,0.0,0.0,0.0
-0.10115885313749257,0.0,-0.41521420786036417,1.0867925984129432,-1.8684257522543597,-0.6605306743650393,0.349801425194451,0.3796721288811475,-0.9614863916702531,1.1532535902386967,-0.9289901161231358,-0.6828168296701794,-0.6039107501479274,3.0,-1.584178240646517,-0.9320143892374165,-0.42499866454451996,-0.6201892226844657,0.33809616377248186,0.27712265863109603,-0.3687152874355457,-0.9722223122180123,-0.46551020145012406,1.079752369425516,-0.4567500973473325,-1.3657257521973607,0.0,0.0,0.0,0.0,-0.7276662421972881,1.0,0.0,0.0,0.0,1.0,0.0,0.0,0.0,0.0,1.0,0.0,0.0,0.0,0.0,0.0,0.0,1.0,0.0,1.0,0.0,0.0,0.0
0.33684855220010396,0.0,0.8640025430707476,-0.02375548817107146,2.038524256015781,1.1697805251007627,-0.14226373751927407,-1.0261667362455194,-0.05778754527941421,1.1532535902386967,-0.009992938548145236,2.373640964529467,-0.3305890744344257,3.0,1.1914379855160337,0.24198831185855807,-0.8358819508848319,1.707499689688721,-2.4938204216722384,-0.7252649107284292,-0.6791456840737199,-1.0228421096442495,-0.8781534100649921,-0.2877490927464089,1.026510528058953,0.2665217950441287,0.0,0.0,0.0,1.0,-0.4952662959030587,0.0,0.0,1.0,0.0,0.0,0.0,0.0,1.0,0.0,0.0,0.0,0.0,0.0,0.0,0.0,1.0,0.0,0.0,1.0,0.0,1.0,0.0
0.9938596602064987,0.0,-0.3929022877859843,-1.0109093429124179,1.0617867539482457,1.1697805251007627,1.5307578157073911,0.3796721288811475,0.8459113011114247,-1.5679065665042957,-0.2733666517727258,1.7623494056895375,0.21605427699257776,3.0,0.26623257679518353,0.24198831185855807,0.8076511944764159,0.1557070814399298,0.33809616377248186,-0.5247873968565242,-0.6791456840737199,0.7199617934225595,-0.8781534100649921,-1.264535851440641,0.037670111121429345,-0.23570720537576498,0.0,0.0,0.0,1.0,2.1190484583882547,0.0,1.0,0.0,0.0,1.0,0.0,0.0,1.0,0.0,0.0,0.0,0.0,0.0,0.0,0.0,0.0,0.0,0.0,0.0,1.0,0.0,0.0
-0.5391662584750891,1.0,0.6012177066391627,-0.6407266473844129,1.0617867539482457,1.1697805251007627,-1.6676657419318217,-2.432005601372186,0.8459113011114247,1.1532535902386967,1.6160656857893132,-0.6828168296701794,-1.1505541015749308,3.0,0.26623257679518353,-0.9320143892374165,0.39676790813610396,-0.6201892226844657,-1.0778621289498782,1.4799877418625262,2.114727885669848,1.4571493223039282,1.3501199164552957,1.2360382508165935,1.026510528058953,-0.020462412846325703,1.0,0.0,0.0,0.0,0.49348413510907496,0.0,1.0,0.0,0.0,1.0,0.0,0.0,1.0,0.0,0.0,0.0,0.0,0.0,0.0,0.0,1.0,0.0,0.0,1.0,0.0,0.0,0.0
-0.7581699611438873,0.0,0.0657316248540461,-1.0109093429124179,-1.8684257522543597,0.2546249253678617,1.0878991692650386,-1.0261667362455194,0.8459113011114247,0.24620020465769926,0.9292421337463435,-0.6828168296701794,1.855984331273588,4.0,0.26623257679518353,-0.9320143892374165,0.12284571724256264,-0.6201892226844657,0.33809616377248186,0.8785552002468112,0.8730062991171511,0.46909761219079493,0.6692586222407634,0.9294774834725573,0.5320903195901912,0.4491562918855226,0.0,0.0,0.0,0.0,1.8328050844265658,0.0,0.0,1.0,0.0,0.0,0.0,0.0,1.0,0.0,0.0,0.0,1.0,0.0,0.0,0.0,0.0,1.0,0.0,0.0,0.0,0.0,0.0
-1.0866755151470848,0.0,1.0896008460450328,1.3335810620982798,0.08504925188071055,1.1697805251007627,1.1863122018077836,0.3796721288811475,-0.05778754527941421,0.24620020465769926,-0.19635021909019104,-0.6828168296701794,-0.3305890744344257,3.0,1.1914379855160337,-0.9320143892374165,-0.5619597599912906,-0.6201892226844657,0.33809616377248186,0.07664514475919097,-0.6791456840737199,1.2814891957196184,-0.8781534100649921,1.0309130314908046,1.520930736527715,1.2709880467950734,1.0,0.0,0.0,0.0,-0.5029124622605108,1.0,0.0,1.0,0.0,0.0,0.0,0.0,0.0,0.0,0.0,0.0,0.0,0.0,0.0,0.0,0.0,1.0,0.0,0.0,0.0,0.0,0.0
1.5413689168784945,0.0,1.6523570523655027,-0.14714972001373974,1.0617867539482457,-0.6605306743650393,0.743453555365431,-1.0261667362455194,0.8459113011114247,-0.6608531809232983,0.19997521916664845,0.9472939939029652,0.21605427699257776,3.0,1.1914379855160337,1.4159910129545328,0.6706900990296453,1.707499689688721,-2.4938204216722384,0.6780776863749062,0.5625759024789769,-0.6415678763868653,0.47231527267457635,0.02252434825058255,-0.9511703058160944,0.9696504815283791,0.0,0.0,0.0,1.0,0.06367063311309458,0.0,1.0,1.0,0.0,0.0,0.0,0.0,1.0,0.0,0.0,0.0,0.0,1.0,0.0,0.0,1.0,0.0,0.0,0.0,1.0,0.0,0.0
-0.7581699611438873,1.0,0.5020536174196967,-0.7641208792270812,0.08504925188071055,1.1697805251007627,1.0878991692650386,0.3796721288811475,-0.9614863916702531,-1.5679065665042957,-0.8091086980972194,0.9472939939029652,-1.1505541015749308,3.0,0.26623257679518353,-0.9320143892374165,-0.42499866454451996,1.707499689688721,0.33809616377248186,-0.32430988298461916,-0.6791456840737199,-0.5223246756488431,-0.8781534100649921,-0.0923917410075624,0.037670111121429345,-0.5370450074100981,0.0,0.0,1.0,0.0,-0.3855810637765243,0.0,1.0,0.0,0.0,0.0,0.0,1.0,0.0,0.0,0.0,0.0,0.0,0.0,1.0,0.0,0.0,1.0,1.0,0.0,0.0,0.0,0.0
0.4463504035345031,0.0,0.2318314742966517,-0.3939381836990763,0.08504925188071055,1.1697805251007627,0.448214457737196,0.3796721288811475,0.8459113011114247,1.1532535902386967,0.050720745610349324,0.1322385821163929,0.7626976284195812,3.0,0.26623257679518353,-0.9320143892374165,0.6706900990296453,0.1557070814399298,0.33809616377248186,-1.1262199384722393,-0.6791456840737199,-0.6066587621299496,-0.8781534100649921,-1.839116297731366,1.520930736527715,-1.742399228925451,1.0,0.0,0.0,0.0,0.40753129055720744,0.0,1.0,1.0,0.0,0.0,0.0,0.0,0.0,0.0,0.0,1.0,0.0,0.0,0.0,0.0,0.0,1.0,1.0,1.0,0.0,0.0,0.0
-0.7581699611438873,1.0,-1.1614239792368461,2.0739464531542895,1.0617867539482457,0.2546249253678617,-0.6835354165043717,-1.0261667362455194,-0.05778754527941421,-1.5679065665042957,1.216226724143672,0.9472939939029652,-0.057267398720923963,3.0,0.26623257679518353,-0.9320143892374165,-0.2880375690977493,1.707499689688721,-1.0778621289498782,-0.12383236911271409,-0.6791456840737199,-0.09570296616452975,-0.8781534100649921,0.0638941403835146,-0.9511703058160944,-0.23570594980117132,1.0,1.0,0.0,0.0,-0.6440383401573335,1.0,0.0,0.0,1.0,0.0,0.0,0.0,0.0,0.0,0.0,0.0,0.0,0.0,0.0,0.0,0.0,1.0,0.0,0.0,0.0,0.0,1.0
-0.8676718124782865,1.0,0.4698252884233702,-1.0109093429124179,0.08504925188071055,0.2546249253678617,0.9402796204509211,0.3796721288811475,-0.9614863916702531,0.24620020465769926,0.7650903210215249,-1.0903445355634656,-0.3305890744344257,3.0,1.1914379855160337,-0.9320143892374165,-0.5619597599912906,-1.3960855268088614,-1.0778621289498782,-0.12383236911271409,-0.3687152874355457,-1.0590093830318106,-0.347612141845876,0.5913589900784001,0.5320903195901912,-0.7379370428425979,0.0,0.0,1.0,0.0,-0.1591010840530404,0.0,1.0,0.0,0.0,0.0,0.0,1.0,1.0,0.0,0.0,0.0,0.0,0.0,1.0,0.0,0.0,1.0,0.0,0.0,0.0,0.0,0.0
0.8843578088720997,0.0,0.6185714222525692,-0.3939381836990763,0.08504925188071055,1.1697805251007627,-0.4375028351475091,-1.0261667362455194,0.8459113011114247,1.1532535902386967,0.35513241201613455,1.3548216997962514,-0.8772324258614291,3.0,1.1914379855160337,-0.9320143892374165,1.6294177671570398,-0.6201892226844657,0.33809616377248186,2.2818977973501466,3.0460190755843706,0.8136211736000726,1.3501199164552957,0.7378770038825347,2.015350944996477,-0.6322029151384359,1.0,0.0,0.0,0.0,-0.011677319713304747,0.0,0.0,0.0,0.0,1.0,0.0,0.0,0.0,0.0,0.0,0.0,0.0,0.0,0.0,0.0,0.0,1.0,0.0,1.0,0.0,0.0,0.0
1.869874470881692,0.0,0.8540861341488011,-0.7641208792270812,0.08504925188071055,1.1697805251007627,-0.6835354165043717,0.3796721288811475,-0.05778754527941421,-1.5679065665042957,0.37916491199553864,-0.27528912377689324,-0.3305890744344257,3.0,1.1914379855160337,0.24198831185855807,0.6706900990296453,0.9316033855643254,0.33809616377248186,-0.12383236911271409,-0.6791456840737199,-0.4126458198584157,-0.8781534100649921,-0.8048714944080612,0.5320903195901912,-0.7379370428425979,1.0,0.0,0.0,1.0,0.12403769800017045,0.0,1.0,0.0,1.0,0.0,0.0,0.0,0.0,0.0,0.0,0.0,0.0,0.0,0.0,0.0,1.0,0.0,0.0,0.0,1.0,0.0,1.0
-0.10115885313749257,0.0,1.4713825895399772,-0.5173324155417446,-0.8916882501868245,1.1697805251007627,-0.19147025379064658,0.3796721288811475,-0.05778754527941421,-0.6608531809232983,-0.6138973386153932,2.1698771115828235,0.21605427699257776,3.0,1.1914379855160337,-0.9320143892374165,0.6706900990296453,0.1557070814399298,1.754054456494842,1.2795102279906212,0.2521455058408027,2.4004300457209253,-0.08234150773631793,0.6430712302445651,1.520930736527715,0.8073916855549522,0.0,0.0,0.0,0.0,-0.1860075472598514,0.0,1.0,1.0,0.0,0.0,0.0,0.0,1.0,0.0,1.0,0.0,0.0,0.0,0.0,0.0,0.0,1.0,0.0,1.0,0.0,0.0,1.0
-0.42966440714069,0.0,-1.6250160963378497,-0.6407266473844129,1.0617867539482457,0.2546249253678617,-0.9295679978612341,-1.0261667362455194,-0.9614863916702531,-0.6608531809232983,-0.14969062848690354,1.3548216997962514,1.5826626555600865,4.0,1.1914379855160337,-0.9320143892374165,-0.5619597599912906,0.1557070814399298,0.33809616377248186,-0.7252649107284292,-0.3687152874355457,-0.5536835483673802,0.050293809318461155,-0.7273031341588134,0.5320903195901912,0.2665217950441287,0.0,0.0,1.0,0.0,-0.47241649945665926,0.0,1.0,0.0,0.0,1.0,0.0,0.0,0.0,0.0,0.0,0.0,0.0,0.0,1.0,0.0,1.0,0.0,0.0,1.0,0.0,0.0,0.0
0.008342998196906572,0.0,-0.34579934540673796,0.2230329755142651,0.08504925188071055,-0.6605306743650393,-0.9295679978612341,0.3796721288811475,0.8459113011114247,1.1532535902386967,-0.5982972947691133,-0.6828168296701794,-0.3305890744344257,3.0,0.26623257679518353,2.5899937140505074,-0.15107647365097865,-1.3960855268088614,0.33809616377248186,0.6780776863749062,-0.6791456840737199,-0.6967888277768538,-0.8781534100649921,1.1507914064214602,0.5320903195901912,0.668311624811287,0.0,0.0,0.0,1.0,-0.16753522540440619,1.0,0.0,0.0,0.0,0.0,1.0,0.0,1.0,0.0,0.0,0.0,0.0,1.0,0.0,0.0,0.0,0.0,1.0,1.0,0.0,0.0,0.0
0.11784484953130571,0.0,-1.694430958791476,-0.7641208792270812,0.08504925188071055,-1.5756862740979403,0.4974209740085685,0.3796721288811475,0.8459113011114247,0.24620020465769926,-0.6557785374099103,-1.0903445355634656,-0.8772324258614291,3.0,0.26623257679518353,1.4159910129545328,0.8076511944764159,2.4833959938131165,-1.0778621289498782,1.8809427696063366,0.8730062991171511,1.5447697673066034,0.21413743626848236,1.079752369425516,-0.9511703058160944,0.1409693318188794,1.0,0.0,0.0,1.0,0.8488046790344037,0.0,1.0,1.0,0.0,0.0,0.0,0.0,1.0,0.0,0.0,0.0,0.0,0.0,0.0,0.0,0.0,0.0,0.0,1.0,0.0,0.0,0.0
-0.6486681098094882,0.0,0.43759695942704374,-1.0109093429124179,1.0617867539482457,0.2546249253678617,1.1863122018077836,-2.432005601372186,-0.05778754527941421,0.24620020465769926,-1.395867104027115,-1.0903445355634656,-0.8772324258614291,3.0,1.1914379855160337,0.24198831185855807,-0.6989208554380613,-0.6201892226844657,0.33809616377248186,-0.32430988298461916,-0.3687152874355457,-1.173930941977104,-0.25918859714269,0.4657721211034274,1.026510528058953,0.6683092141052549,0.0,0.0,0.0,0.0,0.5509190854159215,0.0,0.0,0.0,0.0,1.0,0.0,0.0,1.0,0.0,0.0,0.0,1.0,0.0,0.0,0.0,1.0,0.0,0.0,1.0,0.0,1.0,0.0
2.4173837275536876,0.0,-1.6374116074902831,-0.7641208792270812,0.08504925188071055,0.2546249253678617,0.20218187638033347,-1.0261667362455194,-0.9614863916702531,1.1532535902386967,-0.8231627916524266,0.1322385821163929,0.4893759527060795,3.0,-1.584178240646517,0.24198831185855807,-0.5619597599912906,2.4833959938131165,0.33809616377248186,-1.1262199384722393,-0.6791456840737199,-0.9523892157887838,-0.8781534100649921,-1.6064112169836224,0.037670111121429345,-1.742399228925451,0.0,0.0,0.0,1.0,-0.46009126958000085,0.0,1.0,1.0,0.0,0.0,0.0,0.0,1.0,0.0,0.0,0.0,0.0,0.0,1.0,0.0,1.0,0.0,0.0,0.0,1.0,0.0,0.0
0.008342998196906572,0.0,-1.1986105126941458,-0.6407266473844129,1.0617867539482457,-1.5756862740979403,-1.2248070954894692,0.3796721288811475,-0.9614863916702531,1.1532535902386967,-1.654743507314029,0.5397662880096791,0.4893759527060795,3.0,0.26623257679518353,0.24198831185855807,0.2598068126893333,-0.6201892226844657,0.33809616377248186,0.4776001725030011,0.8730062991171511,0.18461011177199638,0.9787410287019146,0.2145983831534821,0.037670111121429345,0.9361680887192979,1.0,0.0,0.0,1.0,-0.45118109080266844,1.0,0.0,0.0,1.0,0.0,0.0,0.0,1.0,0.0,0.0,0.0,0.0,0.0,0.0,1.0,0.0,0.0,0.0,1.0,0.0,0.0,0.0
-0.8676718124782865,0.0,1.5135273274582501,-1.0109093429124179,-1.8684257522543597,-0.6605306743650393,-1.1756005792180968,0.3796721288811475,0.8459113011114247,1.1532535902386967,-1.084147308972622,-0.6828168296701794,-0.3305890744344257,3.0,1.1914379855160337,0.24198831185855807,-0.014115378204207997,1.707499689688721,0.33809616377248186,0.8785552002468112,0.5625759024789769,0.41660413332479407,0.3597762157796122,1.1774310452949392,1.026510528058953,0.997045172088266,1.0,0.0,0.0,0.0,1.6601897743151786,1.0,0.0,0.0,0.0,1.0,0.0,0.0,0.0,0.0,0.0,0.0,0.0,0.0,0.0,0.0,1.0,0.0,0.0,0.0,0.0,0.0,1.0
-0.2106607044718917,0.0,0.35082838136001093,-1.0109093429124179,0.08504925188071055,0.2546249253678617,1.2847252343505287,0.3796721288811475,0.8459113011114247,0.24620020465769926,-0.7332165928991012,-0.6828168296701794,-0.3305890744344257,3.0,-1.584178240646517,-0.9320143892374165,-0.15107647365097865,0.1557070814399298,1.754054456494842,0.6780776863749062,-0.6791456840737199,0.7817591935990995,-0.8781534100649921,1.1507914064214602,0.037670111121429345,0.3669727680941946,1.0,0.0,0.0,0.0,1.9305997295436288,1.0,0.0,0.0,1.0,0.0,0.0,0.0,0.0,0.0,0.0,0.0,0.0,0.0,0.0,0.0,0.0,1.0,0.0,1.0,0.0,0.0,0.0
-0.8676718124782865,1.0,0.2318314742966517,1.0867925984129432,-1.8684257522543597,0.2546249253678617,0.9894861367222936,-1.0261667362455194,-0.9614863916702531,1.1532535902386967,0.09105599411379363,-0.6828168296701794,-0.6039107501479274,3.0,0.26623257679518353,-0.9320143892374165,-0.9728430463316026,0.1557070814399298,-1.0778621289498782,-0.5247873968565242,-0.6791456840737199,-0.7624440438936434,-0.8781534100649921,0.767180606643362,0.5320903195901912,0.517638806399078,0.0,0.0,1.0,0.0,-0.7199537822983318,0.0,1.0,0.0,0.0,1.0,0.0,0.0,1.0,0.0,0.0,0.0,0.0,0.0,1.0,0.0,0.0,1.0,1.0,0.0,0.0,0.0,0.0
1.6508707682128936,0.0,1.2904081267144516,-0.8875151110697495,0.08504925188071055,0.2546249253678617,1.137105685536411,-1.0261667362455194,-0.9614863916702531,1.1532535902386967,-1.5477918553589032,1.7623494056895375,-0.057267398720923963,3.0,-0.6589728319256667,-0.9320143892374165,-0.6989208554380613,0.1557070814399298,-1.0778621289498782,-0.9257424246003343,-0.058284890797371494,-0.022570930389420173,1.5977058416242167,-1.0412703065962452,0.037670111121429345,1.2709772847514702,0.0,0.0,0.0,0.0,-0.1332294848157221,0.0,1.0,1.0,0.0,0.0,0.0,0.0,0.0,0.0,1.0,0.0,0.0,0.0,0.0,0.0,0.0,1.0,0.0,0.0,1.0,1.0,0.0
0.5558522548689022,0.0,-0.6705617376004892,-0.6407266473844129,-0.8916882501868245,0.2546249253678617,-0.3882963188761366,0.3796721288811475,2.6533089938931025,1.1532535902386967,-1.3182885076023718,-0.6828168296701794,-1.1505541015749308,3.0,1.1914379855160337,-0.9320143892374165,1.4924566717102692,0.1557070814399298,0.33809616377248186,2.2818977973501466,2.7355886789461965,0.3464101387321816,0.898006487885962,1.3175787106728076,1.520930736527715,0.5861295703574277,0.0,0.0,0.0,1.0,1.5902743645362496,0.0,1.0,0.0,0.0,0.0,0.0,1.0,1.0,0.0,0.0,1.0,0.0,0.0,0.0,0.0,1.0,0.0,0.0,1.0,0.0,0.0,0.0
2.4173837275536876,0.0,0.03846150031869295,-0.3939381836990763,-0.8916882501868245,-0.6605306743650393,-0.6835354165043717,0.3796721288811475,-0.9614863916702531,0.24620020465769926,1.5942818407787422,2.1698771115828235,0.4893759527060795,3.0,1.1914379855160337,-0.9320143892374165,-0.5619597599912906,-0.6201892226844657,-1.0778621289498782,-0.9257424246003343,-0.058284890797371494,-1.349254848828084,1.5977058416242167,-1.1668571755712178,0.037670111121429345,1.2709772847514702,0.0,0.0,0.0,1.0,-0.5969372457744216,0.0,1.0,0.0,0.0,1.0,0.0,0.0,1.0,1.0,0.0,0.0,0.0,0.0,0.0,0.0,1.0,0.0,0.0,0.0,1.0,0.0,0.0
1.4318670655440953,0.0,0.12770918061621236,-1.0109093429124179,1.0617867539482457,1.1697805251007627,0.10376884383758846,0.3796721288811475,2.6533089938931025,1.1532535902386967,1.3779893409641053,0.1322385821163929,-1.1505541015749308,3.0,0.26623257679518353,0.24198831185855807,2.3827037921142784,0.1557070814399298,-1.0778621289498782,0.07664514475919097,-0.6791456840737199,0.39456199775464396,-0.8781534100649921,-1.300055369938613,1.026510528058953,-1.742399228925451,1.0,0.0,0.0,1.0,5.261205928959029,0.0,1.0,0.0,0.0,1.0,0.0,0.0,0.0,0.0,0.0,1.0,0.0,0.0,0.0,0.0,0.0,0.0,0.0,0.0,1.0,0.0,0.0
-0.42966440714069,1.0,0.02606598916625969,0.59321567104227,0.08504925188071055,0.2546249253678617,-0.3882963188761366,0.3796721288811475,-0.9614863916702531,1.1532535902386967,1.1012642388620781,0.9472939939029652,-0.6039107501479274,3.0,0.26623257679518353,0.24198831185855807,-0.42499866454451996,-0.6201892226844657,-2.4938204216722384,-0.32430988298461916,-0.6791456840737199,-0.7184438976217028,-0.8781534100649921,-0.0923917410075624,0.037670111121429345,0.6683092141052549,0.0,0.0,1.0,0.0,-0.6971889536304801,0.0,1.0,0.0,0.0,1.0,0.0,0.0,1.0,0.0,1.0,0.0,0.0,0.0,0.0,0.0,1.0,0.0,1.0,1.0,0.0,0.0,0.0
0.6653541062033014,0.0,0.5739475821038096,0.8400041347276065,0.08504925188071055,1.1697805251007627,0.6942470390940585,0.3796721288811475,1.7496101475022634,1.1532535902386967,-0.9232279377655009,0.9472939939029652,1.855984331273588,4.0,0.26623257679518353,0.24198831185855807,1.4924566717102692,0.1557070814399298,0.33809616377248186,2.081420283478242,-0.3687152874355457,-0.18883578892802588,-0.6718318057575581,0.5531368995207995,1.520930736527715,0.5619576830571515,1.0,0.0,0.0,1.0,-0.21129475272616194,0.0,1.0,0.0,1.0,0.0,0.0,0.0,0.0,0.0,0.0,1.0,0.0,0.0,0.0,0.0,1.0,0.0,1.0,1.0,0.0,0.0,0.0
-0.42966440714069,1.0,-0.8366615870430948,-0.8875151110697495,-0.8916882501868245,-1.5756862740979403,-1.3232201280322142,0.3796721288811475,-0.9614863916702531,-1.5679065665042957,1.011318040108753,1.7623494056895375,1.3093409798465847,4.0,-1.584178240646517,-0.9320143892374165,0.2598068126893333,0.1557070814399298,1.754054456494842,0.4776001725030011,-0.3687152874355457,-0.47542640519908874,-0.5067745223116108,0.2145983831534821,-1.940010722753618,0.6013471740137043,0.0,0.0,1.0,0.0,-0.23775074573448784,0.0,1.0,1.0,0.0,0.0,0.0,0.0,0.0,0.0,1.0,0.0,0.0,0.0,0.0,0.0,1.0,0.0,0.0,1.0,0.0,0.0,0.0
1.6508707682128936,0.0,-0.07805630451417965,-0.8875151110697495,1.0617867539482457,-1.5756862740979403,0.645040522822686,-1.0261667362455194,2.6533089938931025,0.24620020465769926,0.943998931979311,-0.6828168296701794,0.7626976284195812,3.0,1.1914379855160337,-0.9320143892374165,2.3827037921142784,-0.6201892226844657,1.754054456494842,2.2818977973501466,3.977310265498893,0.3187017005578532,0.7602828594352196,1.3670425925708785,0.5320903195901912,-1.1031951479595234,1.0,0.0,0.0,0.0,3.1485311352396224,0.0,0.0,1.0,0.0,0.0,0.0,0.0,1.0,0.0,0.0,1.0,0.0,0.0,0.0,0.0,0.0,1.0,1.0,0.0,1.0,0.0,0.0
-0.5391662584750891,0.0,1.4837781006924105,-0.6407266473844129,-0.8916882501868245,0.2546249253678617,-0.4867093514188816,0.3796721288811475,-0.9614863916702531,-0.6608531809232983,0.9383772945572281,-0.27528912377689324,-1.1505541015749308,3.0,-1.584178240646517,0.24198831185855807,-0.6989208554380613,1.707499689688721,0.33809616377248186,-0.5247873968565242,-0.3687152874355457,1.442611951272185,-0.13539563455822945,-0.036575354796463615,-0.9511703058160944,0.517638806399078,1.0,0.0,0.0,0.0,-0.30986006712874126,0.0,1.0,1.0,0.0,0.0,0.0,0.0,0.0,0.0,0.0,0.0,0.0,0.0,0.0,1.0,1.0,0.0,0.0,1.0,0.0,1.0,0.0
-0.5391662584750891,1.0,-0.7127064755187623,-1.0109093429124179,0.08504925188071055,1.1697805251007627,-0.19147025379064658,-1.0261667362455194,-0.9614863916702531,0.24620020465769926,-0.6664596485118677,-1.0903445355634656,-0.3305890744344257,3.0,1.1914379855160337,-0.9320143892374165,-0.9728430463316026,-0.6201892226844657,-2.4938204216722384,-0.7252649107284292,-0.3687152874355457,0.4419422101084181,0.050293809318461155,0.0638941403835146,0.5320903195901912,0.2665217950441287,0.0,0.0,0.0,0.0,0.3599866830445128,0.0,1.0,1.0,0.0,0.0,0.0,0.0,1.0,0.0,1.0,0.0,0.0,0.0,0.0,0.0,0.0,1.0,1.0,1.0,0.0,1.0,0.0
0.22734670086570485,0.0,1.55815116760701,-1.0109093429124179,1.0617867539482457,0.2546249253678617,1.4815512994360187,0.3796721288811475,-0.9614863916702531,0.24620020465769926,0.1551426607255379,1.7623494056895375,-0.3305890744344257,3.0,0.26623257679518353,2.5899937140505074,-0.5619597599912906,-1.3960855268088614,0.33809616377248186,-0.7252649107284292,-0.3687152874355457,-0.9013795745745194,0.050293809318461155,-0.7273031341588134,0.5320903195901912,0.2665217950441287,0.0,0.0,0.0,1.0,-0.10508118484551993,0.0,1.0,0.0,0.0,1.0,0.0,0.0,0.0,0.0,1.0,0.0,0.0,0.0,0.0,0.0,0.0,0.0,0.0,1.0,0.0,0.0,0.0
-0.5391662584750891,0.0,0.43015965273558376,2.0739464531542895,1.0617867539482457,0.2546249253678617,1.6783773645215088,0.3796721288811475,-0.05778754527941421,1.1532535902386967,-0.31538839150279496,-1.0903445355634656,0.7626976284195812,3.0,-1.584178240646517,-0.9320143892374165,-0.9728430463316026,-0.6201892226844657,0.33809616377248186,-0.7252649107284292,-0.058284890797371494,-1.0310197738246618,0.9787410287019146,0.0638941403835146,0.037670111121429345,0.2665217950441287,1.0,0.0,0.0,0.0,-0.6953445960670731,0.0,0.0,0.0,1.0,0.0,0.0,0.0,1.0,0.0,0.0,0.0,0.0,0.0,0.0,0.0,1.0,0.0,0.0,1.0,0.0,1.0,0.0
0.4463504035345031,0.0,1.5085691229972769,1.2101868302556114,-0.8916882501868245,0.2546249253678617,-1.4708396768463317,0.3796721288811475,-0.05778754527941421,-1.5679065665042957,0.7819552332877734,-0.27528912377689324,0.21605427699257776,3.0,-1.584178240646517,1.4159910129545328,0.8076511944764159,-0.6201892226844657,-1.0778621289498782,-1.1262199384722393,-0.6791456840737199,-0.15049804198618574,-0.8781534100649921,-1.8506079066571803,-1.940010722753618,-1.742399228925451,0.0,1.0,0.0,1.0,-0.7026530353894018,0.0,1.0,1.0,0.0,0.0,0.0,0.0,1.0,0.0,0.0,0.0,0.0,0.0,1.0,0.0,0.0,0.0,0.0,1.0,0.0,1.0,0.0
0.33684855220010396,0.0,1.2333887754132586,1.827157989468953,-0.8916882501868245,-1.5756862740979403,-0.19147025379064658,0.3796721288811475,-0.05778754527941421,1.1532535902386967,1.4242273087607367,-0.6828168296701794,0.4893759527060795,3.0,-1.584178240646517,1.4159910129545328,-0.2880375690977493,0.1557070814399298,0.33809616377248186,0.4776001725030011,0.5625759024789769,0.07080600262749209,0.6073621409485332,1.1188238397732855,-0.9511703058160944,0.9361680887192979,0.0,0.0,0.0,1.0,-0.7155929744639389,0.0,1.0,0.0,0.0,0.0,0.0,1.0,1.0,0.0,0.0,0.0,0.0,0.0,1.0,0.0,0.0,0.0,0.0,1.0,0.0,1.0,0.0
0.8843578088720997,0.0,-1.3647103621367513,-1.0109093429124179,0.08504925188071055,0.2546249253678617,0.20218187638033347,1.7855109940078144,2.6533089938931025,1.1532535902386967,0.232861798085833,-1.0903445355634656,-1.1505541015749308,3.0,0.26623257679518353,0.24198831185855807,1.903339958050581,-0.6201892226844657,0.33809616377248186,2.2818977973501466,-0.3687152874355457,0.34134152199297535,-0.7296018549636396,1.1999722781878834,1.026510528058953,-1.742399228925451,0.0,0.0,0.0,1.0,5.163411283841967,0.0,1.0,0.0,0.0,0.0,1.0,0.0,1.0,0.0,0.0,1.0,0.0,0.0,0.0,0.0,1.0,0.0,0.0,1.0,0.0,0.0,0.0
-0.6486681098094882,0.0,1.3003245356363982,-0.7641208792270812,1.0617867539482457,-0.6605306743650393,0.349801425194451,0.3796721288811475,0.8459113011114247,0.24620020465769926,-0.11104187121008409,2.373640964529467,-0.8772324258614291,3.0,-1.584178240646517,0.24198831185855807,-0.2880375690977493,0.1557070814399298,0.33809616377248186,-0.9257424246003343,-0.058284890797371494,-0.4270209013142869,1.5977058416242167,-1.3426787921361796,-0.9511703058160944,1.2709772847514702,0.0,0.0,0.0,0.0,1.3247386186041101,1.0,0.0,0.0,0.0,1.0,0.0,0.0,1.0,0.0,0.0,0.0,0.0,1.0,0.0,0.0,0.0,0.0,0.0,1.0,0.0,0.0,0.0
-0.42966440714069,0.0,0.07316893154550606,-0.5173324155417446,1.0617867539482457,0.2546249253678617,-0.14226373751927407,-1.0261667362455194,-0.9614863916702531,1.1532535902386967,0.06505592103666054,-0.6828168296701794,-0.6039107501479274,3.0,0.26623257679518353,0.24198831185855807,-1.2467652372251439,-0.6201892226844657,-1.0778621289498782,-0.9257424246003343,-0.6791456840737199,-0.2947488564914577,-0.8781534100649921,0.2983229624701303,0.5320903195901912,1.2709772847514702,0.0,0.0,1.0,0.0,-0.4967771972985181,0.0,1.0,1.0,0.0,0.0,0.0,0.0,0.0,0.0,0.0,0.0,0.0,0.0,1.0,0.0,1.0,0.0,0.0,1.0,0.0,0.0,0.0
-0.3201625558062908,0.0,-0.8242660758906616,-0.8875151110697495,1.0617867539482457,1.1697805251007627,0.8910731041795485,-1.0261667362455194,-0.05778754527941421,-1.5679065665042957,1.317416197741163,1.3548216997962514,-0.6039107501479274,3.0,-0.6589728319256667,0.24198831185855807,0.2598068126893333,0.1557070814399298,0.33809616377248186,0.8785552002468112,0.8730062991171511,-0.5324773141450253,0.6692586222407634,0.7169458590533727,-0.4567500973473325,0.7231007319868943,0.0,0.0,0.0,0.0,0.4349108344357865,0.0,1.0,1.0,0.0,0.0,0.0,0.0,1.0,0.0,0.0,0.0,1.0,0.0,0.0,0.0,1.0,0.0,0.0,1.0,0.0,0.0,1.0
0.008342998196906572,0.0,0.5318028441855365,-1.0109093429124179,-0.8916882501868245,0.2546249253678617,0.841866587908176,-1.0261667362455194,-0.9614863916702531,-1.5679065665042957,0.6161169293363299,-0.27528912377689324,-0.3305890744344257,3.0,-1.584178240646517,0.24198831185855807,0.8076511944764159,-0.6201892226844657,-1.0778621289498782,-0.7252649107284292,-0.6791456840737199,0.6092826455943762,-0.8781534100649921,-1.4598932031794878,-1.940010722753618,-0.7379387169406612,0.0,0.0,0.0,1.0,0.4189739293055984,0.0,1.0,0.0,0.0,1.0,0.0,0.0,0.0,0.0,0.0,0.0,0.0,0.0,1.0,0.0,1.0,0.0,0.0,1.0,0.0,1.0,0.0
0.8843578088720997,0.0,0.982999450134107,-0.270543951856408,1.0617867539482457,-1.5756862740979403,0.5466274902799411,1.7855109940078144,-0.05778754527941421,0.24620020465769926,-1.2922884345252386,0.5397662880096791,0.4893759527060795,3.0,1.1914379855160337,0.24198831185855807,-0.2880375690977493,-1.3960855268088614,0.33809616377248186,-0.7252649107284292,-0.6791456840737199,-0.3426675247679151,-0.8781534100649921,-0.9910355590062562,0.037670111121429345,0.2665217950441287,0.0,0.0,0.0,1.0,-0.29865249033913505,1.0,0.0,1.0,0.0,0.0,0.0,0.0,1.0,0.0,0.0,0.0,1.0,0.0,0.0,0.0,1.0,0.0,0.0,1.0,0.0,0.0,1.0
0.008342998196906572,1.0,-0.7399766000541155,0.09963874367159682,0.08504925188071055,-1.5756862740979403,-0.2406767700620191,0.3796721288811475,0.8459113011114247,0.24620020465769926,1.160853595536156,1.3548216997962514,-1.1505541015749308,3.0,-0.6589728319256667,1.4159910129545328,0.8076511944764159,1.707499689688721,0.33809616377248186,-1.1262199384722393,-0.6791456840737199,1.0954301247265839,-0.8781534100649921,-1.8506079066571803,-0.9511703058160944,-1.742399228925451,0.0,0.0,0.0,1.0,-0.23084538070169092,1.0,0.0,0.0,0.0,1.0,0.0,0.0,1.0,0.0,0.0,0.0,1.0,0.0,0.0,0.0,0.0,0.0,0.0,1.0,0.0,0.0,0.0
0.22734670086570485,0.0,-0.7374974978236288,-0.8875151110697495,1.0617867539482457,0.2546249253678617,-0.09305722124790157,0.3796721288811475,0.8459113011114247,0.24620020465769926,-1.1093041364364427,-1.0903445355634656,2.675949358414093,4.0,1.1914379855160337,-0.9320143892374165,1.2185344808167278,-1.3960855268088614,0.33809616377248186,2.2818977973501466,2.7355886789461965,1.314520116105971,1.1644304725786054,1.1355687556366152,1.026510528058953,-0.7908023885365809,0.0,0.0,0.0,0.0,1.4658423208444438,1.0,0.0,0.0,0.0,0.0,0.0,1.0,0.0,0.0,0.0,0.0,0.0,0.0,0.0,0.0,0.0,1.0,0.0,1.0,0.0,0.0,0.0
-0.8676718124782865,0.0,-0.3408411409457646,0.7166099028849382,0.08504925188071055,0.2546249253678617,-0.2898832863333916,0.3796721288811475,-0.9614863916702531,1.1532535902386967,1.1749076890913632,-0.6828168296701794,1.036019304133083,3.0,-1.584178240646517,-0.9320143892374165,-0.6989208554380613,-1.3960855268088614,0.33809616377248186,-0.12383236911271409,-0.3687152874355457,-0.8063464656995957,-0.347612141845876,0.9681195970033181,0.037670111121429345,0.7687562362816817,0.0,0.0,1.0,0.0,-0.7072167854948647,0.0,1.0,1.0,0.0,0.0,0.0,0.0,1.0,0.0,0.0,0.0,0.0,0.0,1.0,0.0,0.0,1.0,0.0,0.0,0.0,0.0,0.0
0.5558522548689022,0.0,0.2814135189063847,0.9633983665702748,-0.8916882501868245,1.1697805251007627,0.7926600716368035,1.7855109940078144,-0.05778754527941421,-1.5679065665042957,1.2231132299857235,0.1322385821163929,-0.6039107501479274,3.0,0.26623257679518353,-0.9320143892374165,-0.15107647365097865,-1.3960855268088614,0.33809616377248186,-0.7252649107284292,-0.6791456840737199,2.961198099484677,-0.8781534100649921,-1.0869382589507808,0.037670111121429345,0.2665217950441287,0.0,1.0,0.0,0.0,-0.572253276140188,0.0,1.0,1.0,0.0,0.0,0.0,0.0,0.0,0.0,0.0,0.0,0.0,0.0,1.0,0.0,0.0,1.0,1.0,1.0,0.0,0.0,1.0
-0.8676718124782865,0.0,1.1019963571974662,1.3335810620982798,-0.8916882501868245,1.1697805251007627,-1.0279810304039791,0.3796721288811475,-0.05778754527941421,1.1532535902386967,-0.5032916223359135,-0.27528912377689324,-0.3305890744344257,3.0,1.1914379855160337,0.24198831185855807,-0.15107647365097865,-0.6201892226844657,0.33809616377248186,-0.7252649107284292,-0.6791456840737199,0.002817629891109805,-0.8781534100649921,-1.0869382589507808,2.015350944996477,0.2665217950441287,1.0,0.0,0.0,0.0,-0.5930934653163058,0.0,1.0,0.0,1.0,0.0,0.0,0.0,1.0,0.0,0.0,0.0,0.0,0.0,0.0,0.0,0.0,0.0,0.0,0.0,0.0,0.0,1.0
-1.3056792178158831,0.0,-0.29125909633603164,-1.0109093429124179,0.08504925188071055,-1.5756862740979403,-0.19147025379064658,0.3796721288811475,-0.05778754527941421,0.24620020465769926,-0.9568172213624458,-1.0903445355634656,-0.8772324258614291,3.0,1.1914379855160337,1.4159910129545328,-0.8358819508848319,0.1557070814399298,0.33809616377248186,-0.5247873968565242,-0.3687152874355457,-0.9538789220074145,-0.13539563455822945,0.2983229624701303,0.037670111121429345,-0.23570720537576498,0.0,0.0,0.0,0.0,0.7226030179547653,0.0,1.0,1.0,0.0,0.0,0.0,0.0,0.0,0.0,0.0,0.0,1.0,0.0,0.0,0.0,1.0,0.0,0.0,0.0,0.0,1.0,0.0
0.5558522548689022,0.0,-1.3225656242184785,-0.8875151110697495,0.08504925188071055,1.1697805251007627,-0.4867093514188816,-1.0261667362455194,-0.9614863916702531,-1.5679065665042957,-0.8862656717153062,-1.0903445355634656,-1.1505541015749308,3.0,0.26623257679518353,0.24198831185855807,-0.15107647365097865,0.9316033855643254,0.33809616377248186,0.4776001725030011,1.4938670923934996,-0.5776551658491921,1.721498804208677,0.8311157399397118,0.037670111121429345,0.26652625930811075,0.0,0.0,0.0,1.0,-0.2613456442389221,0.0,1.0,0.0,0.0,1.0,0.0,0.0,0.0,0.0,1.0,0.0,0.0,0.0,0.0,0.0,0.0,0.0,1.0,1.0,0.0,0.0,0.0
0.33684855220010396,0.0,1.5209646341497103,-0.8875151110697495,-0.8916882501868245,-1.5756862740979403,-0.8311549653184892,0.3796721288811475,2.6533089938931025,0.24620020465769926,-1.1754989170814678,-1.0903445355634656,1.036019304133083,3.0,1.1914379855160337,0.24198831185855807,1.4924566717102692,1.707499689688721,0.33809616377248186,2.2818977973501466,0.2521455058408027,0.6160213969077593,-0.371727654037654,1.1646903484424058,0.037670111121429345,-0.7379358470548507,0.0,0.0,0.0,1.0,3.2246971233942876,0.0,1.0,0.0,0.0,1.0,0.0,0.0,1.0,0.0,0.0,0.0,0.0,1.0,0.0,0.0,0.0,0.0,0.0,1.0,0.0,0.0,0.0
1.5413689168784945,0.0,0.0756480337759927,-1.0109093429124179,0.08504925188071055,0.2546249253678617,1.4815512994360187,0.3796721288811475,-0.9614863916702531,1.1532535902386967,1.2533295311294186,-0.6828168296701794,-1.1505541015749308,3.0,-0.6589728319256667,-0.9320143892374165,-1.3837263326719145,-2.171981830933257,-1.0778621289498782,-1.1262199384722393,-0.6791456840737199,-0.4631908013796013,-0.8781534100649921,-0.2877490927464089,0.037670111121429345,-1.742399228925451,0.0,0.0,0.0,1.0,0.04735427786075917,0.0,1.0,1.0,0.0,0.0,0.0,0.0,1.0,0.0,0.0,0.0,0.0,0.0,1.0,0.0,1.0,0.0,0.0,0.0,1.0,0.0,0.0
-0.6486681098094882,1.0,-1.2283597394599857,2.4441291486822943,-0.8916882501868245,0.2546249253678617,0.251388392651706,-1.0261667362455194,-0.9614863916702531,-0.6608531809232983,-0.37399396162800846,-1.0903445355634656,-1.1505541015749308,3.0,-0.6589728319256667,-0.9320143892374165,-0.6989208554380613,-0.6201892226844657,1.754054456494842,-0.32430988298461916,-0.3687152874355457,0.21685958797529553,-0.25918859714269,0.4657721211034274,0.037670111121429345,0.6683092141052549,0.0,0.0,1.0,0.0,-0.7260202638205476,1.0,0.0,0.0,0.0,1.0,0.0,0.0,1.0,0.0,1.0,0.0,0.0,0.0,0.0,0.0,0.0,1.0,0.0,1.0,0.0,1.0,0.0
-0.5391662584750891,0.0,1.260658899948612,-0.270543951856408,0.08504925188071055,-0.6605306743650393,1.6783773645215088,1.7855109940078144,-0.9614863916702531,-0.6608531809232983,1.651200919677331,-0.6828168296701794,1.3093409798465847,4.0,0.26623257679518353,-0.9320143892374165,-0.8358819508848319,0.1557070814399298,-2.4938204216722384,-0.32430988298461916,-0.6791456840737199,-0.3974097194397992,-0.8781534100649921,0.8843950176866698,-1.4455905142848562,-1.1397221181677746,0.0,0.0,1.0,0.0,-0.5811703540106502,1.0,0.0,1.0,0.0,0.0,0.0,0.0,1.0,0.0,1.0,0.0,0.0,0.0,0.0,0.0,1.0,0.0,0.0,1.0,0.0,0.0,0.0
0.11784484953130571,0.0,1.3003245356363982,-0.8875151110697495,-0.8916882501868245,1.1697805251007627,-1.3232201280322142,-1.0261667362455194,-0.05778754527941421,1.1532535902386967,0.7545497508551195,0.1322385821163929,0.7626976284195812,3.0,1.1914379855160337,0.24198831185855807,0.2598068126893333,-2.171981830933257,0.33809616377248186,0.27712265863109603,1.4938670923934996,-0.702338295919891,2.010349050239085,-0.036575354796463615,2.015350944996477,0.8943151081711811,1.0,0.0,0.0,1.0,0.28837409635561595,0.0,0.0,1.0,0.0,0.0,0.0,0.0,1.0,0.0,0.0,0.0,0.0,0.0,0.0,0.0,1.0,0.0,0.0,1.0,0.0,0.0,1.0
-0.5391662584750891,0.0,-1.672119038717096,-0.8875151110697495,-1.8684257522543597,1.1697805251007627,0.8910731041795485,-1.0261667362455194,-0.05778754527941421,-1.5679065665042957,0.7622795023104835,0.5397662880096791,-0.6039107501479274,3.0,1.1914379855160337,-0.9320143892374165,-0.2880375690977493,1.707499689688721,0.33809616377248186,-0.12383236911271409,-0.6791456840737199,-0.9515972113850965,-0.8781534100649921,0.0638941403835146,0.5320903195901912,-0.7379370428425979,0.0,0.0,1.0,0.0,-0.34765329929461575,0.0,1.0,0.0,0.0,0.0,0.0,1.0,1.0,0.0,1.0,0.0,0.0,0.0,0.0,0.0,0.0,1.0,0.0,1.0,0.0,0.0,0.0
0.9938596602064987,0.0,-0.7796422357419018,-0.8875151110697495,0.08504925188071055,0.2546249253678617,0.448214457737196,-2.432005601372186,1.7496101475022634,-0.6608531809232983,0.09330464908262676,0.1322385821163929,-0.8772324258614291,3.0,-0.6589728319256667,0.24198831185855807,2.314223244390893,-0.6201892226844657,-1.0778621289498782,0.07664514475919097,1.4938670923934996,-0.05232104475206402,2.3714118577770944,-1.197171247392763,-0.9511703058160944,1.2709880467950734,1.0,0.0,0.0,1.0,2.6940188798384153,0.0,1.0,0.0,0.0,0.0,0.0,1.0,0.0,0.0,0.0,1.0,0.0,0.0,0.0,0.0,1.0,0.0,1.0,0.0,1.0,0.0,0.0
-0.9771736638126857,1.0,-0.6779990442919491,-0.8875151110697495,1.0617867539482457,-1.5756862740979403,0.645040522822686,0.3796721288811475,-0.9614863916702531,0.24620020465769926,0.08740192978943978,-0.27528912377689324,-1.1505541015749308,3.0,0.26623257679518353,-0.9320143892374165,-0.8358819508848319,1.707499689688721,-2.4938204216722384,-1.3266974523441444,-0.6791456840737199,0.22224004906214356,-0.8781534100649921,-2.045965258396027,-1.4455905142848562,-1.742399228925451,0.0,0.0,1.0,0.0,-0.07672591208141907,0.0,1.0,1.0,0.0,0.0,0.0,0.0,1.0,0.0,1.0,0.0,0.0,0.0,0.0,0.0,0.0,1.0,0.0,0.0,0.0,1.0,0.0
-0.8676718124782865,0.0,1.01026957466946,-0.8875151110697495,0.08504925188071055,-1.5756862740979403,0.5958340065513135,-1.0261667362455194,-0.05778754527941421,-0.6608531809232983,-1.493402513300252,-0.27528912377689324,1.036019304133083,3.0,-0.6589728319256667,1.4159910129545328,-0.15107647365097865,-0.6201892226844657,0.33809616377248186,-1.3266974523441444,-0.6791456840737199,-0.1175032682704583,-0.8781534100649921,-2.045965258396027,-1.4455905142848562,-1.742399228925451,1.0,0.0,0.0,0.0,0.5771011438440874,0.0,1.0,0.0,0.0,1.0,0.0,0.0,1.0,0.0,0.0,0.0,0.0,0.0,0.0,0.0,1.0,0.0,0.0,0.0,0.0,0.0,1.0
-0.6486681098094882,0.0,1.6374824389825828,1.7037637576262845,0.08504925188071055,-0.6605306743650393,-0.09305722124790157,-1.0261667362455194,-0.05778754527941421,1.1532535902386967,0.013336856753498508,-1.0903445355634656,1.5826626555600865,4.0,-0.6589728319256667,0.24198831185855807,-0.15107647365097865,-0.6201892226844657,0.33809616377248186,0.4776001725030011,1.4938670923934996,-0.7506253938112478,1.721498804208677,0.8311157399397118,0.037670111121429345,-1.742399228925451,0.0,0.0,0.0,0.0,-0.6536108318751414,0.0,1.0,0.0,0.0,1.0,0.0,0.0,1.0,0.0,0.0,0.0,0.0,0.0,0.0,0.0,1.0,0.0,0.0,1.0,0.0,0.0,1.0
-1.3056792178158831,0.0,-0.3160501186408981,-0.5173324155417446,-0.8916882501868245,-0.6605306743650393,0.9402796204509211,1.7855109940078144,-0.05778754527941421,-1.5679065665042957,0.5721276165085317,-0.6828168296701794,-0.8772324258614291,3.0,1.1914379855160337,1.4159910129545328,-0.6989208554380613,-0.6201892226844657,0.33809616377248186,-0.12383236911271409,-0.3687152874355457,-1.3606067598846308,-0.347612141845876,0.9681195970033181,-0.4567500973473325,-0.23570594980117132,0.0,0.0,0.0,0.0,-0.3840805110207599,0.0,0.0,1.0,0.0,0.0,0.0,0.0,1.0,0.0,0.0,0.0,0.0,0.0,0.0,0.0,0.0,0.0,0.0,0.0,0.0,1.0,0.0
0.8843578088720997,0.0,1.444112465004624,1.3335810620982798,-0.8916882501868245,0.2546249253678617,0.645040522822686,0.3796721288811475,1.7496101475022634,1.1532535902386967,-0.957379385104654,-1.0903445355634656,-0.3305890744344257,3.0,-0.6589728319256667,-0.9320143892374165,1.3554955762634984,-0.6201892226844657,0.33809616377248186,2.2818977973501466,0.5625759024789769,2.300823740894665,-0.17076505243950396,1.1507914064214602,0.5320903195901912,-0.6877127030728926,0.0,0.0,0.0,1.0,-0.3989825521814552,0.0,1.0,0.0,0.0,1.0,0.0,0.0,1.0,0.0,0.0,0.0,0.0,0.0,0.0,0.0,1.0,0.0,1.0,1.0,0.0,0.0,0.0
-0.10115885313749257,0.0,1.4887363051533837,-0.3939381836990763,0.08504925188071055,1.1697805251007627,-0.9295679978612341,0.3796721288811475,-0.9614863916702531,1.1532535902386967,0.8345175431842479,-1.0903445355634656,-1.1505541015749308,3.0,0.26623257679518353,0.24198831185855807,0.6706900990296453,0.9316033855643254,0.33809616377248186,1.6804652557344315,2.4251582823080224,-0.024364417418369193,1.4429646383936412,1.056769151573887,1.520930736527715,0.8692050664899097,0.0,0.0,0.0,1.0,-0.5132906694974235,0.0,1.0,1.0,0.0,0.0,0.0,0.0,1.0,0.0,1.0,0.0,0.0,0.0,0.0,0.0,1.0,0.0,0.0,1.0,0.0,1.0,0.0
1.979376322216091,0.0,-0.8688899160394212,-1.0109093429124179,0.08504925188071055,1.1697805251007627,0.743453555365431,0.3796721288811475,2.6533089938931025,-1.5679065665042957,0.649987294804379,-1.0903445355634656,-0.3305890744344257,3.0,0.26623257679518353,-0.9320143892374165,2.3827037921142784,-0.6201892226844657,0.33809616377248186,2.2818977973501466,0.5625759024789769,0.31481576105779485,-0.4766627206018772,1.2853916870453543,0.037670111121429345,-0.9053462446180887,0.0,0.0,0.0,0.0,5.114669190878859,0.0,1.0,0.0,0.0,1.0,0.0,0.0,1.0,0.0,0.0,1.0,0.0,0.0,0.0,0.0,0.0,1.0,1.0,0.0,1.0,0.0,0.0
1.103361511540898,1.0,-0.338362038715278,2.4441291486822943,1.0617867539482457,-1.5756862740979403,1.0878991692650386,0.3796721288811475,0.8459113011114247,-0.6608531809232983,-0.5685026164320743,-0.6828168296701794,-0.8772324258614291,3.0,1.1914379855160337,0.24198831185855807,-0.15107647365097865,-0.6201892226844657,-1.0778621289498782,0.6780776863749062,2.114727885669848,-0.9009764407865409,2.1604011260990372,1.1507914064214602,-0.9511703058160944,0.3669727680941946,0.0,0.0,0.0,1.0,-0.5527840353274647,0.0,0.0,1.0,0.0,0.0,0.0,0.0,1.0,0.0,0.0,1.0,0.0,0.0,0.0,0.0,1.0,0.0,1.0,0.0,1.0,0.0,0.0
-0.9771736638126857,0.0,0.8813562586841542,-0.02375548817107146,0.08504925188071055,1.1697805251007627,1.3831382668932737,0.3796721288811475,-0.9614863916702531,1.1532535902386967,-1.6443434780831758,-0.6828168296701794,2.1293060069870897,4.0,1.1914379855160337,0.24198831185855807,-0.8358819508848319,0.1557070814399298,-1.0778621289498782,-0.32430988298461916,-0.6791456840737199,-1.0482577695283122,-0.8781534100649921,0.8843950176866698,1.520930736527715,-0.5370450074100981,0.0,0.0,1.0,0.0,-0.6694959938068548,0.0,1.0,0.0,0.0,1.0,0.0,0.0,1.0,0.0,0.0,0.0,0.0,0.0,1.0,0.0,1.0,0.0,0.0,0.0,0.0,0.0,0.0
0.008342998196906572,0.0,-1.4242088156684312,-0.3939381836990763,1.0617867539482457,0.2546249253678617,1.5799643319787637,0.3796721288811475,-0.05778754527941421,1.1532535902386967,1.196269911295278,0.5397662880096791,-0.3305890744344257,3.0,-0.6589728319256667,0.24198831185855807,-0.5619597599912906,1.707499689688721,1.754054456494842,-0.32430988298461916,-0.6791456840737199,-0.1770348624828019,-0.8781534100649921,0.15180494866599556,1.026510528058953,0.6683092141052549,1.0,0.0,0.0,1.0,-0.2212816248485607,0.0,1.0,0.0,0.0,1.0,0.0,0.0,1.0,0.0,0.0,0.0,0.0,0.0,0.0,0.0,1.0,0.0,0.0,1.0,0.0,0.0,1.0
-1.7436866231534796,0.0,0.4797416973453168,-0.7641208792270812,-0.8916882501868245,1.1697805251007627,1.6783773645215088,-1.0261667362455194,-0.9614863916702531,0.24620020465769926,-0.5315403503818797,-0.6828168296701794,0.4893759527060795,3.0,-1.584178240646517,-0.9320143892374165,-1.1098041417783733,0.9316033855643254,1.754054456494842,-0.7252649107284292,-0.3687152874355457,-0.008935130856788672,0.050293809318461155,0.5913589900784001,0.5320903195901912,0.2665217950441287,0.0,0.0,0.0,0.0,-0.2966345055986242,0.0,1.0,0.0,0.0,1.0,0.0,0.0,1.0,0.0,0.0,0.0,0.0,0.0,1.0,0.0,0.0,1.0,0.0,0.0,0.0,1.0,0.0
0.008342998196906572,0.0,-0.18465770042510563,-1.0109093429124179,1.0617867539482457,-1.5756862740979403,0.6942470390940585,0.3796721288811475,0.8459113011114247,1.1532535902386967,-0.3704804382392067,-0.27528912377689324,0.7626976284195812,3.0,-1.584178240646517,1.4159910129545328,0.5337290035828746,-0.6201892226844657,0.33809616377248186,-0.32430988298461916,-0.6791456840737199,-0.44005666688831707,-0.8781534100649921,-0.9470801548650156,-0.9511703058160944,-0.5370450074100981,0.0,0.0,0.0,1.0,3.425150274285029,0.0,0.0,0.0,0.0,1.0,0.0,0.0,0.0,0.0,0.0,0.0,0.0,1.0,0.0,0.0,0.0,0.0,1.0,1.0,0.0,0.0,0.0
-0.2106607044718917,0.0,1.2705753088705585,1.5803695257836163,0.08504925188071055,-0.6605306743650393,0.251388392651706,1.7855109940078144,0.8459113011114247,-0.6608531809232983,0.6727549263638144,1.7623494056895375,0.7626976284195812,3.0,-0.6589728319256667,0.24198831185855807,-0.15107647365097865,2.4833959938131165,-1.0778621289498782,0.07664514475919097,1.1834366957553253,-0.8761402187644292,1.907188248085368,0.1917644069762141,-1.4455905142848562,1.2709880467950734,0.0,0.0,0.0,0.0,-0.4741766680865095,0.0,1.0,1.0,0.0,0.0,0.0,0.0,0.0,0.0,0.0,1.0,0.0,0.0,0.0,0.0,0.0,0.0,0.0,1.0,0.0,0.0,0.0
0.11784484953130571,0.0,-1.1911732060026858,-0.270543951856408,-0.8916882501868245,-1.5756862740979403,-1.0771875466753518,1.7855109940078144,-0.05778754527941421,-1.5679065665042957,0.6855441514990529,-0.6828168296701794,2.4026276827005915,4.0,0.26623257679518353,0.24198831185855807,-0.42499866454451996,0.1557070814399298,0.33809616377248186,0.27712265863109603,1.4938670923934996,-0.5530900738100718,2.010349050239085,1.079752369425516,-1.4455905142848562,-1.742399228925451,1.0,0.0,0.0,1.0,-0.36299515764234547,0.0,1.0,0.0,0.0,1.0,0.0,0.0,0.0,0.0,0.0,0.0,0.0,0.0,0.0,0.0,0.0,0.0,1.0,1.0,0.0,0.0,1.0
-1.1961773664814839,0.0,1.677148074670369,-1.0109093429124179,0.08504925188071055,0.2546249253678617,0.8910731041795485,0.3796721288811475,-0.05778754527941421,-0.6608531809232983,1.7502822792415407,-0.6828168296701794,1.3093409798465847,4.0,-1.584178240646517,0.24198831185855807,-0.6989208554380613,2.4833959938131165,-2.4938204216722384,-0.12383236911271409,-0.3687152874355457,-0.35739071597746047,-0.347612141845876,0.9681195970033181,-1.940010722753618,0.7687562362816817,0.0,0.0,0.0,0.0,1.1879813450356458,1.0,0.0,1.0,0.0,0.0,0.0,0.0,0.0,0.0,0.0,0.0,1.0,0.0,0.0,0.0,0.0,0.0,0.0,0.0,0.0,0.0,1.0
1.4318670655440953,0.0,-0.013599646521526723,-0.6407266473844129,-1.8684257522543597,-1.5756862740979403,1.4815512994360187,0.3796721288811475,2.6533089938931025,-0.6608531809232983,0.21107795307526203,0.1322385821163929,-0.3305890744344257,3.0,-1.584178240646517,1.4159910129545328,2.314223244390893,0.9316033855643254,-1.0778621289498782,0.6780776863749062,-0.3687152874355457,0.5631541254130819,-0.5405362393801,-0.8334023855342213,-2.43443093122238,-0.537043802057082,0.0,0.0,0.0,1.0,1.5793462010184065,0.0,1.0,1.0,0.0,0.0,0.0,0.0,1.0,0.0,0.0,0.0,0.0,1.0,0.0,0.0,0.0,0.0,0.0,0.0,1.0,0.0,0.0
1.7603726195472926,0.0,0.663195262401329,-0.7641208792270812,1.0617867539482457,0.2546249253678617,-1.0279810304039791,0.3796721288811475,1.7496101475022634,0.24620020465769926,0.942031358881582,0.1322385821163929,0.21605427699257776,3.0,1.1914379855160337,2.5899937140505074,1.3554955762634984,1.707499689688721,-1.0778621289498782,-0.32430988298461916,-0.3687152874355457,0.2807125379757631,-0.25918859714269,-1.246776092191655,0.5320903195901912,0.06563210334757824,0.0,0.0,0.0,1.0,1.9315311071161723,0.0,1.0,0.0,0.0,1.0,0.0,0.0,1.0,0.0,0.0,0.0,0.0,1.0,0.0,0.0,1.0,0.0,1.0,0.0,1.0,0.0,0.0
0.5558522548689022,0.0,-0.41521420786036417,-1.0109093429124179,-1.8684257522543597,-0.6605306743650393,1.6291708482501361,0.3796721288811475,-0.05778754527941421,0.24620020465769926,1.4361732882826628,-0.6828168296701794,2.675949358414093,4.0,0.26623257679518353,-0.9320143892374165,1.2185344808167278,0.1557070814399298,0.33809616377248186,2.2818977973501466,2.7355886789461965,-0.845717205924268,1.0671645734051007,1.3030179142699119,0.037670111121429345,0.668312830166111,1.0,0.0,0.0,1.0,0.7253971506723957,0.0,1.0,1.0,0.0,0.0,0.0,0.0,1.0,0.0,0.0,0.0,0.0,0.0,0.0,0.0,1.0,0.0,0.0,1.0,0.0,1.0,0.0
-0.8676718124782865,0.0,-0.8936809383442877,-0.8875151110697495,-0.8916882501868245,-0.6605306743650393,-1.0771875466753518,0.3796721288811475,-0.05778754527941421,1.1532535902386967,0.8357824116042165,-0.6828168296701794,0.7626976284195812,3.0,-1.584178240646517,-0.9320143892374165,-0.15107647365097865,0.1557070814399298,-1.0778621289498782,0.6780776863749062,-0.6791456840737199,-0.993707718297207,-0.8781534100649921,1.1507914064214602,-0.9511703058160944,0.3669727680941946,1.0,0.0,0.0,0.0,0.1445280045961265,1.0,0.0,1.0,0.0,0.0,0.0,0.0,1.0,0.0,0.0,0.0,0.0,0.0,0.0,0.0,0.0,1.0,0.0,0.0,0.0,1.0,0.0
1.979376322216091,0.0,-1.6250160963378497,1.3335810620982798,-0.8916882501868245,-0.6605306743650393,-1.4216331605749593,0.3796721288811475,-0.05778754527941421,1.1532535902386967,0.23314287995693714,0.1322385821163929,1.036019304133083,3.0,1.1914379855160337,0.24198831185855807,0.12284571724256264,0.9316033855643254,0.33809616377248186,0.6780776863749062,-0.6791456840737199,1.9529550319981046,-0.8781534100649921,0.6589826887572316,1.026510528058953,0.3669727680941946,0.0,0.0,0.0,1.0,-0.6379178589663337,0.0,1.0,0.0,0.0,0.0,0.0,1.0,1.0,0.0,1.0,0.0,0.0,0.0,0.0,0.0,1.0,0.0,1.0,0.0,1.0,0.0,1.0
-1.1961773664814839,0.0,-0.7598094178980086,0.2230329755142651,-0.8916882501868245,-1.5756862740979403,-0.2898832863333916,0.3796721288811475,-0.05778754527941421,-1.5679065665042957,1.1817941949334145,-0.6828168296701794,-0.6039107501479274,3.0,0.26623257679518353,0.24198831185855807,-0.8358819508848319,0.1557070814399298,0.33809616377248186,-0.32430988298461916,0.2521455058408027,-1.074894881085404,0.9787410287019146,0.8843950176866698,-1.4455905142848562,0.06563210334757824,0.0,0.0,0.0,0.0,-0.5527115948496002,1.0,0.0,0.0,0.0,1.0,0.0,0.0,1.0,0.0,0.0,0.0,0.0,0.0,0.0,0.0,1.0,0.0,1.0,0.0,0.0,1.0,0.0
0.008342998196906572,0.0,1.4118841360082974,-1.0109093429124179,0.08504925188071055,1.1697805251007627,-1.1756005792180968,0.3796721288811475,-0.9614863916702531,1.1532535902386967,0.22035365482169872,-0.6828168296701794,-0.8772324258614291,3.0,-0.6589728319256667,-0.9320143892374165,0.8076511944764159,0.1557070814399298,0.33809616377248186,2.081420283478242,0.8730062991171511,-1.0079392188901928,0.15345461147217823,1.2751097211643625,1.026510528058953,0.3846994590584898,0.0,0.0,0.0,0.0,-0.14140491017471474,0.0,1.0,1.0,0.0,0.0,0.0,0.0,0.0,0.0,0.0,0.0,0.0,0.0,1.0,0.0,0.0,1.0,0.0,1.0,0.0,0.0,0.0
0.7748559575377005,1.0,0.29132992782833134,1.827157989468953,0.08504925188071055,1.1697805251007627,-1.1263940629467242,0.3796721288811475,-0.9614863916702531,0.24620020465769926,0.7879984935165124,0.1322385821163929,1.855984331273588,4.0,1.1914379855160337,0.24198831185855807,1.0815733853699572,-2.171981830933257,-2.4938204216722384,-1.1262199384722393,-0.6791456840737199,-0.06830484962762418,-0.8781534100649921,-1.8701436418310649,0.5320903195901912,-1.742399228925451,0.0,0.0,0.0,1.0,-0.7195171786362553,1.0,0.0,1.0,0.0,0.0,0.0,0.0,1.0,0.0,1.0,0.0,0.0,0.0,0.0,0.0,0.0,0.0,1.0,1.0,0.0,1.0,0.0
0.11784484953130571,0.0,-0.28382178964457166,1.7037637576262845,1.0617867539482457,1.1697805251007627,0.7926600716368035,0.3796721288811475,-0.05778754527941421,1.1532535902386967,0.6445061983178482,2.373640964529467,-0.3305890744344257,3.0,-0.6589728319256667,0.24198831185855807,-0.15107647365097865,-0.6201892226844657,0.33809616377248186,-0.9257424246003343,-0.3687152874355457,-0.6877764919971128,0.3597762157796122,-1.4066139254325294,1.026510528058953,1.2709772847514702,0.0,0.0,0.0,1.0,-0.6493937611994585,0.0,1.0,1.0,0.0,0.0,0.0,0.0,1.0,0.0,0.0,0.0,0.0,0.0,0.0,0.0,0.0,0.0,0.0,1.0,0.0,0.0,1.0
-1.1961773664814839,1.0,1.6027750077557696,0.8400041347276065,1.0617867539482457,-1.5756862740979403,-1.0279810304039791,0.3796721288811475,-0.9614863916702531,-0.6608531809232983,-0.018706476552373622,-0.27528912377689324,-0.6039107501479274,3.0,1.1914379855160337,0.24198831185855807,-0.8358819508848319,-0.6201892226844657,0.33809616377248186,-0.7252649107284292,-0.6791456840737199,-0.7749387390336022,-0.8781534100649921,-0.2877490927464089,-0.4567500973473325,0.2665217950441287,0.0,0.0,1.0,0.0,-0.7113531976552784,0.0,1.0,0.0,0.0,1.0,0.0,0.0,1.0,0.0,1.0,0.0,0.0,0.0,0.0,0.0,0.0,0.0,1.0,0.0,0.0,0.0,0.0
-0.9771736638126857,0.0,0.7797130672342015,-0.14714972001373974,-0.8916882501868245,1.1697805251007627,0.005355811294843447,0.3796721288811475,-0.9614863916702531,1.1532535902386967,-1.3808292239230433,-0.6828168296701794,1.5826626555600865,4.0,1.1914379855160337,-0.9320143892374165,-0.8358819508848319,0.1557070814399298,0.33809616377248186,-0.32430988298461916,-0.6791456840737199,0.06274229249986811,-0.8781534100649921,0.8843950176866698,2.015350944996477,0.06563210334757824,0.0,0.0,1.0,0.0,-0.569666116216456,0.0,1.0,1.0,0.0,0.0,0.0,0.0,0.0,0.0,0.0,0.0,0.0,0.0,1.0,0.0,0.0,1.0,0.0,0.0,0.0,1.0,0.0
1.3223652142096962,0.0,-0.41273510562987753,0.09963874367159682,1.0617867539482457,0.2546249253678617,-1.5200461931177043,0.3796721288811475,2.6533089938931025,-1.5679065665042957,1.5854277618389618,2.373640964529467,-1.1505541015749308,3.0,1.1914379855160337,-0.9320143892374165,1.4924566717102692,0.9316033855643254,0.33809616377248186,-0.7252649107284292,-0.3687152874355457,0.47643007388585407,0.050293809318461155,-1.587300171704822,0.037670111121429345,0.2665217950441287,0.0,0.0,0.0,0.0,0.25555950066842825,1.0,0.0,1.0,0.0,0.0,0.0,0.0,0.0,0.0,0.0,0.0,0.0,1.0,0.0,0.0,0.0,1.0,1.0,0.0,1.0,0.0,0.0
-0.10115885313749257,0.0,-0.7350183955931421,-0.7641208792270812,0.08504925188071055,0.2546249253678617,-1.7660787744745667,0.3796721288811475,-0.05778754527941421,-0.6608531809232983,1.6825415483054427,0.5397662880096791,-0.8772324258614291,3.0,1.1914379855160337,-0.9320143892374165,-0.15107647365097865,-0.6201892226844657,0.33809616377248186,0.27712265863109603,1.4938670923934996,1.115504448050765,2.010349050239085,0.5114400734579629,0.5320903195901912,-1.742399228925451,0.0,0.0,0.0,0.0,-0.10182136334161783,0.0,1.0,0.0,0.0,0.0,0.0,1.0,1.0,0.0,0.0,0.0,0.0,0.0,1.0,0.0,0.0,1.0,0.0,1.0,0.0,1.0,0.0
-0.6486681098094882,0.0,-0.8887227338833145,-0.5173324155417446,0.08504925188071055,1.1697805251007627,0.8910731041795485,0.3796721288811475,-0.9614863916702531,-0.6608531809232983,-1.4622024256076922,-0.6828168296701794,-1.1505541015749308,3.0,0.26623257679518353,0.24198831185855807,-1.2467652372251439,1.707499689688721,-1.0778621289498782,-0.9257424246003343,-0.058284890797371494,0.18018831268763671,1.5977058416242167,0.2983229624701303,0.037670111121429345,1.2709772847514702,1.0,0.0,1.0,0.0,-0.5094025377263295,1.0,0.0,0.0,1.0,0.0,0.0,0.0,0.0,0.0,0.0,0.0,0.0,0.0,0.0,1.0,0.0,0.0,0.0,1.0,0.0,0.0,0.0
-1.1961773664814839,1.0,0.3657029947429309,-0.6407266473844129,1.0617867539482457,1.1697805251007627,-0.8803614815898617,-1.0261667362455194,-0.05778754527941421,1.1532535902386967,-0.824006037265739,-0.6828168296701794,-0.8772324258614291,3.0,-0.6589728319256667,-0.9320143892374165,-0.42499866454451996,-2.171981830933257,0.33809616377248186,0.27712265863109603,1.4938670923934996,-0.4596003167019546,2.010349050239085,1.079752369425516,1.026510528058953,0.8943151081711811,1.0,0.0,0.0,0.0,-0.07428363311341635,0.0,1.0,0.0,1.0,0.0,0.0,0.0,1.0,0.0,0.0,0.0,0.0,0.0,0.0,0.0,0.0,1.0,1.0,0.0,0.0,0.0,1.0
0.008342998196906572,0.0,0.21447775868324515,-0.02375548817107146,0.08504925188071055,-0.6605306743650393,-0.6343289002329991,0.3796721288811475,-0.9614863916702531,1.1532535902386967,-0.4078643270960575,-0.6828168296701794,-0.8772324258614291,3.0,0.26623257679518353,2.5899937140505074,-0.9728430463316026,0.1557070814399298,-1.0778621289498782,-0.5247873968565242,-0.3687152874355457,-0.8188900147870106,-0.13539563455822945,0.767180606643362,0.037670111121429345,-0.23570720537576498,0.0,0.0,0.0,1.0,-0.6536004832354464,1.0,0.0,0.0,0.0,1.0,0.0,0.0,1.0,0.0,0.0,0.0,0.0,0.0,1.0,0.0,1.0,0.0,1.0,1.0,0.0,0.0,0.0
0.5558522548689022,0.0,-0.6135423862992962,2.0739464531542895,0.08504925188071055,0.2546249253678617,0.5466274902799411,0.3796721288811475,1.7496101475022634,-0.6608531809232983,0.07742352336524276,0.9472939939029652,-0.3305890744344257,3.0,1.1914379855160337,0.24198831185855807,1.6294177671570398,-0.6201892226844657,1.754054456494842,2.2818977973501466,0.5625759024789769,2.7672636315544503,-0.17076505243950396,0.8843950176866698,1.026510528058953,-1.1397212141525606,1.0,0.0,0.0,1.0,-0.4869919835425369,1.0,0.0,0.0,1.0,0.0,0.0,0.0,0.0,0.0,0.0,0.0,0.0,0.0,0.0,0.0,1.0,0.0,0.0,1.0,0.0,0.0,0.0
-2.072192177156677,1.0,-1.4192506112074579,-0.7641208792270812,0.08504925188071055,0.2546249253678617,-0.5851223839616266,0.3796721288811475,-0.9614863916702531,0.24620020465769926,1.5346924841046643,-0.6828168296701794,-0.6039107501479274,3.0,0.26623257679518353,-0.9320143892374165,-1.520687428118685,-0.6201892226844657,0.33809616377248186,-1.3266974523441444,-0.6791456840737199,-1.6295353083278876,-0.8781534100649921,-2.045965258396027,0.5320903195901912,-1.742399228925451,0.0,0.0,0.0,0.0,-0.5776000733159004,0.0,1.0,1.0,0.0,0.0,0.0,0.0,1.0,0.0,1.0,0.0,0.0,0.0,0.0,0.0,0.0,1.0,0.0,0.0,0.0,0.0,0.0
-0.2106607044718917,0.0,1.0648098237401664,0.8400041347276065,0.08504925188071055,0.2546249253678617,1.4815512994360187,0.3796721288811475,0.8459113011114247,-0.6608531809232983,-1.2948181713651759,-1.0903445355634656,-0.057267398720923963,3.0,0.26623257679518353,1.4159910129545328,0.12284571724256264,0.1557070814399298,-1.0778621289498782,0.8785552002468112,1.1834366957553253,0.45936626437873124,0.9787410287019146,0.9294774834725573,-0.4567500973473325,0.7231007319868943,1.0,0.0,0.0,0.0,-0.5050987211002627,0.0,1.0,0.0,1.0,0.0,0.0,0.0,1.0,0.0,0.0,0.0,0.0,0.0,0.0,0.0,1.0,0.0,0.0,1.0,0.0,0.0,1.0
-0.10115885313749257,0.0,-0.5862722617639431,1.0867925984129432,1.0617867539482457,0.2546249253678617,0.743453555365431,1.7855109940078144,-0.9614863916702531,1.1532535902386967,-1.010644399678889,0.5397662880096791,0.7626976284195812,3.0,1.1914379855160337,1.4159910129545328,-0.9728430463316026,-0.6201892226844657,0.33809616377248186,-1.1262199384722393,-0.6791456840737199,0.4042789825004852,-0.8781534100649921,-1.3426787921361796,1.520930736527715,-1.742399228925451,0.0,0.0,0.0,1.0,-0.6775025729392458,1.0,0.0,1.0,0.0,0.0,0.0,0.0,1.0,0.0,1.0,0.0,0.0,0.0,0.0,0.0,1.0,0.0,0.0,1.0,0.0,1.0,0.0
1.5413689168784945,0.0,1.238346979874232,-0.8875151110697495,0.08504925188071055,1.1697805251007627,0.8910731041795485,-2.432005601372186,-0.05778754527941421,-0.6608531809232983,0.28219166646460986,0.9472939939029652,0.7626976284195812,3.0,1.1914379855160337,0.24198831185855807,0.2598068126893333,0.1557070814399298,0.33809616377248186,-0.5247873968565242,-0.3687152874355457,-0.7214912553486466,-0.13539563455822945,-1.0412703065962452,1.026510528058953,-0.9890532171506079,0.0,0.0,0.0,1.0,0.3365987573339771,0.0,1.0,0.0,0.0,1.0,0.0,0.0,1.0,0.0,0.0,0.0,1.0,0.0,0.0,0.0,0.0,0.0,0.0,0.0,1.0,0.0,1.0
0.4463504035345031,0.0,-1.1614239792368461,-0.8875151110697495,1.0617867539482457,1.1697805251007627,1.0878991692650386,0.3796721288811475,1.7496101475022634,-0.6608531809232983,0.22246176885497976,-0.6828168296701794,1.036019304133083,3.0,-0.6589728319256667,-0.9320143892374165,1.4924566717102692,-0.6201892226844657,0.33809616377248186,2.2818977973501466,-0.6791456840737199,-0.19711452960206335,-0.8781534100649921,1.3175787106728076,0.037670111121429345,-0.37267640581787537,1.0,0.0,0.0,0.0,2.5166431954673616,0.0,1.0,1.0,0.0,0.0,0.0,0.0,1.0,0.0,0.0,1.0,0.0,0.0,0.0,0.0,0.0,1.0,0.0,1.0,0.0,0.0,0.0
-2.072192177156677,0.0,0.02358688693577304,0.09963874367159682,0.08504925188071055,1.1697805251007627,0.15297536010896096,-1.0261667362455194,-0.9614863916702531,0.24620020465769926,-0.6449568853724008,-0.6828168296701794,-0.8772324258614291,3.0,-1.584178240646517,-0.9320143892374165,-1.520687428118685,-0.6201892226844657,0.33809616377248186,-1.3266974523441444,-0.6791456840737199,-1.5763713735740505,-0.8781534100649921,-2.045965258396027,0.037670111121429345,-1.742399228925451,1.0,0.0,0.0,0.0,-0.7302895480874186,0.0,1.0,0.0,0.0,1.0,0.0,0.0,0.0,0.0,0.0,0.0,0.0,0.0,0.0,1.0,0.0,1.0,0.0,0.0,0.0,0.0,0.0
-0.9771736638126857,0.0,1.6697107679789092,0.8400041347276065,-0.8916882501868245,-0.6605306743650393,0.10376884383758846,1.7855109940078144,-0.05778754527941421,-1.5679065665042957,-1.3336074695775475,-1.0903445355634656,1.036019304133083,3.0,0.26623257679518353,-0.9320143892374165,-0.2880375690977493,-0.6201892226844657,0.33809616377248186,0.27712265863109603,-0.6791456840737199,-0.7201648831160534,-0.8781534100649921,0.767180606643362,-0.9511703058160944,-0.6123787987411802,0.0,1.0,0.0,0.0,-0.5912602777132043,0.0,1.0,0.0,0.0,1.0,0.0,0.0,1.0,0.0,0.0,0.0,0.0,0.0,0.0,0.0,0.0,1.0,0.0,0.0,0.0,0.0,1.0
-0.6486681098094882,0.0,-1.4489998379732976,-0.270543951856408,0.08504925188071055,-0.6605306743650393,1.6783773645215088,1.7855109940078144,-0.05778754527941421,1.1532535902386967,-0.29121535058783876,0.5397662880096791,-1.1505541015749308,3.0,-0.6589728319256667,0.24198831185855807,-0.15107647365097865,0.1557070814399298,-1.0778621289498782,0.27712265863109603,1.4938670923934996,0.0019791567331891914,2.010349050239085,0.5114400734579629,-0.4567500973473325,0.8943151081711811,1.0,0.0,0.0,0.0,-0.26023316547171743,0.0,1.0,0.0,0.0,0.0,0.0,1.0,1.0,0.0,0.0,0.0,0.0,0.0,0.0,0.0,1.0,0.0,0.0,1.0,0.0,0.0,1.0
0.22734670086570485,0.0,0.8168996006915014,-1.0109093429124179,0.08504925188071055,0.2546249253678617,-0.8803614815898617,1.7855109940078144,0.8459113011114247,1.1532535902386967,-0.4737780258699787,-1.0903445355634656,0.4893759527060795,3.0,-1.584178240646517,2.5899937140505074,1.0815733853699572,1.707499689688721,-1.0778621289498782,2.2818977973501466,0.2521455058408027,0.8036318038131564,-0.29176569255965323,1.1188238397732855,-0.4567500973473325,-0.06829372533990336,0.0,0.0,0.0,1.0,2.1864181028022314,0.0,1.0,0.0,0.0,1.0,0.0,0.0,1.0,0.0,0.0,0.0,0.0,0.0,0.0,0.0,0.0,0.0,0.0,1.0,0.0,0.0,0.0
-0.10115885313749257,0.0,0.7499638404683617,1.827157989468953,1.0617867539482457,-0.6605306743650393,-0.9295679978612341,0.3796721288811475,-0.05778754527941421,-0.6608531809232983,-1.0380498821115427,1.7623494056895375,-0.057267398720923963,3.0,0.26623257679518353,0.24198831185855807,-0.014115378204207997,0.1557070814399298,0.33809616377248186,0.4776001725030011,-0.6791456840737199,2.185211602247023,-0.8781534100649921,0.5913589900784001,-0.4567500973473325,0.9361680887192979,0.0,0.0,0.0,1.0,-0.6571024629082097,0.0,0.0,1.0,0.0,0.0,0.0,0.0,0.0,0.0,1.0,0.0,0.0,0.0,0.0,0.0,1.0,0.0,0.0,1.0,0.0,0.0,1.0
-0.5391662584750891,0.0,0.2566224966015182,-0.270543951856408,0.08504925188071055,1.1697805251007627,1.235518718079156,-1.0261667362455194,-0.05778754527941421,0.24620020465769926,0.3755108476711848,-0.6828168296701794,-0.3305890744344257,3.0,0.26623257679518353,0.24198831185855807,0.2598068126893333,0.1557070814399298,-1.0778621289498782,1.2795102279906212,0.5625759024789769,-0.6038176998642518,0.18292912637324013,1.2192933349532638,0.5320903195901912,0.11199416342393315,1.0,0.0,0.0,0.0,-0.372386548165492,0.0,1.0,1.0,0.0,0.0,0.0,0.0,1.0,0.0,0.0,0.0,0.0,0.0,0.0,0.0,1.0,0.0,0.0,1.0,0.0,0.0,1.0
0.11784484953130571,0.0,0.11531366946377912,1.950552221311621,-0.8916882501868245,-1.5756862740979403,0.743453555365431,-1.0261667362455194,0.8459113011114247,-0.6608531809232983,1.7418498231084165,0.1322385821163929,0.4893759527060795,3.0,0.26623257679518353,0.24198831185855807,1.0815733853699572,-0.6201892226844657,0.33809616377248186,0.6780776863749062,-0.6791456840737199,-0.7192393129321278,-0.8781534100649921,-0.2877490927464089,-0.9511703058160944,0.668311624811287,0.0,0.0,0.0,1.0,-0.509991614139733,0.0,1.0,1.0,0.0,0.0,0.0,0.0,0.0,0.0,0.0,0.0,0.0,1.0,0.0,0.0,1.0,0.0,0.0,1.0,0.0,0.0,0.0
2.3078818762192883,0.0,-1.0225942543295936,-1.0109093429124179,1.0617867539482457,1.1697805251007627,-1.6676657419318217,-2.432005601372186,-0.05778754527941421,0.24620020465769926,0.3854892540953818,-0.27528912377689324,-0.6039107501479274,3.0,1.1914379855160337,0.24198831185855807,0.12284571724256264,-0.6201892226844657,0.33809616377248186,-0.32430988298461916,-0.3687152874355457,-0.7205504592008027,-0.25918859714269,-0.6934912848193976,1.520930736527715,0.06563210334757824,0.0,0.0,0.0,1.0,0.9591729213808033,0.0,0.0,1.0,0.0,0.0,0.0,0.0,1.0,0.0,0.0,0.0,0.0,0.0,0.0,0.0,0.0,0.0,1.0,0.0,1.0,0.0,1.0
-0.6486681098094882,0.0,-0.2763844829531117,-0.5173324155417446,1.0617867539482457,0.2546249253678617,0.9894861367222936,0.3796721288811475,-0.9614863916702531,1.1532535902386967,-0.5953459351225199,-1.0903445355634656,-0.8772324258614291,3.0,0.26623257679518353,0.24198831185855807,-0.6989208554380613,0.9316033855643254,0.33809616377248186,-0.32430988298461916,-0.6791456840737199,1.4165496261487232,-0.8781534100649921,0.4657721211034274,1.026510528058953,-0.5370450074100981,0.0,0.0,0.0,0.0,-0.2991181791254067,0.0,1.0,0.0,0.0,0.0,0.0,1.0,1.0,0.0,0.0,0.0,0.0,0.0,1.0,0.0,1.0,0.0,1.0,1.0,0.0,1.0,0.0
-0.6486681098094882,0.0,-1.7266592877878024,-0.8875151110697495,0.08504925188071055,-1.5756862740979403,-0.19147025379064658,-1.0261667362455194,-0.05778754527941421,-1.5679065665042957,0.493143610728268,0.1322385821163929,-0.8772324258614291,3.0,1.1914379855160337,-0.9320143892374165,-0.2880375690977493,-1.3960855268088614,0.33809616377248186,-0.9257424246003343,-0.3687152874355457,1.4900913549533772,0.3597762157796122,-1.3426787921361796,-0.9511703058160944,1.2709772847514702,0.0,0.0,0.0,0.0,0.5286695100718277,0.0,1.0,0.0,0.0,0.0,0.0,0.0,1.0,1.0,0.0,0.0,0.0,0.0,0.0,0.0,1.0,0.0,0.0,1.0,0.0,0.0,1.0
0.8843578088720997,0.0,1.1069545616584395,-0.270543951856408,0.08504925188071055,-1.5756862740979403,1.5307578157073911,0.3796721288811475,0.8459113011114247,-1.5679065665042957,0.8425283765107159,-0.6828168296701794,0.7626976284195812,3.0,-1.584178240646517,0.24198831185855807,1.7663788626038104,-0.6201892226844657,0.33809616377248186,2.2818977973501466,2.114727885669848,1.769122611530813,0.45881058584718054,1.3298097796512396,-2.43443093122238,-0.6123778570578807,0.0,0.0,0.0,1.0,-0.3936530027385676,1.0,0.0,1.0,0.0,0.0,0.0,0.0,1.0,0.0,1.0,0.0,0.0,0.0,0.0,0.0,0.0,0.0,0.0,1.0,0.0,0.0,1.0
-0.6486681098094882,0.0,-1.5134564959659504,-0.8875151110697495,1.0617867539482457,0.2546249253678617,-1.6676657419318217,0.3796721288811475,-0.9614863916702531,1.1532535902386967,-0.9228063149588447,-1.0903445355634656,0.7626976284195812,3.0,-0.6589728319256667,0.24198831185855807,-1.1098041417783733,-0.6201892226844657,-2.4938204216722384,-0.9257424246003343,-0.058284890797371494,-0.48827789955443096,1.5977058416242167,-0.2877490927464089,-0.4567500973473325,1.2709772847514702,0.0,0.0,1.0,0.0,-0.2402344192612704,0.0,1.0,1.0,0.0,0.0,0.0,0.0,1.0,0.0,0.0,0.0,0.0,0.0,1.0,0.0,0.0,0.0,1.0,1.0,0.0,0.0,0.0
-0.42966440714069,0.0,-0.6185005907602695,-0.5173324155417446,1.0617867539482457,1.1697805251007627,0.3990079414658235,0.3796721288811475,0.8459113011114247,-0.6608531809232983,1.272021475557844,1.3548216997962514,-1.1505541015749308,3.0,-0.6589728319256667,1.4159910129545328,0.12284571724256264,-0.6201892226844657,0.33809616377248186,0.6780776863749062,1.8042974890316739,-0.8960767779386416,1.822783955414145,0.6589826887572316,0.037670111121429345,0.0656339113771025,0.0,0.0,0.0,0.0,0.43118532414561267,1.0,0.0,1.0,0.0,0.0,0.0,0.0,0.0,0.0,0.0,1.0,0.0,0.0,0.0,0.0,1.0,0.0,0.0,1.0,0.0,0.0,0.0
0.22734670086570485,0.0,-1.6993891632524494,0.09963874367159682,-1.8684257522543597,0.2546249253678617,1.6291708482501361,0.3796721288811475,1.7496101475022634,-1.5679065665042957,-1.258980232799398,-0.6828168296701794,-0.3305890744344257,3.0,1.1914379855160337,-0.9320143892374165,1.3554955762634984,0.1557070814399298,0.33809616377248186,2.2818977973501466,2.7355886789461965,-0.019206082055914793,0.9787410287019146,1.310629239662335,0.037670111121429345,-0.45094630937753627,0.0,0.0,0.0,1.0,0.16541344107134345,0.0,1.0,0.0,0.0,1.0,0.0,0.0,1.0,0.0,0.0,1.0,0.0,0.0,0.0,0.0,1.0,0.0,1.0,1.0,0.0,0.0,0.0
0.6653541062033014,0.0,-1.5308102115793571,0.09963874367159682,1.0617867539482457,0.2546249253678617,-1.6184592256604493,0.3796721288811475,-0.9614863916702531,1.1532535902386967,-0.5113024556623815,-1.0903445355634656,1.036019304133083,3.0,-1.584178240646517,-0.9320143892374165,-0.2880375690977493,1.707499689688721,0.33809616377248186,0.27712265863109603,-0.3687152874355457,-0.7014057708466856,-0.46551020145012406,0.767180606643362,0.037670111121429345,0.8943151081711811,0.0,0.0,0.0,0.0,-0.6594484054485071,1.0,0.0,1.0,0.0,0.0,0.0,0.0,0.0,0.0,1.0,0.0,0.0,0.0,0.0,0.0,0.0,1.0,0.0,1.0,0.0,0.0,0.0
1.3223652142096962,0.0,0.7152564092415487,-1.0109093429124179,-0.8916882501868245,0.2546249253678617,1.1863122018077836,-1.0261667362455194,1.7496101475022634,0.24620020465769926,0.49145711950164317,1.7623494056895375,-0.8772324258614291,3.0,1.1914379855160337,-0.9320143892374165,1.903339958050581,-0.6201892226844657,0.33809616377248186,0.07664514475919097,-0.6791456840737199,2.4812733485573344,-0.8781534100649921,-1.0992334768923866,1.026510528058953,-1.3119153323939476,0.0,0.0,0.0,0.0,3.5372260421810915,0.0,1.0,0.0,0.0,0.0,0.0,1.0,0.0,0.0,0.0,0.0,0.0,0.0,0.0,0.0,0.0,1.0,1.0,0.0,1.0,0.0,0.0
1.6508707682128936,1.0,-0.19705321157753888,-0.14714972001373974,1.0617867539482457,0.2546249253678617,0.9402796204509211,-1.0261667362455194,-0.05778754527941421,-0.6608531809232983,0.4826030405618627,-0.27528912377689324,-0.057267398720923963,3.0,-1.584178240646517,-0.9320143892374165,-0.014115378204207997,0.1557070814399298,-1.0778621289498782,0.27712265863109603,1.4938670923934996,1.5240657611837085,2.010349050239085,0.2983229624701303,-1.4455905142848562,-0.9890522754692704,0.0,0.0,0.0,1.0,-0.4571419072669466,0.0,1.0,0.0,0.0,1.0,0.0,0.0,1.0,0.0,0.0,0.0,0.0,0.0,1.0,0.0,1.0,0.0,0.0,0.0,1.0,0.0,1.0
-1.0866755151470848,0.0,1.0350605969743265,-0.5173324155417446,0.08504925188071055,0.2546249253678617,0.9402796204509211,0.3796721288811475,-0.9614863916702531,-0.6608531809232983,0.9310691659085204,-0.6828168296701794,-0.8772324258614291,3.0,-0.6589728319256667,-0.9320143892374165,-0.9728430463316026,-0.6201892226844657,-1.0778621289498782,-0.5247873968565242,-0.3687152874355457,-0.6827029104093627,-0.13539563455822945,0.767180606643362,-0.9511703058160944,0.517638806399078,0.0,0.0,1.0,0.0,-0.5415868071775534,0.0,1.0,1.0,0.0,0.0,0.0,0.0,0.0,0.0,0.0,0.0,0.0,0.0,1.0,0.0,0.0,1.0,1.0,0.0,0.0,0.0,0.0
-0.5391662584750891,0.0,-0.5317320126932368,-0.14714972001373974,-0.8916882501868245,0.2546249253678617,-0.043850704976529056,-1.0261667362455194,-0.05778754527941421,-0.6608531809232983,1.449103054353453,-0.6828168296701794,-1.1505541015749308,3.0,1.1914379855160337,-0.9320143892374165,0.2598068126893333,-0.6201892226844657,0.33809616377248186,1.2795102279906212,2.7355886789461965,-0.7111422640780546,2.039823565140147,1.2192933349532638,0.5320903195901912,1.039190859598625,1.0,0.0,0.0,0.0,-0.4373415099839857,0.0,1.0,0.0,0.0,0.0,0.0,1.0,0.0,0.0,0.0,0.0,0.0,0.0,0.0,0.0,1.0,0.0,1.0,1.0,0.0,0.0,1.0
-1.0866755151470848,0.0,1.4242796471607309,-0.8875151110697495,0.08504925188071055,1.1697805251007627,0.3990079414658235,0.3796721288811475,-0.05778754527941421,0.24620020465769926,-1.2748613585167818,-0.6828168296701794,-1.1505541015749308,3.0,-1.584178240646517,-0.9320143892374165,-0.8358819508848319,0.1557070814399298,0.33809616377248186,-0.32430988298461916,-0.6791456840737199,-1.0255696982981797,-0.8781534100649921,0.8843950176866698,0.037670111121429345,0.6683092141052549,1.0,0.0,0.0,0.0,0.12879807225983705,0.0,1.0,1.0,0.0,0.0,0.0,0.0,1.0,0.0,0.0,0.0,0.0,0.0,0.0,0.0,0.0,1.0,1.0,0.0,0.0,1.0,0.0
-0.6486681098094882,0.0,-0.2763844829531117,-0.270543951856408,0.08504925188071055,1.1697805251007627,0.349801425194451,0.3796721288811475,-0.05778754527941421,1.1532535902386967,-1.0076930400322954,0.5397662880096791,-0.8772324258614291,3.0,1.1914379855160337,2.5899937140505074,0.2598068126893333,0.1557070814399298,0.33809616377248186,0.07664514475919097,-0.3687152874355457,0.26106736253057244,-0.4139298003732655,-0.2877490927464089,2.015350944996477,1.2709880467950734,1.0,0.0,0.0,0.0,-0.2122672204857294,0.0,1.0,0.0,1.0,0.0,0.0,0.0,1.0,0.0,0.0,0.0,0.0,0.0,0.0,0.0,0.0,0.0,0.0,1.0,0.0,0.0,1.0
-0.5391662584750891,0.0,0.5342819464160231,-0.8875151110697495,1.0617867539482457,-1.5756862740979403,0.3990079414658235,1.7855109940078144,-0.05778754527941421,1.1532535902386967,-0.5278862860575259,1.7623494056895375,0.21605427699257776,3.0,0.26623257679518353,-0.9320143892374165,-0.15107647365097865,-2.171981830933257,-1.0778621289498782,0.07664514475919097,-0.6791456840737199,1.6262060894669448,-0.8781534100649921,0.1917644069762141,-0.4567500973473325,1.2709880467950734,0.0,0.0,0.0,0.0,0.248221374339298,0.0,1.0,0.0,0.0,1.0,0.0,0.0,0.0,0.0,0.0,0.0,0.0,0.0,1.0,0.0,0.0,1.0,0.0,1.0,0.0,0.0,1.0
-0.9771736638126857,1.0,0.8788771564536676,-0.8875151110697495,1.0617867539482457,-1.5756862740979403,0.8910731041795485,-2.432005601372186,-0.9614863916702531,1.1532535902386967,1.4649841800708372,0.9472939939029652,-0.6039107501479274,3.0,1.1914379855160337,-0.9320143892374165,-0.8358819508848319,0.9316033855643254,-1.0778621289498782,-0.7252649107284292,-0.058284890797371494,0.20072133246143256,0.9787410287019146,-0.2877490927464089,0.037670111121429345,0.2665217950441287,0.0,0.0,1.0,0.0,-0.08107234075328855,0.0,1.0,0.0,0.0,1.0,0.0,0.0,1.0,0.0,0.0,0.0,0.0,0.0,1.0,0.0,1.0,0.0,1.0,0.0,0.0,1.0,0.0
-0.7581699611438873,0.0,1.1714112196510924,2.320734916839626,-0.8916882501868245,1.1697805251007627,-0.09305722124790157,0.3796721288811475,-0.05778754527941421,1.1532535902386967,-0.3343614178023245,-0.6828168296701794,-0.6039107501479274,3.0,1.1914379855160337,1.4159910129545328,-0.014115378204207997,-0.6201892226844657,0.33809616377248186,0.6780776863749062,-0.3687152874355457,2.2713028996768556,-0.5405362393801,0.8843950176866698,2.015350944996477,0.668311624811287,0.0,0.0,0.0,0.0,-0.6743776969457032,0.0,1.0,0.0,0.0,1.0,0.0,0.0,0.0,0.0,0.0,0.0,0.0,0.0,1.0,0.0,1.0,0.0,0.0,0.0,0.0,0.0,1.0
-0.6486681098094882,0.0,-0.011120544291040072,-0.270543951856408,-0.8916882501868245,0.2546249253678617,-0.8803614815898617,-1.0261667362455194,0.8459113011114247,0.24620020465769926,-0.03922545314297595,-0.6828168296701794,2.4026276827005915,4.0,-1.584178240646517,0.24198831185855807,-0.15107647365097865,-0.6201892226844657,0.33809616377248186,0.6780776863749062,1.8042974890316739,0.655724008873949,1.822783955414145,1.1507914064214602,-0.4567500973473325,0.9696504815283791,0.0,0.0,0.0,0.0,-0.1039169628798406,1.0,0.0,1.0,0.0,0.0,0.0,0.0,0.0,0.0,0.0,0.0,1.0,0.0,0.0,0.0,1.0,0.0,0.0,1.0,0.0,0.0,0.0
0.22734670086570485,0.0,-0.3234874253323581,-0.270543951856408,-0.8916882501868245,0.2546249253678617,-0.5851223839616266,-1.0261667362455194,2.6533089938931025,1.1532535902386967,0.9595989758255908,-0.6828168296701794,-0.057267398720923963,3.0,-1.584178240646517,0.24198831185855807,1.3554955762634984,-0.6201892226844657,0.33809616377248186,2.2818977973501466,3.3564494722225446,0.3531682943844573,1.3163581993868068,1.310629239662335,0.037670111121429345,-0.45094630937753627,0.0,0.0,0.0,1.0,0.6977662826869399,1.0,0.0,0.0,0.0,1.0,0.0,0.0,1.0,0.0,0.0,1.0,0.0,0.0,0.0,0.0,1.0,0.0,0.0,1.0,0.0,0.0,0.0
0.22734670086570485,1.0,0.8912726676061008,-0.7641208792270812,-0.8916882501868245,1.1697805251007627,-1.2248070954894692,0.3796721288811475,-0.05778754527941421,0.24620020465769926,0.4869598095639769,0.5397662880096791,0.7626976284195812,3.0,-1.584178240646517,-0.9320143892374165,0.12284571724256264,0.1557070814399298,-1.0778621289498782,-1.1262199384722393,-0.6791456840737199,-0.7069498982884528,-0.8781534100649921,-1.7754704636807008,-0.4567500973473325,-1.742399228925451,1.0,0.0,0.0,1.0,0.015066522012586,0.0,1.0,0.0,0.0,1.0,0.0,0.0,0.0,0.0,0.0,0.0,0.0,0.0,0.0,0.0,1.0,0.0,1.0,1.0,0.0,0.0,1.0
-0.42966440714069,0.0,-0.7300601911321688,0.09963874367159682,0.08504925188071055,-0.6605306743650393,-0.9787745141326066,-1.0261667362455194,-0.05778754527941421,1.1532535902386967,-1.4048617239024472,0.1322385821163929,-0.3305890744344257,3.0,0.26623257679518353,-0.9320143892374165,-0.2880375690977493,2.4833959938131165,-1.0778621289498782,0.07664514475919097,-0.6791456840737199,-0.9400454361903058,-0.8781534100649921,0.4155373735134381,0.037670111121429345,1.2709880467950734,1.0,0.0,0.0,0.0,-0.5337406567179448,1.0,0.0,0.0,1.0,0.0,0.0,0.0,1.0,0.0,0.0,0.0,0.0,0.0,0.0,0.0,0.0,1.0,0.0,1.0,0.0,1.0,0.0
1.103361511540898,0.0,1.6845853813618292,-0.5173324155417446,2.038524256015781,1.1697805251007627,-1.1756005792180968,0.3796721288811475,2.6533089938931025,0.24620020465769926,0.2897808769844217,0.5397662880096791,-1.1505541015749308,3.0,-0.6589728319256667,0.24198831185855807,1.3554955762634984,-0.6201892226844657,0.33809616377248186,-0.7252649107284292,-0.3687152874355457,0.410345984517507,0.050293809318461155,-1.566451758673404,0.5320903195901912,0.2665217950441287,0.0,0.0,0.0,1.0,1.0957749653538436,0.0,1.0,1.0,0.0,0.0,0.0,0.0,1.0,0.0,0.0,0.0,0.0,1.0,0.0,0.0,1.0,0.0,0.0,0.0,1.0,0.0,0.0
0.6653541062033014,0.0,-0.6036259773773496,0.09963874367159682,1.0617867539482457,0.2546249253678617,0.7926600716368035,-1.0261667362455194,-0.05778754527941421,0.24620020465769926,-1.1364285369979923,-0.6828168296701794,-1.1505541015749308,3.0,-0.6589728319256667,0.24198831185855807,-0.2880375690977493,0.1557070814399298,1.754054456494842,0.4776001725030011,-0.6791456840737199,1.8112695567111188,-0.8781534100649921,1.1188238397732855,0.5320903195901912,0.6013471740137043,0.0,0.0,0.0,1.0,-0.5012835594929456,1.0,0.0,1.0,0.0,0.0,0.0,0.0,0.0,0.0,1.0,0.0,0.0,0.0,0.0,0.0,0.0,0.0,0.0,1.0,0.0,0.0,1.0
-1.0866755151470848,0.0,-1.4688326558171907,-1.0109093429124179,-1.8684257522543597,0.2546249253678617,0.349801425194451,0.3796721288811475,-0.05778754527941421,-0.6608531809232983,1.095361519568891,-1.0903445355634656,-0.6039107501479274,3.0,1.1914379855160337,0.24198831185855807,-0.6989208554380613,-2.171981830933257,0.33809616377248186,-0.32430988298461916,-0.3687152874355457,-0.24117805906370757,-0.25918859714269,0.4657721211034274,0.5320903195901912,0.6683092141052549,1.0,0.0,0.0,0.0,1.1730793038749505,0.0,0.0,0.0,1.0,0.0,0.0,0.0,1.0,0.0,0.0,0.0,0.0,0.0,0.0,0.0,1.0,0.0,1.0,0.0,0.0,0.0,1.0
1.869874470881692,0.0,0.3111627456722245,1.3335810620982798,1.0617867539482457,1.1697805251007627,-1.7168722582031943,0.3796721288811475,-0.05778754527941421,0.24620020465769926,0.3614567541159777,0.1322385821163929,-0.8772324258614291,3.0,1.1914379855160337,-0.9320143892374165,1.2185344808167278,0.9316033855643254,-1.0778621289498782,-0.5247873968565242,-0.6791456840737199,1.4595560801627174,-0.8781534100649921,-1.3761686238628392,1.026510528058953,0.517638806399078,0.0,0.0,0.0,0.0,-0.6540617368904202,1.0,0.0,1.0,0.0,0.0,0.0,0.0,0.0,0.0,0.0,0.0,0.0,0.0,1.0,0.0,0.0,1.0,0.0,0.0,1.0,1.0,0.0
0.6653541062033014,0.0,0.49213720849775006,-0.270543951856408,0.08504925188071055,0.2546249253678617,-1.1263940629467242,0.3796721288811475,0.8459113011114247,-1.5679065665042957,-0.7098867975974575,2.1698771115828235,0.21605427699257776,3.0,-1.584178240646517,0.24198831185855807,-0.15107647365097865,-1.3960855268088614,-1.0778621289498782,-1.1262199384722393,-0.6791456840737199,0.9470661073398936,-0.8781534100649921,-1.726289591914278,-1.940010722753618,-1.742399228925451,0.0,0.0,0.0,1.0,-0.02304234366398377,0.0,1.0,1.0,0.0,0.0,0.0,0.0,0.0,0.0,0.0,0.0,0.0,0.0,0.0,0.0,1.0,0.0,0.0,1.0,0.0,0.0,0.0
0.8843578088720997,0.0,-0.6284169996822161,-0.14714972001373974,1.0617867539482457,1.1697805251007627,0.448214457737196,0.3796721288811475,-0.05778754527941421,1.1532535902386967,-0.7076381426286243,2.373640964529467,-0.3305890744344257,3.0,-1.584178240646517,1.4159910129545328,0.12284571724256264,0.1557070814399298,0.33809616377248186,0.6780776863749062,2.114727885669848,0.4094818279876954,2.1604011260990372,0.6589826887572316,0.5320903195901912,0.9696504815283791,0.0,0.0,0.0,1.0,-0.5429666258035436,0.0,1.0,0.0,0.0,0.0,1.0,0.0,1.0,0.0,0.0,0.0,0.0,0.0,1.0,0.0,1.0,0.0,0.0,1.0,0.0,1.0,0.0
0.33684855220010396,0.0,0.7970667828476081,-1.0109093429124179,-0.8916882501868245,-0.6605306743650393,-0.4375028351475091,-2.432005601372186,-0.05778754527941421,1.1532535902386967,-0.14617710509810178,-0.27528912377689324,1.855984331273588,4.0,0.26623257679518353,2.5899937140505074,-0.6989208554380613,-0.6201892226844657,-1.0778621289498782,-0.5247873968565242,-0.6791456840737199,0.2233360704241571,-0.8781534100649921,-0.036575354796463615,0.037670111121429345,0.517638806399078,1.0,0.0,0.0,1.0,1.5170680873343338,0.0,1.0,0.0,0.0,1.0,0.0,0.0,1.0,0.0,0.0,0.0,0.0,0.0,0.0,0.0,1.0,0.0,1.0,1.0,0.0,0.0,1.0
-0.8676718124782865,1.0,-1.2010896149246324,-0.14714972001373974,1.0617867539482457,-0.6605306743650393,0.5466274902799411,-2.432005601372186,-0.9614863916702531,-1.5679065665042957,-1.342742630388432,-0.6828168296701794,-1.1505541015749308,3.0,1.1914379855160337,-0.9320143892374165,-0.5619597599912906,0.9316033855643254,-1.0778621289498782,0.07664514475919097,-0.6791456840737199,-1.0027115917101481,-0.8781534100649921,1.0309130314908046,-0.9511703058160944,1.2709880467950734,0.0,0.0,1.0,0.0,-0.6518343153941789,0.0,1.0,0.0,0.0,0.0,1.0,0.0,1.0,0.0,1.0,0.0,0.0,0.0,0.0,0.0,1.0,0.0,1.0,0.0,0.0,0.0,0.0
-0.8676718124782865,0.0,-0.15986667812023914,-0.02375548817107146,2.038524256015781,-0.6605306743650393,-1.7660787744745667,-1.0261667362455194,-0.9614863916702531,1.1532535902386967,-0.9405144728384056,-1.0903445355634656,0.4893759527060795,3.0,0.26623257679518353,-0.9320143892374165,-0.9728430463316026,-0.6201892226844657,0.33809616377248186,-0.7252649107284292,-0.058284890797371494,0.6688183192704894,0.9787410287019146,0.0638941403835146,0.5320903195901912,0.2665217950441287,0.0,0.0,0.0,0.0,-0.5507143073884793,0.0,1.0,0.0,0.0,0.0,1.0,0.0,1.0,0.0,1.0,0.0,0.0,0.0,0.0,0.0,0.0,1.0,0.0,0.0,0.0,1.0,0.0
-0.7581699611438873,0.0,-0.5763558528419964,-0.5173324155417446,0.08504925188071055,1.1697805251007627,-1.7660787744745667,-1.0261667362455194,-0.05778754527941421,0.24620020465769926,-1.2482991216974406,-0.6828168296701794,-0.6039107501479274,3.0,0.26623257679518353,2.5899937140505074,-0.15107647365097865,-0.6201892226844657,0.33809616377248186,0.6780776863749062,-0.3687152874355457,-0.33802170880350624,-0.5405362393801,1.1507914064214602,1.026510528058953,0.9696504815283791,1.0,0.0,0.0,0.0,-0.16489632228219972,0.0,1.0,0.0,1.0,0.0,0.0,0.0,0.0,0.0,0.0,0.0,0.0,0.0,0.0,0.0,0.0,0.0,0.0,0.0,0.0,0.0,1.0
-1.0866755151470848,0.0,0.811941396230528,-0.14714972001373974,1.0617867539482457,-0.6605306743650393,-0.4867093514188816,0.3796721288811475,-0.05778754527941421,-0.6608531809232983,-1.5316296477704152,-0.6828168296701794,0.7626976284195812,3.0,-1.584178240646517,0.24198831185855807,-0.42499866454451996,0.1557070814399298,0.33809616377248186,0.27712265863109603,-0.6791456840737199,-0.29777499722333,-0.8781534100649921,1.079752369425516,-1.4455905142848562,0.8943151081711811,1.0,0.0,0.0,0.0,-0.3693164517226636,0.0,1.0,0.0,1.0,0.0,0.0,0.0,0.0,0.0,0.0,0.0,0.0,0.0,0.0,0.0,1.0,0.0,0.0,0.0,0.0,0.0,1.0
0.008342998196906572,0.0,0.9656457345207003,-0.5173324155417446,-0.8916882501868245,1.1697805251007627,-0.2406767700620191,0.3796721288811475,-0.05778754527941421,1.1532535902386967,1.2457403206096067,1.7623494056895375,0.21605427699257776,3.0,0.26623257679518353,1.4159910129545328,-0.42499866454451996,-0.6201892226844657,-1.0778621289498782,-0.12383236911271409,-0.6791456840737199,-0.3772869203146836,-0.8781534100649921,0.2983229624701303,1.026510528058953,-0.7379370428425979,0.0,0.0,0.0,1.0,-0.14119793738081624,0.0,1.0,0.0,0.0,1.0,0.0,0.0,1.0,0.0,0.0,0.0,1.0,0.0,0.0,0.0,0.0,0.0,0.0,1.0,0.0,0.0,1.0
0.11784484953130571,0.0,-1.1391120591624662,0.7166099028849382,-0.8916882501868245,0.2546249253678617,1.2847252343505287,-1.0261667362455194,0.8459113011114247,1.1532535902386967,0.19238600864683664,-1.0903445355634656,-0.3305890744344257,3.0,-0.6589728319256667,0.24198831185855807,0.12284571724256264,0.1557070814399298,0.33809616377248186,0.8785552002468112,-0.058284890797371494,-0.8189991300333859,-0.25918859714269,0.9294774834725573,0.5320903195901912,0.997045172088266,0.0,0.0,0.0,1.0,-0.3513529379855523,0.0,1.0,1.0,0.0,0.0,0.0,0.0,1.0,0.0,0.0,0.0,0.0,1.0,0.0,0.0,0.0,0.0,1.0,1.0,0.0,0.0,0.0
-0.6486681098094882,0.0,1.0648098237401664,-0.270543951856408,1.0617867539482457,0.2546249253678617,-1.3232201280322142,0.3796721288811475,0.8459113011114247,1.1532535902386967,1.6021521331696582,-0.6828168296701794,-0.3305890744344257,3.0,0.26623257679518353,-0.9320143892374165,-0.014115378204207997,-0.6201892226844657,-1.0778621289498782,0.8785552002468112,0.5625759024789769,-0.060539347266088936,0.3597762157796122,1.1774310452949392,0.5320903195901912,0.7231007319868943,0.0,0.0,0.0,0.0,-0.2436235987613591,0.0,1.0,0.0,0.0,1.0,0.0,0.0,0.0,0.0,0.0,0.0,1.0,0.0,0.0,0.0,0.0,1.0,1.0,1.0,0.0,0.0,1.0
-0.8676718124782865,0.0,-1.6324534030293096,0.09963874367159682,-1.8684257522543597,1.1697805251007627,-1.3232201280322142,-1.0261667362455194,-0.05778754527941421,-0.6608531809232983,-0.3439182014198653,-0.6828168296701794,-0.3305890744344257,3.0,-1.584178240646517,1.4159910129545328,-0.5619597599912906,-0.6201892226844657,0.33809616377248186,0.07664514475919097,-0.3687152874355457,0.5633369359608525,-0.4139298003732655,1.0309130314908046,-0.4567500973473325,1.2709880467950734,1.0,0.0,0.0,0.0,-0.3313212642851669,0.0,1.0,0.0,1.0,0.0,0.0,0.0,0.0,0.0,0.0,0.0,0.0,0.0,0.0,0.0,0.0,0.0,1.0,0.0,0.0,0.0,1.0
-0.2106607044718917,0.0,1.223472366491312,-0.5173324155417446,1.0617867539482457,0.2546249253678617,-0.19147025379064658,0.3796721288811475,0.8459113011114247,-0.6608531809232983,0.5552627042422833,-1.0903445355634656,-0.6039107501479274,3.0,1.1914379855160337,-0.9320143892374165,0.8076511944764159,1.707499689688721,0.33809616377248186,1.8809427696063366,-0.6791456840737199,0.31828438331464215,-0.8781534100649921,1.079752369425516,0.5320903195901912,-0.6123780924788528,0.0,0.0,0.0,0.0,0.039696284486513016,0.0,1.0,0.0,0.0,0.0,0.0,1.0,1.0,0.0,0.0,0.0,1.0,0.0,0.0,0.0,0.0,1.0,0.0,1.0,0.0,0.0,1.0
-1.5246829204846812,0.0,1.2557006954876386,2.0739464531542895,-1.8684257522543597,0.2546249253678617,0.841866587908176,0.3796721288811475,-0.9614863916702531,1.1532535902386967,0.25000779222318564,-0.6828168296701794,-0.8772324258614291,3.0,0.26623257679518353,1.4159910129545328,-0.9728430463316026,-0.6201892226844657,-1.0778621289498782,-0.5247873968565242,-0.6791456840737199,-0.30102063103516524,-0.8781534100649921,0.767180606643362,0.5320903195901912,-0.23570720537576498,0.0,0.0,0.0,0.0,-0.7312428773199209,0.0,1.0,1.0,0.0,0.0,0.0,0.0,1.0,0.0,0.0,0.0,0.0,0.0,1.0,0.0,0.0,0.0,0.0,0.0,0.0,0.0,0.0
0.4463504035345031,0.0,-0.7920377468943351,-0.3939381836990763,0.08504925188071055,1.1697805251007627,1.432344783164646,-1.0261667362455194,-0.05778754527941421,-0.6608531809232983,-0.5907080842493015,1.3548216997962514,-0.057267398720923963,3.0,1.1914379855160337,-0.9320143892374165,-0.42499866454451996,0.1557070814399298,0.33809616377248186,-0.32430988298461916,-0.3687152874355457,-0.5026330076391903,-0.25918859714269,-0.0923917410075624,1.026510528058953,0.6683092141052549,0.0,0.0,0.0,0.0,-0.262971859048125,0.0,1.0,0.0,0.0,1.0,0.0,0.0,1.0,0.0,0.0,0.0,1.0,0.0,0.0,0.0,0.0,1.0,1.0,1.0,0.0,0.0,1.0
1.103361511540898,0.0,1.2557006954876386,-0.6407266473844129,-1.8684257522543597,-0.6605306743650393,1.6291708482501361,0.3796721288811475,-0.05778754527941421,0.24620020465769926,1.6074926887206369,0.1322385821163929,1.036019304133083,3.0,-1.584178240646517,-0.9320143892374165,-0.8358819508848319,0.1557070814399298,0.33809616377248186,-1.3266974523441444,-0.6791456840737199,0.3869074198814287,-0.8781534100649921,-2.045965258396027,-0.9511703058160944,-1.742399228925451,1.0,0.0,0.0,0.0,-0.4284554780326081,1.0,0.0,0.0,0.0,1.0,0.0,0.0,1.0,0.0,0.0,0.0,0.0,0.0,0.0,1.0,0.0,1.0,0.0,0.0,1.0,1.0,0.0
0.5558522548689022,0.0,0.01862868247479974,1.7037637576262845,2.038524256015781,-1.5756862740979403,-1.0771875466753518,0.3796721288811475,1.7496101475022634,1.1532535902386967,0.22316447353274013,-0.27528912377689324,-0.3305890744344257,3.0,-0.6589728319256667,-0.9320143892374165,0.6706900990296453,-0.6201892226844657,0.33809616377248186,-1.1262199384722393,-0.6791456840737199,-0.007522723050013221,-0.8781534100649921,-1.839116297731366,-0.4567500973473325,-1.742399228925451,0.0,0.0,0.0,0.0,-0.3842874838146584,0.0,1.0,1.0,0.0,0.0,0.0,0.0,0.0,0.0,0.0,0.0,0.0,1.0,0.0,0.0,0.0,1.0,0.0,1.0,0.0,0.0,0.0
-0.8676718124782865,0.0,-0.14003386027634593,-0.8875151110697495,0.08504925188071055,1.1697805251007627,-0.2406767700620191,0.3796721288811475,-0.05778754527941421,0.24620020465769926,0.3675000143447168,-0.6828168296701794,-0.3305890744344257,3.0,-1.584178240646517,0.24198831185855807,-0.9728430463316026,0.1557070814399298,-1.0778621289498782,-0.5247873968565242,-0.6791456840737199,-0.9538802432959911,-0.8781534100649921,0.767180606643362,-0.4567500973473325,0.517638806399078,1.0,0.0,0.0,0.0,0.1641904200164884,0.0,0.0,1.0,0.0,0.0,0.0,0.0,1.0,0.0,0.0,0.0,0.0,0.0,0.0,0.0,1.0,0.0,0.0,0.0,0.0,1.0,0.0
0.5558522548689022,0.0,-0.6408125108346494,-0.8875151110697495,-1.8684257522543597,0.2546249253678617,-0.6835354165043717,0.3796721288811475,-0.9614863916702531,0.24620020465769926,1.3637947064733462,-1.0903445355634656,-1.1505541015749308,3.0,0.26623257679518353,0.24198831185855807,-0.9728430463316026,1.707499689688721,0.33809616377248186,-0.7252649107284292,-0.3687152874355457,-1.055245792245355,0.050293809318461155,0.0638941403835146,0.5320903195901912,0.2665217950441287,0.0,0.0,0.0,1.0,-0.2400274464673719,0.0,1.0,0.0,0.0,0.0,0.0,1.0,1.0,1.0,0.0,0.0,0.0,0.0,0.0,0.0,0.0,0.0,1.0,1.0,0.0,0.0,0.0
-0.5391662584750891,0.0,0.6433624445574357,-0.8875151110697495,0.08504925188071055,0.2546249253678617,0.448214457737196,0.3796721288811475,-0.9614863916702531,-0.6608531809232983,-1.4555970016367448,-0.6828168296701794,-0.6039107501479274,3.0,0.26623257679518353,0.24198831185855807,-0.42499866454451996,0.9316033855643254,0.33809616377248186,0.27712265863109603,-0.6791456840737199,-0.7776289695770259,-0.8781534100649921,1.079752369425516,0.037670111121429345,-1.742399228925451,0.0,0.0,1.0,0.0,-0.3075005772782979,0.0,1.0,0.0,0.0,1.0,0.0,0.0,0.0,0.0,1.0,0.0,0.0,0.0,0.0,0.0,1.0,0.0,0.0,1.0,0.0,0.0,0.0
1.2128633628752972,0.0,-0.6755199420614625,2.4441291486822943,-1.8684257522543597,-1.5756862740979403,1.235518718079156,0.3796721288811475,0.8459113011114247,0.24620020465769926,1.3583136099868154,0.1322385821163929,1.5826626555600865,4.0,-0.6589728319256667,0.24198831185855807,0.5337290035828746,0.1557070814399298,-2.4938204216722384,-1.3266974523441444,-0.6791456840737199,-0.7903116419805322,-0.8781534100649921,-2.045965258396027,-1.940010722753618,-1.742399228925451,1.0,0.0,0.0,1.0,-0.5392273173271099,0.0,1.0,0.0,0.0,1.0,0.0,0.0,0.0,0.0,0.0,1.0,0.0,0.0,0.0,0.0,1.0,0.0,0.0,0.0,1.0,0.0,0.0
0.008342998196906572,0.0,1.280491717792505,-0.3939381836990763,0.08504925188071055,0.2546249253678617,-0.7327419327757442,1.7855109940078144,-0.05778754527941421,-1.5679065665042957,0.37775950264001795,0.5397662880096791,-0.6039107501479274,3.0,-1.584178240646517,1.4159910129545328,0.2598068126893333,-0.6201892226844657,0.33809616377248186,0.07664514475919097,1.1834366957553253,2.44960049027654,1.907188248085368,-0.2877490927464089,-1.4455905142848562,1.2709880467950734,0.0,0.0,0.0,1.0,-0.2681166113536031,0.0,1.0,0.0,0.0,1.0,0.0,0.0,1.0,0.0,0.0,0.0,0.0,0.0,1.0,0.0,0.0,0.0,1.0,1.0,0.0,0.0,1.0
-0.7581699611438873,0.0,-0.40033959447744427,1.950552221311621,-0.8916882501868245,1.1697805251007627,0.9402796204509211,0.3796721288811475,-0.05778754527941421,0.24620020465769926,-1.1586340048152193,1.7623494056895375,-0.8772324258614291,3.0,-0.6589728319256667,0.24198831185855807,-0.9728430463316026,-0.6201892226844657,1.754054456494842,-0.9257424246003343,-0.058284890797371494,-0.9174066609264566,1.5977058416242167,-0.6393923258763324,1.026510528058953,1.2709772847514702,1.0,0.0,0.0,0.0,-0.6849234274443694,0.0,0.0,0.0,0.0,0.0,0.0,1.0,0.0,0.0,0.0,0.0,0.0,0.0,0.0,0.0,1.0,0.0,1.0,0.0,0.0,1.0,0.0
-1.1961773664814839,0.0,0.3235582568246578,-1.0109093429124179,0.08504925188071055,0.2546249253678617,-0.4375028351475091,0.3796721288811475,-0.05778754527941421,0.24620020465769926,0.8211661543068011,-0.6828168296701794,0.4893759527060795,3.0,-0.6589728319256667,0.24198831185855807,-0.42499866454451996,0.1557070814399298,0.33809616377248186,0.27712265863109603,1.4938670923934996,-0.6826341767087631,2.010349050239085,1.079752369425516,0.037670111121429345,0.8943151081711811,1.0,0.0,0.0,0.0,0.8461657759121972,0.0,1.0,1.0,0.0,0.0,0.0,0.0,1.0,0.0,0.0,0.0,0.0,0.0,0.0,0.0,1.0,0.0,0.0,0.0,0.0,0.0,1.0
0.5558522548689022,0.0,1.3127200467888316,-0.8875151110697495,1.0617867539482457,-1.5756862740979403,1.5799643319787637,-1.0261667362455194,-0.05778754527941421,1.1532535902386967,0.3885811546775274,0.1322385821163929,2.1293060069870897,4.0,-0.6589728319256667,-0.9320143892374165,0.39676790813610396,2.4833959938131165,0.33809616377248186,-1.1262199384722393,-0.6791456840737199,-0.2883196681968441,-0.8781534100649921,-1.8115364363094113,-0.4567500973473325,-1.742399228925451,0.0,0.0,0.0,0.0,0.6054564166081884,0.0,1.0,0.0,0.0,0.0,1.0,0.0,1.0,0.0,0.0,0.0,0.0,0.0,0.0,0.0,0.0,1.0,0.0,1.0,0.0,0.0,1.0
-1.7436866231534796,1.0,-0.11524283797147941,-1.0109093429124179,-1.8684257522543597,-1.5756862740979403,1.6291708482501361,-1.0261667362455194,-0.9614863916702531,-0.6608531809232983,-0.7256273823792895,-0.6828168296701794,-1.1505541015749308,3.0,0.26623257679518353,-0.9320143892374165,-1.1098041417783733,0.1557070814399298,0.33809616377248186,-0.7252649107284292,-0.3687152874355457,-0.4996632965325882,0.050293809318461155,0.5913589900784001,-0.9511703058160944,0.2665217950441287,1.0,0.0,0.0,0.0,-0.12308781791469342,1.0,0.0,0.0,0.0,0.0,0.0,1.0,0.0,0.0,0.0,0.0,0.0,0.0,0.0,1.0,0.0,1.0,1.0,0.0,0.0,0.0,0.0
-0.10115885313749257,0.0,0.10539726054183252,-1.0109093429124179,2.038524256015781,1.1697805251007627,-1.0279810304039791,0.3796721288811475,-0.05778754527941421,1.1532535902386967,0.1353263888126959,0.5397662880096791,-0.057267398720923963,3.0,-0.6589728319256667,-0.9320143892374165,-0.5619597599912906,2.4833959938131165,0.33809616377248186,-1.1262199384722393,-0.6791456840737199,-0.11373013905981683,-0.8781534100649921,-1.6064112169836224,1.026510528058953,-1.742399228925451,1.0,0.0,0.0,0.0,1.2674588978926875,0.0,0.0,0.0,0.0,1.0,0.0,0.0,0.0,0.0,0.0,0.0,0.0,0.0,0.0,0.0,0.0,1.0,0.0,1.0,0.0,0.0,1.0
-0.10115885313749257,0.0,-0.6482498175261093,-0.7641208792270812,1.0617867539482457,-1.5756862740979403,-0.8803614815898617,-1.0261667362455194,0.8459113011114247,1.1532535902386967,-0.9932173236704321,0.5397662880096791,-1.1505541015749308,3.0,-1.584178240646517,0.24198831185855807,0.6706900990296453,-0.6201892226844657,0.33809616377248186,1.2795102279906212,-0.3687152874355457,1.1632644804528511,-0.6128827759554341,0.6430712302445651,-0.9511703058160944,0.34379333746760604,1.0,0.0,0.0,1.0,0.7075457471986462,1.0,0.0,0.0,0.0,1.0,0.0,0.0,1.0,0.0,0.0,0.0,0.0,0.0,0.0,0.0,1.0,0.0,0.0,1.0,0.0,0.0,0.0
2.1983800248848895,0.0,-0.5193365015408035,-1.0109093429124179,1.0617867539482457,1.1697805251007627,1.0878991692650386,0.3796721288811475,-0.05778754527941421,0.24620020465769926,-1.5945919868977427,-0.27528912377689324,-1.1505541015749308,3.0,0.26623257679518353,-0.9320143892374165,0.5337290035828746,-0.6201892226844657,0.33809616377248186,-0.7252649107284292,-0.3687152874355457,-0.298344646400326,0.050293809318461155,-1.3866341962774202,1.026510528058953,0.2665217950441287,0.0,0.0,0.0,1.0,1.299125735359165,0.0,1.0,0.0,0.0,1.0,0.0,0.0,1.0,0.0,0.0,0.0,0.0,0.0,0.0,0.0,1.0,0.0,0.0,0.0,1.0,0.0,1.0
0.33684855220010396,0.0,0.9135845876804807,0.09963874367159682,1.0617867539482457,1.1697805251007627,-0.9787745141326066,1.7855109940078144,-0.9614863916702531,0.24620020465769926,1.1498914025630946,0.1322385821163929,-0.6039107501479274,3.0,0.26623257679518353,0.24198831185855807,-0.15107647365097865,0.1557070814399298,0.33809616377248186,0.07664514475919097,-0.3687152874355457,-0.9184177013495368,-0.4139298003732655,0.1917644069762141,1.026510528058953,1.2709880467950734,0.0,0.0,0.0,1.0,-0.6731086098458111,0.0,1.0,1.0,0.0,0.0,0.0,0.0,0.0,0.0,1.0,0.0,0.0,0.0,0.0,0.0,1.0,0.0,1.0,1.0,0.0,0.0,0.0
-1.7436866231534796,0.0,0.22935237206616507,-0.02375548817107146,-0.8916882501868245,-1.5756862740979403,-1.3232201280322142,0.3796721288811475,-0.9614863916702531,1.1532535902386967,-1.610894735421783,-0.6828168296701794,2.4026276827005915,4.0,0.26623257679518353,-0.9320143892374165,-1.1098041417783733,0.1557070814399298,-1.0778621289498782,-0.7252649107284292,-0.058284890797371494,-0.01768719633743662,0.9787410287019146,0.5913589900784001,-0.4567500973473325,0.2665217950441287,1.0,0.0,0.0,0.0,-0.6359664011952902,0.0,0.0,0.0,0.0,1.0,0.0,0.0,1.0,0.0,0.0,0.0,0.0,0.0,0.0,1.0,0.0,1.0,0.0,0.0,0.0,0.0,0.0
-0.42966440714069,1.0,-1.1217583435490597,-0.5173324155417446,0.08504925188071055,1.1697805251007627,-1.5692527093890767,0.3796721288811475,-0.9614863916702531,0.24620020465769926,-0.7256273823792895,-0.6828168296701794,-0.6039107501479274,3.0,-0.6589728319256667,-0.9320143892374165,-1.3837263326719145,-0.6201892226844657,0.33809616377248186,-1.1262199384722393,-0.6791456840737199,0.24872619849520436,-0.8781534100649921,-0.2877490927464089,0.5320903195901912,-1.742399228925451,1.0,0.0,1.0,0.0,-0.5029863811154744,0.0,1.0,0.0,1.0,0.0,0.0,0.0,0.0,0.0,0.0,0.0,0.0,0.0,0.0,1.0,0.0,1.0,1.0,1.0,0.0,0.0,0.0
0.008342998196906572,0.0,0.293809030058818,0.09963874367159682,0.08504925188071055,0.2546249253678617,1.5799643319787637,0.3796721288811475,-0.9614863916702531,-1.5679065665042957,0.47079760197548876,1.3548216997962514,1.3093409798465847,4.0,-0.6589728319256667,0.24198831185855807,0.8076511944764159,0.1557070814399298,0.33809616377248186,-0.32430988298461916,-0.6791456840737199,0.1926475130844817,-0.8781534100649921,-1.0691784997017946,-0.9511703058160944,0.6683092141052549,0.0,0.0,0.0,1.0,-0.6031706212166389,0.0,1.0,0.0,0.0,1.0,0.0,0.0,0.0,0.0,1.0,0.0,0.0,0.0,0.0,0.0,1.0,0.0,0.0,1.0,0.0,1.0,0.0
0.9938596602064987,0.0,0.8466488274573412,-0.270543951856408,1.0617867539482457,0.2546249253678617,-1.7660787744745667,0.3796721288811475,-0.05778754527941421,0.24620020465769926,0.24326182731668625,-0.27528912377689324,-0.3305890744344257,3.0,0.26623257679518353,-0.9320143892374165,-0.5619597599912906,-0.6201892226844657,1.754054456494842,-1.1262199384722393,-0.6791456840737199,-0.8106262507794066,-0.8781534100649921,-1.6064112169836224,1.026510528058953,-1.742399228925451,0.0,0.0,0.0,1.0,-0.3899274924483938,0.0,0.0,0.0,0.0,1.0,0.0,0.0,0.0,0.0,0.0,0.0,1.0,0.0,0.0,0.0,1.0,0.0,0.0,0.0,1.0,0.0,1.0
0.4463504035345031,1.0,-1.6349325052597965,-0.6407266473844129,0.08504925188071055,-1.5756862740979403,-0.4867093514188816,0.3796721288811475,-0.05778754527941421,-0.6608531809232983,-0.6682866806740446,-0.6828168296701794,0.7626976284195812,3.0,0.26623257679518353,-0.9320143892374165,-0.42499866454451996,1.707499689688721,0.33809616377248186,0.27712265863109603,1.4938670923934996,1.0190470972905539,2.010349050239085,1.079752369425516,-0.9511703058160944,0.8943151081711811,1.0,0.0,0.0,0.0,0.36371219333468663,1.0,0.0,0.0,1.0,0.0,0.0,0.0,1.0,0.0,0.0,0.0,0.0,0.0,0.0,0.0,0.0,1.0,0.0,1.0,0.0,0.0,0.0
1.4318670655440953,0.0,0.6036968088696494,0.09963874367159682,0.08504925188071055,1.1697805251007627,1.6783773645215088,-1.0261667362455194,0.8459113011114247,1.1532535902386967,-1.6243866652347818,1.3548216997962514,-0.057267398720923963,3.0,1.1914379855160337,-0.9320143892374165,1.2185344808167278,-0.6201892226844657,0.33809616377248186,-0.5247873968565242,-0.3687152874355457,1.1440954866467832,-0.13539563455822945,-1.3761686238628392,2.015350944996477,0.517638806399078,0.0,0.0,0.0,0.0,-0.2055570684289959,0.0,1.0,0.0,0.0,0.0,0.0,1.0,1.0,0.0,0.0,0.0,0.0,0.0,0.0,0.0,0.0,1.0,0.0,0.0,1.0,0.0,0.0
0.33684855220010396,1.0,-0.5639603416895632,1.5803695257836163,-0.8916882501868245,0.2546249253678617,0.10376884383758846,-1.0261667362455194,-0.05778754527941421,0.24620020465769926,-1.1528718264575846,-0.27528912377689324,-0.8772324258614291,3.0,-1.584178240646517,1.4159910129545328,-0.42499866454451996,2.4833959938131165,0.33809616377248186,-0.12383236911271409,-0.3687152874355457,-0.22818172511594226,-0.347612141845876,0.2983229624701303,-0.4567500973473325,0.2665251432402553,1.0,0.0,0.0,1.0,-0.6257887390257575,0.0,1.0,0.0,1.0,0.0,0.0,0.0,1.0,0.0,0.0,0.0,0.0,0.0,0.0,0.0,1.0,0.0,1.0,1.0,0.0,0.0,1.0
-0.6486681098094882,0.0,-0.977970414180834,-0.02375548817107146,1.0617867539482457,0.2546249253678617,-1.1756005792180968,-1.0261667362455194,-0.9614863916702531,-0.6608531809232983,-0.9503523383270506,-1.0903445355634656,0.21605427699257776,3.0,1.1914379855160337,-0.9320143892374165,-1.1098041417783733,1.707499689688721,0.33809616377248186,-0.9257424246003343,-0.058284890797371494,-0.5223246756488431,1.5977058416242167,-0.2877490927464089,0.5320903195901912,1.2709772847514702,0.0,0.0,1.0,0.0,-0.6330480848013208,0.0,1.0,1.0,0.0,0.0,0.0,0.0,1.0,0.0,0.0,0.0,0.0,0.0,1.0,0.0,0.0,1.0,1.0,1.0,0.0,0.0,0.0
-1.7436866231534796,1.0,-1.60270417626347,0.3464272073569334,0.08504925188071055,0.2546249253678617,1.1863122018077836,1.7855109940078144,-0.9614863916702531,-0.6608531809232983,1.5612547209240055,-0.6828168296701794,-0.057267398720923963,3.0,1.1914379855160337,-0.9320143892374165,-1.3837263326719145,-2.171981830933257,0.33809616377248186,-1.1262199384722393,-0.6791456840737199,0.09949047939808187,-0.8781534100649921,-0.2877490927464089,0.5320903195901912,-1.742399228925451,1.0,0.0,0.0,0.0,-0.6683019199959016,0.0,1.0,1.0,0.0,0.0,0.0,0.0,0.0,0.0,0.0,0.0,0.0,0.0,0.0,1.0,0.0,1.0,0.0,0.0,0.0,0.0,0.0
-0.8676718124782865,0.0,1.1912440374949855,1.7037637576262845,0.08504925188071055,1.1697805251007627,-0.5851223839616266,0.3796721288811475,-0.9614863916702531,1.1532535902386967,0.5417707744292845,2.373640964529467,0.21605427699257776,3.0,1.1914379855160337,-0.9320143892374165,-0.6989208554380613,0.9316033855643254,0.33809616377248186,-0.7252649107284292,-0.3687152874355457,-0.9308859887817866,0.050293809318461155,-0.5389228306963544,2.015350944996477,0.2665217950441287,0.0,0.0,1.0,0.0,-0.7410827088965144,0.0,1.0,1.0,0.0,0.0,0.0,0.0,1.0,0.0,0.0,0.0,0.0,0.0,1.0,0.0,0.0,1.0,0.0,0.0,0.0,0.0,0.0
-0.2106607044718917,0.0,-0.11772194020196607,-0.02375548817107146,1.0617867539482457,0.2546249253678617,1.5307578157073911,-1.0261667362455194,-0.05778754527941421,-0.6608531809232983,0.7140739614161232,2.373640964529467,1.036019304133083,3.0,0.26623257679518353,-0.9320143892374165,-0.15107647365097865,1.707499689688721,0.33809616377248186,-1.1262199384722393,-0.6791456840737199,-0.38124350462142415,-0.8781534100649921,-1.726289591914278,0.037670111121429345,1.270962218019569,0.0,0.0,0.0,0.0,-0.3919454771889046,0.0,1.0,1.0,0.0,0.0,0.0,0.0,1.0,0.0,0.0,0.0,0.0,0.0,0.0,0.0,0.0,1.0,0.0,1.0,0.0,0.0,1.0
-1.0866755151470848,0.0,1.6523570523655027,-1.0109093429124179,-0.8916882501868245,1.1697805251007627,0.7926600716368035,0.3796721288811475,-0.9614863916702531,-0.6608531809232983,0.5014355259258402,-0.6828168296701794,-1.1505541015749308,3.0,-0.6589728319256667,0.24198831185855807,-0.8358819508848319,-0.6201892226844657,0.33809616377248186,-0.32430988298461916,-0.6791456840737199,0.5190621523532327,-0.8781534100649921,0.8843950176866698,0.037670111121429345,-0.5370450074100981,0.0,0.0,0.0,0.0,0.38668617345742523,0.0,1.0,0.0,0.0,1.0,0.0,0.0,1.0,0.0,1.0,0.0,0.0,0.0,0.0,0.0,0.0,0.0,0.0,0.0,0.0,1.0,0.0
-0.9771736638126857,0.0,-1.2357970461514456,-0.02375548817107146,1.0617867539482457,-0.6605306743650393,1.2847252343505287,0.3796721288811475,-0.05778754527941421,1.1532535902386967,0.9046474700247311,-0.6828168296701794,0.21605427699257776,3.0,1.1914379855160337,-0.9320143892374165,-0.5619597599912906,-1.3960855268088614,0.33809616377248186,0.07664514475919097,-0.6791456840737199,-0.7006613496040505,-0.8781534100649921,1.0309130314908046,1.026510528058953,0.4100202537320666,1.0,0.0,0.0,0.0,-0.47185767291313324,0.0,1.0,1.0,0.0,0.0,0.0,0.0,1.0,0.0,0.0,0.0,0.0,0.0,0.0,0.0,0.0,1.0,0.0,0.0,0.0,0.0,1.0
1.3223652142096962,0.0,1.1367037884242792,-0.270543951856408,0.08504925188071055,-0.6605306743650393,-1.7168722582031943,-1.0261667362455194,0.8459113011114247,0.24620020465769926,-0.31581001430945116,2.1698771115828235,2.4026276827005915,4.0,0.26623257679518353,-0.9320143892374165,2.040301053497352,-0.6201892226844657,0.33809616377248186,-0.32430988298461916,-0.6791456840737199,1.3249306703942019,-0.8781534100649921,-1.3947740859332054,0.037670111121429345,-0.5370450074100981,0.0,0.0,0.0,0.0,0.05302015809373187,0.0,1.0,0.0,0.0,0.0,1.0,0.0,1.0,0.0,0.0,0.0,0.0,0.0,0.0,0.0,0.0,1.0,0.0,0.0,1.0,0.0,0.0
1.5413689168784945,0.0,0.9309383032938873,0.59321567104227,-0.8916882501868245,0.2546249253678617,1.038692652993666,0.3796721288811475,-0.05778754527941421,1.1532535902386967,0.07714244149413862,0.5397662880096791,-1.1505541015749308,3.0,0.26623257679518353,0.24198831185855807,0.9446122899231866,-0.6201892226844657,-1.0778621289498782,0.07664514475919097,-0.6791456840737199,-0.8335593451344233,-0.8781534100649921,-0.7504375573910453,0.5320903195901912,1.2709880467950734,1.0,0.0,0.0,1.0,-0.5937025566812072,0.0,1.0,1.0,0.0,0.0,0.0,0.0,0.0,0.0,0.0,0.0,0.0,0.0,0.0,0.0,1.0,0.0,0.0,0.0,1.0,0.0,1.0
-0.10115885313749257,0.0,-1.1738194903892794,-0.8875151110697495,0.08504925188071055,1.1697805251007627,1.4815512994360187,0.3796721288811475,-0.9614863916702531,0.24620020465769926,-0.3436371195487612,0.5397662880096791,-0.6039107501479274,3.0,-0.6589728319256667,0.24198831185855807,-0.6989208554380613,0.1557070814399298,0.33809616377248186,-0.9257424246003343,-0.058284890797371494,-0.6244650039320789,1.5977058416242167,-1.0412703065962452,0.5320903195901912,1.2709772847514702,0.0,0.0,0.0,1.0,-0.2716942839338494,0.0,1.0,1.0,0.0,0.0,0.0,0.0,0.0,0.0,0.0,0.0,0.0,0.0,1.0,0.0,1.0,0.0,0.0,1.0,0.0,0.0,0.0
-0.3201625558062908,1.0,1.387093113703431,1.2101868302556114,0.08504925188071055,-1.5756862740979403,0.05456232756621595,1.7855109940078144,-0.05778754527941421,1.1532535902386967,-1.3577805104925036,2.1698771115828235,-0.6039107501479274,3.0,-0.6589728319256667,-0.9320143892374165,-0.2880375690977493,0.1557070814399298,-1.0778621289498782,-0.32430988298461916,-0.6791456840737199,-0.679280284077082,-0.8781534100649921,-0.2877490927464089,-0.9511703058160944,-0.5370450074100981,1.0,0.0,0.0,0.0,-0.6333585439921686,0.0,0.0,0.0,1.0,0.0,0.0,0.0,1.0,0.0,0.0,0.0,0.0,0.0,0.0,0.0,0.0,1.0,1.0,1.0,0.0,0.0,1.0
1.979376322216091,0.0,1.260658899948612,-0.8875151110697495,0.08504925188071055,0.2546249253678617,1.5307578157073911,0.3796721288811475,1.7496101475022634,1.1532535902386967,1.2571241363893246,-0.27528912377689324,-0.6039107501479274,3.0,0.26623257679518353,-0.9320143892374165,2.3827037921142784,-0.6201892226844657,0.33809616377248186,-0.32430988298461916,-0.3687152874355457,-0.08830822360043027,-0.25918859714269,-1.4787987533477631,1.026510528058953,0.6683092141052549,0.0,0.0,0.0,0.0,2.6499336747380253,0.0,1.0,1.0,0.0,0.0,0.0,0.0,0.0,0.0,0.0,1.0,0.0,0.0,0.0,0.0,0.0,1.0,1.0,0.0,1.0,0.0,0.0
-1.4151810691502822,0.0,1.4094050337778108,0.09963874367159682,1.0617867539482457,1.1697805251007627,0.5466274902799411,0.3796721288811475,-0.05778754527941421,0.24620020465769926,-1.1802773088902383,-0.6828168296701794,-0.8772324258614291,3.0,1.1914379855160337,0.24198831185855807,-0.8358819508848319,-0.6201892226844657,1.754054456494842,-0.32430988298461916,-0.6791456840737199,-1.116963272511496,-0.8781534100649921,0.8843950176866698,2.015350944996477,-0.5370450074100981,1.0,0.0,0.0,0.0,-0.5575613437248138,0.0,1.0,0.0,1.0,0.0,0.0,0.0,0.0,0.0,0.0,0.0,0.0,0.0,0.0,0.0,0.0,0.0,1.0,0.0,0.0,1.0,0.0
-0.7581699611438873,0.0,-1.488665473661084,-0.8875151110697495,-1.8684257522543597,0.2546249253678617,0.3005949089230785,0.3796721288811475,-0.9614863916702531,-0.6608531809232983,0.43861372773406454,-0.6828168296701794,0.7626976284195812,3.0,-1.584178240646517,0.24198831185855807,-1.3837263326719145,0.1557070814399298,0.33809616377248186,-1.1262199384722393,-0.6791456840737199,-0.16581746566346967,-0.8781534100649921,-0.2877490927464089,-0.9511703058160944,-1.742399228925451,1.0,0.0,1.0,0.0,-0.285561461125052,0.0,1.0,0.0,0.0,0.0,0.0,1.0,1.0,0.0,0.0,0.0,0.0,0.0,0.0,1.0,1.0,0.0,0.0,0.0,0.0,0.0,0.0
-1.1961773664814839,1.0,-0.5639603416895632,-0.7641208792270812,-1.8684257522543597,0.2546249253678617,0.349801425194451,0.3796721288811475,-0.9614863916702531,-1.5679065665042957,-1.086536504877007,-1.0903445355634656,1.855984331273588,4.0,0.26623257679518353,-0.9320143892374165,-0.5619597599912906,-0.6201892226844657,0.33809616377248186,-0.12383236911271409,-0.6791456840737199,-0.12361900822743958,-0.8781534100649921,0.5913589900784001,-0.4567500973473325,0.2665251432402553,0.0,0.0,1.0,0.0,-0.31650389381288463,1.0,0.0,0.0,0.0,0.0,0.0,1.0,1.0,0.0,0.0,0.0,0.0,0.0,1.0,0.0,0.0,1.0,0.0,0.0,0.0,1.0,0.0
-1.6341847718190805,0.0,-1.3622312599062647,0.2230329755142651,0.08504925188071055,-1.5756862740979403,-1.1263940629467242,0.3796721288811475,-0.9614863916702531,-0.6608531809232983,1.4232435222118722,-0.6828168296701794,-0.6039107501479274,3.0,1.1914379855160337,0.24198831185855807,-1.2467652372251439,-1.3960855268088614,0.33809616377248186,-0.9257424246003343,-0.3687152874355457,-0.8923593737275839,0.3597762157796122,0.2983229624701303,-0.4567500973473325,-0.2357109720869905,0.0,0.0,0.0,0.0,-0.6819143614407674,0.0,1.0,0.0,0.0,1.0,0.0,0.0,0.0,0.0,0.0,0.0,0.0,0.0,1.0,0.0,1.0,0.0,0.0,0.0,0.0,0.0,0.0
-0.10115885313749257,0.0,-1.5828713584195768,-0.8875151110697495,-0.8916882501868245,-0.6605306743650393,-0.2406767700620191,-1.0261667362455194,0.8459113011114247,0.24620020465769926,-1.4762565191628993,-0.6828168296701794,-0.6039107501479274,3.0,-0.6589728319256667,1.4159910129545328,-0.15107647365097865,-0.6201892226844657,0.33809616377248186,0.6780776863749062,2.114727885669848,0.28160995489962043,2.1604011260990372,1.1507914064214602,-0.4567500973473325,0.9696504815283791,1.0,0.0,0.0,1.0,0.7741392436355032,0.0,1.0,0.0,0.0,1.0,0.0,0.0,1.0,0.0,0.0,0.0,0.0,0.0,0.0,0.0,1.0,0.0,0.0,1.0,0.0,0.0,1.0
-0.7581699611438873,1.0,-0.8391406892735814,-0.6407266473844129,0.08504925188071055,0.2546249253678617,-1.2740136117608418,0.3796721288811475,-0.9614863916702531,1.1532535902386967,-1.5299431565437902,2.373640964529467,2.1293060069870897,4.0,0.26623257679518353,-0.9320143892374165,-1.1098041417783733,0.9316033855643254,0.33809616377248186,-1.1262199384722393,-0.6791456840737199,-0.8556246942572973,-0.8781534100649921,-1.1668571755712178,1.026510528058953,-1.742399228925451,0.0,0.0,1.0,0.0,-0.5142663983829453,1.0,0.0,0.0,0.0,0.0,0.0,1.0,1.0,0.0,0.0,0.0,0.0,0.0,1.0,0.0,0.0,1.0,1.0,0.0,0.0,0.0,0.0
0.008342998196906572,0.0,0.754922044929335,0.59321567104227,0.08504925188071055,1.1697805251007627,1.432344783164646,0.3796721288811475,-0.9614863916702531,-1.5679065665042957,1.7709417967676953,-0.6828168296701794,-0.8772324258614291,3.0,0.26623257679518353,0.24198831185855807,0.9446122899231866,-0.6201892226844657,-1.0778621289498782,2.2818977973501466,3.0460190755843706,-0.18219127596589732,1.4673974599563635,1.2853916870453543,-0.4567500973473325,-0.5705253764155677,0.0,1.0,0.0,1.0,-0.6724350074802141,0.0,1.0,1.0,0.0,0.0,0.0,0.0,0.0,0.0,1.0,0.0,0.0,0.0,0.0,0.0,0.0,0.0,0.0,1.0,0.0,1.0,0.0
0.33684855220010396,0.0,-0.10780553128001946,-0.8875151110697495,-0.8916882501868245,1.1697805251007627,-0.9787745141326066,0.3796721288811475,-0.05778754527941421,-0.6608531809232983,1.1580427768251147,1.7623494056895375,-0.8772324258614291,3.0,0.26623257679518353,1.4159910129545328,-0.42499866454451996,1.707499689688721,0.33809616377248186,-0.32430988298461916,-0.3687152874355457,-0.5069740501244532,-0.25918859714269,-0.0923917410075624,0.5320903195901912,0.6683092141052549,1.0,0.0,0.0,1.0,0.38482341831233835,0.0,1.0,0.0,1.0,0.0,0.0,0.0,0.0,0.0,0.0,0.0,0.0,0.0,0.0,0.0,0.0,0.0,0.0,1.0,0.0,0.0,1.0
0.5558522548689022,0.0,-1.4911445758915707,-1.0109093429124179,1.0617867539482457,-0.6605306743650393,1.432344783164646,0.3796721288811475,-0.9614863916702531,-1.5679065665042957,0.8681068267811928,0.1322385821163929,0.21605427699257776,3.0,-0.6589728319256667,0.24198831185855807,-0.42499866454451996,1.707499689688721,0.33809616377248186,-0.32430988298461916,-0.3687152874355457,-0.5928998055952602,-0.25918859714269,-0.0923917410075624,-1.4455905142848562,-0.5370450074100981,0.0,0.0,0.0,1.0,0.0017167768061297876,0.0,1.0,1.0,0.0,0.0,0.0,0.0,0.0,0.0,1.0,0.0,0.0,0.0,0.0,0.0,0.0,0.0,0.0,1.0,0.0,0.0,0.0
0.008342998196906572,0.0,1.2457842865656918,0.09963874367159682,1.0617867539482457,0.2546249253678617,-0.8311549653184892,0.3796721288811475,-0.05778754527941421,-0.6608531809232983,0.9570692389856535,-0.27528912377689324,-0.8772324258614291,3.0,1.1914379855160337,-0.9320143892374165,0.9446122899231866,-0.6201892226844657,-1.0778621289498782,-1.1262199384722393,-0.6791456840737199,-1.2328237068152847,-0.8781534100649921,-1.8608898725381722,0.037670111121429345,-1.742399228925451,0.0,0.0,0.0,0.0,-0.5611175126381616,0.0,1.0,1.0,0.0,0.0,0.0,0.0,1.0,0.0,0.0,0.0,1.0,0.0,0.0,0.0,0.0,1.0,1.0,1.0,0.0,1.0,0.0
0.6653541062033014,0.0,0.44503426611850366,0.3464272073569334,0.08504925188071055,-1.5756862740979403,-0.3390898026047641,-1.0261667362455194,1.7496101475022634,-0.6608531809232983,-1.4009265777069893,-0.6828168296701794,-1.1505541015749308,3.0,0.26623257679518353,0.24198831185855807,1.903339958050581,0.1557070814399298,0.33809616377248186,2.2818977973501466,0.2521455058408027,-0.30734533125270513,-0.4496393088110906,1.335219675545546,-0.9511703058160944,-0.5370430788441153,0.0,0.0,0.0,1.0,-0.11329641266487762,0.0,1.0,1.0,0.0,0.0,0.0,0.0,1.0,0.0,0.0,0.0,0.0,1.0,0.0,0.0,0.0,0.0,0.0,1.0,0.0,0.0,0.0
0.33684855220010396,0.0,-0.6135423862992962,-0.8875151110697495,0.08504925188071055,-0.6605306743650393,0.5958340065513135,-1.0261667362455194,-0.05778754527941421,0.24620020465769926,-0.12326893260311425,1.3548216997962514,1.855984331273588,4.0,-0.6589728319256667,0.24198831185855807,1.2185344808167278,0.1557070814399298,0.33809616377248186,-1.1262199384722393,-0.6791456840737199,0.18906053902658365,-0.8781534100649921,-1.8785160997627302,-0.4567500973473325,-1.742399228925451,0.0,0.0,0.0,1.0,-0.08438390545566538,0.0,1.0,0.0,0.0,1.0,0.0,0.0,0.0,0.0,1.0,0.0,0.0,0.0,0.0,0.0,1.0,0.0,0.0,1.0,0.0,1.0,0.0
1.869874470881692,0.0,0.0458988070101529,-0.5173324155417446,-0.8916882501868245,-1.5756862740979403,0.9894861367222936,0.3796721288811475,2.6533089938931025,-1.5679065665042957,-0.8157141220681667,0.5397662880096791,-1.1505541015749308,3.0,0.26623257679518353,0.24198831185855807,1.7663788626038104,0.9316033855643254,-1.0778621289498782,-0.5247873968565242,-0.3687152874355457,0.6105898279185803,-0.13539563455822945,-1.483336085388149,-1.940010722753618,-0.23570720537576498,0.0,0.0,0.0,1.0,1.2102309203797397,0.0,1.0,0.0,0.0,1.0,0.0,0.0,1.0,0.0,0.0,0.0,0.0,1.0,0.0,0.0,1.0,0.0,0.0,0.0,1.0,0.0,0.0
-0.3201625558062908,0.0,1.4341960560826774,-0.6407266473844129,1.0617867539482457,0.2546249253678617,0.3005949089230785,0.3796721288811475,-0.05778754527941421,0.24620020465769926,-0.2210854237473555,2.373640964529467,-0.057267398720923963,3.0,-1.584178240646517,0.24198831185855807,-0.6989208554380613,0.1557070814399298,0.33809616377248186,-0.7252649107284292,-0.3687152874355457,-0.161942345640236,0.050293809318461155,-0.5389228306963544,-0.4567500973473325,0.2665217950441287,1.0,0.0,0.0,0.0,0.013886777087364233,0.0,0.0,0.0,1.0,0.0,0.0,0.0,0.0,0.0,0.0,0.0,0.0,0.0,0.0,0.0,1.0,0.0,0.0,1.0,0.0,0.0,1.0
-0.6486681098094882,0.0,-0.7994750535857951,-0.270543951856408,-0.8916882501868245,-0.6605306743650393,-1.7168722582031943,0.3796721288811475,-0.05778754527941421,-1.5679065665042957,-1.4274888145263307,-0.6828168296701794,-0.8772324258614291,3.0,-0.6589728319256667,0.24198831185855807,0.2598068126893333,1.707499689688721,-2.4938204216722384,1.2795102279906212,0.2521455058408027,-1.189449981360138,-0.08234150773631793,1.2192933349532638,-2.43443093122238,0.5755925115112793,0.0,0.0,0.0,0.0,-0.46381677987017467,0.0,1.0,0.0,0.0,1.0,0.0,0.0,0.0,0.0,0.0,0.0,1.0,0.0,0.0,0.0,1.0,0.0,0.0,1.0,0.0,1.0,0.0
0.6653541062033014,0.0,-1.2134851260770658,1.456975293940948,0.08504925188071055,1.1697805251007627,-0.2406767700620191,0.3796721288811475,-0.9614863916702531,1.1532535902386967,0.12998583326171723,1.7623494056895375,1.3093409798465847,4.0,-1.584178240646517,0.24198831185855807,-0.42499866454451996,-1.3960855268088614,0.33809616377248186,-0.7252649107284292,-0.3687152874355457,-0.8780642431981802,0.050293809318461155,-0.8738211479629483,0.5320903195901912,0.2665217950441287,0.0,0.0,0.0,1.0,-0.7342972940056358,1.0,0.0,0.0,0.0,1.0,0.0,0.0,1.0,0.0,1.0,0.0,0.0,0.0,0.0,0.0,1.0,0.0,0.0,1.0,0.0,0.0,0.0
0.6653541062033014,0.0,1.6622734612874492,-0.14714972001373974,1.0617867539482457,0.2546249253678617,0.3990079414658235,0.3796721288811475,-0.05778754527941421,0.24620020465769926,-1.698592279206275,0.5397662880096791,-0.3305890744344257,3.0,1.1914379855160337,-0.9320143892374165,-0.42499866454451996,0.1557070814399298,0.33809616377248186,-0.32430988298461916,-0.6791456840737199,-1.1593360436454994,-0.8781534100649921,-0.0923917410075624,1.026510528058953,-0.5370450074100981,0.0,0.0,0.0,1.0,-0.4860491074814435,0.0,1.0,0.0,0.0,0.0,1.0,0.0,0.0,0.0,0.0,0.0,0.0,0.0,0.0,0.0,0.0,0.0,1.0,1.0,0.0,1.0,0.0
-1.3056792178158831,0.0,0.21943596314421845,-0.6407266473844129,-0.8916882501868245,-0.6605306743650393,1.6291708482501361,-1.0261667362455194,-0.05778754527941421,1.1532535902386967,-0.3124370318562015,-0.6828168296701794,-1.1505541015749308,3.0,-0.6589728319256667,-0.9320143892374165,-0.8358819508848319,0.1557070814399298,0.33809616377248186,-0.32430988298461916,-0.3687152874355457,-1.0217965690875381,-0.25918859714269,0.8843950176866698,0.037670111121429345,0.6683092141052549,1.0,0.0,0.0,0.0,-0.24081394308418635,0.0,1.0,1.0,0.0,0.0,0.0,0.0,0.0,0.0,0.0,0.0,0.0,0.0,0.0,0.0,0.0,1.0,1.0,0.0,0.0,1.0,0.0
0.008342998196906572,0.0,0.6458415467879224,1.950552221311621,2.038524256015781,-0.6605306743650393,0.3005949089230785,0.3796721288811475,-0.05778754527941421,0.24620020465769926,1.3425730252049835,0.1322385821163929,-0.057267398720923963,3.0,-1.584178240646517,1.4159910129545328,0.5337290035828746,-0.6201892226844657,0.33809616377248186,1.2795102279906212,2.4251582823080224,1.083249607540269,1.774552931030589,0.8111360107846023,-0.9511703058160944,0.8073916855549522,0.0,0.0,0.0,1.0,-0.6917774111192405,0.0,0.0,0.0,0.0,1.0,0.0,0.0,0.0,0.0,0.0,0.0,0.0,0.0,1.0,0.0,1.0,0.0,1.0,1.0,0.0,1.0,0.0
-0.6486681098094882,0.0,-1.1738194903892794,-1.0109093429124179,-0.8916882501868245,1.1697805251007627,1.5799643319787637,-1.0261667362455194,-0.9614863916702531,-1.5679065665042957,0.2642024267139448,-0.6828168296701794,-0.8772324258614291,3.0,0.26623257679518353,0.24198831185855807,-0.9728430463316026,0.1557070814399298,0.33809616377248186,-0.5247873968565242,0.2521455058408027,-0.9139339837771638,1.3501199164552957,0.767180606643362,0.037670111121429345,-0.23570720537576498,0.0,0.0,1.0,0.0,-0.10942761351738939,0.0,1.0,1.0,0.0,0.0,0.0,0.0,1.0,0.0,1.0,0.0,0.0,0.0,0.0,0.0,1.0,0.0,0.0,1.0,0.0,0.0,0.0
0.22734670086570485,0.0,1.0301023925133532,-1.0109093429124179,-1.8684257522543597,-0.6605306743650393,-0.6835354165043717,0.3796721288811475,2.6533089938931025,0.24620020465769926,-0.8573142389915798,-0.6828168296701794,-0.3305890744344257,3.0,0.26623257679518353,0.24198831185855807,1.3554955762634984,0.1557070814399298,0.33809616377248186,2.2818977973501466,-0.3687152874355457,0.3404967525364407,-0.7093448247225461,1.310629239662335,0.037670111121429345,-0.5944410782161934,0.0,0.0,0.0,1.0,5.161858987887728,1.0,0.0,1.0,0.0,0.0,0.0,0.0,1.0,0.0,0.0,1.0,0.0,0.0,0.0,0.0,0.0,0.0,1.0,1.0,0.0,0.0,0.0
2.08887817355049,0.0,0.2566224966015182,-0.3939381836990763,0.08504925188071055,0.2546249253678617,0.9894861367222936,1.7855109940078144,1.7496101475022634,-1.5679065665042957,0.5541383767578667,2.373640964529467,-1.1505541015749308,3.0,1.1914379855160337,2.5899937140505074,2.3827037921142784,-2.171981830933257,-1.0778621289498782,0.07664514475919097,1.4938670923934996,2.636042582339918,2.3714118577770944,-1.3806942767988741,-0.4567500973473325,1.2709880467950734,1.0,0.0,0.0,1.0,0.37391299531968636,1.0,0.0,1.0,0.0,0.0,0.0,0.0,0.0,0.0,0.0,0.0,0.0,0.0,0.0,0.0,1.0,0.0,0.0,0.0,1.0,0.0,0.0
-0.7581699611438873,0.0,0.6929444891671688,0.3464272073569334,0.08504925188071055,-0.6605306743650393,0.841866587908176,0.3796721288811475,-0.05778754527941421,0.24620020465769926,0.7371226748466628,-1.0903445355634656,-1.1505541015749308,3.0,-0.6589728319256667,-0.9320143892374165,-0.6989208554380613,2.4833959938131165,0.33809616377248186,-0.32430988298461916,0.5625759024789769,-0.1455921190607895,1.5977058416242167,0.4657721211034274,-0.4567500973473325,0.6683092141052549,1.0,0.0,0.0,0.0,-0.48388916063229714,0.0,1.0,0.0,0.0,0.0,0.0,1.0,0.0,0.0,0.0,0.0,0.0,0.0,0.0,0.0,0.0,1.0,0.0,0.0,0.0,0.0,1.0
0.4463504035345031,0.0,-0.39042318555549765,-1.0109093429124179,0.08504925188071055,-0.6605306743650393,-0.8311549653184892,1.7855109940078144,0.8459113011114247,-1.5679065665042957,0.7382470023310794,-0.6828168296701794,0.21605427699257776,3.0,0.26623257679518353,0.24198831185855807,-0.15107647365097865,-0.6201892226844657,0.33809616377248186,0.6780776863749062,-0.6791456840737199,0.6153222717519131,-0.8781534100649921,1.1507914064214602,-0.9511703058160944,0.3669727680941946,1.0,0.0,0.0,1.0,1.8073474307770447,0.0,1.0,0.0,1.0,0.0,0.0,0.0,1.0,0.0,0.0,0.0,0.0,0.0,0.0,0.0,1.0,0.0,0.0,1.0,0.0,0.0,0.0
-0.9771736638126857,0.0,1.2333887754132586,0.9633983665702748,-0.8916882501868245,0.2546249253678617,0.645040522822686,0.3796721288811475,-0.05778754527941421,-1.5679065665042957,-0.10935537998345925,-0.6828168296701794,-0.8772324258614291,3.0,1.1914379855160337,0.24198831185855807,-0.15107647365097865,-0.6201892226844657,0.33809616377248186,0.6780776863749062,-0.3687152874355457,1.1844458400933795,-0.5405362393801,1.1507914064214602,0.037670111121429345,-1.742399228925451,0.0,1.0,0.0,0.0,-0.6407957663862563,0.0,1.0,0.0,0.0,1.0,0.0,0.0,1.0,0.0,1.0,0.0,0.0,0.0,0.0,0.0,0.0,0.0,0.0,0.0,0.0,1.0,0.0
-1.3056792178158831,1.0,-0.28382178964457166,-0.7641208792270812,0.08504925188071055,-1.5756862740979403,1.235518718079156,0.3796721288811475,-0.9614863916702531,-1.5679065665042957,-0.69105431223348,0.9472939939029652,-0.6039107501479274,3.0,0.26623257679518353,0.24198831185855807,-0.6989208554380613,1.707499689688721,0.33809616377248186,-0.9257424246003343,-0.6791456840737199,0.7118620079652698,-0.8781534100649921,-1.0412703065962452,-1.4455905142848562,1.2709772847514702,0.0,0.0,0.0,0.0,-0.1722955996640727,0.0,1.0,0.0,0.0,1.0,0.0,0.0,1.0,0.0,1.0,0.0,0.0,0.0,0.0,0.0,1.0,0.0,0.0,0.0,0.0,1.0,0.0
1.6508707682128936,0.0,-1.1986105126941458,-0.7641208792270812,0.08504925188071055,1.1697805251007627,-1.3232201280322142,-1.0261667362455194,0.8459113011114247,0.24620020465769926,0.7442902625598184,-0.27528912377689324,-0.3305890744344257,3.0,0.26623257679518353,-0.9320143892374165,2.314223244390893,0.9316033855643254,0.33809616377248186,-0.32430988298461916,-0.6791456840737199,0.26814594838483924,-0.8781534100649921,-1.439683821965124,1.026510528058953,0.6683092141052549,0.0,0.0,0.0,1.0,0.43899854711528274,0.0,1.0,0.0,0.0,1.0,0.0,0.0,1.0,0.0,0.0,0.0,1.0,0.0,0.0,0.0,1.0,0.0,1.0,0.0,1.0,0.0,1.0
0.8843578088720997,0.0,-1.5134564959659504,0.09963874367159682,-0.8916882501868245,-1.5756862740979403,0.15297536010896096,0.3796721288811475,-0.9614863916702531,1.1532535902386967,-0.6546542099254937,0.1322385821163929,1.5826626555600865,4.0,1.1914379855160337,1.4159910129545328,-0.42499866454451996,0.1557070814399298,-1.0778621289498782,-0.9257424246003343,-0.6791456840737199,-0.5250125790247177,-0.8781534100649921,-1.264535851440641,0.037670111121429345,1.2709772847514702,0.0,0.0,0.0,1.0,-0.6482154274523769,0.0,1.0,1.0,0.0,0.0,0.0,0.0,1.0,0.0,0.0,0.0,0.0,0.0,1.0,0.0,1.0,0.0,0.0,1.0,0.0,0.0,0.0
1.6508707682128936,0.0,1.7044181992057224,-0.6407266473844129,-0.8916882501868245,1.1697805251007627,-1.7660787744745667,0.3796721288811475,1.7496101475022634,1.1532535902386967,-0.5625998971388874,-0.27528912377689324,-0.6039107501479274,3.0,1.1914379855160337,-0.9320143892374165,2.3827037921142784,-0.6201892226844657,-2.4938204216722384,-0.32430988298461916,-0.3687152874355457,-0.1058794282963462,-0.25918859714269,-1.4965227066305213,1.026510528058953,-0.5370450074100981,0.0,0.0,0.0,1.0,1.2578346629764052,0.0,1.0,1.0,0.0,0.0,0.0,0.0,0.0,0.0,0.0,1.0,0.0,0.0,0.0,0.0,1.0,0.0,0.0,0.0,1.0,0.0,0.0
0.5558522548689022,0.0,-0.6705617376004892,2.4441291486822943,-0.8916882501868245,-1.5756862740979403,1.2847252343505287,0.3796721288811475,-0.05778754527941421,0.24620020465769926,-0.1941015641213579,-0.27528912377689324,-1.1505541015749308,3.0,-0.6589728319256667,0.24198831185855807,1.0815733853699572,0.1557070814399298,0.33809616377248186,-0.32430988298461916,-0.6791456840737199,1.179118161279798,-0.8781534100649921,-1.1668571755712178,-0.9511703058160944,0.6683092141052549,0.0,0.0,0.0,1.0,-0.7037292939176741,1.0,0.0,1.0,0.0,0.0,0.0,0.0,0.0,0.0,0.0,0.0,0.0,0.0,1.0,0.0,0.0,0.0,0.0,1.0,0.0,1.0,0.0
-0.7581699611438873,0.0,-1.203568717155119,-0.8875151110697495,0.08504925188071055,0.2546249253678617,-1.1263940629467242,-2.432005601372186,-0.05778754527941421,1.1532535902386967,1.4728544724617532,-0.27528912377689324,1.3093409798465847,4.0,0.26623257679518353,-0.9320143892374165,-0.014115378204207997,-0.6201892226844657,0.33809616377248186,-0.32430988298461916,-0.6791456840737199,-0.4791554865212669,-0.8781534100649921,-0.5807851203546786,1.026510528058953,0.6683092141052549,0.0,0.0,0.0,0.0,0.46264518881819156,0.0,1.0,1.0,0.0,0.0,0.0,0.0,0.0,0.0,0.0,0.0,1.0,0.0,0.0,0.0,0.0,1.0,0.0,0.0,0.0,0.0,1.0
2.526885578888087,0.0,-0.9432629829540208,-0.270543951856408,0.08504925188071055,-1.5756862740979403,-1.2248070954894692,0.3796721288811475,2.6533089938931025,-1.5679065665042957,-1.469932177063056,0.9472939939029652,-1.1505541015749308,3.0,1.1914379855160337,-0.9320143892374165,2.3827037921142784,1.707499689688721,-2.4938204216722384,2.2818977973501466,2.7355886789461965,0.4028407384286808,0.4835691783640726,0.9533446712415565,-1.940010722753618,-0.9111190795573676,0.0,0.0,0.0,1.0,0.7205850332142545,0.0,1.0,1.0,0.0,0.0,0.0,0.0,0.0,0.0,0.0,1.0,0.0,0.0,0.0,0.0,1.0,0.0,0.0,0.0,1.0,0.0,0.0
0.9938596602064987,0.0,1.6920226880532891,1.0867925984129432,0.08504925188071055,0.2546249253678617,1.038692652993666,0.3796721288811475,-0.05778754527941421,0.24620020465769926,1.6866172354364528,-0.27528912377689324,-0.3305890744344257,3.0,0.26623257679518353,0.24198831185855807,1.0815733853699572,1.707499689688721,-1.0778621289498782,0.6780776863749062,-0.6791456840737199,-0.9888962416409274,-0.8781534100649921,-0.2877490927464089,0.037670111121429345,0.3669727680941946,0.0,0.0,0.0,1.0,-0.6408357085043771,0.0,1.0,0.0,0.0,1.0,0.0,0.0,0.0,0.0,0.0,0.0,1.0,0.0,0.0,0.0,0.0,0.0,0.0,0.0,1.0,1.0,0.0
0.5558522548689022,0.0,1.4019677270863509,2.320734916839626,1.0617867539482457,1.1697805251007627,1.0878991692650386,-1.0261667362455194,-0.05778754527941421,1.1532535902386967,-1.3951643993493545,-1.0903445355634656,-1.1505541015749308,3.0,1.1914379855160337,2.5899937140505074,-0.5619597599912906,0.9316033855643254,1.754054456494842,-0.12383236911271409,-0.6791456840737199,-1.15895046756075,-0.8781534100649921,0.5913589900784001,2.5097711534652385,0.7687562362816817,0.0,0.0,0.0,1.0,-0.7011842422520114,1.0,0.0,0.0,0.0,0.0,0.0,1.0,0.0,0.0,0.0,0.0,0.0,0.0,0.0,0.0,1.0,0.0,0.0,1.0,0.0,1.0,0.0
-1.4151810691502822,1.0,1.600295905525283,-1.0109093429124179,-1.8684257522543597,-1.5756862740979403,-0.19147025379064658,0.3796721288811475,-0.9614863916702531,-0.6608531809232983,1.0763884932693615,-0.6828168296701794,0.21605427699257776,3.0,-0.6589728319256667,-0.9320143892374165,-0.6989208554380613,0.9316033855643254,0.33809616377248186,-0.32430988298461916,-0.3687152874355457,0.6367390681477229,-0.25918859714269,0.4657721211034274,-1.4455905142848562,0.06563210334757824,1.0,0.0,1.0,0.0,0.19606423027686443,0.0,1.0,0.0,0.0,0.0,0.0,1.0,0.0,0.0,0.0,0.0,0.0,0.0,0.0,1.0,0.0,1.0,1.0,0.0,0.0,1.0,0.0
-0.3201625558062908,1.0,-1.2556298639953387,-0.3939381836990763,-0.8916882501868245,1.1697805251007627,-1.6184592256604493,-2.432005601372186,-0.9614863916702531,0.24620020465769926,-0.2895288593612139,-1.0903445355634656,0.21605427699257776,3.0,1.1914379855160337,0.24198831185855807,-1.1098041417783733,0.1557070814399298,-1.0778621289498782,-0.9257424246003343,-0.3687152874355457,-0.303998687049694,0.3597762157796122,-0.2877490927464089,1.026510528058953,1.2709772847514702,1.0,0.0,1.0,0.0,-0.5894862251940739,1.0,0.0,0.0,1.0,0.0,0.0,0.0,0.0,0.0,0.0,0.0,0.0,0.0,0.0,1.0,0.0,0.0,0.0,1.0,0.0,0.0,0.0
0.11784484953130571,0.0,1.7044181992057224,-0.8875151110697495,-0.8916882501868245,1.1697805251007627,-1.1756005792180968,0.3796721288811475,-0.9614863916702531,1.1532535902386967,-0.31018837688736833,-0.6828168296701794,2.1293060069870897,4.0,0.26623257679518353,0.24198831185855807,-1.3837263326719145,0.1557070814399298,0.33809616377248186,-1.1262199384722393,-0.6791456840737199,-1.3766536372460527,-0.8781534100649921,-0.2877490927464089,1.520930736527715,-1.742399228925451,0.0,0.0,0.0,1.0,-0.44575840360252655,1.0,0.0,1.0,0.0,0.0,0.0,0.0,1.0,0.0,1.0,0.0,0.0,0.0,0.0,0.0,1.0,0.0,1.0,1.0,0.0,0.0,0.0
0.33684855220010396,0.0,1.4763407940009505,-0.8875151110697495,1.0617867539482457,0.2546249253678617,0.645040522822686,0.3796721288811475,2.6533089938931025,0.24620020465769926,-0.18145287992167153,-1.0903445355634656,-0.3305890744344257,3.0,1.1914379855160337,-0.9320143892374165,1.3554955762634984,-0.6201892226844657,0.33809616377248186,2.2818977973501466,-0.3687152874355457,0.14518605418568342,-0.7013063206586201,1.1507914064214602,1.026510528058953,0.5176433264728884,1.0,0.0,0.0,1.0,2.935970075905816,0.0,1.0,1.0,0.0,0.0,0.0,0.0,0.0,0.0,0.0,1.0,0.0,0.0,0.0,0.0,1.0,0.0,0.0,1.0,0.0,0.0,0.0
-1.1961773664814839,0.0,1.3548647847071045,1.7037637576262845,0.08504925188071055,-1.5756862740979403,1.1863122018077836,0.3796721288811475,-0.9614863916702531,1.1532535902386967,-1.5854568260868582,-0.6828168296701794,1.855984331273588,4.0,-0.6589728319256667,1.4159910129545328,-1.1098041417783733,0.1557070814399298,-2.4938204216722384,-0.7252649107284292,-0.6791456840737199,-0.31714805129041285,-0.8781534100649921,0.5913589900784001,-1.4455905142848562,0.2665217950441287,0.0,0.0,1.0,0.0,-0.7233606634189513,0.0,1.0,1.0,0.0,0.0,0.0,0.0,0.0,0.0,0.0,0.0,0.0,0.0,1.0,0.0,0.0,0.0,0.0,0.0,0.0,0.0,0.0
-0.7581699611438873,0.0,1.4812989984619238,-0.7641208792270812,0.08504925188071055,0.2546249253678617,-0.6343289002329991,0.3796721288811475,-0.9614863916702531,1.1532535902386967,0.34023507284761506,0.5397662880096791,-0.057267398720923963,3.0,0.26623257679518353,0.24198831185855807,-0.2880375690977493,0.1557070814399298,-2.4938204216722384,-0.32430988298461916,-0.3687152874355457,-1.0224399490285894,-0.25918859714269,-0.2877490927464089,0.037670111121429345,0.06563210334757824,0.0,0.0,1.0,0.0,-0.4725096372139136,0.0,0.0,1.0,0.0,0.0,0.0,0.0,1.0,0.0,1.0,0.0,0.0,0.0,0.0,0.0,1.0,0.0,0.0,0.0,0.0,0.0,0.0
-0.8676718124782865,0.0,0.4549506750404503,-0.7641208792270812,1.0617867539482457,-0.6605306743650393,1.333931750621901,-1.0261667362455194,0.8459113011114247,0.24620020465769926,1.013707236013138,-0.6828168296701794,0.7626976284195812,3.0,0.26623257679518353,-0.9320143892374165,-0.15107647365097865,-0.6201892226844657,0.33809616377248186,0.6780776863749062,-0.6791456840737199,-0.7420519026866806,-0.8781534100649921,1.1507914064214602,0.037670111121429345,-1.1397215154912665,0.0,0.0,0.0,0.0,1.0546391225665077,0.0,1.0,0.0,0.0,1.0,0.0,0.0,1.0,0.0,0.0,0.0,0.0,1.0,0.0,0.0,1.0,0.0,0.0,0.0,0.0,0.0,0.0
-0.8676718124782865,1.0,-0.977970414180834,1.950552221311621,2.038524256015781,0.2546249253678617,0.251388392651706,-1.0261667362455194,-0.9614863916702531,-0.6608531809232983,0.5603221779221578,0.9472939939029652,0.21605427699257776,3.0,-0.6589728319256667,-0.9320143892374165,-0.6989208554380613,-0.6201892226844657,1.754054456494842,-0.9257424246003343,-0.3687152874355457,-0.6217771005562044,0.3597762157796122,-1.0412703065962452,0.037670111121429345,1.2709772847514702,0.0,0.0,1.0,0.0,-0.7372238603641174,0.0,1.0,0.0,0.0,0.0,0.0,1.0,0.0,0.0,0.0,0.0,0.0,0.0,1.0,0.0,1.0,0.0,0.0,0.0,0.0,0.0,0.0
-1.9626903258222779,1.0,-0.7771631335114152,-0.8875151110697495,-0.8916882501868245,-1.5756862740979403,-0.6835354165043717,-1.0261667362455194,-0.9614863916702531,1.1532535902386967,0.5795762860927915,-0.6828168296701794,-0.8772324258614291,3.0,0.26623257679518353,-0.9320143892374165,-1.3837263326719145,0.1557070814399298,1.754054456494842,-1.1262199384722393,-0.6791456840737199,-1.145710117347733,-0.8781534100649921,-0.2877490927464089,0.5320903195901912,-1.742399228925451,0.0,0.0,0.0,0.0,-0.26734785526197996,0.0,1.0,0.0,0.0,0.0,0.0,1.0,1.0,1.0,0.0,0.0,0.0,0.0,0.0,0.0,0.0,1.0,0.0,0.0,0.0,0.0,0.0
-0.7581699611438873,0.0,1.4763407940009505,1.5803695257836163,1.0617867539482457,0.2546249253678617,0.15297536010896096,0.3796721288811475,0.8459113011114247,-1.5679065665042957,-1.6054136389352522,-1.0903445355634656,-1.1505541015749308,3.0,0.26623257679518353,-0.9320143892374165,-0.15107647365097865,0.1557070814399298,0.33809616377248186,0.4776001725030011,1.4938670923934996,0.6237070033311167,1.721498804208677,0.8311157399397118,-0.4567500973473325,0.9361680887192979,1.0,1.0,0.0,0.0,-0.5709319498255168,0.0,0.0,0.0,0.0,0.0,1.0,0.0,0.0,0.0,0.0,0.0,0.0,0.0,0.0,0.0,1.0,0.0,0.0,0.0,0.0,0.0,0.0
2.1983800248848895,0.0,-1.4688326558171907,2.4441291486822943,0.08504925188071055,-1.5756862740979403,-0.4867093514188816,-1.0261667362455194,1.7496101475022634,1.1532535902386967,1.0946588148911307,0.1322385821163929,-0.8772324258614291,3.0,0.26623257679518353,0.24198831185855807,2.3827037921142784,0.1557070814399298,-1.0778621289498782,-1.1262199384722393,-0.6791456840737199,-0.5176200614112216,-0.8781534100649921,-1.9394067029021107,-0.4567500973473325,-1.742399228925451,1.0,0.0,0.0,1.0,-0.5058219083918846,0.0,1.0,0.0,1.0,0.0,0.0,0.0,1.0,0.0,0.0,1.0,0.0,0.0,0.0,0.0,0.0,0.0,0.0,0.0,1.0,0.0,0.0
1.4318670655440953,0.0,0.7350892270854419,2.4441291486822943,1.0617867539482457,-0.6605306743650393,1.0878991692650386,-1.0261667362455194,1.7496101475022634,0.24620020465769926,-0.7025786689487499,-1.0903445355634656,-0.057267398720923963,3.0,-0.6589728319256667,0.24198831185855807,2.314223244390893,-0.6201892226844657,0.33809616377248186,2.2818977973501466,3.977310265498893,-0.022923067664666178,1.1113763457566936,1.227954498330848,-0.4567500973473325,-0.6263286865221372,0.0,0.0,0.0,1.0,-0.4452202743383903,0.0,1.0,1.0,0.0,0.0,0.0,0.0,1.0,0.0,0.0,1.0,0.0,0.0,0.0,0.0,1.0,0.0,0.0,0.0,1.0,0.0,0.0
-0.7581699611438873,0.0,0.7772339650037149,-0.8875151110697495,0.08504925188071055,0.2546249253678617,-0.8311549653184892,0.3796721288811475,-0.9614863916702531,1.1532535902386967,-1.0023524844813168,-1.0903445355634656,-0.3305890744344257,3.0,0.26623257679518353,-0.9320143892374165,0.12284571724256264,-0.6201892226844657,-1.0778621289498782,0.8785552002468112,1.1834366957553253,-0.6036607277689553,0.9787410287019146,0.9294774834725573,0.5320903195901912,0.17521185178415083,0.0,0.0,1.0,0.0,-0.26734785526197996,0.0,0.0,0.0,0.0,1.0,0.0,0.0,0.0,0.0,1.0,0.0,0.0,0.0,0.0,0.0,0.0,1.0,0.0,0.0,0.0,0.0,0.0
2.526885578888087,0.0,1.7267301192801021,2.320734916839626,0.08504925188071055,0.2546249253678617,0.6942470390940585,-1.0261667362455194,0.8459113011114247,-1.5679065665042957,-1.6117379810350954,0.5397662880096791,1.036019304133083,3.0,1.1914379855160337,-0.9320143892374165,1.4924566717102692,1.707499689688721,1.754054456494842,2.2818977973501466,3.3564494722225446,1.4009716207232659,1.6628600324581433,0.7060252617512014,0.5320903195901912,0.43393792573576107,1.0,1.0,0.0,1.0,-0.578220991697596,1.0,0.0,0.0,1.0,0.0,0.0,0.0,0.0,0.0,0.0,0.0,0.0,0.0,0.0,0.0,1.0,0.0,0.0,0.0,1.0,0.0,0.0
1.103361511540898,0.0,0.44751336834899036,-0.8875151110697495,-0.8916882501868245,-1.5756862740979403,-0.043850704976529056,0.3796721288811475,-0.05778754527941421,1.1532535902386967,-0.973119969886486,0.9472939939029652,-0.6039107501479274,3.0,0.26623257679518353,2.5899937140505074,1.2185344808167278,-0.6201892226844657,0.33809616377248186,-0.32430988298461916,-0.6791456840737199,-0.8854359790873663,-0.8781534100649921,-1.208719465229542,0.037670111121429345,-1.742399228925451,0.0,0.0,0.0,1.0,0.2513259662477762,0.0,1.0,0.0,0.0,1.0,0.0,0.0,0.0,0.0,0.0,0.0,1.0,0.0,0.0,0.0,0.0,0.0,0.0,0.0,1.0,0.0,1.0
0.9938596602064987,0.0,0.5119700263416432,-0.8875151110697495,0.08504925188071055,-1.5756862740979403,-0.7327419327757442,0.3796721288811475,1.7496101475022634,0.24620020465769926,-1.6900192821375988,1.3548216997962514,-0.6039107501479274,3.0,0.26623257679518353,-0.9320143892374165,2.040301053497352,-0.6201892226844657,-2.4938204216722384,-0.7252649107284292,-0.6791456840737199,0.33086402497585105,-0.8781534100649921,-1.655250554918334,-1.4455905142848562,0.2665217950441287,0.0,0.0,0.0,1.0,2.8987149730040778,0.0,1.0,1.0,0.0,0.0,0.0,0.0,1.0,0.0,0.0,0.0,0.0,1.0,0.0,0.0,1.0,0.0,0.0,0.0,1.0,0.0,0.0
-0.2106607044718917,0.0,-1.6324534030293096,1.5803695257836163,0.08504925188071055,1.1697805251007627,-0.9787745141326066,-2.432005601372186,-0.9614863916702531,0.24620020465769926,0.6903225433078233,-1.0903445355634656,-0.057267398720923963,3.0,0.26623257679518353,-0.9320143892374165,-0.6989208554380613,-0.6201892226844657,0.33809616377248186,-0.32430988298461916,0.5625759024789769,0.890313967345714,1.5977058416242167,0.4657721211034274,1.026510528058953,0.6683092141052549,0.0,0.0,0.0,0.0,-0.6838311094886105,0.0,1.0,1.0,0.0,0.0,0.0,0.0,1.0,0.0,1.0,0.0,0.0,0.0,0.0,0.0,0.0,1.0,0.0,1.0,0.0,1.0,0.0
1.869874470881692,0.0,-0.6308961019127028,-0.14714972001373974,1.0617867539482457,0.2546249253678617,-1.1756005792180968,0.3796721288811475,-0.05778754527941421,0.24620020465769926,1.2810160954331766,1.7623494056895375,-1.1505541015749308,3.0,0.26623257679518353,-0.9320143892374165,1.0815733853699572,0.1557070814399298,0.33809616377248186,-1.1262199384722393,-0.6791456840737199,0.48677938583214775,-0.8781534100649921,-1.8701436418310649,0.5320903195901912,-1.742399228925451,0.0,0.0,0.0,0.0,-0.5372403785056838,0.0,1.0,1.0,0.0,0.0,0.0,0.0,0.0,0.0,1.0,0.0,0.0,0.0,0.0,0.0,0.0,1.0,0.0,0.0,1.0,1.0,0.0
-0.3201625558062908,0.0,1.2408260821047186,-0.8875151110697495,1.0617867539482457,1.1697805251007627,-0.19147025379064658,-1.0261667362455194,-0.9614863916702531,0.24620020465769926,-0.8287844290745093,0.1322385821163929,-0.8772324258614291,3.0,0.26623257679518353,0.24198831185855807,0.39676790813610396,0.1557070814399298,0.33809616377248186,0.07664514475919097,0.8730062991171511,-0.4228722507414817,1.4429646383936412,-0.40496350378971674,1.026510528058953,-0.4509475393309405,0.0,0.0,1.0,0.0,-0.2251254053066766,0.0,1.0,1.0,0.0,0.0,0.0,0.0,1.0,0.0,0.0,0.0,0.0,0.0,1.0,0.0,0.0,0.0,0.0,1.0,0.0,0.0,0.0
0.9938596602064987,0.0,0.7995458850780948,0.09963874367159682,0.08504925188071055,0.2546249253678617,1.3831382668932737,-1.0261667362455194,0.8459113011114247,1.1532535902386967,-0.38650210489214276,-0.27528912377689324,1.036019304133083,3.0,0.26623257679518353,0.24198831185855807,0.5337290035828746,0.1557070814399298,0.33809616377248186,-0.7252649107284292,-0.3687152874355457,0.8999839088658668,0.050293809318461155,-1.3866341962774202,1.026510528058953,0.2665217950441287,1.0,0.0,0.0,1.0,-0.28599422242138534,0.0,1.0,0.0,1.0,0.0,0.0,0.0,0.0,0.0,0.0,0.0,0.0,0.0,0.0,0.0,1.0,0.0,1.0,0.0,1.0,0.0,0.0
-0.6486681098094882,0.0,1.1689321174206058,-0.02375548817107146,-1.8684257522543597,0.2546249253678617,-1.6184592256604493,0.3796721288811475,0.8459113011114247,-0.6608531809232983,0.011369283655769518,-0.6828168296701794,2.675949358414093,4.0,1.1914379855160337,0.24198831185855807,0.2598068126893333,2.4833959938131165,1.754054456494842,1.2795102279906212,-0.6791456840737199,1.334184576773263,-0.8781534100649921,1.2192933349532638,1.026510528058953,0.11199416342393315,0.0,0.0,0.0,0.0,-0.1368722059883366,0.0,1.0,1.0,0.0,0.0,0.0,0.0,1.0,0.0,0.0,0.0,1.0,0.0,0.0,0.0,0.0,0.0,0.0,1.0,0.0,0.0,0.0
-0.42966440714069,1.0,1.1763694241120657,0.7166099028849382,-1.8684257522543597,-0.6605306743650393,-0.4867093514188816,0.3796721288811475,0.8459113011114247,0.24620020465769926,1.4484003496756928,1.7623494056895375,-0.8772324258614291,3.0,1.1914379855160337,-0.9320143892374165,0.5337290035828746,-0.6201892226844657,1.754054456494842,0.07664514475919097,1.4938670923934996,-0.6034486381951187,2.3714118577770944,-0.5075261134526111,1.026510528058953,0.8405041502635701,0.0,0.0,0.0,0.0,-0.2698574003879998,0.0,1.0,0.0,0.0,1.0,0.0,0.0,1.0,0.0,0.0,1.0,0.0,0.0,0.0,0.0,1.0,0.0,1.0,1.0,0.0,0.0,0.0
-0.42966440714069,1.0,-0.5342111149237234,0.09963874367159682,-1.8684257522543597,-1.5756862740979403,-1.3724266443035866,-2.432005601372186,-0.9614863916702531,1.1532535902386967,-1.0692499698041025,1.7623494056895375,-0.6039107501479274,3.0,-1.584178240646517,2.5899937140505074,-0.42499866454451996,-0.6201892226844657,0.33809616377248186,-0.5247873968565242,-0.3687152874355457,0.15319079844759942,-0.13539563455822945,-0.48310644448525547,-0.9511703058160944,0.517638806399078,0.0,0.0,1.0,0.0,-0.6056542947434215,0.0,1.0,0.0,0.0,1.0,0.0,0.0,1.0,0.0,1.0,0.0,0.0,0.0,0.0,0.0,0.0,0.0,0.0,1.0,0.0,1.0,0.0
-0.7581699611438873,0.0,-0.9655749030284007,-0.270543951856408,-1.8684257522543597,1.1697805251007627,-0.4375028351475091,0.3796721288811475,-0.9614863916702531,-0.6608531809232983,0.5740951896062607,-1.0903445355634656,-0.3305890744344257,3.0,-1.584178240646517,-0.9320143892374165,-0.9728430463316026,0.1557070814399298,0.33809616377248186,-0.7252649107284292,-0.3687152874355457,0.3946455682790576,0.050293809318461155,0.0638941403835146,-0.4567500973473325,0.2665217950441287,1.0,0.0,1.0,0.0,-0.5665011572430908,0.0,1.0,0.0,1.0,0.0,0.0,0.0,1.0,0.0,0.0,0.0,0.0,0.0,0.0,1.0,0.0,1.0,0.0,0.0,0.0,1.0,0.0
-0.2106607044718917,0.0,1.173890321881579,0.8400041347276065,0.08504925188071055,1.1697805251007627,0.3005949089230785,0.3796721288811475,0.8459113011114247,0.24620020465769926,-0.002544268963885486,0.5397662880096791,-0.8772324258614291,3.0,0.26623257679518353,-0.9320143892374165,-0.15107647365097865,-0.6201892226844657,0.33809616377248186,0.27712265863109603,-0.6791456840737199,0.039805579924804955,-0.8781534100649921,0.5114400734579629,1.026510528058953,0.8943151081711811,0.0,0.0,0.0,0.0,-0.5192702700471983,0.0,1.0,1.0,0.0,0.0,0.0,0.0,1.0,0.0,0.0,0.0,0.0,0.0,0.0,0.0,1.0,0.0,1.0,1.0,0.0,0.0,1.0
-0.6486681098094882,1.0,-0.6656035331395159,1.3335810620982798,0.08504925188071055,-1.5756862740979403,0.005355811294843447,0.3796721288811475,0.8459113011114247,0.24620020465769926,1.2079348089460997,0.1322385821163929,-0.8772324258614291,3.0,-1.584178240646517,-0.9320143892374165,0.12284571724256264,-0.6201892226844657,0.33809616377248186,-1.1262199384722393,-0.6791456840737199,0.8849883576952579,-0.8781534100649921,-1.7754704636807008,-1.4455905142848562,-1.742399228925451,0.0,0.0,0.0,0.0,-0.5075545663522353,1.0,0.0,1.0,0.0,0.0,0.0,0.0,1.0,0.0,0.0,0.0,0.0,0.0,0.0,0.0,1.0,0.0,0.0,1.0,0.0,0.0,0.0
-0.3201625558062908,1.0,0.4599088795014236,1.7037637576262845,0.08504925188071055,-0.6605306743650393,-1.1263940629467242,0.3796721288811475,0.8459113011114247,-1.5679065665042957,-0.39071833295870484,2.373640964529467,-0.057267398720923963,3.0,0.26623257679518353,2.5899937140505074,-0.014115378204207997,-0.6201892226844657,0.33809616377248186,-0.7252649107284292,-0.6791456840737199,3.9161800736080656,-0.8781534100649921,-1.1668571755712178,-0.9511703058160944,0.2665217950441287,0.0,1.0,0.0,0.0,-0.5406036864065353,1.0,0.0,0.0,0.0,0.0,0.0,0.0,0.0,1.0,0.0,0.0,0.0,0.0,0.0,0.0,0.0,0.0,1.0,1.0,0.0,0.0,0.0
0.5558522548689022,0.0,1.6647525635179359,-0.5173324155417446,-0.8916882501868245,-0.6605306743650393,1.5307578157073911,0.3796721288811475,-0.9614863916702531,0.24620020465769926,-0.7101678794685616,0.5397662880096791,0.4893759527060795,3.0,1.1914379855160337,0.24198831185855807,-0.42499866454451996,0.9316033855643254,0.33809616377248186,-0.9257424246003343,-0.058284890797371494,-1.0260269230864876,1.5977058416242167,-1.264535851440641,0.5320903195901912,1.2709772847514702,0.0,0.0,0.0,1.0,-0.5814290700030235,1.0,0.0,0.0,0.0,0.0,1.0,0.0,1.0,0.0,1.0,0.0,0.0,0.0,0.0,0.0,1.0,0.0,0.0,1.0,0.0,0.0,0.0
-0.10115885313749257,0.0,-0.41521420786036417,0.09963874367159682,1.0617867539482457,-0.6605306743650393,-1.6676657419318217,0.3796721288811475,0.8459113011114247,1.1532535902386967,0.14122910810588288,-0.6828168296701794,-0.3305890744344257,3.0,1.1914379855160337,-0.9320143892374165,-0.15107647365097865,0.1557070814399298,-1.0778621289498782,0.6780776863749062,2.114727885669848,1.281069959140658,2.1604011260990372,1.1507914064214602,0.5320903195901912,-0.8383826587741743,1.0,0.0,0.0,0.0,-0.23468378524308217,0.0,0.0,0.0,0.0,1.0,0.0,0.0,1.0,0.0,0.0,0.0,0.0,0.0,0.0,0.0,0.0,1.0,0.0,1.0,0.0,0.0,0.0
-1.6341847718190805,1.0,1.4019677270863509,-0.6407266473844129,-1.8684257522543597,0.2546249253678617,1.6291708482501361,-1.0261667362455194,-0.9614863916702531,0.24620020465769926,-0.7285787420258829,0.9472939939029652,0.21605427699257776,3.0,0.26623257679518353,-0.9320143892374165,-0.9728430463316026,0.1557070814399298,0.33809616377248186,-0.9257424246003343,-0.3687152874355457,0.5890081464822512,0.3597762157796122,-0.6393923258763324,0.5320903195901912,1.2709772847514702,0.0,0.0,0.0,0.0,-0.314454863153289,1.0,0.0,0.0,0.0,0.0,0.0,1.0,1.0,0.0,1.0,0.0,0.0,0.0,0.0,0.0,0.0,1.0,0.0,0.0,0.0,1.0,0.0
1.2128633628752972,0.0,-1.5853504606500635,-0.8875151110697495,2.038524256015781,-0.6605306743650393,-1.4216331605749593,0.3796721288811475,-0.05778754527941421,1.1532535902386967,0.7511767684018699,-0.27528912377689324,-0.3305890744344257,3.0,-1.584178240646517,0.24198831185855807,0.39676790813610396,-0.6201892226844657,0.33809616377248186,0.4776001725030011,1.1834366957553253,-1.2045837175141711,1.3501199164552957,0.0638941403835146,-0.4567500973473325,0.6013471740137043,1.0,0.0,0.0,1.0,0.040420689265157836,0.0,1.0,0.0,1.0,0.0,0.0,0.0,0.0,0.0,0.0,0.0,0.0,0.0,0.0,0.0,1.0,0.0,0.0,0.0,1.0,1.0,0.0
1.979376322216091,0.0,0.7797130672342015,1.0867925984129432,2.038524256015781,-1.5756862740979403,0.841866587908176,0.3796721288811475,1.7496101475022634,-0.6608531809232983,-0.6240162859751422,0.1322385821163929,2.1293060069870897,4.0,1.1914379855160337,-0.9320143892374165,2.3827037921142784,-0.6201892226844657,0.33809616377248186,0.6780776863749062,1.4938670923934996,-0.05857233873041854,1.4851667847292527,-1.1205883291067544,-0.4567500973473325,0.9696504815283791,1.0,0.0,0.0,0.0,-0.2478597327206905,0.0,1.0,1.0,0.0,0.0,0.0,0.0,0.0,0.0,0.0,1.0,0.0,0.0,0.0,0.0,0.0,1.0,0.0,0.0,1.0,0.0,0.0
0.4463504035345031,0.0,-1.3275238286794517,0.09963874367159682,-0.8916882501868245,1.1697805251007627,-0.4867093514188816,0.3796721288811475,-0.05778754527941421,1.1532535902386967,-0.12411217821642667,1.7623494056895375,-0.3305890744344257,3.0,1.1914379855160337,-0.9320143892374165,0.6706900990296453,0.1557070814399298,0.33809616377248186,1.4799877418625262,-0.3687152874355457,-0.2910672119599673,-0.6305674848960712,0.8499201909092261,2.015350944996477,-1.096672922895779,1.0,0.0,0.0,0.0,-0.44636050627568596,0.0,0.0,1.0,0.0,0.0,0.0,0.0,1.0,0.0,0.0,0.0,0.0,0.0,0.0,0.0,0.0,1.0,0.0,1.0,0.0,0.0,1.0
-0.2106607044718917,0.0,-0.4548798435481506,-1.0109093429124179,0.08504925188071055,-0.6605306743650393,0.9402796204509211,0.3796721288811475,-0.05778754527941421,0.24620020465769926,0.6107763737853512,2.373640964529467,-1.1505541015749308,3.0,0.26623257679518353,-0.9320143892374165,0.5337290035828746,-0.6201892226844657,0.33809616377248186,0.8785552002468112,1.1834366957553253,-0.9253721559266999,0.9787410287019146,0.37158196937219784,0.037670111121429345,0.7231007319868943,1.0,0.0,0.0,0.0,0.6664099044113101,0.0,1.0,0.0,1.0,0.0,0.0,0.0,1.0,0.0,0.0,0.0,0.0,0.0,0.0,0.0,1.0,0.0,0.0,1.0,0.0,1.0,0.0
0.33684855220010396,0.0,-1.2407552506124189,-0.3939381836990763,0.08504925188071055,-0.6605306743650393,0.448214457737196,0.3796721288811475,1.7496101475022634,0.24620020465769926,0.8503986689016318,1.7623494056895375,-0.057267398720923963,3.0,0.26623257679518353,-0.9320143892374165,1.4924566717102692,0.1557070814399298,0.33809616377248186,2.2818977973501466,0.8730062991171511,2.3644100373546846,0.006082036966868094,1.0118019862120042,0.037670111121429345,-0.8383822067661152,0.0,0.0,0.0,0.0,0.3761305609685994,0.0,1.0,1.0,0.0,0.0,0.0,0.0,0.0,0.0,0.0,0.0,1.0,0.0,0.0,0.0,0.0,1.0,0.0,1.0,0.0,0.0,0.0
0.22734670086570485,0.0,-0.8912018361138011,-0.14714972001373974,-1.8684257522543597,0.2546249253678617,-0.8803614815898617,0.3796721288811475,-0.9614863916702531,0.24620020465769926,0.5001706575058715,-0.6828168296701794,-1.1505541015749308,3.0,-1.584178240646517,0.24198831185855807,-0.42499866454451996,0.1557070814399298,0.33809616377248186,0.27712265863109603,-0.6791456840737199,0.4643607979702826,-0.8781534100649921,1.079752369425516,-0.4567500973473325,-0.6123787987411802,0.0,0.0,0.0,1.0,-0.5389651517881717,1.0,0.0,1.0,0.0,0.0,0.0,0.0,0.0,0.0,1.0,0.0,0.0,0.0,0.0,0.0,1.0,0.0,0.0,1.0,0.0,1.0,0.0
-0.6486681098094882,0.0,0.06325252262355946,-0.8875151110697495,-1.8684257522543597,-0.6605306743650393,0.5466274902799411,0.3796721288811475,-0.05778754527941421,1.1532535902386967,-0.8386222945631543,0.5397662880096791,-0.6039107501479274,3.0,0.26623257679518353,-0.9320143892374165,-0.15107647365097865,-0.6201892226844657,1.754054456494842,-0.12383236911271409,-0.6791456840737199,-0.14349593616598863,-0.8781534100649921,-0.1279112595055347,1.026510528058953,0.7687562362816817,1.0,0.0,0.0,0.0,0.5642688306223776,0.0,1.0,1.0,0.0,0.0,0.0,0.0,1.0,0.0,0.0,0.0,0.0,0.0,0.0,0.0,0.0,1.0,1.0,1.0,0.0,0.0,1.0
0.5558522548689022,0.0,-1.1986105126941458,1.827157989468953,0.08504925188071055,1.1697805251007627,-0.4867093514188816,0.3796721288811475,0.8459113011114247,-1.5679065665042957,-1.034817440593845,-0.6828168296701794,1.5826626555600865,4.0,1.1914379855160337,0.24198831185855807,-0.15107647365097865,1.707499689688721,-1.0778621289498782,0.6780776863749062,0.8730062991171511,0.044114687547705235,0.8099324433594683,1.1507914064214602,0.037670111121429345,0.9696504815283791,0.0,1.0,0.0,1.0,-0.614085237424336,0.0,1.0,0.0,0.0,1.0,0.0,0.0,1.0,0.0,0.0,0.0,1.0,0.0,0.0,0.0,1.0,0.0,1.0,1.0,0.0,0.0,1.0
0.8843578088720997,0.0,-0.5986677729163763,-0.8875151110697495,0.08504925188071055,1.1697805251007627,-0.2406767700620191,0.3796721288811475,-0.05778754527941421,-0.6608531809232983,0.26195377174511164,-1.0903445355634656,1.036019304133083,3.0,-0.6589728319256667,0.24198831185855807,-0.2880375690977493,0.1557070814399298,1.754054456494842,0.27712265863109603,0.2521455058408027,-0.8884793369782051,0.3597762157796122,0.767180606643362,0.5320903195901912,0.8943151081711811,1.0,0.0,0.0,1.0,0.19647817586466157,0.0,1.0,0.0,0.0,0.0,1.0,0.0,1.0,0.0,0.0,0.0,0.0,0.0,0.0,0.0,1.0,0.0,0.0,1.0,0.0,1.0,0.0
-1.1961773664814839,1.0,-0.9333465740320742,0.9633983665702748,1.0617867539482457,-0.6605306743650393,-0.3882963188761366,0.3796721288811475,-0.9614863916702531,0.24620020465769926,1.1938807153908928,-1.0903445355634656,-1.1505541015749308,3.0,-0.6589728319256667,0.24198831185855807,-0.42499866454451996,-0.6201892226844657,-1.0778621289498782,0.07664514475919097,-0.3687152874355457,-1.0244056814149989,-0.4139298003732655,0.6890376659478233,-0.9511703058160944,1.2709880467950734,0.0,0.0,1.0,0.0,-0.7034740274718659,1.0,0.0,1.0,0.0,0.0,0.0,0.0,0.0,1.0,0.0,0.0,0.0,0.0,0.0,0.0,0.0,0.0,1.0,0.0,0.0,0.0,0.0
-0.8676718124782865,0.0,-1.4142924067464844,1.2101868302556114,0.08504925188071055,1.1697805251007627,-1.5692527093890767,0.3796721288811475,-0.05778754527941421,1.1532535902386967,1.1709725428959052,0.5397662880096791,-0.8772324258614291,3.0,-0.6589728319256667,1.4159910129545328,-0.42499866454451996,-0.6201892226844657,1.754054456494842,-0.7252649107284292,-0.3687152874355457,-1.2069586411768947,0.050293809318461155,-0.8738211479629483,1.520930736527715,0.2665217950441287,0.0,0.0,0.0,0.0,-0.6657083916785114,0.0,1.0,0.0,0.0,0.0,0.0,1.0,1.0,0.0,0.0,0.0,1.0,0.0,0.0,0.0,0.0,0.0,0.0,0.0,0.0,1.0,0.0
-0.42966440714069,0.0,0.2962881322893046,-1.0109093429124179,2.038524256015781,-1.5756862740979403,1.432344783164646,1.7855109940078144,1.7496101475022634,0.24620020465769926,1.1615563002139164,0.5397662880096791,1.036019304133083,3.0,0.26623257679518353,0.24198831185855807,-0.15107647365097865,-0.6201892226844657,0.33809616377248186,-0.12383236911271409,-0.6791456840737199,0.027239318480734034,-0.8781534100649921,-0.1279112595055347,-0.4567500973473325,-1.2401681358840244,0.0,0.0,0.0,0.0,4.226445445863249,0.0,1.0,0.0,0.0,1.0,0.0,0.0,0.0,0.0,0.0,0.0,0.0,1.0,0.0,0.0,0.0,0.0,0.0,1.0,0.0,0.0,0.0
-0.6486681098094882,0.0,-0.28382178964457166,-0.270543951856408,0.08504925188071055,0.2546249253678617,-1.0771875466753518,-1.0261667362455194,0.8459113011114247,1.1532535902386967,1.5428438583666844,2.373640964529467,1.5826626555600865,4.0,0.26623257679518353,0.24198831185855807,-0.15107647365097865,0.1557070814399298,-1.0778621289498782,-0.32430988298461916,-0.6791456840737199,-0.9503109770481513,-0.8781534100649921,-0.44758692598728334,0.5320903195901912,0.6683092141052549,1.0,0.0,0.0,0.0,0.09896811833920907,0.0,1.0,1.0,0.0,0.0,0.0,0.0,1.0,0.0,0.0,1.0,0.0,0.0,0.0,0.0,0.0,0.0,0.0,1.0,0.0,0.0,0.0
-2.072192177156677,1.0,1.2482633887961785,-0.5173324155417446,0.08504925188071055,-0.6605306743650393,0.15297536010896096,0.3796721288811475,-0.9614863916702531,-0.6608531809232983,-0.8789575430665986,-0.6828168296701794,-0.3305890744344257,3.0,1.1914379855160337,-0.9320143892374165,-1.520687428118685,0.1557070814399298,0.33809616377248186,-1.3266974523441444,-0.6791456840737199,-0.8268764287751682,-0.8781534100649921,-2.045965258396027,0.037670111121429345,-1.742399228925451,1.0,0.0,0.0,0.0,-0.6036786453471171,1.0,0.0,0.0,1.0,0.0,0.0,0.0,1.0,0.0,0.0,0.0,0.0,0.0,0.0,1.0,0.0,1.0,1.0,0.0,0.0,0.0,0.0
0.33684855220010396,0.0,0.7226937159330086,2.320734916839626,0.08504925188071055,0.2546249253678617,-0.3882963188761366,-2.432005601372186,0.8459113011114247,-1.5679065665042957,-0.4132048826470362,0.1322385821163929,-0.057267398720923963,3.0,0.26623257679518353,0.24198831185855807,1.2185344808167278,-0.6201892226844657,0.33809616377248186,-1.1262199384722393,-0.6791456840737199,1.6801831823107374,-0.8781534100649921,-1.8785160997627302,-0.4567500973473325,-1.742399228925451,1.0,1.0,0.0,1.0,-0.5639612798972754,0.0,0.0,0.0,0.0,0.0,1.0,0.0,1.0,0.0,0.0,0.0,0.0,0.0,0.0,0.0,0.0,0.0,0.0,1.0,0.0,0.0,0.0
0.4463504035345031,0.0,-0.7275810889016822,-0.8875151110697495,1.0617867539482457,-1.5756862740979403,-0.19147025379064658,-1.0261667362455194,-0.05778754527941421,0.24620020465769926,-1.7147544867947633,-0.27528912377689324,0.4893759527060795,3.0,-1.584178240646517,-0.9320143892374165,-0.15107647365097865,0.1557070814399298,0.33809616377248186,0.27712265863109603,-0.6791456840737199,-0.2767523856543652,-0.8781534100649921,0.5114400734579629,-1.4455905142848562,0.8943151081711811,0.0,0.0,0.0,0.0,0.6116656004251448,0.0,0.0,0.0,0.0,0.0,1.0,0.0,0.0,0.0,0.0,0.0,0.0,0.0,0.0,0.0,0.0,1.0,1.0,1.0,0.0,0.0,1.0
-1.1961773664814839,0.0,-0.06813989559223305,2.4441291486822943,-0.8916882501868245,-1.5756862740979403,-1.0279810304039791,0.3796721288811475,-0.05778754527941421,0.24620020465769926,-1.411888770680051,0.9472939939029652,-0.8772324258614291,3.0,-1.584178240646517,1.4159910129545328,-0.42499866454451996,1.707499689688721,0.33809616377248186,-1.3266974523441444,-0.6791456840737199,-1.0976783898793283,-0.8781534100649921,-2.045965258396027,-1.4455905142848562,-1.742399228925451,1.0,0.0,0.0,0.0,-0.7089036137651379,0.0,1.0,0.0,0.0,1.0,0.0,0.0,1.0,0.0,0.0,0.0,0.0,0.0,0.0,0.0,0.0,0.0,0.0,0.0,0.0,1.0,0.0
-0.2106607044718917,0.0,-1.5060191892744905,-1.0109093429124179,0.08504925188071055,-1.5756862740979403,0.6942470390940585,0.3796721288811475,-0.05778754527941421,0.24620020465769926,-1.070233756352967,-0.6828168296701794,0.21605427699257776,3.0,1.1914379855160337,-0.9320143892374165,-0.8358819508848319,0.1557070814399298,0.33809616377248186,-0.32430988298461916,-0.6791456840737199,-0.8658405617143563,-0.8781534100649921,0.8843950176866698,0.037670111121429345,0.6683092141052549,1.0,0.0,0.0,0.0,0.7104951095117004,0.0,1.0,0.0,0.0,1.0,0.0,0.0,0.0,0.0,0.0,0.0,0.0,0.0,0.0,0.0,0.0,1.0,0.0,1.0,0.0,1.0,0.0
-0.3201625558062908,0.0,-1.3498357487538315,1.456975293940948,1.0617867539482457,1.1697805251007627,0.3990079414658235,1.7855109940078144,-0.05778754527941421,1.1532535902386967,0.7881390344520645,-0.6828168296701794,-0.8772324258614291,3.0,1.1914379855160337,-0.9320143892374165,-0.15107647365097865,0.1557070814399298,0.33809616377248186,0.6780776863749062,0.8730062991171511,-0.6654454769713963,0.8099324433594683,1.1507914064214602,2.015350944996477,0.3669727680941946,1.0,0.0,0.0,0.0,-0.647396944131051,0.0,1.0,1.0,0.0,0.0,0.0,0.0,1.0,0.0,0.0,0.0,0.0,0.0,0.0,0.0,0.0,1.0,0.0,1.0,0.0,0.0,1.0
-1.1961773664814839,1.0,-0.821786973660175,1.827157989468953,0.08504925188071055,0.2546249253678617,0.005355811294843447,-2.432005601372186,-0.9614863916702531,1.1532535902386967,1.2507997942894813,-0.6828168296701794,0.7626976284195812,3.0,-0.6589728319256667,-0.9320143892374165,-1.3837263326719145,0.1557070814399298,-2.4938204216722384,-1.1262199384722393,-0.6791456840737199,-0.8045312750112638,-0.8781534100649921,-0.2877490927464089,-0.4567500973473325,-1.742399228925451,0.0,0.0,1.0,0.0,-0.7399081382911401,0.0,1.0,0.0,0.0,0.0,0.0,1.0,1.0,0.0,1.0,0.0,0.0,0.0,0.0,0.0,0.0,1.0,1.0,0.0,0.0,0.0,0.0
0.008342998196906572,0.0,-0.00864144206055342,-1.0109093429124179,0.08504925188071055,-0.6605306743650393,-0.3390898026047641,0.3796721288811475,0.8459113011114247,1.1532535902386967,1.3400432883650464,0.5397662880096791,0.4893759527060795,3.0,1.1914379855160337,-0.9320143892374165,0.12284571724256264,0.1557070814399298,1.754054456494842,-0.12383236911271409,-0.3687152874355457,0.07793823492098498,-0.347612141845876,-0.42299649010407175,1.520930736527715,0.7687562362816817,0.0,0.0,0.0,0.0,1.5276236998231598,0.0,1.0,0.0,0.0,0.0,0.0,1.0,0.0,0.0,0.0,0.0,1.0,0.0,0.0,0.0,0.0,1.0,0.0,1.0,0.0,0.0,1.0
0.9938596602064987,0.0,0.5739475821038096,1.0867925984129432,-1.8684257522543597,-1.5756862740979403,0.9894861367222936,0.3796721288811475,0.8459113011114247,0.24620020465769926,-0.7489571776809332,0.9472939939029652,-1.1505541015749308,3.0,1.1914379855160337,-0.9320143892374165,2.314223244390893,0.1557070814399298,-1.0778621289498782,-0.9257424246003343,-0.3687152874355457,1.1560483452740113,0.3597762157796122,-1.8034526838236657,-0.4567500973473325,1.2709772847514702,0.0,0.0,0.0,1.0,-0.4540046354436423,1.0,0.0,0.0,0.0,1.0,0.0,0.0,0.0,0.0,0.0,0.0,0.0,0.0,0.0,0.0,1.0,0.0,0.0,0.0,1.0,0.0,0.0
0.4463504035345031,0.0,1.173890321881579,-0.8875151110697495,2.038524256015781,-0.6605306743650393,1.235518718079156,0.3796721288811475,1.7496101475022634,-1.5679065665042957,-1.2208936392647867,1.7623494056895375,0.21605427699257776,3.0,-0.6589728319256667,0.24198831185855807,1.4924566717102692,-0.6201892226844657,0.33809616377248186,2.2818977973501466,2.7355886789461965,-0.09912127264407086,1.2719348874545842,0.7060252617512014,-1.4455905142848562,0.9361695768114255,1.0,0.0,0.0,1.0,2.6366874159285185,0.0,1.0,1.0,0.0,0.0,0.0,0.0,0.0,0.0,0.0,1.0,0.0,0.0,0.0,0.0,1.0,0.0,0.0,1.0,0.0,0.0,0.0
0.008342998196906572,0.0,-1.6374116074902831,-0.02375548817107146,1.0617867539482457,-1.5756862740979403,0.15297536010896096,0.3796721288811475,0.8459113011114247,-0.6608531809232983,1.4550057736466402,-0.6828168296701794,-0.6039107501479274,3.0,1.1914379855160337,0.24198831185855807,-0.2880375690977493,2.4833959938131165,0.33809616377248186,0.4776001725030011,1.4938670923934996,0.8006248396523069,1.721498804208677,1.1188238397732855,-0.4567500973473325,-0.06829465539748285,1.0,0.0,0.0,1.0,-0.2495068004279253,0.0,0.0,0.0,0.0,1.0,0.0,0.0,1.0,0.0,0.0,0.0,0.0,0.0,0.0,0.0,0.0,0.0,0.0,1.0,0.0,0.0,0.0
1.6508707682128936,0.0,0.3805776081258508,-0.3939381836990763,-0.8916882501868245,1.1697805251007627,0.5958340065513135,0.3796721288811475,-0.05778754527941421,-1.5679065665042957,1.0925507008578497,0.1322385821163929,-0.8772324258614291,3.0,-0.6589728319256667,1.4159910129545328,0.9446122899231866,0.1557070814399298,0.33809616377248186,0.6780776863749062,1.1834366957553253,2.0939012768691305,1.1475496140443604,-0.19521139981748176,-0.4567500973473325,0.9696504815283791,0.0,0.0,0.0,1.0,-0.3033315538583415,0.0,1.0,0.0,0.0,0.0,0.0,1.0,1.0,0.0,0.0,0.0,0.0,0.0,1.0,0.0,0.0,0.0,1.0,0.0,1.0,0.0,1.0
-0.5391662584750891,1.0,1.6647525635179359,0.2230329755142651,1.0617867539482457,1.1697805251007627,-0.2898832863333916,1.7855109940078144,-0.05778754527941421,0.24620020465769926,1.349318990111483,2.1698771115828235,-0.8772324258614291,3.0,1.1914379855160337,-0.9320143892374165,-0.6989208554380613,-0.6201892226844657,0.33809616377248186,-0.5247873968565242,-0.3687152874355457,-0.9295645217163017,-0.13539563455822945,-0.036575354796463615,1.520930736527715,-0.23570720537576498,1.0,0.0,0.0,0.0,-0.5544708635977378,0.0,0.0,0.0,0.0,0.0,1.0,0.0,1.0,0.0,0.0,0.0,0.0,0.0,0.0,0.0,1.0,0.0,0.0,1.0,0.0,1.0,0.0
-1.4151810691502822,0.0,-0.6631244309090293,1.827157989468953,0.08504925188071055,1.1697805251007627,-1.3724266443035866,0.3796721288811475,-0.9614863916702531,1.1532535902386967,-1.2343855690777854,-1.0903445355634656,-0.6039107501479274,3.0,0.26623257679518353,1.4159910129545328,-1.1098041417783733,0.1557070814399298,0.33809616377248186,-0.9257424246003343,-0.058284890797371494,-0.2498316482662941,1.5977058416242167,-0.2877490927464089,1.520930736527715,1.2709772847514702,1.0,0.0,1.0,0.0,-0.7384179341750705,1.0,0.0,0.0,0.0,1.0,0.0,0.0,1.0,0.0,0.0,0.0,0.0,0.0,0.0,1.0,1.0,0.0,0.0,0.0,0.0,0.0,0.0
0.11784484953130571,0.0,1.7168137103581556,0.09963874367159682,0.08504925188071055,0.2546249253678617,0.4974209740085685,0.3796721288811475,-0.05778754527941421,0.24620020465769926,1.1047777622508799,0.1322385821163929,1.036019304133083,3.0,0.26623257679518353,0.24198831185855807,0.9446122899231866,0.9316033855643254,0.33809616377248186,-1.1262199384722393,-0.6791456840737199,0.8849883576952579,-0.8781534100649921,-1.8608898725381722,0.5320903195901912,-1.742399228925451,0.0,0.0,0.0,1.0,-0.24348953683803845,0.0,1.0,0.0,0.0,1.0,0.0,0.0,0.0,0.0,0.0,0.0,0.0,0.0,0.0,0.0,1.0,0.0,0.0,1.0,0.0,0.0,0.0
0.008342998196906572,0.0,-0.8837645294223412,-1.0109093429124179,1.0617867539482457,-0.6605306743650393,-0.043850704976529056,0.3796721288811475,-0.05778754527941421,-0.6608531809232983,0.19505628642232598,1.3548216997962514,-0.8772324258614291,3.0,-0.6589728319256667,0.24198831185855807,-0.42499866454451996,-0.6201892226844657,-1.0778621289498782,-0.12383236911271409,0.5625759024789769,-0.3374945116402371,1.2440116628114726,0.2983229624701303,-1.4455905142848562,0.7687562362816817,0.0,0.0,0.0,1.0,1.203504304578037,0.0,1.0,1.0,0.0,0.0,0.0,0.0,0.0,0.0,0.0,0.0,1.0,0.0,0.0,0.0,1.0,0.0,0.0,1.0,0.0,0.0,1.0
1.3223652142096962,0.0,1.097038152736493,1.0867925984129432,1.0617867539482457,1.1697805251007627,-0.3882963188761366,-1.0261667362455194,2.6533089938931025,0.24620020465769926,-1.7129274546325863,-0.6828168296701794,0.4893759527060795,3.0,0.26623257679518353,0.24198831185855807,2.3827037921142784,1.707499689688721,0.33809616377248186,2.2818977973501466,-0.6791456840737199,0.6279708486839535,-0.8781534100649921,1.360578562550108,1.026510528058953,-0.8675438909744179,0.0,0.0,0.0,1.0,-0.16070239987951862,0.0,1.0,1.0,0.0,0.0,0.0,0.0,1.0,0.0,0.0,0.0,0.0,1.0,0.0,0.0,0.0,0.0,1.0,0.0,1.0,0.0,0.0
-1.4151810691502822,0.0,-0.2763844829531117,1.7037637576262845,0.08504925188071055,-0.6605306743650393,1.137105685536411,1.7855109940078144,-0.9614863916702531,1.1532535902386967,1.0283234933105534,-0.6828168296701794,-1.1505541015749308,3.0,-0.6589728319256667,1.4159910129545328,-0.6989208554380613,0.1557070814399298,0.33809616377248186,-0.12383236911271409,-0.3687152874355457,-0.4613988657956848,-0.347612141845876,0.9681195970033181,0.037670111121429345,0.7687562362816817,0.0,0.0,1.0,0.0,-0.7275259908961595,0.0,1.0,0.0,0.0,1.0,0.0,0.0,1.0,0.0,0.0,0.0,0.0,0.0,1.0,0.0,1.0,0.0,1.0,0.0,0.0,0.0,0.0
-1.1961773664814839,0.0,-0.24663525618727192,2.320734916839626,-0.8916882501868245,-1.5756862740979403,0.005355811294843447,0.3796721288811475,-0.05778754527941421,-0.6608531809232983,-0.9676388733999552,-0.6828168296701794,1.3093409798465847,4.0,1.1914379855160337,1.4159910129545328,-0.6989208554380613,1.707499689688721,1.754054456494842,-0.32430988298461916,-0.3687152874355457,-0.27345927564364025,-0.25918859714269,0.4657721211034274,0.037670111121429345,0.06563210334757824,1.0,0.0,0.0,0.0,-0.6637364405421606,0.0,1.0,0.0,1.0,0.0,0.0,0.0,1.0,0.0,0.0,0.0,0.0,0.0,0.0,0.0,1.0,0.0,0.0,0.0,0.0,0.0,1.0
-1.4151810691502822,0.0,0.0508570114711262,0.9633983665702748,-0.8916882501868245,1.1697805251007627,1.3831382668932737,-1.0261667362455194,-0.9614863916702531,-0.6608531809232983,-0.7326544291568929,-0.6828168296701794,1.5826626555600865,4.0,1.1914379855160337,0.24198831185855807,-1.3837263326719145,-0.6201892226844657,0.33809616377248186,-1.1262199384722393,-0.6791456840737199,-0.9955376435943514,-0.8781534100649921,-0.2877490927464089,1.026510528058953,-1.742399228925451,0.0,0.0,1.0,0.0,-0.7246542433808172,0.0,1.0,0.0,0.0,0.0,1.0,0.0,1.0,0.0,1.0,0.0,0.0,0.0,0.0,0.0,1.0,0.0,0.0,0.0,0.0,0.0,0.0
1.4318670655440953,0.0,1.0995172549669796,-0.7641208792270812,0.08504925188071055,-1.5756862740979403,1.6291708482501361,0.3796721288811475,2.6533089938931025,-0.6608531809232983,-0.8873899991997228,-0.6828168296701794,-1.1505541015749308,3.0,0.26623257679518353,0.24198831185855807,2.3827037921142784,-0.6201892226844657,0.33809616377248186,2.2818977973501466,2.4251582823080224,0.1720497229034778,0.24723715888464826,1.3639085174092929,-0.9511703058160944,-1.2715569416012458,0.0,0.0,0.0,1.0,2.0271525378973005,1.0,0.0,0.0,0.0,1.0,0.0,0.0,1.0,0.0,0.0,1.0,0.0,0.0,0.0,0.0,1.0,0.0,0.0,0.0,1.0,0.0,0.0
-1.3056792178158831,0.0,-0.4474425368566906,0.4698214391996017,-1.8684257522543597,-0.6605306743650393,-1.2740136117608418,0.3796721288811475,-0.9614863916702531,0.24620020465769926,1.695330773440681,-0.6828168296701794,-1.1505541015749308,3.0,0.26623257679518353,-0.9320143892374165,-0.5619597599912906,-1.3960855268088614,0.33809616377248186,0.07664514475919097,-0.6791456840737199,-0.5858883786775925,-0.8781534100649921,1.0309130314908046,0.037670111121429345,-0.020463642799437232,1.0,0.0,1.0,0.0,-0.7050657468154191,0.0,1.0,0.0,0.0,1.0,0.0,0.0,1.0,0.0,0.0,0.0,0.0,0.0,0.0,1.0,1.0,0.0,0.0,0.0,0.0,0.0,0.0
-1.4151810691502822,1.0,1.2011604464169323,-0.270543951856408,0.08504925188071055,-1.5756862740979403,-0.5359158676902541,0.3796721288811475,-0.9614863916702531,0.24620020465769926,-0.020392967778998468,-0.6828168296701794,0.21605427699257776,3.0,1.1914379855160337,0.24198831185855807,-0.6989208554380613,0.9316033855643254,0.33809616377248186,-0.12383236911271409,-0.3687152874355457,-0.31490931610813694,-0.347612141845876,0.9681195970033181,0.037670111121429345,-0.23570594980117132,0.0,0.0,1.0,0.0,-0.5740297926211504,1.0,0.0,1.0,0.0,0.0,0.0,0.0,0.0,0.0,1.0,0.0,0.0,0.0,0.0,0.0,1.0,0.0,1.0,0.0,0.0,0.0,0.0
-0.7581699611438873,1.0,-0.8788063249613679,0.3464272073569334,1.0617867539482457,-0.6605306743650393,0.3990079414658235,-1.0261667362455194,-0.9614863916702531,-1.5679065665042957,0.022050394757726893,-0.6828168296701794,0.7626976284195812,3.0,0.26623257679518353,0.24198831185855807,-1.3837263326719145,-0.6201892226844657,1.754054456494842,-1.1262199384722393,-0.6791456840737199,-0.6555317142562495,-0.8781534100649921,-0.2877490927464089,-0.4567500973473325,-1.742399228925451,1.0,1.0,1.0,0.0,-0.7009240165111416,1.0,0.0,1.0,0.0,0.0,0.0,0.0,1.0,0.0,0.0,0.0,0.0,0.0,0.0,1.0,1.0,0.0,0.0,0.0,0.0,0.0,0.0
-0.3201625558062908,0.0,-1.359752157675778,-1.0109093429124179,-0.8916882501868245,-0.6605306743650393,0.841866587908176,-1.0261667362455194,-0.9614863916702531,1.1532535902386967,1.1919131422931637,-0.6828168296701794,-0.6039107501479274,3.0,1.1914379855160337,0.24198831185855807,-0.6989208554380613,0.1557070814399298,0.33809616377248186,-0.12383236911271409,-0.3687152874355457,0.34228424359083,-0.347612141845876,0.9681195970033181,1.026510528058953,0.7687562362816817,0.0,0.0,0.0,0.0,0.3264570904329484,0.0,1.0,1.0,0.0,0.0,0.0,0.0,1.0,0.0,0.0,0.0,0.0,0.0,1.0,0.0,1.0,0.0,1.0,1.0,0.0,1.0,0.0
-0.6486681098094882,1.0,1.394530420394891,0.4698214391996017,1.0617867539482457,-0.6605306743650393,-0.9787745141326066,0.3796721288811475,-0.05778754527941421,-1.5679065665042957,-0.3936696926052983,-0.27528912377689324,0.4893759527060795,3.0,0.26623257679518353,-0.9320143892374165,-0.2880375690977493,-0.6201892226844657,-2.4938204216722384,-0.7252649107284292,-0.3687152874355457,-1.1282826601434206,0.050293809318461155,-0.9910355590062562,-1.940010722753618,-0.7379387169406612,1.0,1.0,0.0,0.0,-0.6102869909808778,0.0,1.0,0.0,0.0,1.0,0.0,0.0,1.0,0.0,0.0,0.0,0.0,0.0,0.0,0.0,0.0,0.0,0.0,1.0,0.0,1.0,0.0
-0.2106607044718917,0.0,-0.6556871242175693,1.950552221311621,-0.8916882501868245,-1.5756862740979403,-0.5851223839616266,-1.0261667362455194,-0.05778754527941421,1.1532535902386967,-0.04344168120953807,0.5397662880096791,-0.3305890744344257,3.0,1.1914379855160337,-0.9320143892374165,-0.2880375690977493,0.1557070814399298,0.33809616377248186,-0.7252649107284292,-0.6791456840737199,0.3980017778991628,-0.8781534100649921,-0.9910355590062562,0.5320903195901912,0.2665217950441287,0.0,0.0,0.0,0.0,-0.7101183848554808,0.0,1.0,0.0,0.0,0.0,1.0,0.0,1.0,0.0,1.0,0.0,0.0,0.0,0.0,0.0,0.0,1.0,0.0,1.0,0.0,1.0,0.0
-0.6486681098094882,0.0,-0.6879154532138958,-0.3939381836990763,1.0617867539482457,-1.5756862740979403,0.005355811294843447,1.7855109940078144,-0.05778754527941421,1.1532535902386967,-1.1375528644824087,0.5397662880096791,1.855984331273588,4.0,1.1914379855160337,1.4159910129545328,0.2598068126893333,0.9316033855643254,1.754054456494842,0.07664514475919097,0.8730062991171511,-0.613879377759296,1.4429646383936412,-0.2877490927464089,1.026510528058953,1.2709880467950734,1.0,0.0,0.0,0.0,-0.3137097610952542,0.0,1.0,0.0,0.0,1.0,0.0,0.0,1.0,0.0,0.0,0.0,0.0,0.0,0.0,0.0,0.0,0.0,0.0,1.0,0.0,0.0,1.0
-1.0866755151470848,0.0,-0.011120544291040072,-0.3939381836990763,1.0617867539482457,-1.5756862740979403,0.005355811294843447,-1.0261667362455194,-0.9614863916702531,0.24620020465769926,-1.307045232758206,-1.0903445355634656,-0.8772324258614291,3.0,0.26623257679518353,1.4159910129545328,-0.6989208554380613,1.707499689688721,-1.0778621289498782,-0.32430988298461916,-0.6791456840737199,-0.9434295378692017,-0.8781534100649921,0.4657721211034274,-0.9511703058160944,0.06563210334757824,0.0,0.0,1.0,0.0,-0.6040334558509431,0.0,1.0,0.0,0.0,1.0,0.0,0.0,0.0,0.0,0.0,0.0,0.0,0.0,1.0,0.0,0.0,0.0,0.0,0.0,0.0,0.0,0.0
0.008342998196906572,0.0,-0.6061050796078363,-0.8875151110697495,0.08504925188071055,1.1697805251007627,0.448214457737196,0.3796721288811475,-0.05778754527941421,0.24620020465769926,-1.5885487266690037,0.5397662880096791,-1.1505541015749308,3.0,0.26623257679518353,0.24198831185855807,0.8076511944764159,0.1557070814399298,-1.0778621289498782,-0.7252649107284292,-0.3687152874355457,1.1225985322937155,0.050293809318461155,-1.4598932031794878,0.5320903195901912,-1.742399228925451,1.0,0.0,0.0,1.0,1.1893266681959864,0.0,1.0,0.0,1.0,0.0,0.0,0.0,1.0,0.0,0.0,0.0,0.0,0.0,0.0,0.0,1.0,0.0,1.0,1.0,0.0,0.0,0.0
-1.8531884744878788,0.0,0.3880149148173107,-1.0109093429124179,0.08504925188071055,1.1697805251007627,0.841866587908176,-1.0261667362455194,-0.9614863916702531,-0.6608531809232983,-0.359237163395041,-0.6828168296701794,-0.6039107501479274,3.0,1.1914379855160337,-0.9320143892374165,-1.3837263326719145,-2.171981830933257,1.754054456494842,-1.1262199384722393,-0.6791456840737199,-0.36194644088832345,-0.8781534100649921,-0.2877490927464089,1.520930736527715,-1.742399228925451,0.0,0.0,0.0,0.0,0.08243616642656271,0.0,1.0,1.0,0.0,0.0,0.0,0.0,0.0,0.0,0.0,0.0,0.0,0.0,1.0,0.0,0.0,1.0,0.0,0.0,0.0,0.0,0.0
0.5558522548689022,0.0,-0.4474425368566906,-0.8875151110697495,1.0617867539482457,0.2546249253678617,0.743453555365431,0.3796721288811475,-0.05778754527941421,1.1532535902386967,-1.2079638731939961,-0.6828168296701794,-0.6039107501479274,3.0,-0.6589728319256667,1.4159910129545328,-0.15107647365097865,0.9316033855643254,0.33809616377248186,0.6780776863749062,-0.058284890797371494,-1.3262904883419437,-0.2029190686952079,1.1507914064214602,0.5320903195901912,-1.1397215154912665,0.0,0.0,0.0,1.0,0.04828565543330263,0.0,1.0,1.0,0.0,0.0,0.0,0.0,0.0,0.0,0.0,0.0,0.0,0.0,0.0,0.0,1.0,0.0,0.0,1.0,0.0,1.0,0.0
0.6653541062033014,0.0,-0.050786179978826486,-0.3939381836990763,1.0617867539482457,-0.6605306743650393,-0.7819484490471167,-1.0261667362455194,1.7496101475022634,1.1532535902386967,-1.6361921038211558,0.5397662880096791,-0.3305890744344257,3.0,0.26623257679518353,0.24198831185855807,1.3554955762634984,0.1557070814399298,-1.0778621289498782,-1.1262199384722393,-0.6791456840737199,0.10744548722094663,-0.8781534100649921,-1.8861274251551527,0.037670111121429345,-1.742399228925451,0.0,0.0,0.0,1.0,0.6768324629612011,0.0,1.0,0.0,0.0,0.0,1.0,0.0,1.0,0.0,0.0,0.0,0.0,1.0,0.0,0.0,0.0,0.0,1.0,1.0,0.0,0.0,0.0
0.11784484953130571,0.0,-1.0920091167832198,-1.0109093429124179,-1.8684257522543597,0.2546249253678617,-1.1263940629467242,0.3796721288811475,-0.9614863916702531,-1.5679065665042957,0.03483961989296533,0.1322385821163929,0.4893759527060795,3.0,1.1914379855160337,-0.9320143892374165,-0.42499866454451996,0.1557070814399298,-1.0778621289498782,-1.3266974523441444,-0.6791456840737199,-0.5563714517432551,-0.8781534100649921,-2.045965258396027,-0.4567500973473325,-1.742399228925451,0.0,0.0,0.0,0.0,0.015066522012586,0.0,1.0,1.0,0.0,0.0,0.0,0.0,0.0,0.0,0.0,0.0,0.0,0.0,1.0,0.0,0.0,1.0,0.0,1.0,0.0,0.0,0.0
0.6653541062033014,0.0,0.49213720849775006,-0.02375548817107146,2.038524256015781,1.1697805251007627,0.3005949089230785,0.3796721288811475,-0.05778754527941421,0.24620020465769926,0.7468199993997557,0.1322385821163929,-0.6039107501479274,3.0,-0.6589728319256667,0.24198831185855807,-0.15107647365097865,0.1557070814399298,0.33809616377248186,0.27712265863109603,0.5625759024789769,2.1896953198193962,0.7724194243944803,0.5114400734579629,0.5320903195901912,0.8943151081711811,0.0,0.0,0.0,1.0,-0.445406549852899,1.0,0.0,0.0,0.0,1.0,0.0,0.0,1.0,0.0,1.0,0.0,0.0,0.0,0.0,0.0,0.0,0.0,1.0,1.0,0.0,0.0,1.0
1.2128633628752972,0.0,1.074726232662113,-1.0109093429124179,1.0617867539482457,1.1697805251007627,-1.2740136117608418,-1.0261667362455194,1.7496101475022634,-1.5679065665042957,0.5177382744498804,1.7623494056895375,-1.1505541015749308,3.0,-1.584178240646517,0.24198831185855807,1.3554955762634984,0.1557070814399298,-2.4938204216722384,-0.7252649107284292,-0.6791456840737199,-0.30068326497318293,-0.8781534100649921,-1.566451758673404,-1.940010722753618,0.2665217950441287,0.0,0.0,0.0,1.0,3.983666358620255,0.0,1.0,1.0,0.0,0.0,0.0,0.0,0.0,0.0,0.0,1.0,0.0,0.0,0.0,0.0,1.0,0.0,0.0,0.0,1.0,0.0,0.0
0.7748559575377005,0.0,0.7673175560817683,-1.0109093429124179,1.0617867539482457,-1.5756862740979403,-0.7819484490471167,-1.0261667362455194,-0.05778754527941421,0.24620020465769926,1.7681309780566536,0.5397662880096791,-1.1505541015749308,3.0,-0.6589728319256667,-0.9320143892374165,-0.15107647365097865,-1.3960855268088614,1.754054456494842,-0.9257424246003343,-0.6791456840737199,1.1988236415555689,-0.8781534100649921,-1.4066139254325294,-0.4567500973473325,1.2709772847514702,0.0,0.0,0.0,0.0,1.0600721584063444,0.0,1.0,1.0,0.0,0.0,0.0,0.0,0.0,1.0,0.0,0.0,0.0,0.0,0.0,0.0,0.0,1.0,0.0,1.0,0.0,0.0,1.0
-0.3201625558062908,0.0,-1.4837072692001108,0.59321567104227,0.08504925188071055,0.2546249253678617,-1.7168722582031943,0.3796721288811475,-0.9614863916702531,0.24620020465769926,-1.6023217383531068,-0.6828168296701794,0.7626976284195812,3.0,1.1914379855160337,1.4159910129545328,-0.42499866454451996,0.1557070814399298,0.33809616377248186,0.27712265863109603,-0.6791456840737199,-0.05195613924122043,-0.8781534100649921,1.079752369425516,1.026510528058953,-0.9890522754692704,1.0,0.0,1.0,0.0,-0.6912695317249817,0.0,1.0,0.0,0.0,0.0,0.0,1.0,0.0,0.0,0.0,0.0,0.0,0.0,0.0,1.0,0.0,0.0,1.0,1.0,0.0,0.0,0.0
-1.0866755151470848,1.0,1.5308810430716568,-0.8875151110697495,-1.8684257522543597,0.2546249253678617,0.9402796204509211,0.3796721288811475,-0.9614863916702531,-1.5679065665042957,0.2857051898534116,-1.0903445355634656,-1.1505541015749308,3.0,-0.6589728319256667,0.24198831185855807,-0.8358819508848319,0.1557070814399298,0.33809616377248186,-0.5247873968565242,-0.6791456840737199,0.45876165500226557,-0.8781534100649921,0.2983229624701303,-0.9511703058160944,0.517638806399078,1.0,0.0,1.0,0.0,-0.16862183257237354,0.0,1.0,0.0,1.0,0.0,0.0,0.0,1.0,0.0,0.0,0.0,0.0,0.0,0.0,1.0,0.0,0.0,0.0,0.0,0.0,1.0,0.0
-1.7436866231534796,0.0,1.3399901713241846,1.5803695257836163,-1.8684257522543597,0.2546249253678617,-0.8311549653184892,0.3796721288811475,-0.9614863916702531,0.24620020465769926,1.4238056859540804,-0.6828168296701794,-1.1505541015749308,3.0,0.26623257679518353,-0.9320143892374165,-1.1098041417783733,-0.6201892226844657,0.33809616377248186,-0.7252649107284292,-0.3687152874355457,0.9075742620647234,0.050293809318461155,0.5913589900784001,0.5320903195901912,0.2665217950441287,1.0,0.0,0.0,0.0,-0.7049693309176404,0.0,1.0,0.0,0.0,0.0,0.0,1.0,1.0,0.0,0.0,0.0,0.0,0.0,0.0,1.0,0.0,1.0,0.0,0.0,0.0,1.0,0.0
0.7748559575377005,0.0,1.2705753088705585,-0.7641208792270812,1.0617867539482457,1.1697805251007627,-1.5200461931177043,0.3796721288811475,2.6533089938931025,1.1532535902386967,-0.6963948677844587,0.5397662880096791,-0.8772324258614291,3.0,-1.584178240646517,0.24198831185855807,2.040301053497352,-0.6201892226844657,1.754054456494842,-0.9257424246003343,-0.6791456840737199,0.39388618218941623,-0.8781534100649921,-1.7854887894108984,1.026510528058953,1.2709772847514702,0.0,0.0,0.0,1.0,2.2309689966888935,0.0,1.0,0.0,0.0,0.0,1.0,0.0,1.0,0.0,0.0,1.0,0.0,0.0,0.0,0.0,1.0,0.0,1.0,1.0,0.0,0.0,0.0
-1.6341847718190805,0.0,-0.49206637700545036,-0.3939381836990763,-1.8684257522543597,-1.5756862740979403,0.15297536010896096,0.3796721288811475,-0.9614863916702531,0.24620020465769926,-0.30470728040083755,-1.0903445355634656,1.3093409798465847,4.0,1.1914379855160337,-0.9320143892374165,-1.1098041417783733,0.1557070814399298,0.33809616377248186,-0.9257424246003343,-0.058284890797371494,-0.4183924117816907,1.5977058416242167,-0.2877490927464089,0.037670111121429345,1.2709772847514702,0.0,0.0,0.0,0.0,-0.5520537170404227,0.0,1.0,0.0,0.0,1.0,0.0,0.0,1.0,0.0,0.0,0.0,0.0,0.0,1.0,0.0,1.0,0.0,0.0,0.0,0.0,0.0,0.0
-0.42966440714069,0.0,1.02514418805238,-0.14714972001373974,1.0617867539482457,0.2546249253678617,-1.3232201280322142,0.3796721288811475,-0.05778754527941421,0.24620020465769926,0.8598149115836206,-1.0903445355634656,-0.8772324258614291,3.0,1.1914379855160337,-0.9320143892374165,-0.6989208554380613,0.1557070814399298,0.33809616377248186,-0.32430988298461916,-0.3687152874355457,0.0753455580512184,-0.25918859714269,0.4657721211034274,1.026510528058953,-1.742399228925451,1.0,0.0,0.0,0.0,-0.30791452286609494,0.0,1.0,0.0,1.0,0.0,0.0,0.0,1.0,0.0,0.0,0.0,0.0,0.0,0.0,0.0,0.0,0.0,0.0,1.0,0.0,0.0,1.0
-0.5391662584750891,0.0,-0.387944083325011,-0.02375548817107146,1.0617867539482457,-1.5756862740979403,1.2847252343505287,0.3796721288811475,-0.05778754527941421,1.1532535902386967,0.5306680405206708,-0.6828168296701794,-0.8772324258614291,3.0,1.1914379855160337,0.24198831185855807,-0.6989208554380613,-0.6201892226844657,-1.0778621289498782,-0.12383236911271409,-0.6791456840737199,2.761397281877996,-0.8781534100649921,0.9681195970033181,0.037670111121429345,0.2665251432402553,0.0,0.0,0.0,0.0,-0.4054814979098695,0.0,1.0,1.0,0.0,0.0,0.0,0.0,0.0,0.0,0.0,0.0,0.0,0.0,1.0,0.0,1.0,0.0,1.0,1.0,0.0,0.0,1.0
-0.7581699611438873,0.0,-1.5927877673415234,-0.7641208792270812,0.08504925188071055,0.2546249253678617,0.251388392651706,0.3796721288811475,-0.9614863916702531,0.24620020465769926,1.1720968703803218,-0.6828168296701794,1.3093409798465847,4.0,0.26623257679518353,0.24198831185855807,-1.3837263326719145,-0.6201892226844657,0.33809616377248186,-1.1262199384722393,-0.6791456840737199,-1.0366101882328556,-0.8781534100649921,-0.2877490927464089,0.5320903195901912,-1.742399228925451,0.0,0.0,1.0,0.0,-0.47468285154984835,1.0,0.0,0.0,0.0,1.0,0.0,0.0,0.0,0.0,0.0,0.0,0.0,0.0,1.0,0.0,0.0,0.0,0.0,0.0,0.0,0.0,0.0
1.7603726195472926,0.0,-1.3994177933635645,-1.0109093429124179,-1.8684257522543597,1.1697805251007627,-1.5692527093890767,0.3796721288811475,-0.05778754527941421,-1.5679065665042957,-0.9565361394913416,1.7623494056895375,1.3093409798465847,4.0,1.1914379855160337,-0.9320143892374165,0.9446122899231866,-0.6201892226844657,1.754054456494842,1.4799877418625262,1.8042974890316739,0.6107106693833517,1.102533991286375,0.5450901436139363,1.026510528058953,-0.23570451485621632,1.0,0.0,0.0,0.0,1.8039323796777187,0.0,1.0,0.0,0.0,1.0,0.0,0.0,0.0,0.0,0.0,0.0,0.0,0.0,0.0,0.0,0.0,1.0,0.0,0.0,1.0,0.0,0.0
-0.3201625558062908,0.0,1.4738616917704639,-1.0109093429124179,2.038524256015781,-0.6605306743650393,-1.1756005792180968,0.3796721288811475,-0.9614863916702531,1.1532535902386967,-0.9350333763518749,-0.6828168296701794,-0.8772324258614291,3.0,1.1914379855160337,0.24198831185855807,-0.15107647365097865,0.9316033855643254,-1.0778621289498782,0.6780776863749062,1.8042974890316739,-0.49186177072226395,1.822783955414145,1.1507914064214602,0.5320903195901912,0.9696504815283791,0.0,0.0,1.0,0.0,0.037419583753628964,0.0,1.0,1.0,0.0,0.0,0.0,0.0,1.0,0.0,0.0,0.0,0.0,0.0,1.0,0.0,1.0,0.0,0.0,1.0,0.0,0.0,0.0
0.8843578088720997,1.0,-1.2308388416904723,2.0739464531542895,1.0617867539482457,-1.5756862740979403,1.6783773645215088,0.3796721288811475,-0.05778754527941421,-1.5679065665042957,-1.2203314755225785,-0.27528912377689324,-0.3305890744344257,3.0,1.1914379855160337,1.4159910129545328,-0.8358819508848319,0.9316033855643254,0.33809616377248186,-1.1262199384722393,-0.6791456840737199,-1.106063121458532,-0.8781534100649921,-1.4598932031794878,-0.9511703058160944,1.270962218019569,1.0,1.0,0.0,1.0,-0.6994610549679443,1.0,0.0,1.0,0.0,0.0,0.0,0.0,0.0,0.0,0.0,0.0,0.0,0.0,0.0,0.0,1.0,0.0,0.0,1.0,0.0,1.0,0.0
-1.1961773664814839,0.0,0.46734618619288354,-0.3939381836990763,0.08504925188071055,0.2546249253678617,0.251388392651706,0.3796721288811475,-0.9614863916702531,1.1532535902386967,0.48428953178848755,-0.6828168296701794,-0.6039107501479274,3.0,0.26623257679518353,0.24198831185855807,-1.1098041417783733,-0.6201892226844657,0.33809616377248186,-0.7252649107284292,-0.6791456840737199,-0.518470093893869,-0.8781534100649921,0.5913589900784001,1.026510528058953,0.2665217950441287,0.0,0.0,1.0,0.0,-0.5621658163994658,0.0,1.0,1.0,0.0,0.0,0.0,0.0,0.0,0.0,1.0,0.0,0.0,0.0,0.0,0.0,1.0,0.0,1.0,0.0,0.0,0.0,0.0
0.008342998196906572,0.0,-0.7945168491248218,-0.7641208792270812,0.08504925188071055,0.2546249253678617,-1.4708396768463317,0.3796721288811475,0.8459113011114247,0.24620020465769926,-0.6615407157675451,-0.6828168296701794,-0.057267398720923963,3.0,0.26623257679518353,0.24198831185855807,-0.15107647365097865,-0.6201892226844657,0.33809616377248186,0.6780776863749062,1.4938670923934996,0.8511047354654816,1.4851667847292527,1.1507914064214602,0.5320903195901912,0.3669727680941946,0.0,0.0,0.0,1.0,0.6664099044113101,0.0,1.0,0.0,0.0,0.0,1.0,0.0,1.0,0.0,0.0,0.0,1.0,0.0,0.0,0.0,1.0,0.0,0.0,1.0,0.0,0.0,0.0
-0.8676718124782865,0.0,0.925980098832914,-0.7641208792270812,-0.8916882501868245,-0.6605306743650393,-0.19147025379064658,0.3796721288811475,-0.05778754527941421,0.24620020465769926,-1.521510700410666,-0.6828168296701794,-0.3305890744344257,3.0,-1.584178240646517,0.24198831185855807,-0.6989208554380613,1.707499689688721,-1.0778621289498782,-0.12383236911271409,-0.3687152874355457,-0.5715364832843192,-0.347612141845876,0.9681195970033181,-1.4455905142848562,-1.742399228925451,1.0,0.0,0.0,0.0,0.06520568133450876,0.0,1.0,0.0,0.0,1.0,0.0,0.0,0.0,0.0,0.0,0.0,0.0,0.0,0.0,0.0,1.0,0.0,0.0,0.0,0.0,0.0,1.0
-0.2106607044718917,0.0,0.5318028441855365,-0.3939381836990763,1.0617867539482457,-0.6605306743650393,0.7926600716368035,-2.432005601372186,-0.05778754527941421,1.1532535902386967,0.7104198970917693,-0.6828168296701794,-0.6039107501479274,3.0,-0.6589728319256667,-0.9320143892374165,0.8076511944764159,0.1557070814399298,0.33809616377248186,2.081420283478242,2.7355886789461965,3.0516908464724573,1.3913842373167828,1.2751097211643625,0.037670111121429345,0.207441235059828,0.0,0.0,0.0,0.0,-0.20850844671082186,0.0,1.0,1.0,0.0,0.0,0.0,0.0,1.0,0.0,0.0,0.0,0.0,0.0,1.0,0.0,0.0,1.0,0.0,1.0,0.0,0.0,1.0
-0.42966440714069,0.0,1.223472366491312,-0.3939381836990763,0.08504925188071055,0.2546249253678617,-1.7660787744745667,0.3796721288811475,-0.05778754527941421,1.1532535902386967,-1.2617910515104394,0.1322385821163929,2.1293060069870897,4.0,0.26623257679518353,0.24198831185855807,0.5337290035828746,-0.6201892226844657,-2.4938204216722384,1.2795102279906212,0.5625759024789769,0.0756641558064896,0.18292912637324013,0.8111360107846023,0.037670111121429345,0.8073916855549522,0.0,0.0,0.0,0.0,-0.11279831330373707,1.0,0.0,1.0,0.0,0.0,0.0,0.0,1.0,0.0,0.0,0.0,0.0,0.0,0.0,0.0,0.0,0.0,0.0,1.0,0.0,0.0,1.0
1.869874470881692,0.0,-1.0052405387161871,1.2101868302556114,1.0617867539482457,0.2546249253678617,1.0878991692650386,0.3796721288811475,0.8459113011114247,-0.6608531809232983,-1.0658769873508527,-0.27528912377689324,-0.057267398720923963,3.0,0.26623257679518353,0.24198831185855807,0.6706900990296453,-1.3960855268088614,1.754054456494842,0.4776001725030011,1.4938670923934996,4.447315315686423,1.721498804208677,-0.18432461241407844,0.5320903195901912,0.6013471740137043,0.0,0.0,0.0,1.0,-0.46505861663356596,0.0,1.0,0.0,0.0,1.0,0.0,0.0,1.0,1.0,0.0,0.0,0.0,0.0,0.0,0.0,1.0,0.0,0.0,0.0,1.0,0.0,0.0
-0.10115885313749257,0.0,0.2739762122149248,-0.02375548817107146,-0.8916882501868245,-0.6605306743650393,-0.8803614815898617,-1.0261667362455194,-0.05778754527941421,-0.6608531809232983,-0.05327954669818302,-0.27528912377689324,-1.1505541015749308,3.0,0.26623257679518353,0.24198831185855807,0.2598068126893333,-0.6201892226844657,0.33809616377248186,-0.7252649107284292,-0.6791456840737199,0.6175232965464803,-0.8781534100649921,-1.2924440445461907,-0.4567500973473325,0.2665217950441287,0.0,0.0,0.0,1.0,-0.24869960653172093,0.0,1.0,0.0,0.0,1.0,0.0,0.0,1.0,0.0,0.0,0.0,1.0,0.0,0.0,0.0,0.0,0.0,1.0,1.0,0.0,0.0,0.0
-1.0866755151470848,0.0,0.7747548627732282,-0.7641208792270812,1.0617867539482457,-1.5756862740979403,-0.5851223839616266,-1.0261667362455194,-0.9614863916702531,1.1532535902386967,0.12099121338638469,-1.0903445355634656,-0.6039107501479274,3.0,1.1914379855160337,-0.9320143892374165,-0.8358819508848319,-2.171981830933257,0.33809616377248186,-0.5247873968565242,-0.3687152874355457,-1.0706569643272676,-0.13539563455822945,0.2983229624701303,0.5320903195901912,-0.23570720537576498,0.0,0.0,1.0,0.0,-0.4805815761759569,0.0,1.0,0.0,0.0,1.0,0.0,0.0,1.0,0.0,0.0,0.0,0.0,0.0,1.0,0.0,0.0,1.0,0.0,0.0,0.0,0.0,0.0
-1.8531884744878788,1.0,1.387093113703431,0.09963874367159682,-1.8684257522543597,1.1697805251007627,-1.6676657419318217,0.3796721288811475,-0.9614863916702531,0.24620020465769926,1.7828877762896211,-0.6828168296701794,-1.1505541015749308,3.0,1.1914379855160337,-0.9320143892374165,-1.3837263326719145,1.707499689688721,0.33809616377248186,-1.1262199384722393,-0.3687152874355457,-1.9988795967959732,0.9787410287019146,-0.2877490927464089,1.520930736527715,-1.742399228925451,0.0,0.0,0.0,0.0,-0.7410709490786791,0.0,1.0,0.0,0.0,1.0,0.0,0.0,1.0,0.0,0.0,0.0,0.0,0.0,1.0,0.0,0.0,1.0,1.0,0.0,0.0,0.0,0.0
-0.42966440714069,1.0,0.6780698757842488,-0.7641208792270812,0.08504925188071055,-1.5756862740979403,0.20218187638033347,0.3796721288811475,-0.9614863916702531,-1.5679065665042957,-1.566905422593985,-0.6828168296701794,-1.1505541015749308,3.0,-1.584178240646517,-0.9320143892374165,-0.15107647365097865,0.1557070814399298,0.33809616377248186,0.6780776863749062,2.114727885669848,0.09678906859428019,2.1604011260990372,1.1507914064214602,-2.43443093122238,0.668311624811287,0.0,0.0,1.0,0.0,-0.2783174133386029,1.0,0.0,1.0,0.0,0.0,0.0,0.0,1.0,0.0,0.0,0.0,0.0,0.0,1.0,0.0,0.0,1.0,1.0,1.0,0.0,1.0,0.0
-0.2106607044718917,0.0,-0.1871368026555923,-0.7641208792270812,0.08504925188071055,0.2546249253678617,-1.2248070954894692,-1.0261667362455194,-0.9614863916702531,0.24620020465769926,0.3635648681492588,-0.6828168296701794,0.7626976284195812,3.0,0.26623257679518353,1.4159910129545328,-1.3837263326719145,0.1557070814399298,0.33809616377248186,-1.1262199384722393,-0.6791456840737199,-1.7541826568398557,-0.8781534100649921,-0.2877490927464089,0.5320903195901912,-1.742399228925451,0.0,0.0,0.0,0.0,-0.5991769870798237,0.0,0.0,1.0,0.0,0.0,0.0,0.0,1.0,0.0,1.0,0.0,0.0,0.0,0.0,0.0,1.0,0.0,0.0,1.0,0.0,0.0,0.0
-1.5246829204846812,0.0,0.20456134976129856,-0.6407266473844129,0.08504925188071055,-1.5756862740979403,-0.3882963188761366,1.7855109940078144,-0.9614863916702531,-1.5679065665042957,-0.8107951893238443,-0.27528912377689324,0.21605427699257776,3.0,-1.584178240646517,0.24198831185855807,-0.8358819508848319,0.1557070814399298,1.754054456494842,-0.7252649107284292,-0.6791456840737199,-0.377177893351613,-0.8781534100649921,-0.2877490927464089,-1.940010722753618,0.2665217950441287,0.0,0.0,0.0,0.0,-0.44795231521785117,0.0,1.0,0.0,0.0,1.0,0.0,0.0,1.0,0.0,0.0,0.0,0.0,0.0,1.0,0.0,1.0,0.0,0.0,0.0,0.0,0.0,0.0
-1.3056792178158831,0.0,0.01862868247479974,-0.14714972001373974,0.08504925188071055,1.1697805251007627,-0.4375028351475091,1.7855109940078144,-0.05778754527941421,-0.6608531809232983,0.19182384490462834,-1.0903445355634656,1.855984331273588,4.0,0.26623257679518353,0.24198831185855807,-0.9728430463316026,0.9316033855643254,0.33809616377248186,-0.7252649107284292,-0.3687152874355457,-0.8691944543460375,0.050293809318461155,0.0638941403835146,0.5320903195901912,0.2665217950441287,1.0,0.0,0.0,0.0,-0.46335109108390293,0.0,1.0,1.0,0.0,0.0,0.0,0.0,1.0,0.0,0.0,0.0,0.0,0.0,0.0,0.0,1.0,0.0,0.0,0.0,0.0,1.0,0.0
0.11784484953130571,0.0,-1.3870222822111313,-0.270543951856408,1.0617867539482457,1.1697805251007627,-0.9787745141326066,-1.0261667362455194,-0.05778754527941421,1.1532535902386967,-0.9166225137945536,-1.0903445355634656,1.3093409798465847,4.0,-1.584178240646517,-0.9320143892374165,-0.42499866454451996,-0.6201892226844657,0.33809616377248186,0.07664514475919097,-0.6791456840737199,-1.214226158830255,-0.8781534100649921,0.6890376659478233,0.5320903195901912,1.2709880467950734,1.0,0.0,0.0,0.0,-0.4853936936340981,0.0,1.0,0.0,1.0,0.0,0.0,0.0,0.0,0.0,0.0,0.0,0.0,0.0,0.0,0.0,0.0,1.0,0.0,1.0,0.0,1.0,0.0
-0.8676718124782865,0.0,0.008712273552853136,-1.0109093429124179,1.0617867539482457,-0.6605306743650393,0.4974209740085685,-2.432005601372186,-0.9614863916702531,1.1532535902386967,0.6529386544509724,-0.6828168296701794,0.7626976284195812,3.0,1.1914379855160337,0.24198831185855807,-0.15107647365097865,1.707499689688721,0.33809616377248186,0.6780776863749062,-0.058284890797371494,-0.4658787047554758,-0.2029190686952079,1.1507914064214602,1.026510528058953,0.3669727680941946,0.0,0.0,1.0,0.0,0.04642290028821571,1.0,0.0,1.0,0.0,0.0,0.0,0.0,1.0,0.0,0.0,0.0,0.0,0.0,1.0,0.0,0.0,0.0,0.0,0.0,0.0,0.0,0.0
1.2128633628752972,0.0,0.035982398088206295,-0.8875151110697495,-1.8684257522543597,-0.6605306743650393,-0.4867093514188816,1.7855109940078144,-0.05778754527941421,-0.6608531809232983,0.6020628357811229,0.1322385821163929,-0.8772324258614291,3.0,1.1914379855160337,-0.9320143892374165,0.12284571724256264,0.1557070814399298,0.33809616377248186,-0.9257424246003343,-0.058284890797371494,0.5012899222747477,1.5977058416242167,-1.5049756689653753,0.037670111121429345,1.2709772847514702,1.0,0.0,0.0,1.0,0.8825929876383413,0.0,1.0,0.0,1.0,0.0,0.0,0.0,1.0,0.0,0.0,0.0,0.0,0.0,0.0,0.0,1.0,0.0,0.0,0.0,1.0,0.0,1.0
-1.0866755151470848,0.0,1.5060900207667902,-0.7641208792270812,-1.8684257522543597,1.1697805251007627,0.251388392651706,1.7855109940078144,-0.05778754527941421,1.1532535902386967,0.33166207577893875,-0.6828168296701794,1.3093409798465847,4.0,-0.6589728319256667,1.4159910129545328,-0.6989208554380613,0.1557070814399298,0.33809616377248186,-0.12383236911271409,-0.6791456840737199,-0.9547187164539117,-0.8781534100649921,0.9681195970033181,1.026510528058953,0.7687562362816817,1.0,0.0,0.0,0.0,-0.0766741688829445,1.0,0.0,0.0,0.0,1.0,0.0,0.0,0.0,0.0,0.0,0.0,0.0,0.0,0.0,0.0,0.0,0.0,1.0,0.0,0.0,1.0,0.0
0.008342998196906572,0.0,1.04745610812676,0.09963874367159682,-0.8916882501868245,1.1697805251007627,0.6942470390940585,1.7855109940078144,-0.9614863916702531,1.1532535902386967,0.1291425876484048,0.1322385821163929,0.4893759527060795,3.0,-1.584178240646517,-0.9320143892374165,-0.9728430463316026,-0.6201892226844657,0.33809616377248186,-1.1262199384722393,-0.6791456840737199,1.2902181674826156,-0.8781534100649921,-1.3426787921361796,0.5320903195901912,-1.742399228925451,0.0,0.0,0.0,0.0,-0.5338535509691622,0.0,1.0,1.0,0.0,0.0,0.0,0.0,1.0,0.0,0.0,0.0,0.0,0.0,1.0,0.0,0.0,1.0,0.0,1.0,0.0,1.0,0.0
1.4318670655440953,0.0,1.0028322679780002,2.320734916839626,-1.8684257522543597,1.1697805251007627,0.3990079414658235,1.7855109940078144,-0.9614863916702531,0.24620020465769926,-1.5482134781655594,-0.6828168296701794,-1.1505541015749308,3.0,0.26623257679518353,2.5899937140505074,1.2185344808167278,0.1557070814399298,0.33809616377248186,2.2818977973501466,0.2521455058408027,-0.014500238759148784,-0.347612141845876,1.3030179142699119,1.026510528058953,-0.53704319937967,0.0,0.0,0.0,1.0,-0.7290613364922777,0.0,1.0,0.0,0.0,1.0,0.0,0.0,1.0,0.0,1.0,0.0,0.0,0.0,0.0,0.0,1.0,0.0,1.0,0.0,1.0,1.0,0.0
-0.3201625558062908,0.0,1.5854212921423632,-0.02375548817107146,0.08504925188071055,1.1697805251007627,-0.9787745141326066,-1.0261667362455194,0.8459113011114247,-0.6608531809232983,0.4695327335555201,-0.6828168296701794,-0.3305890744344257,3.0,-0.6589728319256667,-0.9320143892374165,-0.2880375690977493,0.1557070814399298,1.754054456494842,0.27712265863109603,1.4938670923934996,0.42114032774185683,2.010349050239085,0.767180606643362,0.5320903195901912,0.8943151081711811,0.0,0.0,0.0,0.0,-0.26273236195804234,0.0,1.0,0.0,0.0,1.0,0.0,0.0,0.0,0.0,0.0,0.0,0.0,0.0,0.0,0.0,0.0,1.0,0.0,1.0,0.0,0.0,0.0
-1.4151810691502822,1.0,-0.2714262784921384,-0.7641208792270812,-0.8916882501868245,-1.5756862740979403,-0.043850704976529056,0.3796721288811475,-0.05778754527941421,0.24620020465769926,1.4717301449773366,2.373640964529467,-0.3305890744344257,3.0,-1.584178240646517,-0.9320143892374165,-0.9728430463316026,0.1557070814399298,0.33809616377248186,-0.9257424246003343,-0.058284890797371494,-0.9840652769811231,1.5977058416242167,-0.6393923258763324,-1.4455905142848562,1.2709772847514702,1.0,0.0,0.0,0.0,-0.08754024056261815,0.0,1.0,1.0,0.0,0.0,0.0,0.0,0.0,0.0,0.0,0.0,0.0,0.0,0.0,0.0,0.0,1.0,0.0,0.0,0.0,1.0,0.0
0.22734670086570485,0.0,-0.977970414180834,-0.8875151110697495,1.0617867539482457,1.1697805251007627,0.6942470390940585,-1.0261667362455194,-0.05778754527941421,0.24620020465769926,0.9366908033306033,-0.6828168296701794,-1.1505541015749308,3.0,-1.584178240646517,-0.9320143892374165,1.2185344808167278,0.9316033855643254,0.33809616377248186,2.2818977973501466,2.7355886789461965,-1.1473831850182712,1.0671645734051007,1.3030179142699119,0.037670111121429345,-0.6877127030728926,0.0,0.0,0.0,0.0,0.144321031802228,0.0,1.0,0.0,0.0,0.0,0.0,1.0,0.0,0.0,0.0,0.0,0.0,0.0,0.0,0.0,0.0,1.0,0.0,1.0,0.0,1.0,0.0
-0.5391662584750891,0.0,0.3136418479027112,0.09963874367159682,0.08504925188071055,1.1697805251007627,-0.5359158676902541,0.3796721288811475,-0.05778754527941421,1.1532535902386967,1.0385829816058545,-0.6828168296701794,-0.8772324258614291,3.0,1.1914379855160337,-0.9320143892374165,-0.15107647365097865,-0.6201892226844657,-1.0778621289498782,0.6780776863749062,-0.6791456840737199,-0.6407105188127465,-0.8781534100649921,1.1507914064214602,1.520930736527715,0.3669727680941946,1.0,0.0,0.0,0.0,-0.49343740903333705,0.0,1.0,0.0,1.0,0.0,0.0,0.0,1.0,0.0,0.0,0.0,0.0,0.0,0.0,0.0,0.0,1.0,0.0,1.0,0.0,0.0,1.0
1.4318670655440953,1.0,-0.5961886706858897,-0.14714972001373974,-0.8916882501868245,-0.6605306743650393,-0.7819484490471167,0.3796721288811475,-0.05778754527941421,0.24620020465769926,1.2843890778864262,0.1322385821163929,-0.3305890744344257,3.0,-1.584178240646517,0.24198831185855807,0.9446122899231866,0.9316033855643254,0.33809616377248186,-0.5247873968565242,-0.3687152874355457,-0.05377930826851293,-0.13539563455822945,-1.3056637149646089,-0.9511703058160944,0.517638806399078,1.0,0.0,0.0,1.0,-0.32916372970634566,1.0,0.0,0.0,0.0,0.0,0.0,1.0,1.0,0.0,0.0,0.0,0.0,0.0,0.0,0.0,1.0,0.0,1.0,0.0,1.0,0.0,1.0
0.11784484953130571,0.0,0.060773420393072805,-1.0109093429124179,1.0617867539482457,-0.6605306743650393,-1.6184592256604493,1.7855109940078144,-0.05778754527941421,1.1532535902386967,0.7125280111250505,-1.0903445355634656,-0.6039107501479274,3.0,0.26623257679518353,-0.9320143892374165,-0.15107647365097865,0.9316033855643254,-1.0778621289498782,0.4776001725030011,-0.3687152874355457,0.03710654733155998,-0.5067745223116108,0.8311157399397118,0.037670111121429345,0.6013471740137043,0.0,0.0,0.0,0.0,1.5692252313967676,0.0,1.0,1.0,0.0,0.0,0.0,0.0,0.0,0.0,0.0,0.0,0.0,0.0,0.0,0.0,0.0,1.0,0.0,1.0,0.0,0.0,1.0
-1.0866755151470848,0.0,-0.48214996808350374,-1.0109093429124179,-0.8916882501868245,0.2546249253678617,0.10376884383758846,0.3796721288811475,0.8459113011114247,-1.5679065665042957,-1.1670664609483437,-0.6828168296701794,-1.1505541015749308,3.0,1.1914379855160337,-0.9320143892374165,-0.2880375690977493,0.1557070814399298,0.33809616377248186,0.4776001725030011,-0.6791456840737199,0.04650223206817207,-0.8781534100649921,1.1188238397732855,0.037670111121429345,0.6013471740137043,0.0,0.0,0.0,0.0,1.503097423746182,0.0,1.0,1.0,0.0,0.0,0.0,0.0,0.0,0.0,0.0,0.0,1.0,0.0,0.0,0.0,1.0,0.0,0.0,0.0,0.0,0.0,1.0
-0.5391662584750891,0.0,0.5342819464160231,-0.7641208792270812,-0.8916882501868245,0.2546249253678617,-1.3232201280322142,0.3796721288811475,0.8459113011114247,1.1532535902386967,0.7111226017695297,0.1322385821163929,-0.057267398720923963,3.0,1.1914379855160337,-0.9320143892374165,-0.15107647365097865,2.4833959938131165,0.33809616377248186,0.07664514475919097,1.4938670923934996,-0.8825484872067827,2.3714118577770944,0.1917644069762141,1.520930736527715,1.2709880467950734,0.0,0.0,0.0,0.0,0.934180956517554,0.0,1.0,1.0,0.0,0.0,0.0,0.0,0.0,0.0,0.0,0.0,0.0,1.0,0.0,0.0,0.0,1.0,0.0,1.0,0.0,0.0,0.0
1.103361511540898,0.0,-0.24663525618727192,0.59321567104227,1.0617867539482457,1.1697805251007627,-1.1756005792180968,0.3796721288811475,-0.05778754527941421,-1.5679065665042957,-0.3496803797775002,-0.27528912377689324,-0.8772324258614291,3.0,1.1914379855160337,-0.9320143892374165,1.2185344808167278,-0.6201892226844657,0.33809616377248186,0.07664514475919097,-0.3687152874355457,-0.8234976672393794,-0.4139298003732655,-0.8738211479629483,0.5320903195901912,1.2709880467950734,1.0,1.0,0.0,0.0,-0.5927090872704941,0.0,1.0,0.0,1.0,0.0,0.0,0.0,1.0,0.0,0.0,0.0,0.0,0.0,0.0,0.0,0.0,1.0,0.0,0.0,1.0,0.0,1.0
0.33684855220010396,0.0,-0.55156483053713,-0.5173324155417446,1.0617867539482457,1.1697805251007627,-0.8803614815898617,-1.0261667362455194,0.8459113011114247,-1.5679065665042957,1.3293621772630888,0.9472939939029652,1.5826626555600865,4.0,0.26623257679518353,0.24198831185855807,1.2185344808167278,-0.6201892226844657,0.33809616377248186,2.2818977973501466,-0.3687152874355457,1.488592065725941,-0.6826908375632125,0.9681195970033181,0.037670111121429345,0.43393792573576107,1.0,0.0,0.0,1.0,0.2859939092257826,1.0,0.0,1.0,0.0,0.0,0.0,0.0,1.0,0.0,0.0,0.0,0.0,0.0,0.0,0.0,1.0,0.0,1.0,1.0,0.0,0.0,0.0
1.7603726195472926,0.0,0.41528503935266387,-0.270543951856408,0.08504925188071055,0.2546249253678617,-0.3390898026047641,1.7855109940078144,1.7496101475022634,0.24620020465769926,-0.11230673963005273,0.1322385821163929,1.036019304133083,3.0,0.26623257679518353,-0.9320143892374165,2.3827037921142784,0.1557070814399298,0.33809616377248186,-0.32430988298461916,-0.3687152874355457,-0.22080233202511645,-0.25918859714269,-1.5131724809264457,0.5320903195901912,-1.1397221181677746,0.0,0.0,0.0,1.0,0.3517595144870456,0.0,1.0,1.0,0.0,0.0,0.0,0.0,1.0,0.0,0.0,0.0,0.0,1.0,0.0,0.0,1.0,0.0,0.0,0.0,1.0,0.0,0.0
0.4463504035345031,0.0,-0.9308674718015876,0.09963874367159682,1.0617867539482457,-0.6605306743650393,0.349801425194451,-1.0261667362455194,2.6533089938931025,1.1532535902386967,-0.7662437127538378,0.1322385821163929,-0.057267398720923963,3.0,-0.6589728319256667,2.5899937140505074,1.6294177671570398,-0.6201892226844657,-1.0778621289498782,2.2818977973501466,3.0460190755843706,0.33103533462325524,1.1475496140443604,1.0309130314908046,-0.4567500973473325,-0.8814306158935078,0.0,0.0,0.0,1.0,0.28242833245816673,0.0,1.0,0.0,0.0,0.0,0.0,0.0,1.0,0.0,0.0,1.0,0.0,0.0,0.0,0.0,0.0,0.0,0.0,1.0,0.0,0.0,0.0
2.526885578888087,0.0,0.9334174055243739,0.8400041347276065,1.0617867539482457,-1.5756862740979403,0.8910731041795485,0.3796721288811475,-0.05778754527941421,-1.5679065665042957,-0.3357668271578452,2.1698771115828235,-0.3305890744344257,3.0,1.1914379855160337,-0.9320143892374165,-0.15107647365097865,-1.3960855268088614,0.33809616377248186,-0.9257424246003343,-0.058284890797371494,-0.6369373896021051,1.5977058416242167,-1.4066139254325294,-0.9511703058160944,1.2709772847514702,1.0,1.0,0.0,0.0,-0.6006105780493268,0.0,1.0,0.0,1.0,0.0,0.0,0.0,1.0,0.0,0.0,0.0,0.0,0.0,0.0,0.0,0.0,1.0,0.0,0.0,1.0,0.0,1.0
-1.0866755151470848,0.0,-1.2605880684563122,0.09963874367159682,-0.8916882501868245,1.1697805251007627,-1.6676657419318217,0.3796721288811475,0.8459113011114247,-1.5679065665042957,-1.3357155836108285,-0.6828168296701794,1.5826626555600865,4.0,0.26623257679518353,1.4159910129545328,-0.2880375690977493,0.9316033855643254,-1.0778621289498782,0.4776001725030011,-0.3687152874355457,0.5960353958622794,-0.5067745223116108,1.1188238397732855,-0.4567500973473325,0.6013471740137043,0.0,0.0,0.0,0.0,-0.3016865233406023,1.0,0.0,1.0,0.0,0.0,0.0,0.0,1.0,0.0,0.0,0.0,1.0,0.0,0.0,0.0,0.0,0.0,0.0,0.0,0.0,0.0,0.0
0.4463504035345031,0.0,-1.2110060238465792,-1.0109093429124179,0.08504925188071055,1.1697805251007627,-0.3390898026047641,-1.0261667362455194,2.6533089938931025,0.24620020465769926,0.7376848385888711,-0.6828168296701794,-0.8772324258614291,3.0,-0.6589728319256667,0.24198831185855807,1.4924566717102692,0.1557070814399298,0.33809616377248186,2.2818977973501466,-0.058284890797371494,0.3391451214059858,-0.5552152468011823,1.3175787106728076,0.5320903195901912,-0.7835932527501481,0.0,0.0,0.0,1.0,5.159375314360945,0.0,1.0,0.0,0.0,0.0,0.0,0.0,1.0,0.0,0.0,1.0,0.0,0.0,0.0,0.0,1.0,0.0,0.0,1.0,0.0,0.0,0.0
1.4318670655440953,0.0,-1.206047819385606,-0.14714972001373974,1.0617867539482457,1.1697805251007627,-0.5851223839616266,0.3796721288811475,-0.9614863916702531,-0.6608531809232983,-0.6085567830644145,1.7623494056895375,-0.057267398720923963,3.0,1.1914379855160337,0.24198831185855807,-0.9728430463316026,-0.6201892226844657,0.33809616377248186,-0.9257424246003343,-0.058284890797371494,1.3807067640911563,1.5977058416242167,-0.6393923258763324,1.026510528058953,1.2709772847514702,1.0,0.0,0.0,1.0,-0.5306862400322299,0.0,1.0,0.0,1.0,0.0,0.0,0.0,1.0,0.0,0.0,0.0,0.0,0.0,0.0,1.0,1.0,0.0,0.0,0.0,1.0,1.0,0.0
-0.9771736638126857,1.0,-0.3681112654811178,-1.0109093429124179,-0.8916882501868245,-1.5756862740979403,0.05456232756621595,-2.432005601372186,-0.9614863916702531,-0.6608531809232983,-1.4674024402231187,1.7623494056895375,-0.6039107501479274,3.0,1.1914379855160337,-0.9320143892374165,-0.15107647365097865,0.9316033855643254,0.33809616377248186,0.07664514475919097,0.2521455058408027,-0.9174464719024136,0.5145174190101878,0.1917644069762141,-0.4567500973473325,1.2709880467950734,0.0,0.0,1.0,0.0,-0.11004853189908502,0.0,1.0,1.0,0.0,0.0,0.0,0.0,0.0,0.0,0.0,0.0,0.0,0.0,1.0,0.0,0.0,1.0,1.0,0.0,0.0,0.0,0.0
-0.10115885313749257,0.0,-0.9308674718015876,-0.14714972001373974,0.08504925188071055,-1.5756862740979403,-0.14226373751927407,1.7855109940078144,0.8459113011114247,-1.5679065665042957,0.8463229817706218,2.373640964529467,-0.3305890744344257,3.0,-1.584178240646517,0.24198831185855807,-0.15107647365097865,-0.6201892226844657,0.33809616377248186,0.27712265863109603,-0.6791456840737199,-0.7822455132066068,-0.8781534100649921,0.5114400734579629,-2.43443093122238,0.8943151081711811,0.0,0.0,0.0,1.0,0.010064679493371078,0.0,0.0,1.0,0.0,0.0,0.0,0.0,0.0,0.0,0.0,0.0,0.0,1.0,0.0,0.0,1.0,0.0,0.0,1.0,0.0,0.0,0.0
0.11784484953130571,0.0,-1.57295494949763,-1.0109093429124179,0.08504925188071055,0.2546249253678617,0.743453555365431,0.3796721288811475,0.8459113011114247,0.24620020465769926,0.15233184201449645,0.5397662880096791,-0.3305890744344257,3.0,1.1914379855160337,-0.9320143892374165,-0.15107647365097865,0.9316033855643254,1.754054456494842,-1.1262199384722393,-0.6791456840737199,0.2251701470164375,-0.8781534100649921,-1.726289591914278,1.520930736527715,-1.742399228925451,0.0,0.0,0.0,0.0,1.6424936004368529,0.0,1.0,1.0,0.0,0.0,0.0,0.0,0.0,0.0,0.0,0.0,1.0,0.0,0.0,0.0,0.0,1.0,1.0,1.0,0.0,0.0,1.0
0.7748559575377005,0.0,-1.0449061744039736,1.827157989468953,0.08504925188071055,-1.5756862740979403,-0.8311549653184892,-2.432005601372186,-0.9614863916702531,0.24620020465769926,-1.7158788142791799,-0.27528912377689324,-0.3305890744344257,3.0,0.26623257679518353,-0.9320143892374165,-0.2880375690977493,1.707499689688721,0.33809616377248186,-0.32430988298461916,-0.3687152874355457,0.4222138527899773,-0.25918859714269,-0.2877490927464089,-0.4567500973473325,-0.5370450074100981,0.0,0.0,0.0,0.0,-0.7059314844447548,0.0,0.0,0.0,0.0,1.0,0.0,0.0,1.0,0.0,1.0,0.0,0.0,0.0,0.0,0.0,0.0,1.0,0.0,1.0,0.0,1.0,0.0
1.103361511540898,0.0,-1.4514789402037842,-0.7641208792270812,0.08504925188071055,1.1697805251007627,-0.8311549653184892,0.3796721288811475,1.7496101475022634,0.24620020465769926,-0.5745458766608134,2.373640964529467,-0.8772324258614291,3.0,1.1914379855160337,1.4159910129545328,2.314223244390893,-0.6201892226844657,-1.0778621289498782,2.2818977973501466,2.7355886789461965,2.8699765933996906,0.898006487885962,0.6216730618999451,1.026510528058953,-1.468454664303936,1.0,0.0,0.0,1.0,1.3394854301693815,1.0,0.0,0.0,0.0,1.0,0.0,0.0,0.0,0.0,0.0,0.0,0.0,0.0,0.0,0.0,0.0,0.0,1.0,0.0,1.0,0.0,0.0
-0.7581699611438873,0.0,-0.7474139067455754,2.197340684996958,2.038524256015781,0.2546249253678617,1.6291708482501361,0.3796721288811475,-0.05778754527941421,1.1532535902386967,1.5405952033978512,1.7623494056895375,2.1293060069870897,4.0,1.1914379855160337,0.24198831185855807,-0.15107647365097865,-0.6201892226844657,-1.0778621289498782,0.27712265863109603,1.4938670923934996,-0.679280284077082,2.010349050239085,0.5114400734579629,1.026510528058953,0.8943151081711811,1.0,0.0,0.0,0.0,-0.6804064167995068,0.0,1.0,0.0,1.0,0.0,0.0,0.0,1.0,0.0,0.0,0.0,0.0,0.0,0.0,0.0,0.0,0.0,0.0,0.0,0.0,0.0,1.0
-0.8676718124782865,0.0,1.4713825895399772,0.09963874367159682,0.08504925188071055,0.2546249253678617,1.6291708482501361,0.3796721288811475,-0.9614863916702531,0.24620020465769926,-1.6243866652347818,-0.6828168296701794,-1.1505541015749308,3.0,0.26623257679518353,-0.9320143892374165,-1.3837263326719145,2.4833959938131165,0.33809616377248186,-1.1262199384722393,-0.6791456840737199,0.01768719633743662,-0.8781534100649921,-0.2877490927464089,0.5320903195901912,-1.742399228925451,1.0,0.0,1.0,0.0,-0.6488927929596813,0.0,1.0,1.0,0.0,0.0,0.0,0.0,1.0,0.0,0.0,0.0,0.0,0.0,0.0,1.0,0.0,1.0,0.0,0.0,0.0,0.0,0.0
0.5558522548689022,1.0,0.3235582568246578,1.2101868302556114,0.08504925188071055,0.2546249253678617,-0.4375028351475091,1.7855109940078144,-0.9614863916702531,0.24620020465769926,0.8506797507727359,1.3548216997962514,-0.8772324258614291,3.0,1.1914379855160337,-0.9320143892374165,-0.5619597599912906,-0.6201892226844657,0.33809616377248186,-0.9257424246003343,-0.058284890797371494,-0.4309359608691057,1.5977058416242167,-1.1668571755712178,1.026510528058953,1.2709772847514702,0.0,0.0,0.0,1.0,-0.7123704080629385,1.0,0.0,0.0,0.0,1.0,0.0,0.0,1.0,0.0,0.0,0.0,0.0,0.0,1.0,0.0,0.0,0.0,1.0,1.0,0.0,0.0,0.0
0.6653541062033014,0.0,-0.06813989559223305,0.7166099028849382,0.08504925188071055,1.1697805251007627,-0.9295679978612341,-1.0261667362455194,-0.05778754527941421,1.1532535902386967,1.3168540339989545,0.1322385821163929,0.7626976284195812,3.0,0.26623257679518353,0.24198831185855807,-0.5619597599912906,1.707499689688721,0.33809616377248186,-0.9257424246003343,-0.058284890797371494,-0.05042541563683144,1.5977058416242167,-1.1668571755712178,1.520930736527715,1.2709772847514702,1.0,0.0,0.0,1.0,-0.5339805570017817,1.0,0.0,1.0,0.0,0.0,0.0,0.0,1.0,0.0,0.0,0.0,0.0,0.0,0.0,0.0,1.0,0.0,0.0,1.0,0.0,0.0,1.0
-0.3201625558062908,0.0,0.41528503935266387,-0.14714972001373974,-0.8916882501868245,-0.6605306743650393,1.4815512994360187,0.3796721288811475,-0.05778754527941421,0.24620020465769926,-0.9771956570174961,0.1322385821163929,-1.1505541015749308,3.0,1.1914379855160337,-0.9320143892374165,-0.15107647365097865,-0.6201892226844657,0.33809616377248186,-0.32430988298461916,0.5625759024789769,-0.5347027863516429,1.5977058416242167,-0.44758692598728334,0.5320903195901912,-1.1397221181677746,0.0,0.0,0.0,0.0,-0.3742837987762287,0.0,1.0,0.0,0.0,1.0,0.0,0.0,0.0,0.0,0.0,0.0,0.0,0.0,0.0,0.0,0.0,1.0,0.0,1.0,0.0,0.0,1.0
-1.5246829204846812,0.0,-0.3780276744030644,-0.02375548817107146,-1.8684257522543597,-0.6605306743650393,-1.4216331605749593,0.3796721288811475,-0.9614863916702531,-1.5679065665042957,-1.4010671186425414,-0.6828168296701794,-0.3305890744344257,3.0,1.1914379855160337,0.24198831185855807,-0.8358819508848319,-0.6201892226844657,1.754054456494842,-0.5247873968565242,-0.6791456840737199,-0.661052312695329,-0.8781534100649921,0.2983229624701303,0.037670111121429345,0.517638806399078,0.0,0.0,0.0,0.0,-0.6427965033939423,0.0,1.0,0.0,0.0,1.0,0.0,0.0,1.0,0.0,1.0,0.0,0.0,0.0,0.0,0.0,1.0,0.0,0.0,0.0,0.0,0.0,0.0
0.22734670086570485,0.0,-1.6398907097207698,-0.7641208792270812,0.08504925188071055,0.2546249253678617,-1.0771875466753518,1.7855109940078144,-0.05778754527941421,-0.6608531809232983,0.6259547948249748,2.373640964529467,-0.057267398720923963,3.0,0.26623257679518353,0.24198831185855807,0.12284571724256264,0.1557070814399298,-2.4938204216722384,0.27712265863109603,0.2521455058408027,1.4756993032325447,0.3597762157796122,0.11799309932657996,-0.9511703058160944,-0.6123787987411802,0.0,0.0,0.0,1.0,0.19373578634550578,0.0,1.0,0.0,0.0,0.0,0.0,0.0,0.0,1.0,0.0,0.0,0.0,0.0,0.0,0.0,1.0,0.0,0.0,1.0,0.0,0.0,1.0
2.08887817355049,0.0,0.07316893154550606,-0.02375548817107146,0.08504925188071055,0.2546249253678617,0.743453555365431,0.3796721288811475,1.7496101475022634,1.1532535902386967,0.8582689612925478,1.7623494056895375,-1.1505541015749308,3.0,0.26623257679518353,-0.9320143892374165,2.3827037921142784,-1.3960855268088614,-1.0778621289498782,0.6780776863749062,-0.3687152874355457,1.3781401700896045,-0.5405362393801,-0.9116322482994992,0.5320903195901912,0.3669727680941946,0.0,0.0,0.0,1.0,-0.10862041962118509,0.0,1.0,0.0,0.0,1.0,0.0,0.0,1.0,0.0,0.0,0.0,0.0,0.0,0.0,0.0,1.0,0.0,0.0,0.0,1.0,0.0,0.0
0.33684855220010396,0.0,0.003754069091879834,-0.8875151110697495,-1.8684257522543597,1.1697805251007627,0.9894861367222936,-1.0261667362455194,-0.9614863916702531,1.1532535902386967,1.2108861685926933,-1.0903445355634656,1.3093409798465847,4.0,1.1914379855160337,-0.9320143892374165,-0.8358819508848319,-0.6201892226844657,-1.0778621289498782,-0.5247873968565242,-0.058284890797371494,-0.8045545301156791,0.6073621409485332,0.2983229624701303,1.520930736527715,-0.23570720537576498,0.0,0.0,0.0,0.0,-0.31329581550745716,0.0,1.0,0.0,0.0,1.0,0.0,0.0,0.0,0.0,0.0,0.0,0.0,0.0,1.0,0.0,0.0,1.0,1.0,1.0,0.0,0.0,0.0
-1.0866755151470848,0.0,0.4276805505050971,-0.270543951856408,0.08504925188071055,1.1697805251007627,-0.5359158676902541,-1.0261667362455194,-0.05778754527941421,-1.5679065665042957,1.2767998673666145,2.1698771115828235,1.036019304133083,3.0,-1.584178240646517,-0.9320143892374165,-0.2880375690977493,-0.6201892226844657,-2.4938204216722384,0.07664514475919097,-0.6791456840737199,-0.2767523856543652,-0.8781534100649921,0.4155373735134381,-1.940010722753618,0.8405041502635701,0.0,0.0,0.0,0.0,-0.2693917116017281,0.0,1.0,0.0,0.0,1.0,0.0,0.0,0.0,0.0,0.0,0.0,0.0,0.0,0.0,0.0,0.0,1.0,0.0,0.0,0.0,0.0,1.0
-0.8676718124782865,0.0,0.712777307011062,0.09963874367159682,0.08504925188071055,1.1697805251007627,0.841866587908176,0.3796721288811475,-0.9614863916702531,-0.6608531809232983,0.5135220463833182,-0.6828168296701794,-0.3305890744344257,3.0,1.1914379855160337,1.4159910129545328,-1.2467652372251439,-0.6201892226844657,0.33809616377248186,-0.9257424246003343,-0.058284890797371494,-0.36369297468854334,1.5977058416242167,0.2983229624701303,1.026510528058953,1.2709772847514702,1.0,0.0,1.0,0.0,-0.6683670512946809,0.0,1.0,0.0,1.0,0.0,0.0,0.0,1.0,0.0,0.0,0.0,0.0,0.0,0.0,1.0,0.0,0.0,0.0,0.0,0.0,0.0,0.0
1.7603726195472926,0.0,-1.1316747524710062,-0.3939381836990763,0.08504925188071055,1.1697805251007627,0.9894861367222936,0.3796721288811475,-0.05778754527941421,1.1532535902386967,-0.4770104673876763,-0.27528912377689324,0.4893759527060795,3.0,1.1914379855160337,-0.9320143892374165,1.0815733853699572,0.9316033855643254,0.33809616377248186,-0.9257424246003343,-0.058284890797371494,-0.7058894884190587,1.5977058416242167,-1.6943220252661033,2.015350944996477,1.2709772847514702,0.0,0.0,0.0,0.0,-0.5807046652243785,0.0,1.0,1.0,0.0,0.0,0.0,0.0,1.0,0.0,1.0,0.0,0.0,0.0,0.0,0.0,0.0,1.0,0.0,0.0,1.0,0.0,0.0
-0.2106607044718917,0.0,1.04745610812676,-0.8875151110697495,1.0617867539482457,1.1697805251007627,-0.2406767700620191,0.3796721288811475,-0.05778754527941421,-1.5679065665042957,-1.342461548517328,-0.27528912377689324,-1.1505541015749308,3.0,-1.584178240646517,0.24198831185855807,0.6706900990296453,-0.6201892226844657,1.754054456494842,-1.1262199384722393,-0.6791456840737199,-0.9391720992536526,-0.8781534100649921,-1.839116297731366,-0.4567500973473325,-1.742399228925451,0.0,0.0,0.0,0.0,0.2560863405074428,0.0,0.0,1.0,0.0,0.0,0.0,0.0,0.0,0.0,0.0,0.0,0.0,0.0,0.0,0.0,0.0,0.0,0.0,1.0,0.0,0.0,1.0
-0.5391662584750891,0.0,-0.9234301651101275,1.827157989468953,1.0617867539482457,-1.5756862740979403,0.6942470390940585,0.3796721288811475,-0.05778754527941421,1.1532535902386967,0.9603016805033512,-0.6828168296701794,-0.057267398720923963,3.0,1.1914379855160337,1.4159910129545328,-0.15107647365097865,-0.6201892226844657,0.33809616377248186,0.6780776863749062,0.5625759024789769,1.857900219463798,0.47231527267457635,1.1507914064214602,0.5320903195901912,0.668311624811287,0.0,0.0,0.0,0.0,-0.666167871280966,1.0,0.0,1.0,0.0,0.0,0.0,0.0,1.0,0.0,1.0,0.0,0.0,0.0,0.0,0.0,1.0,0.0,0.0,1.0,0.0,0.0,1.0
0.11784484953130571,0.0,-1.325044726448965,-0.8875151110697495,2.038524256015781,1.1697805251007627,1.2847252343505287,0.3796721288811475,-0.9614863916702531,0.24620020465769926,0.8654365490057034,1.3548216997962514,-0.6039107501479274,3.0,-0.6589728319256667,0.24198831185855807,-0.6989208554380613,-2.171981830933257,-2.4938204216722384,-1.1262199384722393,-0.6791456840737199,-0.16393755886555916,-0.8781534100649921,-1.5436177824961361,-0.4567500973473325,-1.742399228925451,0.0,0.0,0.0,1.0,-0.16531026786999678,0.0,1.0,0.0,0.0,1.0,0.0,0.0,1.0,0.0,0.0,0.0,0.0,0.0,1.0,0.0,1.0,0.0,1.0,1.0,0.0,1.0,0.0
-0.3201625558062908,0.0,-1.5754340517281167,-0.14714972001373974,2.038524256015781,-0.6605306743650393,-1.6676657419318217,0.3796721288811475,-0.05778754527941421,-1.5679065665042957,-1.4231320455242165,0.1322385821163929,-0.3305890744344257,3.0,0.26623257679518353,0.24198831185855807,-0.5619597599912906,0.1557070814399298,0.33809616377248186,-1.3266974523441444,-0.6791456840737199,-0.8651418506633985,-0.8781534100649921,-2.045965258396027,-0.9511703058160944,-1.742399228925451,0.0,0.0,0.0,0.0,-0.44472353963303385,0.0,1.0,1.0,0.0,0.0,0.0,0.0,0.0,0.0,0.0,0.0,1.0,0.0,0.0,0.0,0.0,0.0,0.0,1.0,0.0,0.0,1.0
1.6508707682128936,0.0,-0.44992163908717725,-0.7641208792270812,1.0617867539482457,0.2546249253678617,-1.7168722582031943,-1.0261667362455194,1.7496101475022634,-1.5679065665042957,-0.5943621485736553,-0.6828168296701794,-1.1505541015749308,3.0,-1.584178240646517,-0.9320143892374165,2.3827037921142784,0.1557070814399298,1.754054456494842,2.2818977973501466,-0.3687152874355457,-0.05502430701297409,-0.7720451564211689,1.369997577723231,-0.9511703058160944,-1.2106244005251967,1.0,0.0,0.0,1.0,1.8185239616475661,0.0,1.0,0.0,1.0,0.0,0.0,0.0,1.0,0.0,0.0,1.0,0.0,0.0,0.0,0.0,1.0,0.0,0.0,0.0,1.0,0.0,0.0
-0.42966440714069,1.0,-0.6829572487529224,-1.0109093429124179,1.0617867539482457,1.1697805251007627,-0.14226373751927407,0.3796721288811475,-0.9614863916702531,1.1532535902386967,-1.2797802912611043,-0.6828168296701794,-0.6039107501479274,3.0,0.26623257679518353,-0.9320143892374165,-0.15107647365097865,-0.6201892226844657,-1.0778621289498782,0.6780776863749062,1.4938670923934996,-0.496341609682055,1.4851667847292527,1.1507914064214602,1.026510528058953,0.9696504815283791,0.0,0.0,1.0,0.0,0.03586728779938987,0.0,1.0,0.0,0.0,0.0,1.0,0.0,1.0,0.0,0.0,0.0,0.0,0.0,1.0,0.0,0.0,1.0,1.0,1.0,0.0,0.0,0.0
-1.3056792178158831,0.0,0.19960314530032525,2.0739464531542895,-1.8684257522543597,0.2546249253678617,-1.6676657419318217,0.3796721288811475,-0.05778754527941421,1.1532535902386967,1.1937401744553406,-0.6828168296701794,2.1293060069870897,4.0,-0.6589728319256667,-0.9320143892374165,-0.6989208554380613,1.707499689688721,-1.0778621289498782,-0.12383236911271409,-0.3687152874355457,-0.31202904090797556,-0.347612141845876,0.9681195970033181,0.037670111121429345,0.7687562362816817,1.0,0.0,0.0,0.0,-0.6559047803408502,0.0,1.0,0.0,0.0,1.0,0.0,0.0,0.0,0.0,0.0,0.0,0.0,0.0,0.0,0.0,0.0,1.0,0.0,0.0,0.0,0.0,1.0
0.8843578088720997,0.0,0.37561940366487745,-0.8875151110697495,-0.8916882501868245,-0.6605306743650393,-0.9787745141326066,-2.432005601372186,-0.05778754527941421,0.24620020465769926,-0.2705558330616844,-1.0903445355634656,-0.6039107501479274,3.0,-1.584178240646517,-0.9320143892374165,-0.2880375690977493,0.1557070814399298,0.33809616377248186,0.27712265863109603,0.2521455058408027,4.428431782985727,0.3597762157796122,0.767180606643362,-0.9511703058160944,0.8943151081711811,1.0,0.0,0.0,0.0,0.5746174703173049,0.0,1.0,0.0,0.0,0.0,0.0,1.0,1.0,0.0,0.0,0.0,0.0,0.0,0.0,1.0,0.0,1.0,0.0,1.0,0.0,0.0,1.0
-1.5246829204846812,0.0,-1.2209224327685257,0.09963874367159682,-1.8684257522543597,-1.5756862740979403,0.645040522822686,1.7855109940078144,-0.9614863916702531,0.24620020465769926,0.7472416222064119,-0.6828168296701794,0.7626976284195812,3.0,1.1914379855160337,-0.9320143892374165,-1.2467652372251439,0.1557070814399298,0.33809616377248186,-0.9257424246003343,-0.6791456840737199,0.23745601193171886,-0.8781534100649921,0.2983229624701303,0.037670111121429345,1.2709772847514702,0.0,0.0,0.0,0.0,-0.6001789235593781,0.0,1.0,0.0,0.0,1.0,0.0,0.0,1.0,0.0,0.0,0.0,0.0,0.0,1.0,0.0,0.0,1.0,0.0,0.0,0.0,1.0,0.0
1.103361511540898,1.0,-0.2069696204994855,2.197340684996958,-0.8916882501868245,-0.6605306743650393,0.5466274902799411,1.7855109940078144,-0.05778754527941421,0.24620020465769926,-0.5585242100078773,0.5397662880096791,-0.8772324258614291,3.0,1.1914379855160337,-0.9320143892374165,-0.42499866454451996,-0.6201892226844657,0.33809616377248186,-0.32430988298461916,-0.3687152874355457,-0.22105470327361962,-0.25918859714269,-0.0923917410075624,0.5320903195901912,0.6683092141052549,1.0,0.0,0.0,0.0,-0.6561684242568876,1.0,0.0,1.0,0.0,0.0,0.0,0.0,0.0,0.0,0.0,0.0,0.0,0.0,0.0,0.0,0.0,1.0,1.0,0.0,1.0,0.0,1.0
-0.3201625558062908,0.0,-1.2357970461514456,-0.8875151110697495,0.08504925188071055,1.1697805251007627,-0.2898832863333916,0.3796721288811475,-0.05778754527941421,1.1532535902386967,0.6145709790452571,-0.6828168296701794,1.855984331273588,4.0,0.26623257679518353,-0.9320143892374165,-0.6989208554380613,1.707499689688721,0.33809616377248186,-0.12383236911271409,-0.3687152874355457,-0.27262080248571996,-0.347612141845876,0.9681195970033181,1.520930736527715,0.7687562362816817,1.0,0.0,0.0,0.0,0.5005212101016256,0.0,1.0,0.0,0.0,0.0,1.0,0.0,1.0,0.0,0.0,0.0,0.0,0.0,0.0,0.0,0.0,1.0,0.0,1.0,0.0,0.0,1.0
1.979376322216091,1.0,-0.19209500711656557,-0.8875151110697495,0.08504925188071055,1.1697805251007627,0.5958340065513135,0.3796721288811475,2.6533089938931025,-1.5679065665042957,0.9677503500876109,0.9472939939029652,-0.6039107501479274,3.0,1.1914379855160337,0.24198831185855807,1.7663788626038104,-0.6201892226844657,0.33809616377248186,-0.32430988298461916,-0.3687152874355457,0.452344228581598,-0.25918859714269,-1.3426787921361796,0.5320903195901912,-0.5370450074100981,0.0,0.0,0.0,1.0,3.3122466152133723,0.0,1.0,0.0,0.0,1.0,0.0,0.0,1.0,0.0,0.0,1.0,0.0,0.0,0.0,0.0,1.0,0.0,1.0,0.0,1.0,0.0,0.0
-0.10115885313749257,0.0,1.5655884742984698,-0.14714972001373974,1.0617867539482457,-1.5756862740979403,0.4974209740085685,-1.0261667362455194,0.8459113011114247,-1.5679065665042957,-0.011819970710322154,-0.6828168296701794,-0.057267398720923963,3.0,-0.6589728319256667,-0.9320143892374165,-0.15107647365097865,-1.3960855268088614,0.33809616377248186,0.6780776863749062,-0.6791456840737199,0.27783682568897894,-0.8781534100649921,1.1507914064214602,-1.940010722753618,0.3669727680941946,1.0,0.0,0.0,0.0,-0.27459190304842906,0.0,0.0,1.0,0.0,0.0,0.0,0.0,1.0,0.0,0.0,0.0,0.0,0.0,0.0,0.0,0.0,1.0,0.0,1.0,0.0,0.0,1.0
1.6508707682128936,0.0,-0.2168860294214321,1.2101868302556114,1.0617867539482457,1.1697805251007627,-1.2248070954894692,0.3796721288811475,-0.9614863916702531,1.1532535902386967,1.725265992713272,-1.0903445355634656,0.7626976284195812,3.0,-1.584178240646517,0.24198831185855807,-0.8358819508848319,0.1557070814399298,0.33809616377248186,-0.5247873968565242,-0.3687152874355457,0.9121197592762512,-0.13539563455822945,0.2983229624701303,0.5320903195901912,0.517638806399078,0.0,0.0,0.0,1.0,-0.6658325753548504,0.0,0.0,0.0,0.0,1.0,0.0,0.0,1.0,0.0,0.0,0.0,0.0,0.0,1.0,0.0,1.0,0.0,0.0,0.0,1.0,1.0,0.0
-1.1961773664814839,0.0,-0.5639603416895632,-1.0109093429124179,-0.8916882501868245,-1.5756862740979403,0.251388392651706,-2.432005601372186,-0.9614863916702531,1.1532535902386967,-1.2683964754813866,0.1322385821163929,-0.3305890744344257,3.0,-1.584178240646517,0.24198831185855807,-0.8358819508848319,-0.6201892226844657,0.33809616377248186,-0.9257424246003343,-0.058284890797371494,1.010477598285309,1.5977058416242167,-0.8738211479629483,-0.9511703058160944,1.2709772847514702,0.0,0.0,0.0,0.0,0.55681781004203,1.0,0.0,1.0,0.0,0.0,0.0,0.0,0.0,0.0,1.0,0.0,0.0,0.0,0.0,0.0,0.0,0.0,0.0,0.0,0.0,1.0,0.0
-0.8676718124782865,0.0,-0.36067395878965786,2.197340684996958,0.08504925188071055,-0.6605306743650393,0.005355811294843447,0.3796721288811475,-0.05778754527941421,0.24620020465769926,1.5791034197391185,0.5397662880096791,-0.8772324258614291,3.0,-1.584178240646517,0.24198831185855807,-0.014115378204207997,0.1557070814399298,-1.0778621289498782,0.27712265863109603,-0.3687152874355457,-1.2314387714936172,-0.46551020145012406,0.2983229624701303,-1.4455905142848562,0.8943151081711811,0.0,0.0,0.0,0.0,-0.7018946279374735,0.0,1.0,0.0,0.0,1.0,0.0,0.0,0.0,0.0,0.0,0.0,0.0,0.0,0.0,0.0,1.0,0.0,0.0,0.0,0.0,1.0,0.0
-1.1961773664814839,1.0,0.8516070319183144,-0.14714972001373974,0.08504925188071055,1.1697805251007627,-1.3724266443035866,-1.0261667362455194,-0.05778754527941421,-1.5679065665042957,-1.580959516149192,1.3548216997962514,0.4893759527060795,3.0,0.26623257679518353,-0.9320143892374165,-0.6989208554380613,-0.6201892226844657,-1.0778621289498782,-0.5247873968565242,-0.3687152874355457,-0.6700570793399581,-0.13539563455822945,-0.036575354796463615,-0.4567500973473325,0.517638806399078,1.0,0.0,0.0,0.0,-0.4305803987166332,0.0,1.0,0.0,0.0,0.0,0.0,1.0,1.0,0.0,0.0,0.0,0.0,0.0,0.0,0.0,0.0,1.0,0.0,0.0,0.0,0.0,1.0
-0.3201625558062908,0.0,-1.538247518270817,-1.0109093429124179,1.0617867539482457,-0.6605306743650393,0.3005949089230785,1.7855109940078144,-0.9614863916702531,1.1532535902386967,-0.10710672501462612,-0.27528912377689324,0.21605427699257776,3.0,0.26623257679518353,-0.9320143892374165,-0.15107647365097865,-0.6201892226844657,0.33809616377248186,-0.5247873968565242,-0.3687152874355457,0.03586325874112194,-0.13539563455822945,-0.767262592469032,0.5320903195901912,-0.23570720537576498,0.0,0.0,1.0,0.0,0.22028004716299432,0.0,1.0,1.0,0.0,0.0,0.0,0.0,0.0,0.0,0.0,0.0,0.0,0.0,1.0,0.0,0.0,1.0,0.0,1.0,0.0,1.0,0.0
1.869874470881692,0.0,-1.0573016855564068,1.2101868302556114,1.0617867539482457,1.1697805251007627,1.432344783164646,0.3796721288811475,-0.05778754527941421,-1.5679065665042957,1.174486066284707,2.373640964529467,-1.1505541015749308,3.0,-0.6589728319256667,1.4159910129545328,-0.2880375690977493,0.9316033855643254,0.33809616377248186,-0.32430988298461916,-0.3687152874355457,-0.7202974830884131,-0.25918859714269,-0.2877490927464089,-0.4567500973473325,0.06563210334757824,0.0,1.0,0.0,1.0,-0.627739232637823,0.0,1.0,0.0,0.0,1.0,0.0,0.0,0.0,0.0,0.0,0.0,1.0,0.0,0.0,0.0,0.0,0.0,1.0,0.0,1.0,0.0,1.0
-1.0866755151470848,0.0,0.0657316248540461,-0.14714972001373974,-1.8684257522543597,0.2546249253678617,0.8910731041795485,0.3796721288811475,-0.05778754527941421,1.1532535902386967,1.3625298380533777,-1.0903445355634656,1.036019304133083,3.0,-0.6589728319256667,0.24198831185855807,-0.8358819508848319,0.1557070814399298,0.33809616377248186,-0.5247873968565242,-0.3687152874355457,-1.0825858730367623,-0.13539563455822945,0.2983229624701303,0.5320903195901912,-0.23570720537576498,1.0,0.0,0.0,0.0,-0.4984674751153562,1.0,0.0,0.0,1.0,0.0,0.0,0.0,1.0,0.0,0.0,0.0,0.0,0.0,0.0,0.0,1.0,0.0,0.0,0.0,0.0,1.0,0.0
0.008342998196906572,0.0,-0.5738767506115098,0.09963874367159682,-1.8684257522543597,1.1697805251007627,0.7926600716368035,0.3796721288811475,-0.9614863916702531,-1.5679065665042957,0.7858903794832314,-1.0903445355634656,-0.6039107501479274,3.0,-0.6589728319256667,1.4159910129545328,-0.6989208554380613,0.1557070814399298,-1.0778621289498782,-0.32430988298461916,0.5625759024789769,-0.4103287016540667,1.5977058416242167,0.4657721211034274,-0.9511703058160944,0.06563210334757824,0.0,0.0,0.0,1.0,-0.640990195374464,0.0,1.0,1.0,0.0,0.0,0.0,0.0,0.0,0.0,0.0,0.0,0.0,0.0,1.0,0.0,0.0,0.0,1.0,1.0,0.0,0.0,0.0
0.11784484953130571,0.0,-1.3944595889025913,-0.8875151110697495,1.0617867539482457,-1.5756862740979403,0.448214457737196,1.7855109940078144,-0.05778754527941421,-1.5679065665042957,1.6544333611950286,1.3548216997962514,-0.8772324258614291,3.0,1.1914379855160337,-0.9320143892374165,0.8076511944764159,-0.6201892226844657,0.33809616377248186,1.6804652557344315,0.5625759024789769,-0.5233250601499027,0.050293809318461155,0.8843950176866698,-0.9511703058160944,-0.3361507621633337,0.0,0.0,0.0,0.0,0.43967120869545295,1.0,0.0,1.0,0.0,0.0,0.0,0.0,0.0,0.0,0.0,0.0,1.0,0.0,0.0,0.0,0.0,1.0,1.0,1.0,0.0,0.0,1.0
-0.3201625558062908,0.0,-1.6894727543305028,-0.8875151110697495,1.0617867539482457,0.2546249253678617,0.9894861367222936,-1.0261667362455194,-0.9614863916702531,-1.5679065665042957,-0.953303697973644,-0.6828168296701794,-1.1505541015749308,3.0,0.26623257679518353,-0.9320143892374165,-0.6989208554380613,0.1557070814399298,0.33809616377248186,-0.12383236911271409,-0.3687152874355457,1.022323797687111,-0.347612141845876,0.9681195970033181,-0.4567500973473325,0.7687562362816817,0.0,0.0,0.0,0.0,0.108721711251678,0.0,1.0,0.0,0.0,1.0,0.0,0.0,0.0,0.0,0.0,0.0,0.0,0.0,1.0,0.0,0.0,1.0,0.0,1.0,0.0,1.0,0.0
-0.2106607044718917,0.0,-1.0374688677125135,-0.14714972001373974,1.0617867539482457,-1.5756862740979403,0.3005949089230785,0.3796721288811475,-0.9614863916702531,1.1532535902386967,0.8437932449306845,-0.6828168296701794,0.21605427699257776,3.0,-0.6589728319256667,0.24198831185855807,-1.1098041417783733,-1.3960855268088614,-1.0778621289498782,-0.7252649107284292,-0.6791456840737199,-0.05969428763884899,-0.8781534100649921,0.5913589900784001,-0.9511703058160944,0.2665217950441287,1.0,0.0,0.0,0.0,-0.6205814235154983,0.0,1.0,1.0,0.0,0.0,0.0,0.0,0.0,0.0,0.0,0.0,0.0,0.0,0.0,1.0,1.0,0.0,0.0,1.0,0.0,0.0,0.0
-0.7581699611438873,0.0,0.293809030058818,-1.0109093429124179,0.08504925188071055,1.1697805251007627,-1.3724266443035866,-2.432005601372186,-0.9614863916702531,0.24620020465769926,1.4141083614009875,0.1322385821163929,1.5826626555600865,4.0,0.26623257679518353,1.4159910129545328,-0.5619597599912906,-0.6201892226844657,0.33809616377248186,-0.9257424246003343,-0.6791456840737199,0.5343067920993011,-0.8781534100649921,-1.1668571755712178,1.026510528058953,1.2709772847514702,0.0,0.0,0.0,0.0,0.39196397970183816,0.0,1.0,1.0,0.0,0.0,0.0,0.0,1.0,0.0,1.0,0.0,0.0,0.0,0.0,0.0,1.0,0.0,0.0,0.0,0.0,1.0,0.0
0.33684855220010396,0.0,-0.028474259904446627,-0.8875151110697495,-0.8916882501868245,0.2546249253678617,-1.3724266443035866,1.7855109940078144,-0.05778754527941421,-0.6608531809232983,-0.6158649117131222,-0.6828168296701794,2.4026276827005915,4.0,1.1914379855160337,0.24198831185855807,-0.42499866454451996,-0.6201892226844657,0.33809616377248186,0.27712265863109603,0.2521455058408027,-1.266526195205803,0.3597762157796122,1.079752369425516,0.5320903195901912,0.8943151081711811,0.0,0.0,0.0,1.0,0.0803664384875773,1.0,0.0,0.0,0.0,1.0,0.0,0.0,0.0,0.0,0.0,0.0,0.0,0.0,0.0,0.0,1.0,0.0,0.0,1.0,0.0,1.0,0.0
-0.3201625558062908,0.0,0.7648384538512817,-0.14714972001373974,-0.8916882501868245,0.2546249253678617,1.333931750621901,0.3796721288811475,-0.05778754527941421,-1.5679065665042957,-0.14167979516043552,0.9472939939029652,0.4893759527060795,3.0,-0.6589728319256667,0.24198831185855807,-0.6989208554380613,-1.3960855268088614,0.33809616377248186,-0.7252649107284292,-0.3687152874355457,-0.1778733356407222,0.050293809318461155,-0.5389228306963544,-0.9511703058160944,0.2665217950441287,1.0,0.0,0.0,0.0,-0.3495850453710022,0.0,1.0,1.0,0.0,0.0,0.0,0.0,0.0,0.0,0.0,0.0,0.0,0.0,0.0,0.0,1.0,0.0,0.0,1.0,0.0,0.0,1.0
0.5558522548689022,0.0,-0.5763558528419964,-0.14714972001373974,0.08504925188071055,-0.6605306743650393,0.005355811294843447,0.3796721288811475,2.6533089938931025,1.1532535902386967,0.26869973665161107,-0.6828168296701794,-0.6039107501479274,3.0,-0.6589728319256667,0.24198831185855807,1.7663788626038104,0.9316033855643254,-1.0778621289498782,2.2818977973501466,3.666879868860719,0.21090911790406108,1.2015683613539436,1.3298097796512396,-0.4567500973473325,-0.8634937174728964,0.0,0.0,0.0,1.0,0.47347676503221553,1.0,0.0,1.0,0.0,0.0,0.0,0.0,1.0,0.0,0.0,1.0,0.0,0.0,0.0,0.0,0.0,0.0,0.0,1.0,0.0,0.0,0.0
-1.5246829204846812,1.0,1.0920799482755195,-0.3939381836990763,0.08504925188071055,0.2546249253678617,-0.14226373751927407,1.7855109940078144,-0.9614863916702531,-1.5679065665042957,-1.527413419703853,-0.6828168296701794,1.5826626555600865,4.0,0.26623257679518353,1.4159910129545328,-1.3837263326719145,-0.6201892226844657,0.33809616377248186,-1.3266974523441444,-0.6791456840737199,-1.4672247322079865,-0.8781534100649921,-2.045965258396027,-0.4567500973473325,-1.742399228925451,0.0,0.0,0.0,0.0,-0.6560131946614637,0.0,1.0,1.0,0.0,0.0,0.0,0.0,1.0,0.0,1.0,0.0,0.0,0.0,0.0,0.0,1.0,0.0,1.0,0.0,0.0,0.0,0.0
-1.4151810691502822,0.0,0.7177355114720353,-0.02375548817107146,0.08504925188071055,0.2546249253678617,-0.2898832863333916,-1.0261667362455194,-0.9614863916702531,-0.6608531809232983,1.7199254371622934,-0.6828168296701794,-1.1505541015749308,3.0,0.26623257679518353,2.5899937140505074,-1.3837263326719145,0.9316033855643254,0.33809616377248186,-1.1262199384722393,-0.6791456840737199,-0.48708407088725847,-0.8781534100649921,-0.2877490927464089,0.037670111121429345,-1.742399228925451,0.0,0.0,1.0,0.0,-0.6307506867890469,0.0,0.0,1.0,0.0,0.0,0.0,0.0,1.0,0.0,1.0,0.0,0.0,0.0,0.0,0.0,0.0,0.0,0.0,0.0,0.0,0.0,0.0
1.6508707682128936,0.0,1.2953663311754249,0.2230329755142651,1.0617867539482457,1.1697805251007627,0.7926600716368035,0.3796721288811475,-0.05778754527941421,0.24620020465769926,1.055166812000999,2.1698771115828235,1.3093409798465847,4.0,-0.6589728319256667,0.24198831185855807,-0.2880375690977493,0.1557070814399298,0.33809616377248186,-0.32430988298461916,-0.3687152874355457,-0.07906577180131924,-0.25918859714269,-0.2877490927464089,0.5320903195901912,-0.5370450074100981,0.0,0.0,0.0,1.0,-0.6350867668212214,0.0,1.0,1.0,0.0,0.0,0.0,0.0,0.0,0.0,1.0,0.0,0.0,0.0,0.0,0.0,1.0,0.0,0.0,0.0,1.0,1.0,0.0
1.4318670655440953,0.0,-0.2763844829531117,-0.8875151110697495,0.08504925188071055,0.2546249253678617,-0.09305722124790157,0.3796721288811475,1.7496101475022634,0.24620020465769926,-1.044514765146938,0.9472939939029652,0.21605427699257776,3.0,1.1914379855160337,-0.9320143892374165,2.3827037921142784,0.1557070814399298,0.33809616377248186,-0.5247873968565242,-0.6791456840737199,0.2906704144559252,-0.8781534100649921,-1.5922320543574158,1.026510528058953,0.517638806399078,0.0,0.0,0.0,1.0,2.8527670127586005,0.0,1.0,0.0,0.0,1.0,0.0,0.0,1.0,0.0,0.0,0.0,0.0,1.0,0.0,0.0,1.0,0.0,0.0,0.0,1.0,0.0,0.0
-0.8676718124782865,1.0,0.006233171322366485,-1.0109093429124179,-0.8916882501868245,-0.6605306743650393,-1.4708396768463317,-1.0261667362455194,-0.9614863916702531,-1.5679065665042957,-1.0714986247729354,-0.6828168296701794,-1.1505541015749308,3.0,1.1914379855160337,0.24198831185855807,-1.3837263326719145,-1.3960855268088614,0.33809616377248186,-1.1262199384722393,-0.6791456840737199,-0.8233628888152302,-0.8781534100649921,-0.2877490927464089,-0.4567500973473325,-1.742399228925451,0.0,0.0,1.0,0.0,-0.07807123524175967,0.0,1.0,1.0,0.0,0.0,0.0,0.0,0.0,0.0,1.0,0.0,0.0,0.0,0.0,0.0,1.0,0.0,1.0,0.0,0.0,0.0,0.0
-0.42966440714069,0.0,-1.4613953491257308,-0.270543951856408,0.08504925188071055,0.2546249253678617,-0.8311549653184892,0.3796721288811475,0.8459113011114247,0.24620020465769926,1.6417846769953421,-1.0903445355634656,-1.1505541015749308,3.0,1.1914379855160337,-0.9320143892374165,0.39676790813610396,0.1557070814399298,1.754054456494842,1.2795102279906212,0.2521455058408027,-0.7862286637986714,-0.08234150773631793,1.0016094287299777,1.520930736527715,0.34379333746760604,0.0,0.0,0.0,0.0,0.10936850123261099,0.0,1.0,0.0,0.0,1.0,0.0,0.0,1.0,0.0,0.0,0.0,0.0,1.0,0.0,0.0,1.0,0.0,0.0,1.0,0.0,0.0,0.0
-0.42966440714069,1.0,-1.6969100610219627,0.8400041347276065,0.08504925188071055,-1.5756862740979403,0.15297536010896096,0.3796721288811475,-0.05778754527941421,-1.5679065665042957,1.7137416359980024,0.9472939939029652,-0.057267398720923963,3.0,0.26623257679518353,-0.9320143892374165,-0.6989208554380613,0.1557070814399298,0.33809616377248186,-0.7252649107284292,-0.6791456840737199,-0.6708955524978787,-0.8781534100649921,-0.5389228306963544,-1.4455905142848562,0.2665217950441287,1.0,1.0,0.0,0.0,-0.6035690715150531,0.0,1.0,0.0,1.0,0.0,0.0,0.0,0.0,0.0,0.0,0.0,0.0,0.0,0.0,0.0,0.0,1.0,0.0,1.0,0.0,0.0,1.0
1.103361511540898,0.0,-1.488665473661084,-0.8875151110697495,-0.8916882501868245,0.2546249253678617,-1.6184592256604493,0.3796721288811475,1.7496101475022634,1.1532535902386967,-0.18707451734375435,-0.6828168296701794,-1.1505541015749308,3.0,0.26623257679518353,0.24198831185855807,2.040301053497352,0.1557070814399298,-1.0778621289498782,2.2818977973501466,0.2521455058408027,-0.07259551170889002,-0.46551020145012406,1.3402288384106447,0.5320903195901912,-0.11980438654528076,0.0,0.0,0.0,1.0,2.66918214457059,0.0,1.0,0.0,0.0,0.0,1.0,0.0,0.0,0.0,0.0,1.0,0.0,0.0,0.0,0.0,1.0,0.0,1.0,0.0,1.0,0.0,0.0
-0.10115885313749257,0.0,-0.31357101641041146,-1.0109093429124179,0.08504925188071055,0.2546249253678617,-1.5200461931177043,0.3796721288811475,-0.05778754527941421,-0.6608531809232983,1.2715998527511878,-1.0903445355634656,-0.057267398720923963,3.0,-1.584178240646517,0.24198831185855807,-0.15107647365097865,-0.6201892226844657,0.33809616377248186,0.4776001725030011,-0.6791456840737199,-0.8225639733817408,-0.8781534100649921,0.8311157399397118,-0.9511703058160944,0.6013471740137043,0.0,0.0,0.0,1.0,0.8250545509345456,0.0,1.0,0.0,0.0,0.0,1.0,0.0,0.0,0.0,0.0,0.0,1.0,0.0,0.0,0.0,1.0,0.0,0.0,1.0,0.0,0.0,1.0
-0.8676718124782865,0.0,1.1143918683498995,1.7037637576262845,-0.8916882501868245,0.2546249253678617,0.743453555365431,1.7855109940078144,-0.9614863916702531,0.24620020465769926,1.3303459638119535,-0.6828168296701794,2.4026276827005915,4.0,0.26623257679518353,0.24198831185855807,-0.15107647365097865,0.1557070814399298,0.33809616377248186,0.6780776863749062,-0.6791456840737199,-0.48379806059464,-0.8781534100649921,1.1507914064214602,0.5320903195901912,0.3669727680941946,0.0,0.0,1.0,0.0,-0.7281727808770925,0.0,1.0,1.0,0.0,0.0,0.0,0.0,1.0,0.0,0.0,0.0,0.0,0.0,1.0,0.0,1.0,0.0,0.0,0.0,0.0,0.0,0.0
2.3078818762192883,1.0,-1.2804208863002053,-0.8875151110697495,1.0617867539482457,1.1697805251007627,-1.7168722582031943,0.3796721288811475,2.6533089938931025,-0.6608531809232983,1.6088980980761576,1.7623494056895375,-0.8772324258614291,3.0,1.1914379855160337,-0.9320143892374165,2.3827037921142784,-0.6201892226844657,0.33809616377248186,2.2818977973501466,3.3564494722225446,0.5816214599762913,0.6305733214331195,0.6128006506351027,1.026510528058953,-0.28430699900706247,0.0,0.0,0.0,0.0,3.1853722925535632,0.0,1.0,1.0,0.0,0.0,0.0,0.0,1.0,0.0,0.0,0.0,0.0,1.0,0.0,0.0,0.0,1.0,1.0,0.0,1.0,0.0,0.0
-0.2106607044718917,0.0,1.1292664817328193,-1.0109093429124179,1.0617867539482457,1.1697805251007627,-1.2740136117608418,1.7855109940078144,-0.9614863916702531,0.24620020465769926,-0.1422419589026438,0.1322385821163929,-0.6039107501479274,3.0,0.26623257679518353,-0.9320143892374165,-0.5619597599912906,-2.171981830933257,0.33809616377248186,-0.9257424246003343,-0.058284890797371494,-0.6576158122345326,1.5977058416242167,-1.1668571755712178,1.026510528058953,1.2709772847514702,0.0,0.0,0.0,0.0,-0.020015366553217537,0.0,1.0,1.0,0.0,0.0,0.0,0.0,0.0,0.0,0.0,0.0,0.0,0.0,1.0,0.0,0.0,1.0,0.0,1.0,0.0,0.0,0.0
0.5558522548689022,0.0,0.32107915459417113,-1.0109093429124179,-0.8916882501868245,1.1697805251007627,-1.1263940629467242,-1.0261667362455194,-0.05778754527941421,1.1532535902386967,-1.4422456127592982,2.373640964529467,-0.6039107501479274,3.0,1.1914379855160337,0.24198831185855807,-0.42499866454451996,0.9316033855643254,0.33809616377248186,-0.5247873968565242,-0.6791456840737199,-0.4906952850368564,-0.8781534100649921,-0.48310644448525547,2.015350944996477,0.517638806399078,0.0,0.0,0.0,1.0,1.0839775161016265,0.0,1.0,1.0,0.0,0.0,0.0,0.0,0.0,0.0,0.0,0.0,1.0,0.0,0.0,0.0,1.0,0.0,1.0,1.0,0.0,0.0,1.0
-0.9771736638126857,1.0,0.2169568609137318,-0.8875151110697495,1.0617867539482457,0.2546249253678617,-0.9787745141326066,0.3796721288811475,-0.9614863916702531,0.24620020465769926,0.2896403360488696,1.3548216997962514,0.4893759527060795,3.0,1.1914379855160337,-0.9320143892374165,-0.8358819508848319,0.1557070814399298,-1.0778621289498782,-0.9257424246003343,-0.058284890797371494,1.0232197654790696,1.5977058416242167,-0.8738211479629483,0.5320903195901912,1.2709772847514702,0.0,0.0,0.0,0.0,0.10892868404557664,0.0,1.0,0.0,0.0,1.0,0.0,0.0,1.0,0.0,0.0,0.0,0.0,0.0,1.0,0.0,0.0,1.0,0.0,0.0,0.0,1.0,0.0
-0.10115885313749257,0.0,0.5913012977172161,0.4698214391996017,0.08504925188071055,0.2546249253678617,-1.4708396768463317,0.3796721288811475,-0.9614863916702531,-0.6608531809232983,1.576011519156973,0.5397662880096791,-0.6039107501479274,3.0,-0.6589728319256667,0.24198831185855807,-0.42499866454451996,-0.6201892226844657,0.33809616377248186,-0.32430988298461916,-0.6791456840737199,-1.4342364875606213,-0.8781534100649921,-0.0923917410075624,-0.4567500973473325,-0.5370450074100981,0.0,0.0,0.0,1.0,-0.7029812351054409,0.0,1.0,0.0,0.0,0.0,0.0,0.0,1.0,1.0,0.0,0.0,0.0,0.0,0.0,0.0,1.0,0.0,0.0,1.0,0.0,0.0,0.0
-0.5391662584750891,0.0,0.14010469176864562,-0.6407266473844129,0.08504925188071055,0.2546249253678617,1.5799643319787637,-1.0261667362455194,-0.05778754527941421,0.24620020465769926,0.6761279088170641,-0.6828168296701794,-0.8772324258614291,3.0,0.26623257679518353,0.24198831185855807,0.39676790813610396,0.1557070814399298,0.33809616377248186,1.4799877418625262,1.1834366957553253,-0.45090287636240983,0.6073621409485332,1.2360382508165935,0.5320903195901912,1.0557480972031277,0.0,0.0,0.0,0.0,-0.03280628521614762,0.0,1.0,1.0,0.0,0.0,0.0,0.0,0.0,0.0,0.0,0.0,1.0,0.0,0.0,0.0,1.0,0.0,0.0,1.0,0.0,0.0,1.0
0.33684855220010396,0.0,-0.20449051826899883,0.8400041347276065,1.0617867539482457,-1.5756862740979403,-0.7327419327757442,-1.0261667362455194,-0.05778754527941421,0.24620020465769926,-0.327474911960273,1.3548216997962514,-0.3305890744344257,3.0,1.1914379855160337,-0.9320143892374165,-0.15107647365097865,2.4833959938131165,0.33809616377248186,-1.1262199384722393,-0.6791456840737199,1.66510036385176,-0.8781534100649921,-1.726289591914278,0.037670111121429345,-1.742399228925451,0.0,0.0,0.0,0.0,-0.6119697319732883,1.0,0.0,0.0,0.0,1.0,0.0,0.0,1.0,0.0,1.0,0.0,0.0,0.0,0.0,0.0,0.0,1.0,0.0,1.0,0.0,0.0,1.0
-0.7581699611438873,0.0,0.35578658582098427,-0.8875151110697495,0.08504925188071055,0.2546249253678617,-0.6835354165043717,-1.0261667362455194,-0.05778754527941421,1.1532535902386967,0.8321283472798626,0.9472939939029652,2.4026276827005915,4.0,-0.6589728319256667,-0.9320143892374165,0.12284571724256264,0.9316033855643254,-1.0778621289498782,-1.3266974523441444,-0.6791456840737199,-0.16638715434011683,-0.8781534100649921,-2.045965258396027,0.037670111121429345,-1.742399228925451,0.0,0.0,0.0,0.0,0.6253258048224488,0.0,1.0,0.0,0.0,1.0,0.0,0.0,0.0,0.0,0.0,0.0,1.0,0.0,0.0,0.0,0.0,1.0,1.0,0.0,0.0,0.0,1.0
0.8843578088720997,0.0,-1.3647103621367513,-0.8875151110697495,0.08504925188071055,-0.6605306743650393,1.432344783164646,-1.0261667362455194,-0.9614863916702531,0.24620020465769926,-1.1468285662288455,-0.6828168296701794,-0.3305890744344257,3.0,1.1914379855160337,-0.9320143892374165,-1.3837263326719145,0.1557070814399298,0.33809616377248186,-1.1262199384722393,-0.6791456840737199,-0.8654803399688374,-0.8781534100649921,-0.2877490927464089,0.5320903195901912,-1.742399228925451,0.0,0.0,0.0,0.0,-0.32736996549255826,0.0,1.0,1.0,0.0,0.0,0.0,0.0,0.0,0.0,0.0,0.0,0.0,0.0,1.0,0.0,0.0,1.0,0.0,1.0,0.0,0.0,0.0
0.5558522548689022,0.0,0.3235582568246578,2.4441291486822943,0.08504925188071055,-0.6605306743650393,1.5799643319787637,0.3796721288811475,-0.05778754527941421,-0.6608531809232983,-0.35235065755298955,-0.6828168296701794,-0.6039107501479274,3.0,1.1914379855160337,0.24198831185855807,-0.15107647365097865,0.1557070814399298,-1.0778621289498782,0.4776001725030011,1.4938670923934996,-1.1385156982568463,1.721498804208677,0.8311157399397118,-0.4567500973473325,0.9361680887192979,0.0,0.0,0.0,1.0,-0.7062543620032365,0.0,1.0,1.0,0.0,0.0,0.0,0.0,1.0,0.0,0.0,0.0,1.0,0.0,0.0,0.0,1.0,0.0,0.0,1.0,0.0,1.0,0.0
0.11784484953130571,0.0,-0.821786973660175,0.3464272073569334,0.08504925188071055,-1.5756862740979403,-1.0279810304039791,-1.0261667362455194,-0.05778754527941421,-1.5679065665042957,-1.4094995747756656,-0.27528912377689324,-0.057267398720923963,3.0,0.26623257679518353,0.24198831185855807,0.2598068126893333,0.1557070814399298,-1.0778621289498782,-0.5247873968565242,-0.3687152874355457,-0.4784086779782462,-0.13539563455822945,-1.0412703065962452,-1.940010722753618,0.517638806399078,0.0,1.0,0.0,1.0,-0.4976926538869156,1.0,0.0,1.0,0.0,0.0,0.0,0.0,1.0,0.0,0.0,0.0,0.0,0.0,0.0,0.0,0.0,0.0,0.0,1.0,0.0,0.0,1.0
-0.3201625558062908,0.0,-0.24911435841775856,0.8400041347276065,1.0617867539482457,0.2546249253678617,1.6783773645215088,-1.0261667362455194,-0.9614863916702531,1.1532535902386967,-0.8442439319852372,-0.6828168296701794,0.21605427699257776,3.0,0.26623257679518353,-0.9320143892374165,-0.6989208554380613,0.1557070814399298,0.33809616377248186,-0.32430988298461916,-0.3687152874355457,-0.6155053260124969,-0.25918859714269,0.4657721211034274,1.026510528058953,-0.5370450074100981,0.0,0.0,1.0,0.0,-0.7047787677314421,1.0,0.0,1.0,0.0,0.0,0.0,0.0,0.0,0.0,0.0,0.0,0.0,0.0,1.0,0.0,0.0,1.0,0.0,1.0,0.0,0.0,0.0
1.3223652142096962,1.0,0.9458129166768071,0.2230329755142651,0.08504925188071055,0.2546249253678617,-1.1263940629467242,0.3796721288811475,0.8459113011114247,1.1532535902386967,-1.188007060345602,-0.6828168296701794,0.7626976284195812,3.0,-1.584178240646517,1.4159910129545328,-0.2880375690977493,0.1557070814399298,1.754054456494842,0.4776001725030011,1.4938670923934996,0.30592567647931046,1.721498804208677,1.1188238397732855,0.5320903195901912,0.9361680887192979,1.0,0.0,0.0,1.0,-0.40198365769298405,0.0,1.0,0.0,1.0,0.0,0.0,0.0,0.0,0.0,0.0,0.0,0.0,0.0,0.0,0.0,1.0,0.0,0.0,0.0,1.0,0.0,1.0
1.979376322216091,1.0,-0.9085555517272077,-0.8875151110697495,-1.8684257522543597,0.2546249253678617,-1.4216331605749593,0.3796721288811475,-0.05778754527941421,1.1532535902386967,1.0127234494642736,0.5397662880096791,0.21605427699257776,3.0,0.26623257679518353,-0.9320143892374165,0.12284571724256264,0.1557070814399298,-1.0778621289498782,0.4776001725030011,1.4938670923934996,-0.7396503514473458,1.721498804208677,0.3884878940419056,0.5320903195901912,0.6013471740137043,1.0,0.0,0.0,0.0,0.26995351769864534,0.0,1.0,0.0,0.0,1.0,0.0,0.0,1.0,0.0,0.0,0.0,0.0,0.0,0.0,0.0,0.0,1.0,0.0,0.0,1.0,0.0,1.0
0.6653541062033014,0.0,-0.5292529104627501,0.59321567104227,-0.8916882501868245,-0.6605306743650393,1.3831382668932737,0.3796721288811475,1.7496101475022634,-1.5679065665042957,-1.280764077809969,1.3548216997962514,2.4026276827005915,4.0,0.26623257679518353,0.24198831185855807,1.4924566717102692,0.1557070814399298,0.33809616377248186,-0.5247873968565242,-0.3687152874355457,0.20376531062905817,-0.13539563455822945,-1.4344118094744207,-0.9511703058160944,-0.9890532171506079,0.0,1.0,0.0,1.0,-0.08773686471682174,0.0,1.0,1.0,0.0,0.0,0.0,0.0,1.0,0.0,0.0,0.0,0.0,1.0,0.0,0.0,1.0,0.0,0.0,1.0,0.0,0.0,0.0
-1.0866755151470848,0.0,-1.3225656242184785,-0.5173324155417446,-1.8684257522543597,0.2546249253678617,-1.1756005792180968,-1.0261667362455194,0.8459113011114247,1.1532535902386967,-0.7689139905293272,-0.6828168296701794,0.21605427699257776,3.0,-0.6589728319256667,0.24198831185855807,-0.2880375690977493,0.1557070814399298,0.33809616377248186,0.4776001725030011,-0.6791456840737199,-0.5839932451015659,-0.8781534100649921,1.1188238397732855,0.5320903195901912,0.9361680887192979,0.0,0.0,0.0,0.0,0.5274276733084364,0.0,1.0,0.0,0.0,0.0,0.0,1.0,1.0,0.0,0.0,0.0,0.0,1.0,0.0,0.0,0.0,0.0,1.0,0.0,0.0,0.0,0.0
-0.2106607044718917,0.0,0.3657029947429309,-0.270543951856408,0.08504925188071055,0.2546249253678617,-0.3390898026047641,0.3796721288811475,0.8459113011114247,0.24620020465769926,0.6402899702512861,0.1322385821163929,1.5826626555600865,4.0,-0.6589728319256667,-0.9320143892374165,0.8076511944764159,0.1557070814399298,1.754054456494842,0.27712265863109603,-0.3687152874355457,1.164270991733376,-0.46551020145012406,-0.48310644448525547,0.5320903195901912,0.14096815471500063,0.0,0.0,0.0,0.0,-0.004725251403962455,0.0,1.0,0.0,0.0,0.0,1.0,0.0,1.0,0.0,0.0,0.0,1.0,0.0,0.0,0.0,0.0,1.0,0.0,1.0,0.0,0.0,0.0
-0.9771736638126857,0.0,-0.10532642904953281,-0.8875151110697495,1.0617867539482457,-0.6605306743650393,0.743453555365431,0.3796721288811475,-0.05778754527941421,-0.6608531809232983,-1.4918565630091791,-0.6828168296701794,1.3093409798465847,4.0,-1.584178240646517,-0.9320143892374165,-0.42499866454451996,-0.6201892226844657,0.33809616377248186,0.27712265863109603,1.4938670923934996,-0.8993794880311695,2.010349050239085,1.079752369425516,-1.4455905142848562,0.8943151081711811,1.0,0.0,0.0,0.0,0.19109688322329932,0.0,1.0,0.0,1.0,0.0,0.0,0.0,0.0,0.0,0.0,0.0,0.0,0.0,0.0,0.0,1.0,0.0,1.0,0.0,0.0,1.0,0.0
-0.3201625558062908,0.0,0.0657316248540461,-0.7641208792270812,-0.8916882501868245,0.2546249253678617,1.0878991692650386,0.3796721288811475,-0.9614863916702531,1.1532535902386967,-1.6963436242374421,-1.0903445355634656,1.036019304133083,3.0,0.26623257679518353,0.24198831185855807,-0.9728430463316026,-1.3960855268088614,-2.4938204216722384,-0.7252649107284292,-0.6791456840737199,-0.34181122836978123,-0.8781534100649921,0.0638941403835146,0.037670111121429345,0.2665217950441287,0.0,0.0,0.0,0.0,-0.2179331007187021,0.0,1.0,0.0,0.0,0.0,0.0,0.0,1.0,1.0,0.0,0.0,0.0,0.0,0.0,0.0,1.0,0.0,0.0,1.0,0.0,1.0,0.0
-1.1961773664814839,1.0,0.20951955422227186,-0.5173324155417446,-0.8916882501868245,0.2546249253678617,1.0878991692650386,-1.0261667362455194,-0.9614863916702531,0.24620020465769926,0.9254475284864376,-0.6828168296701794,-0.3305890744344257,3.0,-1.584178240646517,0.24198831185855807,-0.42499866454451996,-0.6201892226844657,0.33809616377248186,0.27712265863109603,-0.3687152874355457,-0.7830513031086821,-0.46551020145012406,1.079752369425516,-0.4567500973473325,0.8943151081711811,0.0,0.0,1.0,0.0,-0.5531772836358719,1.0,0.0,0.0,0.0,1.0,0.0,0.0,0.0,0.0,0.0,0.0,0.0,0.0,1.0,0.0,1.0,0.0,1.0,0.0,0.0,0.0,0.0
-1.0866755151470848,0.0,-0.8912018361138011,-0.7641208792270812,0.08504925188071055,1.1697805251007627,-0.7819484490471167,0.3796721288811475,-0.9614863916702531,1.1532535902386967,0.3173269003526275,-0.6828168296701794,-1.1505541015749308,3.0,0.26623257679518353,2.5899937140505074,-1.520687428118685,2.4833959938131165,-1.0778621289498782,-1.3266974523441444,-0.6791456840737199,-1.3743900458011007,-0.8781534100649921,-2.045965258396027,1.026510528058953,-1.742399228925451,0.0,0.0,1.0,0.0,-0.5332044090246623,0.0,0.0,0.0,0.0,1.0,0.0,0.0,1.0,0.0,0.0,0.0,0.0,0.0,1.0,0.0,1.0,0.0,0.0,0.0,0.0,0.0,0.0
1.5413689168784945,0.0,1.2780126155620184,2.0739464531542895,1.0617867539482457,-1.5756862740979403,0.005355811294843447,0.3796721288811475,1.7496101475022634,0.24620020465769926,-1.225390949202453,-0.27528912377689324,-0.3305890744344257,3.0,0.26623257679518353,0.24198831185855807,2.3827037921142784,-0.6201892226844657,-1.0778621289498782,2.2818977973501466,0.5625759024789769,-0.14777999334045339,-0.17076505243950396,0.2983229624701303,-0.9511703058160944,-0.8383822067661152,1.0,0.0,0.0,1.0,-0.4230143932507864,0.0,1.0,0.0,1.0,0.0,0.0,0.0,0.0,0.0,0.0,1.0,0.0,0.0,0.0,0.0,1.0,0.0,0.0,0.0,1.0,0.0,0.0
0.7748559575377005,0.0,-0.4400052301652307,-0.6407266473844129,0.08504925188071055,1.1697805251007627,-0.7819484490471167,0.3796721288811475,-0.05778754527941421,-0.6608531809232983,-1.281185700616625,2.373640964529467,-0.8772324258614291,3.0,1.1914379855160337,-0.9320143892374165,-0.15107647365097865,-0.6201892226844657,-1.0778621289498782,-0.32430988298461916,-0.058284890797371494,-0.6152881880642455,0.3597762157796122,-0.44758692598728334,0.5320903195901912,-0.5370450074100981,0.0,0.0,0.0,0.0,-0.06124434709780795,0.0,1.0,0.0,0.0,1.0,0.0,0.0,1.0,0.0,0.0,0.0,0.0,0.0,0.0,0.0,0.0,1.0,0.0,1.0,0.0,0.0,1.0
-1.3056792178158831,0.0,-1.5432057227317904,-0.8875151110697495,-1.8684257522543597,-1.5756862740979403,-0.043850704976529056,1.7855109940078144,-0.9614863916702531,-1.5679065665042957,1.0286045751816575,1.7623494056895375,-0.6039107501479274,3.0,0.26623257679518353,-0.9320143892374165,-0.6989208554380613,0.1557070814399298,-1.0778621289498782,-0.5247873968565242,-0.6791456840737199,0.16488262078310434,-0.8781534100649921,-0.036575354796463615,-1.940010722753618,0.517638806399078,0.0,0.0,1.0,0.0,-0.08935125250923047,0.0,1.0,0.0,0.0,1.0,0.0,0.0,1.0,0.0,0.0,0.0,0.0,0.0,1.0,0.0,0.0,1.0,0.0,0.0,0.0,1.0,0.0
-0.42966440714069,0.0,-0.5366902171542101,-1.0109093429124179,0.08504925188071055,-1.5756862740979403,-0.8803614815898617,1.7855109940078144,-0.05778754527941421,-1.5679065665042957,1.0544641073232386,-0.6828168296701794,1.855984331273588,4.0,-1.584178240646517,0.24198831185855807,-0.2880375690977493,1.707499689688721,0.33809616377248186,0.4776001725030011,-0.6791456840737199,-1.2104530296196134,-0.8781534100649921,1.1188238397732855,-2.43443093122238,0.9361680887192979,1.0,0.0,0.0,0.0,0.4552976546347932,0.0,1.0,0.0,0.0,1.0,0.0,0.0,1.0,0.0,0.0,0.0,0.0,0.0,0.0,0.0,0.0,0.0,0.0,1.0,0.0,1.0,0.0
-0.2106607044718917,0.0,1.3399901713241846,2.197340684996958,-1.8684257522543597,0.2546249253678617,-0.6343289002329991,-1.0261667362455194,-0.9614863916702531,-1.5679065665042957,0.49735983879483014,-0.6828168296701794,-1.1505541015749308,3.0,1.1914379855160337,-0.9320143892374165,-0.6989208554380613,0.1557070814399298,-1.0778621289498782,-0.12383236911271409,-0.3687152874355457,-0.6101295192607474,-0.347612141845876,0.9681195970033181,-0.4567500973473325,0.7687562362816817,0.0,1.0,0.0,0.0,-0.7412785938621683,0.0,1.0,0.0,0.0,1.0,0.0,0.0,0.0,0.0,0.0,0.0,0.0,0.0,1.0,0.0,0.0,1.0,0.0,1.0,0.0,0.0,0.0
-0.10115885313749257,0.0,0.3111627456722245,-1.0109093429124179,-0.8916882501868245,-0.6605306743650393,-0.4867093514188816,0.3796721288811475,-0.05778754527941421,1.1532535902386967,-1.614829881617241,-0.6828168296701794,-0.3305890744344257,3.0,1.1914379855160337,0.24198831185855807,0.9446122899231866,-1.3960855268088614,-1.0778621289498782,2.2818977973501466,0.5625759024789769,-0.30322507274981236,-0.09630312005787361,1.2853916870453543,0.5320903195901912,0.6013484760943157,1.0,0.0,0.0,1.0,1.1271313436294734,0.0,1.0,1.0,0.0,0.0,0.0,0.0,1.0,0.0,0.0,0.0,0.0,0.0,0.0,0.0,1.0,0.0,1.0,1.0,0.0,0.0,1.0
-0.5391662584750891,0.0,-1.6993891632524494,0.4698214391996017,1.0617867539482457,-0.6605306743650393,0.349801425194451,0.3796721288811475,-0.05778754527941421,1.1532535902386967,-0.7115732888240823,-0.27528912377689324,-1.1505541015749308,3.0,0.26623257679518353,0.24198831185855807,-0.42499866454451996,0.1557070814399298,-1.0778621289498782,-0.32430988298461916,-0.6791456840737199,-1.0570124417201925,-0.8781534100649921,-0.0923917410075624,0.037670111121429345,-0.5370450074100981,1.0,0.0,0.0,0.0,-0.6027472677745737,0.0,1.0,1.0,0.0,0.0,0.0,0.0,1.0,0.0,0.0,0.0,0.0,0.0,0.0,0.0,0.0,0.0,0.0,1.0,0.0,1.0,0.0
-0.7581699611438873,0.0,0.5194073330331033,-0.5173324155417446,1.0617867539482457,-0.6605306743650393,0.448214457737196,-1.0261667362455194,-0.9614863916702531,1.1532535902386967,-1.678073302615673,2.373640964529467,-0.8772324258614291,3.0,-0.6589728319256667,0.24198831185855807,-0.15107647365097865,0.1557070814399298,-1.0778621289498782,-0.32430988298461916,-0.6791456840737199,0.46682376667302067,-0.8781534100649921,-0.44758692598728334,-0.4567500973473325,0.6683092141052549,0.0,0.0,0.0,0.0,-0.4088137598916361,1.0,0.0,1.0,0.0,0.0,0.0,0.0,1.0,0.0,0.0,0.0,0.0,0.0,1.0,0.0,0.0,0.0,0.0,0.0,0.0,1.0,0.0
1.7603726195472926,0.0,-0.35075754986771124,-0.270543951856408,-0.8916882501868245,-1.5756862740979403,0.5958340065513135,-1.0261667362455194,0.8459113011114247,1.1532535902386967,0.8997285372804087,1.7623494056895375,0.7626976284195812,3.0,1.1914379855160337,0.24198831185855807,2.3827037921142784,0.1557070814399298,0.33809616377248186,-0.32430988298461916,-0.6791456840737199,1.6810216554686574,-0.8781534100649921,-1.5575718790489108,0.5320903195901912,-0.5370450074100981,1.0,0.0,0.0,1.0,0.05061409936466127,0.0,1.0,0.0,1.0,0.0,0.0,0.0,0.0,0.0,0.0,0.0,0.0,0.0,0.0,0.0,1.0,0.0,1.0,0.0,1.0,0.0,0.0
0.8843578088720997,0.0,0.31612095013319785,-0.02375548817107146,0.08504925188071055,1.1697805251007627,0.3990079414658235,0.3796721288811475,0.8459113011114247,-1.5679065665042957,0.6922901164055523,0.5397662880096791,-0.8772324258614291,3.0,0.26623257679518353,0.24198831185855807,0.9446122899231866,-0.6201892226844657,0.33809616377248186,-0.32430988298461916,-0.6791456840737199,1.608493727308549,-0.8781534100649921,-1.1205883291067544,0.037670111121429345,0.6683092141052549,1.0,0.0,0.0,1.0,-0.12985582827517592,0.0,1.0,0.0,1.0,0.0,0.0,0.0,1.0,0.0,0.0,0.0,0.0,0.0,0.0,0.0,0.0,0.0,1.0,1.0,0.0,0.0,0.0
-0.5391662584750891,0.0,-0.4077769011689042,-0.14714972001373974,-0.8916882501868245,0.2546249253678617,1.235518718079156,1.7855109940078144,-0.05778754527941421,0.24620020465769926,1.103091271024255,0.9472939939029652,-0.8772324258614291,3.0,0.26623257679518353,0.24198831185855807,-0.2880375690977493,0.1557070814399298,-1.0778621289498782,-0.32430988298461916,-0.3687152874355457,1.7337222245019295,-0.25918859714269,-0.2877490927464089,0.037670111121429345,0.06563210334757824,0.0,0.0,0.0,0.0,-0.44099802934286,0.0,1.0,0.0,0.0,1.0,0.0,0.0,0.0,0.0,0.0,0.0,0.0,0.0,1.0,0.0,1.0,0.0,0.0,1.0,0.0,0.0,1.0
1.6508707682128936,0.0,0.2169568609137318,1.950552221311621,1.0617867539482457,0.2546249253678617,0.743453555365431,-1.0261667362455194,1.7496101475022634,1.1532535902386967,0.6626359790040653,0.1322385821163929,1.855984331273588,4.0,0.26623257679518353,-0.9320143892374165,2.3827037921142784,0.1557070814399298,0.33809616377248186,0.4776001725030011,-0.6791456840737199,2.5987873244471746,-0.8781534100649921,-1.0569686652181167,1.026510528058953,0.9361680887192979,0.0,0.0,0.0,1.0,-0.46784080861308686,1.0,0.0,0.0,0.0,1.0,0.0,0.0,0.0,0.0,0.0,0.0,1.0,0.0,0.0,0.0,1.0,0.0,0.0,0.0,1.0,0.0,0.0
0.008342998196906572,0.0,-1.1415911613929528,0.8400041347276065,1.0617867539482457,1.1697805251007627,0.005355811294843447,-1.0261667362455194,-0.05778754527941421,0.24620020465769926,1.4398273526070164,0.5397662880096791,1.036019304133083,3.0,1.1914379855160337,1.4159910129545328,-0.2880375690977493,-0.6201892226844657,0.33809616377248186,-1.1262199384722393,-0.6791456840737199,-0.2474666077481099,-0.8781534100649921,-1.6943220252661033,1.520930736527715,-1.742399228925451,1.0,0.0,0.0,1.0,-0.5666792147201948,0.0,1.0,0.0,1.0,0.0,0.0,0.0,1.0,0.0,0.0,0.0,0.0,0.0,0.0,0.0,0.0,0.0,0.0,1.0,0.0,0.0,1.0
-0.9771736638126857,0.0,0.9086263832195074,-0.14714972001373974,-0.8916882501868245,-0.6605306743650393,-0.14226373751927407,-1.0261667362455194,-0.9614863916702531,1.1532535902386967,1.3564865778246387,-0.6828168296701794,-0.6039107501479274,3.0,1.1914379855160337,0.24198831185855807,-0.6989208554380613,2.4833959938131165,0.33809616377248186,-0.32430988298461916,-0.6791456840737199,0.4799063913101544,-0.8781534100649921,0.4657721211034274,1.026510528058953,-1.1397221181677746,0.0,0.0,0.0,0.0,-0.4574868619234441,0.0,1.0,0.0,0.0,1.0,0.0,0.0,1.0,1.0,0.0,0.0,0.0,0.0,0.0,0.0,0.0,0.0,0.0,0.0,0.0,0.0,1.0
-1.6341847718190805,0.0,1.0598516192791931,-1.0109093429124179,-0.8916882501868245,1.1697805251007627,-1.6184592256604493,-1.0261667362455194,-0.05778754527941421,1.1532535902386967,0.6792198093992097,1.3548216997962514,1.855984331273588,4.0,-1.584178240646517,1.4159910129545328,-0.9728430463316026,-0.6201892226844657,-2.4938204216722384,-0.9257424246003343,-0.058284890797371494,-1.0028235846769837,1.5977058416242167,-0.6393923258763324,-0.4567500973473325,1.2709772847514702,0.0,0.0,0.0,0.0,0.6844165374804836,0.0,1.0,1.0,0.0,0.0,0.0,0.0,1.0,0.0,0.0,0.0,1.0,0.0,0.0,0.0,1.0,0.0,0.0,0.0,0.0,1.0,0.0
0.7748559575377005,0.0,0.4549506750404503,-0.14714972001373974,1.0617867539482457,-1.5756862740979403,-0.19147025379064658,1.7855109940078144,-0.9614863916702531,1.1532535902386967,-1.3026884637560918,-0.27528912377689324,2.4026276827005915,4.0,0.26623257679518353,0.24198831185855807,-0.15107647365097865,-0.6201892226844657,-1.0778621289498782,-0.7252649107284292,-0.6791456840737199,-0.375887875092409,-0.8781534100649921,-1.0869382589507808,-0.4567500973473325,0.2665217950441287,0.0,0.0,0.0,1.0,-0.6036096544158176,0.0,1.0,1.0,0.0,0.0,0.0,0.0,1.0,0.0,1.0,0.0,0.0,0.0,0.0,0.0,1.0,0.0,1.0,1.0,0.0,0.0,0.0
0.5558522548689022,0.0,1.1614948107291458,-0.8875151110697495,-1.8684257522543597,-0.6605306743650393,-1.5200461931177043,0.3796721288811475,-0.9614863916702531,1.1532535902386967,-0.7371517390945592,0.9472939939029652,-0.3305890744344257,3.0,1.1914379855160337,-0.9320143892374165,-0.42499866454451996,-0.6201892226844657,0.33809616377248186,-0.9257424246003343,-0.058284890797371494,-0.649552102106909,1.5977058416242167,-1.264535851440641,1.026510528058953,-0.2357109720869905,0.0,0.0,0.0,0.0,-0.27748952216300865,1.0,0.0,0.0,0.0,1.0,0.0,0.0,1.0,0.0,0.0,0.0,0.0,0.0,1.0,0.0,0.0,1.0,1.0,1.0,0.0,0.0,0.0
-0.10115885313749257,0.0,1.1788485263425523,-0.14714972001373974,0.08504925188071055,-1.5756862740979403,0.5466274902799411,-1.0261667362455194,-0.9614863916702531,-1.5679065665042957,-0.7980059641886059,-1.0903445355634656,1.5826626555600865,4.0,0.26623257679518353,-0.9320143892374165,-0.6989208554380613,0.1557070814399298,0.33809616377248186,-0.32430988298461916,-0.6791456840737199,-1.2978546641108237,-0.8781534100649921,0.4657721211034274,-1.4455905142848562,0.6683092141052549,0.0,0.0,0.0,1.0,-0.6364493377143869,0.0,1.0,1.0,0.0,0.0,0.0,0.0,1.0,1.0,0.0,0.0,0.0,0.0,0.0,0.0,1.0,0.0,0.0,1.0,0.0,0.0,0.0
-1.3056792178158831,0.0,-1.6398907097207698,-0.7641208792270812,-1.8684257522543597,0.2546249253678617,1.5799643319787637,0.3796721288811475,-0.05778754527941421,-1.5679065665042957,0.007012514653655324,-0.6828168296701794,0.7626976284195812,3.0,1.1914379855160337,-0.9320143892374165,-0.8358819508848319,0.1557070814399298,0.33809616377248186,-0.32430988298461916,-0.6791456840737199,-1.1446328867228672,-0.8781534100649921,0.8843950176866698,0.037670111121429345,0.06563210334757824,1.0,0.0,0.0,0.0,-0.14699317560997546,0.0,1.0,0.0,0.0,0.0,1.0,0.0,1.0,0.0,0.0,0.0,0.0,0.0,0.0,0.0,1.0,0.0,1.0,0.0,0.0,1.0,0.0
-0.2106607044718917,0.0,-0.4846290703139904,-0.02375548817107146,0.08504925188071055,1.1697805251007627,0.005355811294843447,-1.0261667362455194,0.8459113011114247,0.24620020465769926,1.2850917825641865,-0.6828168296701794,1.3093409798465847,4.0,-0.6589728319256667,0.24198831185855807,0.8076511944764159,-0.6201892226844657,0.33809616377248186,2.081420283478242,0.8730062991171511,1.3489077679828079,0.15345461147217823,1.2751097211643625,0.5320903195901912,0.7392159070558133,0.0,0.0,0.0,0.0,-0.13457480797606272,0.0,1.0,1.0,0.0,0.0,0.0,0.0,0.0,0.0,0.0,0.0,1.0,0.0,0.0,0.0,1.0,0.0,1.0,1.0,0.0,0.0,0.0
-0.2106607044718917,1.0,-1.6671608342561228,1.950552221311621,1.0617867539482457,1.1697805251007627,1.4815512994360187,0.3796721288811475,-0.9614863916702531,-0.6608531809232983,0.32308907871026243,-0.6828168296701794,1.036019304133083,3.0,-1.584178240646517,0.24198831185855807,-0.15107647365097865,0.1557070814399298,-1.0778621289498782,0.6780776863749062,1.4938670923934996,-1.0912642235423062,1.4851667847292527,1.1507914064214602,-0.9511703058160944,-1.1397215154912665,0.0,0.0,0.0,0.0,-0.7497377539029064,1.0,0.0,1.0,0.0,0.0,0.0,0.0,0.0,0.0,0.0,0.0,0.0,0.0,1.0,0.0,0.0,0.0,1.0,1.0,0.0,0.0,0.0
-0.5391662584750891,0.0,-1.2457134550733922,-1.0109093429124179,0.08504925188071055,1.1697805251007627,-0.2406767700620191,0.3796721288811475,-0.9614863916702531,1.1532535902386967,-0.7259084642503936,-1.0903445355634656,-0.8772324258614291,3.0,-0.6589728319256667,0.24198831185855807,-0.9728430463316026,-0.6201892226844657,0.33809616377248186,-0.7252649107284292,-0.6791456840737199,-0.8278466063876029,-0.8781534100649921,0.0638941403835146,1.026510528058953,-1.742399228925451,0.0,0.0,1.0,0.0,-0.07962353119599877,0.0,0.0,1.0,0.0,0.0,0.0,0.0,1.0,0.0,1.0,0.0,0.0,0.0,0.0,0.0,0.0,0.0,0.0,1.0,0.0,0.0,0.0
-1.3056792178158831,0.0,-0.54412752384567,-0.6407266473844129,-1.8684257522543597,0.2546249253678617,1.038692652993666,-1.0261667362455194,-0.05778754527941421,-1.5679065665042957,0.5398032013315555,-0.6828168296701794,-0.8772324258614291,3.0,-1.584178240646517,-0.9320143892374165,-0.8358819508848319,-1.3960855268088614,1.754054456494842,-0.32430988298461916,-0.6791456840737199,-1.1186402188273368,-0.8781534100649921,0.8843950176866698,-0.9511703058160944,-0.5370450074100981,1.0,0.0,0.0,0.0,-0.2695003723185248,0.0,1.0,0.0,1.0,0.0,0.0,0.0,1.0,0.0,0.0,0.0,0.0,0.0,0.0,0.0,1.0,0.0,0.0,0.0,0.0,1.0,0.0
1.3223652142096962,0.0,1.5259228386106836,-1.0109093429124179,0.08504925188071055,0.2546249253678617,-1.4708396768463317,0.3796721288811475,-0.9614863916702531,-1.5679065665042957,-0.5283079088641821,-0.27528912377689324,0.21605427699257776,3.0,-0.6589728319256667,0.24198831185855807,-0.5619597599912906,-0.6201892226844657,0.33809616377248186,-0.5247873968565242,-0.6791456840737199,0.30465359632858496,-0.8781534100649921,-0.2877490927464089,-0.9511703058160944,-0.23570720537576498,0.0,0.0,0.0,1.0,0.31341780441733996,0.0,1.0,0.0,0.0,0.0,0.0,1.0,0.0,0.0,0.0,0.0,0.0,0.0,1.0,0.0,1.0,0.0,0.0,0.0,1.0,1.0,0.0
-1.4151810691502822,0.0,1.1565366062681726,-0.6407266473844129,-1.8684257522543597,-1.5756862740979403,-0.9787745141326066,-1.0261667362455194,-0.9614863916702531,1.1532535902386967,-0.4968267393005183,-1.0903445355634656,0.4893759527060795,3.0,1.1914379855160337,-0.9320143892374165,-0.6989208554380613,-0.6201892226844657,-1.0778621289498782,-0.32430988298461916,0.2521455058408027,-0.06740810611314982,0.9787410287019146,0.4657721211034274,0.037670111121429345,-0.5370450074100981,0.0,0.0,1.0,0.0,-0.4053573142335304,0.0,0.0,1.0,0.0,0.0,0.0,0.0,1.0,0.0,1.0,0.0,0.0,0.0,0.0,0.0,1.0,0.0,0.0,0.0,0.0,1.0,0.0
-0.5391662584750891,0.0,-1.0498643788649469,-0.5173324155417446,-0.8916882501868245,-0.6605306743650393,-0.8803614815898617,0.3796721288811475,-0.05778754527941421,-0.6608531809232983,-0.7620274846872758,-0.6828168296701794,-0.3305890744344257,3.0,1.1914379855160337,0.24198831185855807,-0.15107647365097865,0.1557070814399298,0.33809616377248186,0.6780776863749062,0.8730062991171511,-0.16781165774567836,0.8099324433594683,1.1507914064214602,0.037670111121429345,0.668311624811287,1.0,0.0,0.0,0.0,-0.12288084512079492,1.0,0.0,1.0,0.0,0.0,0.0,0.0,1.0,0.0,0.0,0.0,0.0,0.0,0.0,0.0,1.0,0.0,0.0,1.0,0.0,0.0,1.0
0.11784484953130571,0.0,-1.0101987431771604,-0.02375548817107146,0.08504925188071055,-0.6605306743650393,1.5799643319787637,-1.0261667362455194,-0.9614863916702531,-0.6608531809232983,-0.31075054062957663,-1.0903445355634656,1.036019304133083,3.0,1.1914379855160337,0.24198831185855807,-1.1098041417783733,0.1557070814399298,0.33809616377248186,-0.9257424246003343,-0.3687152874355457,0.30178778750751484,0.3597762157796122,-0.2877490927464089,0.037670111121429345,1.2709772847514702,1.0,0.0,0.0,1.0,-0.6180218599642864,0.0,1.0,0.0,1.0,0.0,0.0,0.0,1.0,0.0,0.0,0.0,0.0,0.0,0.0,1.0,1.0,0.0,0.0,1.0,0.0,0.0,0.0
0.5558522548689022,0.0,1.1466201973462258,-0.7641208792270812,0.08504925188071055,0.2546249253678617,1.432344783164646,1.7855109940078144,-0.05778754527941421,1.1532535902386967,1.3228972942276938,-0.27528912377689324,-0.6039107501479274,3.0,-0.6589728319256667,0.24198831185855807,0.8076511944764159,-1.3960855268088614,-1.0778621289498782,-0.32430988298461916,-0.3687152874355457,1.7879542253347793,-0.25918859714269,-1.0691784997017946,0.037670111121429345,0.06563210334757824,0.0,0.0,0.0,1.0,0.013979914844618635,0.0,1.0,1.0,0.0,0.0,0.0,0.0,0.0,0.0,1.0,0.0,0.0,0.0,0.0,0.0,1.0,0.0,1.0,1.0,0.0,0.0,1.0
-0.6486681098094882,0.0,1.0400188014353,0.2230329755142651,1.0617867539482457,1.1697805251007627,-0.8803614815898617,0.3796721288811475,-0.9614863916702531,1.1532535902386967,0.07840730991410726,0.1322385821163929,1.036019304133083,3.0,-0.6589728319256667,0.24198831185855807,-0.42499866454451996,-0.6201892226844657,0.33809616377248186,-0.12383236911271409,-0.6791456840737199,-0.7920109810282642,-0.8781534100649921,0.2983229624701303,1.026510528058953,0.2665251432402553,0.0,0.0,1.0,0.0,-0.6761191232116083,0.0,1.0,1.0,0.0,0.0,0.0,0.0,1.0,0.0,0.0,0.0,0.0,0.0,1.0,0.0,1.0,0.0,1.0,1.0,0.0,0.0,0.0
-0.8676718124782865,1.0,-1.1440702636234394,-1.0109093429124179,0.08504925188071055,-0.6605306743650393,-0.8803614815898617,-1.0261667362455194,-0.9614863916702531,0.24620020465769926,1.2942269433750713,1.3548216997962514,1.036019304133083,3.0,0.26623257679518353,2.5899937140505074,-0.8358819508848319,0.1557070814399298,0.33809616377248186,-0.7252649107284292,-0.6791456840737199,0.1923482601696246,-0.8781534100649921,-0.2877490927464089,0.037670111121429345,0.2665217950441287,1.0,0.0,1.0,0.0,0.07125963555604123,0.0,1.0,0.0,0.0,1.0,0.0,0.0,0.0,0.0,0.0,0.0,0.0,0.0,0.0,1.0,0.0,0.0,1.0,0.0,0.0,0.0,0.0
1.7603726195472926,0.0,0.1624166118430255,-0.14714972001373974,0.08504925188071055,-1.5756862740979403,0.349801425194451,0.3796721288811475,1.7496101475022634,1.1532535902386967,1.1912104376154034,0.9472939939029652,-0.3305890744344257,3.0,0.26623257679518353,0.24198831185855807,2.314223244390893,0.1557070814399298,0.33809616377248186,-0.9257424246003343,-0.058284890797371494,2.059173049690728,1.5977058416242167,-1.8034526838236657,0.037670111121429345,-1.742399228925451,1.0,0.0,0.0,1.0,0.01855056404321151,0.0,1.0,0.0,1.0,0.0,0.0,0.0,1.0,0.0,0.0,0.0,0.0,0.0,0.0,0.0,1.0,0.0,0.0,0.0,1.0,0.0,0.0
-0.2106607044718917,0.0,-0.3234874253323581,1.950552221311621,0.08504925188071055,1.1697805251007627,0.5958340065513135,-1.0261667362455194,0.8459113011114247,-0.6608531809232983,-0.7285787420258829,0.1322385821163929,0.21605427699257776,3.0,-1.584178240646517,-0.9320143892374165,0.6706900990296453,-0.6201892226844657,0.33809616377248186,1.2795102279906212,0.5625759024789769,1.4356552188931015,0.18292912637324013,0.6430712302445651,-0.4567500973473325,0.5755925115112793,0.0,0.0,0.0,0.0,-0.5376463636014079,0.0,1.0,0.0,0.0,0.0,0.0,1.0,1.0,0.0,0.0,0.0,1.0,0.0,0.0,0.0,1.0,0.0,0.0,1.0,0.0,0.0,0.0
0.008342998196906572,0.0,1.0623307215096798,1.456975293940948,-0.8916882501868245,0.2546249253678617,-0.5851223839616266,0.3796721288811475,-0.9614863916702531,1.1532535902386967,0.9709827916053085,0.9472939939029652,-0.057267398720923963,3.0,-0.6589728319256667,0.24198831185855807,-0.15107647365097865,0.1557070814399298,0.33809616377248186,-0.32430988298461916,-0.6791456840737199,0.38359107056815944,-0.8781534100649921,-0.44758692598728334,0.5320903195901912,0.6683092141052549,1.0,0.0,0.0,1.0,-0.7141174466005277,1.0,0.0,0.0,0.0,1.0,0.0,0.0,0.0,0.0,0.0,0.0,0.0,0.0,0.0,1.0,1.0,0.0,0.0,1.0,0.0,1.0,0.0
1.7603726195472926,0.0,-1.736575696709749,1.7037637576262845,1.0617867539482457,1.1697805251007627,0.3005949089230785,0.3796721288811475,1.7496101475022634,1.1532535902386967,0.8281932010844046,1.3548216997962514,0.7626976284195812,3.0,0.26623257679518353,-0.9320143892374165,2.3827037921142784,-2.171981830933257,0.33809616377248186,1.0790327141187162,0.2521455058408027,-0.3183895215307028,-0.02112520755718905,-0.8048714944080612,1.520930736527715,0.5176425731259977,0.0,0.0,0.0,0.0,-0.42870901970513386,0.0,1.0,1.0,0.0,0.0,0.0,0.0,0.0,0.0,0.0,0.0,0.0,1.0,0.0,0.0,0.0,1.0,0.0,0.0,1.0,0.0,0.0
0.6653541062033014,0.0,-0.9432629829540208,-1.0109093429124179,0.08504925188071055,1.1697805251007627,-1.6184592256604493,0.3796721288811475,-0.05778754527941421,1.1532535902386967,1.049685715514468,0.5397662880096791,-0.6039107501479274,3.0,-0.6589728319256667,0.24198831185855807,0.12284571724256264,-0.6201892226844657,-1.0778621289498782,-0.32430988298461916,-0.058284890797371494,-0.7583369155062337,0.3597762157796122,-0.6934912848193976,0.5320903195901912,-0.5370450074100981,0.0,0.0,0.0,1.0,0.928747920677717,1.0,0.0,1.0,0.0,0.0,0.0,0.0,0.0,0.0,0.0,0.0,0.0,0.0,0.0,0.0,1.0,0.0,0.0,1.0,0.0,0.0,1.0
1.103361511540898,0.0,-1.3721476688282115,-0.8875151110697495,-0.8916882501868245,0.2546249253678617,-1.5200461931177043,0.3796721288811475,-0.05778754527941421,1.1532535902386967,0.48766251424173723,-1.0903445355634656,1.855984331273588,4.0,-1.584178240646517,0.24198831185855807,-0.42499866454451996,-0.6201892226844657,0.33809616377248186,0.07664514475919097,1.4938670923934996,-1.0008347401395299,2.3714118577770944,0.6890376659478233,0.037670111121429345,0.8405041502635701,1.0,0.0,0.0,1.0,0.14100946709985115,0.0,1.0,0.0,1.0,0.0,0.0,0.0,0.0,0.0,0.0,0.0,0.0,0.0,0.0,0.0,1.0,0.0,1.0,0.0,1.0,1.0,0.0
0.008342998196906572,0.0,1.1143918683498995,1.2101868302556114,-0.8916882501868245,-1.5756862740979403,-1.6676657419318217,0.3796721288811475,0.8459113011114247,-0.6608531809232983,-1.3350128789330682,-0.6828168296701794,-0.6039107501479274,3.0,1.1914379855160337,-0.9320143892374165,-0.15107647365097865,-0.6201892226844657,0.33809616377248186,0.6780776863749062,-0.6791456840737199,0.3008948375317881,-0.8781534100649921,1.1507914064214602,-0.4567500973473325,-1.742399228925451,1.0,0.0,0.0,0.0,-0.5607731851719485,0.0,0.0,0.0,0.0,1.0,0.0,0.0,1.0,0.0,0.0,0.0,0.0,0.0,0.0,0.0,0.0,1.0,1.0,1.0,0.0,0.0,1.0
1.4318670655440953,0.0,0.19464494083935197,-0.8875151110697495,1.0617867539482457,-1.5756862740979403,1.5799643319787637,0.3796721288811475,1.7496101475022634,-1.5679065665042957,-1.3729589315321273,-0.6828168296701794,-1.1505541015749308,3.0,1.1914379855160337,0.24198831185855807,2.3827037921142784,0.1557070814399298,0.33809616377248186,2.2818977973501466,3.666879868860719,0.12541844890277792,0.7466292238560511,1.360578562550108,-0.9511703058160944,-1.1591623369580957,0.0,0.0,0.0,1.0,2.911754259019686,0.0,0.0,1.0,0.0,0.0,0.0,0.0,1.0,0.0,0.0,1.0,0.0,0.0,0.0,0.0,0.0,0.0,0.0,0.0,1.0,0.0,0.0
0.22734670086570485,0.0,1.4391542605436507,-0.8875151110697495,0.08504925188071055,1.1697805251007627,-1.1756005792180968,-1.0261667362455194,-0.05778754527941421,1.1532535902386967,-0.9167630547301057,2.1698771115828235,-1.1505541015749308,3.0,0.26623257679518353,1.4159910129545328,0.2598068126893333,-0.6201892226844657,0.33809616377248186,-0.32430988298461916,-0.6791456840737199,0.663576384699831,-0.8781534100649921,-0.7900965686462997,1.520930736527715,0.6683092141052549,0.0,0.0,0.0,1.0,0.2790603206301814,0.0,1.0,1.0,0.0,0.0,0.0,0.0,0.0,1.0,0.0,0.0,0.0,0.0,0.0,0.0,1.0,0.0,0.0,1.0,0.0,0.0,1.0
-0.42966440714069,0.0,0.6755907735537622,-0.7641208792270812,-0.8916882501868245,1.1697805251007627,-0.4375028351475091,0.3796721288811475,-0.9614863916702531,-0.6608531809232983,1.1716752475736656,0.1322385821163929,-1.1505541015749308,3.0,0.26623257679518353,0.24198831185855807,-0.5619597599912906,0.9316033855643254,1.754054456494842,-0.5247873968565242,-0.6791456840737199,-1.3424014908657829,-0.8781534100649921,-0.2877490927464089,1.026510528058953,0.517638806399078,0.0,0.0,1.0,0.0,-0.44456831003760994,0.0,1.0,0.0,0.0,0.0,0.0,0.0,1.0,1.0,0.0,0.0,0.0,0.0,0.0,0.0,0.0,0.0,1.0,1.0,0.0,0.0,0.0
-0.5391662584750891,1.0,-1.06225989001738,1.950552221311621,1.0617867539482457,-1.5756862740979403,1.038692652993666,0.3796721288811475,-0.9614863916702531,1.1532535902386967,0.5204085522253697,-0.6828168296701794,2.4026276827005915,4.0,0.26623257679518353,-0.9320143892374165,-1.3837263326719145,-0.6201892226844657,-2.4938204216722384,-1.1262199384722393,-0.6791456840737199,-0.39651297592532453,-0.8781534100649921,-0.2877490927464089,-0.9511703058160944,-1.742399228925451,0.0,0.0,1.0,0.0,-0.7312773727855707,0.0,1.0,1.0,0.0,0.0,0.0,0.0,1.0,0.0,1.0,0.0,0.0,0.0,0.0,0.0,0.0,1.0,1.0,1.0,0.0,0.0,0.0
-0.8676718124782865,0.0,0.7028608980891153,-0.270543951856408,-1.8684257522543597,-1.5756862740979403,-0.19147025379064658,-1.0261667362455194,-0.9614863916702531,1.1532535902386967,-1.1607421188485005,1.3548216997962514,-0.3305890744344257,3.0,0.26623257679518353,2.5899937140505074,-0.42499866454451996,1.707499689688721,0.33809616377248186,-0.5247873968565242,-0.6791456840737199,-0.6323565202321422,-0.8781534100649921,-0.48310644448525547,0.037670111121429345,0.517638806399078,0.0,0.0,1.0,0.0,-0.6015054310111824,0.0,1.0,0.0,0.0,1.0,0.0,0.0,0.0,0.0,1.0,0.0,0.0,0.0,0.0,0.0,0.0,0.0,0.0,0.0,0.0,0.0,0.0
0.7748559575377005,0.0,-0.35075754986771124,-0.02375548817107146,-0.8916882501868245,-0.6605306743650393,-0.2406767700620191,0.3796721288811475,-0.9614863916702531,-1.5679065665042957,-0.9563955985557896,-0.6828168296701794,-0.6039107501479274,3.0,1.1914379855160337,-0.9320143892374165,-0.42499866454451996,-2.171981830933257,0.33809616377248186,0.27712265863109603,1.4938670923934996,-0.6101295192607474,2.010349050239085,1.079752369425516,-0.4567500973473325,0.8943151081711811,0.0,0.0,0.0,1.0,-0.639133084941938,0.0,1.0,1.0,0.0,0.0,0.0,0.0,1.0,0.0,0.0,0.0,0.0,0.0,1.0,0.0,1.0,0.0,1.0,1.0,0.0,0.0,0.0
-0.9771736638126857,0.0,0.0458988070101529,-0.5173324155417446,1.0617867539482457,-1.5756862740979403,1.5799643319787637,0.3796721288811475,-0.05778754527941421,1.1532535902386967,1.396821826328083,-0.6828168296701794,-0.3305890744344257,3.0,-0.6589728319256667,-0.9320143892374165,-0.9728430463316026,0.1557070814399298,0.33809616377248186,-0.5247873968565242,-0.6791456840737199,-0.845297969345308,-0.8781534100649921,0.767180606643362,-0.4567500973473325,-0.23570720537576498,1.0,0.0,0.0,0.0,-0.29011486259082,0.0,1.0,0.0,0.0,1.0,0.0,0.0,1.0,0.0,0.0,0.0,0.0,0.0,0.0,0.0,0.0,1.0,0.0,0.0,0.0,1.0,0.0
2.3078818762192883,1.0,-0.05326528220931313,-0.8875151110697495,-1.8684257522543597,1.1697805251007627,-0.4375028351475091,-1.0261667362455194,-0.9614863916702531,1.1532535902386967,-0.13057706125182192,2.373640964529467,-0.3305890744344257,3.0,1.1914379855160337,0.24198831185855807,-1.1098041417783733,0.1557070814399298,-1.0778621289498782,-1.1262199384722393,-0.6791456840737199,-0.7686615344322801,-0.8781534100649921,-1.1668571755712178,1.520930736527715,-1.742399228925451,0.0,0.0,0.0,1.0,-0.30543084933931236,1.0,0.0,1.0,0.0,0.0,0.0,0.0,1.0,0.0,1.0,0.0,0.0,0.0,0.0,0.0,0.0,0.0,1.0,0.0,1.0,0.0,0.0
0.6653541062033014,0.0,-1.5506430294232503,-0.14714972001373974,0.08504925188071055,-1.5756862740979403,-0.5359158676902541,0.3796721288811475,-0.05778754527941421,-0.6608531809232983,1.335264896556276,0.5397662880096791,1.5826626555600865,4.0,0.26623257679518353,0.24198831185855807,-0.9728430463316026,-0.6201892226844657,1.754054456494842,-1.1262199384722393,-0.6791456840737199,-1.0068028255444283,-0.8781534100649921,-1.3426787921361796,-0.4567500973473325,-1.742399228925451,0.0,0.0,0.0,1.0,-0.4692843111756613,0.0,1.0,1.0,0.0,0.0,0.0,0.0,0.0,0.0,0.0,0.0,1.0,0.0,0.0,0.0,0.0,0.0,0.0,1.0,0.0,1.0,0.0
-1.8531884744878788,1.0,-0.749893008976062,-0.8875151110697495,0.08504925188071055,0.2546249253678617,-0.8311549653184892,-1.0261667362455194,-0.9614863916702531,0.24620020465769926,1.0876317681135272,-0.6828168296701794,-0.6039107501479274,3.0,1.1914379855160337,-0.9320143892374165,-1.2467652372251439,0.1557070814399298,-1.0778621289498782,-0.9257424246003343,-0.6791456840737199,-0.6433717667742619,-0.8781534100649921,0.2983229624701303,0.5320903195901912,1.2709772847514702,1.0,0.0,0.0,0.0,-0.3749737080892238,0.0,1.0,0.0,0.0,1.0,0.0,0.0,0.0,0.0,0.0,0.0,0.0,0.0,0.0,1.0,0.0,1.0,0.0,0.0,0.0,0.0,0.0
-1.7436866231534796,1.0,1.5482347586850633,1.0867925984129432,-1.8684257522543597,1.1697805251007627,-0.043850704976529056,0.3796721288811475,-0.9614863916702531,1.1532535902386967,-0.7649788443338692,-0.6828168296701794,1.036019304133083,3.0,-1.584178240646517,-0.9320143892374165,-1.3837263326719145,0.1557070814399298,-1.0778621289498782,-1.1262199384722393,-0.6791456840737199,-0.49006983513834745,-0.8781534100649921,-0.2877490927464089,0.037670111121429345,-1.742399228925451,0.0,0.0,0.0,0.0,-0.7100190881912016,0.0,1.0,0.0,0.0,0.0,1.0,0.0,0.0,0.0,0.0,0.0,0.0,0.0,1.0,0.0,0.0,1.0,0.0,0.0,0.0,0.0,0.0
-0.10115885313749257,0.0,1.54327655422409,0.59321567104227,-1.8684257522543597,0.2546249253678617,0.10376884383758846,0.3796721288811475,-0.05778754527941421,1.1532535902386967,-1.3340290923842038,-1.0903445355634656,0.4893759527060795,3.0,-1.584178240646517,0.24198831185855807,0.8076511944764159,-0.6201892226844657,-1.0778621289498782,1.8809427696063366,0.5625759024789769,-0.36350700472295666,-0.004320732998212578,1.079752369425516,-0.4567500973473325,-0.23570438032998667,0.0,0.0,0.0,1.0,-0.5254015346946871,0.0,1.0,1.0,0.0,0.0,0.0,0.0,1.0,0.0,0.0,0.0,0.0,0.0,0.0,0.0,1.0,0.0,1.0,1.0,0.0,0.0,1.0
1.103361511540898,0.0,1.6151705189082028,-0.8875151110697495,1.0617867539482457,1.1697805251007627,-0.043850704976529056,-1.0261667362455194,-0.9614863916702531,1.1532535902386967,-0.1652906723331834,-0.6828168296701794,0.7626976284195812,3.0,-1.584178240646517,-0.9320143892374165,-1.1098041417783733,0.1557070814399298,-1.0778621289498782,-0.7252649107284292,-0.3687152874355457,0.7384404470879842,0.050293809318461155,0.5913589900784001,0.037670111121429345,0.2665217950441287,1.0,0.0,0.0,0.0,-0.1162577157160414,0.0,1.0,1.0,0.0,0.0,0.0,0.0,0.0,0.0,0.0,0.0,0.0,0.0,0.0,1.0,0.0,1.0,1.0,0.0,1.0,1.0,0.0
-1.6341847718190805,1.0,-0.45983804800912387,-0.7641208792270812,-1.8684257522543597,-0.6605306743650393,-1.5692527093890767,0.3796721288811475,-0.05778754527941421,0.24620020465769926,-0.6030756865778838,-1.0903445355634656,1.036019304133083,3.0,-1.584178240646517,0.24198831185855807,-0.9728430463316026,0.1557070814399298,1.754054456494842,-0.7252649107284292,-0.6791456840737199,-1.2431697330706408,-0.8781534100649921,0.0638941403835146,-0.4567500973473325,0.2665217950441287,0.0,0.0,0.0,0.0,-0.1505634563047254,0.0,1.0,1.0,0.0,0.0,0.0,0.0,0.0,0.0,0.0,0.0,1.0,0.0,0.0,0.0,1.0,0.0,1.0,0.0,0.0,1.0,0.0
0.4463504035345031,1.0,0.7003817958586287,-0.8875151110697495,1.0617867539482457,-0.6605306743650393,-0.4375028351475091,-2.432005601372186,-0.9614863916702531,1.1532535902386967,0.47951113997971717,0.5397662880096791,-0.6039107501479274,3.0,0.26623257679518353,0.24198831185855807,-0.15107647365097865,-1.3960855268088614,-1.0778621289498782,0.07664514475919097,-0.3687152874355457,-0.41175761567139263,-0.4139298003732655,0.1917644069762141,0.037670111121429345,1.2709880467950734,0.0,0.0,0.0,1.0,-0.2230556773676911,0.0,1.0,1.0,0.0,0.0,0.0,0.0,0.0,0.0,1.0,0.0,0.0,0.0,0.0,0.0,0.0,0.0,1.0,1.0,0.0,0.0,0.0
-0.9771736638126857,0.0,0.47726259511483016,-0.02375548817107146,0.08504925188071055,0.2546249253678617,0.5466274902799411,0.3796721288811475,-0.9614863916702531,0.24620020465769926,-0.6294973824616731,0.9472939939029652,0.7626976284195812,3.0,-0.6589728319256667,0.24198831185855807,-0.6989208554380613,-0.6201892226844657,0.33809616377248186,-0.9257424246003343,-0.058284890797371494,-0.7731956573971419,1.5977058416242167,-1.0412703065962452,0.037670111121429345,1.2709772847514702,0.0,0.0,1.0,0.0,-0.6504337994887986,0.0,1.0,0.0,0.0,1.0,0.0,0.0,0.0,0.0,0.0,0.0,0.0,0.0,1.0,0.0,0.0,0.0,0.0,0.0,0.0,0.0,0.0
0.22734670086570485,1.0,0.7921085783866348,-0.3939381836990763,0.08504925188071055,1.1697805251007627,0.20218187638033347,0.3796721288811475,-0.9614863916702531,-1.5679065665042957,-1.4068292970001763,1.7623494056895375,1.5826626555600865,4.0,1.1914379855160337,-0.9320143892374165,-0.42499866454451996,-0.6201892226844657,-2.4938204216722384,-0.9257424246003343,-0.058284890797371494,-0.7471396900848897,1.5977058416242167,-1.264535851440641,-0.4567500973473325,1.2709772847514702,0.0,0.0,0.0,1.0,-0.5847849860183784,0.0,1.0,0.0,0.0,1.0,0.0,0.0,1.0,0.0,1.0,0.0,0.0,0.0,0.0,0.0,1.0,0.0,1.0,1.0,0.0,0.0,0.0
-1.0866755151470848,0.0,-0.4573589457786372,-0.6407266473844129,0.08504925188071055,-0.6605306743650393,0.4974209740085685,0.3796721288811475,-0.9614863916702531,0.24620020465769926,0.491176037630539,-0.6828168296701794,1.036019304133083,3.0,0.26623257679518353,-0.9320143892374165,-1.3837263326719145,-0.6201892226844657,0.33809616377248186,-1.1262199384722393,-0.6791456840737199,-0.8260577571226763,-0.8781534100649921,-0.2877490927464089,0.037670111121429345,1.270962218019569,0.0,0.0,1.0,0.0,-0.5101683370637541,0.0,1.0,1.0,0.0,0.0,0.0,0.0,0.0,0.0,0.0,0.0,0.0,0.0,1.0,0.0,0.0,1.0,0.0,0.0,0.0,0.0,0.0
-0.3201625558062908,0.0,-0.6358543063736761,0.09963874367159682,0.08504925188071055,-0.6605306743650393,0.841866587908176,0.3796721288811475,-0.9614863916702531,-0.6608531809232983,-1.042406651113657,-0.6828168296701794,-0.3305890744344257,3.0,-0.6589728319256667,1.4159910129545328,-1.3837263326719145,0.1557070814399298,0.33809616377248186,-1.1262199384722393,-0.3687152874355457,-1.102250121816828,0.9787410287019146,-0.2877490927464089,-0.9511703058160944,-1.742399228925451,0.0,0.0,1.0,0.0,-0.6846802705955936,0.0,1.0,1.0,0.0,0.0,0.0,0.0,1.0,0.0,1.0,0.0,0.0,0.0,0.0,0.0,0.0,0.0,0.0,1.0,0.0,0.0,0.0
0.5558522548689022,0.0,-0.8440988937345547,0.59321567104227,-0.8916882501868245,0.2546249253678617,0.10376884383758846,-1.0261667362455194,-0.05778754527941421,0.24620020465769926,-0.9119846629213353,1.7623494056895375,0.4893759527060795,3.0,-1.584178240646517,-0.9320143892374165,-0.15107647365097865,2.4833959938131165,0.33809616377248186,-0.32430988298461916,-0.6791456840737199,-0.285197899854525,-0.8781534100649921,-0.44758692598728334,-0.4567500973473325,0.6683092141052549,1.0,0.0,0.0,0.0,-0.5395584737973476,0.0,1.0,0.0,0.0,1.0,0.0,0.0,0.0,0.0,0.0,0.0,0.0,0.0,0.0,0.0,0.0,1.0,0.0,1.0,0.0,0.0,1.0
-0.42966440714069,0.0,0.9805203479036203,-1.0109093429124179,1.0617867539482457,0.2546249253678617,1.6783773645215088,-1.0261667362455194,-0.9614863916702531,-1.5679065665042957,-1.5423107588723726,0.1322385821163929,-1.1505541015749308,3.0,-0.6589728319256667,-0.9320143892374165,-0.6989208554380613,-1.3960855268088614,0.33809616377248186,-0.7252649107284292,-0.6791456840737199,-0.39509724919077716,-0.8781534100649921,-0.5389228306963544,-0.9511703058160944,0.2665217950441287,0.0,0.0,1.0,0.0,0.0709491763651934,0.0,1.0,0.0,0.0,0.0,1.0,0.0,1.0,0.0,0.0,0.0,0.0,0.0,1.0,0.0,0.0,1.0,1.0,1.0,0.0,0.0,0.0
2.3078818762192883,0.0,1.1639739129596325,-0.5173324155417446,0.08504925188071055,0.2546249253678617,-1.4216331605749593,-1.0261667362455194,0.8459113011114247,-0.6608531809232983,-0.710870584146322,-0.27528912377689324,-0.6039107501479274,3.0,1.1914379855160337,0.24198831185855807,1.7663788626038104,0.1557070814399298,0.33809616377248186,-0.12383236911271409,-0.6791456840737199,1.1656877473927436,-0.8781534100649921,-1.2020214988842104,0.5320903195901912,-1.742399228925451,0.0,0.0,0.0,1.0,0.2939623617908767,0.0,1.0,0.0,0.0,0.0,0.0,1.0,0.0,0.0,0.0,0.0,0.0,0.0,0.0,0.0,0.0,0.0,1.0,0.0,1.0,0.0,0.0
-0.6486681098094882,0.0,-1.6076623807244432,-0.270543951856408,1.0617867539482457,-0.6605306743650393,-1.2248070954894692,-1.0261667362455194,-0.9614863916702531,0.24620020465769926,-0.3620479821060824,0.1322385821163929,-0.057267398720923963,3.0,-0.6589728319256667,-0.9320143892374165,0.2598068126893333,-0.6201892226844657,1.754054456494842,0.07664514475919097,0.8730062991171511,-0.32831858201366976,1.4429646383936412,-0.2877490927464089,0.037670111121429345,1.2709880467950734,1.0,0.0,1.0,0.0,-0.6172612349467091,0.0,1.0,1.0,0.0,0.0,0.0,0.0,1.0,0.0,0.0,0.0,0.0,0.0,0.0,1.0,1.0,0.0,0.0,1.0,0.0,0.0,0.0
-0.2106607044718917,0.0,0.8292951118439346,1.456975293940948,-1.8684257522543597,1.1697805251007627,-0.7327419327757442,0.3796721288811475,-0.05778754527941421,1.1532535902386967,0.6825927918524594,-0.6828168296701794,2.675949358414093,4.0,1.1914379855160337,0.24198831185855807,-0.15107647365097865,-0.6201892226844657,-2.4938204216722384,0.6780776863749062,-0.6791456840737199,-1.3552086946981408,-0.8781534100649921,1.1507914064214602,1.026510528058953,0.0656339113771025,0.0,0.0,0.0,0.0,-0.6847367177212021,0.0,1.0,1.0,0.0,0.0,0.0,0.0,0.0,0.0,0.0,0.0,0.0,0.0,0.0,0.0,1.0,0.0,1.0,1.0,0.0,1.0,0.0
1.3223652142096962,0.0,-0.6829572487529224,-0.14714972001373974,-0.8916882501868245,-1.5756862740979403,-0.7327419327757442,0.3796721288811475,0.8459113011114247,-0.6608531809232983,1.1473616657231573,0.5397662880096791,-1.1505541015749308,3.0,0.26623257679518353,0.24198831185855807,2.3827037921142784,0.1557070814399298,-1.0778621289498782,2.2818977973501466,-0.3687152874355457,3.7356811387735918,-0.7406056738600361,1.0016094287299777,-1.4455905142848562,-0.6993025445381986,0.0,0.0,0.0,1.0,-0.28728623440753986,0.0,1.0,0.0,0.0,0.0,1.0,0.0,0.0,0.0,1.0,0.0,0.0,0.0,0.0,0.0,1.0,0.0,0.0,0.0,1.0,0.0,1.0
1.2128633628752972,0.0,1.6523570523655027,1.3335810620982798,1.0617867539482457,1.1697805251007627,-0.7327419327757442,0.3796721288811475,-0.9614863916702531,0.24620020465769926,-1.2325585369156087,0.5397662880096791,0.4893759527060795,3.0,-1.584178240646517,1.4159910129545328,0.2598068126893333,-0.6201892226844657,-1.0778621289498782,-1.3266974523441444,-0.6791456840737199,-0.8789198568482105,-0.8781534100649921,-2.045965258396027,-0.4567500973473325,-1.742399228925451,0.0,0.0,0.0,1.0,-0.7312330214725924,0.0,1.0,0.0,0.0,1.0,0.0,0.0,1.0,0.0,0.0,0.0,0.0,0.0,1.0,0.0,1.0,0.0,0.0,0.0,1.0,0.0,0.0
-0.6486681098094882,0.0,0.9557293255987538,1.3335810620982798,-0.8916882501868245,1.1697805251007627,-1.0279810304039791,0.3796721288811475,-0.05778754527941421,0.24620020465769926,1.4184651304031017,-0.6828168296701794,-0.6039107501479274,3.0,1.1914379855160337,0.24198831185855807,-0.2880375690977493,-0.6201892226844657,-1.0778621289498782,0.4776001725030011,-0.6791456840737199,0.0032368664700694674,-0.8781534100649921,1.1188238397732855,1.026510528058953,0.9361680887192979,1.0,0.0,0.0,0.0,-0.5930638977743202,0.0,0.0,0.0,1.0,0.0,0.0,0.0,0.0,0.0,0.0,0.0,0.0,0.0,0.0,0.0,1.0,0.0,0.0,1.0,0.0,0.0,1.0
-0.10115885313749257,0.0,-1.523372904887897,-0.270543951856408,1.0617867539482457,-0.6605306743650393,-0.043850704976529056,0.3796721288811475,-0.9614863916702531,1.1532535902386967,1.262043069133647,-0.27528912377689324,0.7626976284195812,3.0,0.26623257679518353,-0.9320143892374165,-0.42499866454451996,2.4833959938131165,0.33809616377248186,-0.12383236911271409,-0.6791456840737199,1.2884262318986996,-0.8781534100649921,0.2983229624701303,0.5320903195901912,-0.7379370428425979,0.0,0.0,0.0,0.0,-0.43494407512132754,0.0,1.0,0.0,0.0,0.0,1.0,0.0,1.0,0.0,0.0,0.0,0.0,0.0,1.0,0.0,0.0,1.0,0.0,1.0,0.0,1.0,0.0
0.11784484953130571,0.0,1.3151991490193182,-1.0109093429124179,0.08504925188071055,1.1697805251007627,0.6942470390940585,0.3796721288811475,0.8459113011114247,-1.5679065665042957,0.27811597933359977,-0.6828168296701794,-0.6039107501479274,3.0,-0.6589728319256667,0.24198831185855807,0.5337290035828746,0.1557070814399298,0.33809616377248186,1.6804652557344315,0.8730062991171511,-0.4438587651807425,0.28240561416432447,1.2506900521970068,-0.4567500973473325,0.6683124283810359,0.0,0.0,0.0,1.0,3.418630631277225,0.0,1.0,0.0,0.0,0.0,0.0,1.0,0.0,0.0,0.0,0.0,0.0,1.0,0.0,0.0,1.0,0.0,0.0,1.0,0.0,0.0,0.0
-0.5391662584750891,0.0,0.9458129166768071,-1.0109093429124179,0.08504925188071055,0.2546249253678617,0.20218187638033347,-1.0261667362455194,-0.9614863916702531,-0.6608531809232983,-1.4530672647968075,1.3548216997962514,1.3093409798465847,4.0,0.26623257679518353,-0.9320143892374165,-0.8358819508848319,0.1557070814399298,0.33809616377248186,-0.7252649107284292,-0.6791456840737199,-0.8117052231270604,-0.8781534100649921,-0.2877490927464089,0.037670111121429345,-1.742399228925451,0.0,0.0,1.0,0.0,-0.07403526576073803,0.0,0.0,1.0,0.0,0.0,0.0,0.0,0.0,0.0,1.0,0.0,0.0,0.0,0.0,0.0,1.0,0.0,0.0,1.0,0.0,0.0,0.0
-1.3056792178158831,1.0,0.15993750961253883,1.2101868302556114,-0.8916882501868245,0.2546249253678617,-1.4708396768463317,-1.0261667362455194,-0.9614863916702531,-0.6608531809232983,0.6303115638270891,-0.6828168296701794,0.7626976284195812,3.0,0.26623257679518353,2.5899937140505074,-1.3837263326719145,-0.6201892226844657,0.33809616377248186,-1.1262199384722393,-0.6791456840737199,-0.23546080124212673,-0.8781534100649921,-0.2877490927464089,0.037670111121429345,-1.742399228925451,1.0,0.0,1.0,0.0,-0.723112296066273,0.0,1.0,0.0,1.0,0.0,0.0,0.0,1.0,0.0,0.0,0.0,0.0,0.0,0.0,1.0,1.0,0.0,1.0,0.0,0.0,0.0,0.0
0.33684855220010396,0.0,-0.3581948565591712,0.09963874367159682,1.0617867539482457,-1.5756862740979403,0.05456232756621595,-1.0261667362455194,0.8459113011114247,-0.6608531809232983,0.8908744583406282,-0.27528912377689324,-0.8772324258614291,3.0,-0.6589728319256667,0.24198831185855807,-0.014115378204207997,-0.6201892226844657,-1.0778621289498782,-1.1262199384722393,-0.6791456840737199,1.1657798999266125,-0.8781534100649921,-1.7529292307877573,-1.940010722753618,-1.742399228925451,1.0,0.0,0.0,1.0,-0.2502067447854731,0.0,1.0,0.0,1.0,0.0,0.0,0.0,1.0,0.0,0.0,0.0,0.0,0.0,0.0,0.0,0.0,0.0,0.0,1.0,0.0,0.0,0.0
-1.1961773664814839,0.0,1.1912440374949855,-1.0109093429124179,0.08504925188071055,0.2546249253678617,-0.6835354165043717,-1.0261667362455194,-0.05778754527941421,-1.5679065665042957,-0.4448265931462521,-0.6828168296701794,-0.8772324258614291,3.0,-0.6589728319256667,-0.9320143892374165,-0.5619597599912906,-0.6201892226844657,0.33809616377248186,0.07664514475919097,-0.6791456840737199,-1.1027092288268503,-0.8781534100649921,1.0309130314908046,-0.9511703058160944,1.2709880467950734,1.0,0.0,0.0,0.0,0.5350856666826826,1.0,0.0,0.0,0.0,1.0,0.0,0.0,1.0,0.0,0.0,0.0,0.0,0.0,0.0,0.0,0.0,1.0,0.0,0.0,0.0,1.0,0.0
0.4463504035345031,0.0,-1.3374402376013983,-0.3939381836990763,0.08504925188071055,1.1697805251007627,-0.3390898026047641,0.3796721288811475,-0.9614863916702531,-1.5679065665042957,-1.573229764693828,-0.27528912377689324,-0.6039107501479274,3.0,0.26623257679518353,-0.9320143892374165,1.2185344808167278,0.1557070814399298,0.33809616377248186,2.2818977973501466,-0.058284890797371494,1.3306150329527382,-0.4872282650614329,0.9681195970033181,0.037670111121429345,0.43393792573576107,0.0,0.0,0.0,0.0,-0.3792610016771223,0.0,1.0,0.0,0.0,1.0,0.0,0.0,1.0,0.0,1.0,0.0,0.0,0.0,0.0,0.0,0.0,1.0,1.0,1.0,0.0,1.0,0.0
-0.10115885313749257,0.0,0.33595376797709103,-0.8875151110697495,1.0617867539482457,0.2546249253678617,0.645040522822686,0.3796721288811475,-0.9614863916702531,0.24620020465769926,-0.28475046755244354,0.5397662880096791,1.5826626555600865,4.0,0.26623257679518353,-0.9320143892374165,0.6706900990296453,2.4833959938131165,0.33809616377248186,0.8785552002468112,0.2521455058408027,-0.6440141859203119,0.050293809318461155,0.22937330891524355,0.5320903195901912,0.4491562918855226,0.0,0.0,0.0,0.0,-0.27666163098741453,0.0,1.0,0.0,0.0,1.0,0.0,0.0,1.0,0.0,1.0,0.0,0.0,0.0,0.0,0.0,0.0,1.0,0.0,1.0,0.0,0.0,0.0
-1.9626903258222779,1.0,-0.9507002896454807,1.456975293940948,0.08504925188071055,1.1697805251007627,-1.4216331605749593,-1.0261667362455194,-0.9614863916702531,-0.6608531809232983,-0.6136162567442891,-0.6828168296701794,-0.6039107501479274,3.0,-0.6589728319256667,-0.9320143892374165,-1.3837263326719145,0.1557070814399298,1.754054456494842,-1.1262199384722393,-0.6791456840737199,-0.5582521344003475,-0.8781534100649921,-0.2877490927464089,0.5320903195901912,-1.742399228925451,1.0,0.0,0.0,0.0,-0.7381639221098314,0.0,1.0,0.0,0.0,0.0,1.0,0.0,1.0,0.0,0.0,0.0,0.0,0.0,0.0,1.0,0.0,1.0,1.0,0.0,0.0,0.0,0.0
-1.8531884744878788,1.0,-1.6696399364866095,-0.6407266473844129,0.08504925188071055,-1.5756862740979403,0.8910731041795485,0.3796721288811475,-0.9614863916702531,-1.5679065665042957,-0.18342045301940052,-0.6828168296701794,1.036019304133083,3.0,-0.6589728319256667,-0.9320143892374165,-1.3837263326719145,-0.6201892226844657,0.33809616377248186,-1.1262199384722393,-0.6791456840737199,-0.23689263034884736,-0.8781534100649921,-0.2877490927464089,-1.940010722753618,-1.742399228925451,0.0,0.0,0.0,0.0,-0.4288280290616255,0.0,1.0,0.0,0.0,0.0,0.0,1.0,1.0,0.0,1.0,0.0,0.0,0.0,0.0,0.0,0.0,1.0,0.0,0.0,0.0,1.0,0.0
-0.6486681098094882,0.0,-0.4623171502396105,0.3464272073569334,0.08504925188071055,1.1697805251007627,-1.2248070954894692,0.3796721288811475,-0.05778754527941421,1.1532535902386967,0.42947856692318,-1.0903445355634656,-1.1505541015749308,3.0,0.26623257679518353,1.4159910129545328,-0.15107647365097865,-0.6201892226844657,-2.4938204216722384,0.4776001725030011,1.8042974890316739,-0.6453631226746905,2.092877691962059,0.8311157399397118,0.5320903195901912,0.6013471740137043,0.0,0.0,0.0,0.0,-0.5183740122926241,0.0,1.0,0.0,0.0,1.0,0.0,0.0,0.0,0.0,0.0,0.0,0.0,0.0,0.0,0.0,1.0,0.0,1.0,1.0,0.0,0.0,1.0
0.33684855220010396,0.0,1.6523570523655027,-0.02375548817107146,1.0617867539482457,1.1697805251007627,-1.5200461931177043,0.3796721288811475,-0.9614863916702531,-0.6608531809232983,1.5108005250608123,2.1698771115828235,-0.3305890744344257,3.0,1.1914379855160337,0.24198831185855807,-1.1098041417783733,-0.6201892226844657,0.33809616377248186,-1.1262199384722393,-0.6791456840737199,0.3378044046310383,-0.8781534100649921,-1.1668571755712178,1.026510528058953,1.270962218019569,0.0,0.0,0.0,1.0,-0.5734399201585395,1.0,0.0,0.0,0.0,1.0,0.0,0.0,1.0,0.0,0.0,0.0,0.0,0.0,1.0,0.0,0.0,0.0,1.0,1.0,0.0,1.0,0.0
-0.5391662584750891,0.0,-0.7548512134370353,-0.7641208792270812,1.0617867539482457,0.2546249253678617,1.333931750621901,0.3796721288811475,-0.05778754527941421,-1.5679065665042957,-0.10668510220796991,-0.6828168296701794,-0.8772324258614291,3.0,0.26623257679518353,0.24198831185855807,-0.42499866454451996,-0.6201892226844657,1.754054456494842,0.27712265863109603,1.1834366957553253,-0.22687161552527582,1.5977058416242167,1.079752369425516,0.037670111121429345,0.8943151081711811,0.0,0.0,0.0,0.0,0.24589293040793936,0.0,1.0,0.0,0.0,1.0,0.0,0.0,0.0,0.0,0.0,0.0,1.0,0.0,0.0,0.0,1.0,0.0,0.0,1.0,0.0,0.0,1.0
-0.10115885313749257,1.0,-0.6755199420614625,-0.7641208792270812,-1.8684257522543597,0.2546249253678617,-0.7327419327757442,-1.0261667362455194,0.8459113011114247,1.1532535902386967,-1.2360720603044104,-0.6828168296701794,-1.1505541015749308,3.0,-1.584178240646517,0.24198831185855807,0.6706900990296453,2.4833959938131165,0.33809616377248186,1.8809427696063366,0.2521455058408027,1.4257065788819163,-0.22277890226490743,1.2636181122385481,0.037670111121429345,-0.4240412364044197,1.0,0.0,0.0,1.0,0.8047194739340134,0.0,1.0,1.0,0.0,0.0,0.0,0.0,1.0,0.0,0.0,0.0,0.0,0.0,0.0,0.0,1.0,0.0,1.0,1.0,0.0,0.0,0.0
-0.42966440714069,0.0,0.6607161601708423,-1.0109093429124179,0.08504925188071055,-0.6605306743650393,-1.1756005792180968,-1.0261667362455194,-0.05778754527941421,1.1532535902386967,-0.28418830381023524,-1.0903445355634656,-0.3305890744344257,3.0,-1.584178240646517,-0.9320143892374165,-0.6989208554380613,0.1557070814399298,0.33809616377248186,-0.32430988298461916,-0.3687152874355457,-0.22354288595896274,-0.25918859714269,0.4657721211034274,-0.4567500973473325,-1.742399228925451,0.0,0.0,0.0,0.0,1.359354818383642,0.0,1.0,1.0,0.0,0.0,0.0,0.0,0.0,0.0,0.0,0.0,0.0,0.0,0.0,0.0,0.0,1.0,0.0,1.0,0.0,0.0,1.0
0.008342998196906572,1.0,-0.4400052301652307,-1.0109093429124179,1.0617867539482457,-1.5756862740979403,-0.9787745141326066,-1.0261667362455194,0.8459113011114247,0.24620020465769926,0.08557489762726286,0.9472939939029652,-1.1505541015749308,3.0,0.26623257679518353,-0.9320143892374165,0.8076511944764159,-0.6201892226844657,-2.4938204216722384,1.4799877418625262,2.7355886789461965,1.5447697673066034,1.8452917667931374,0.6890376659478233,-1.4455905142848562,-1.5271571269155604,1.0,0.0,0.0,1.0,2.495635456886659,0.0,1.0,1.0,0.0,0.0,0.0,0.0,1.0,0.0,0.0,0.0,0.0,0.0,0.0,0.0,1.0,0.0,0.0,1.0,0.0,0.0,0.0
0.8843578088720997,0.0,0.006233171322366485,-0.6407266473844129,-0.8916882501868245,0.2546249253678617,-0.4375028351475091,0.3796721288811475,-0.05778754527941421,-0.6608531809232983,1.2437727475118778,-0.6828168296701794,-0.8772324258614291,3.0,-0.6589728319256667,-0.9320143892374165,-0.2880375690977493,1.707499689688721,-1.0778621289498782,0.4776001725030011,-0.6791456840737199,1.0849073099866997,-0.8781534100649921,1.1188238397732855,-0.9511703058160944,0.6013471740137043,0.0,0.0,0.0,1.0,-0.24578129013775146,0.0,0.0,1.0,0.0,0.0,0.0,0.0,1.0,0.0,1.0,0.0,0.0,0.0,0.0,0.0,1.0,0.0,0.0,1.0,0.0,1.0,0.0
-0.8676718124782865,0.0,1.4912154073838704,1.3335810620982798,0.08504925188071055,0.2546249253678617,0.8910731041795485,0.3796721288811475,-0.9614863916702531,1.1532535902386967,0.546689707173607,-0.6828168296701794,-0.057267398720923963,3.0,-0.6589728319256667,0.24198831185855807,-1.1098041417783733,1.707499689688721,0.33809616377248186,-0.7252649107284292,-0.6791456840737199,-0.5184559426411149,-0.8781534100649921,0.5913589900784001,0.5320903195901912,-0.7379387169406612,1.0,0.0,1.0,0.0,-0.734248910755114,1.0,0.0,0.0,0.0,0.0,0.0,1.0,0.0,0.0,0.0,0.0,0.0,0.0,0.0,1.0,1.0,0.0,0.0,0.0,0.0,0.0,0.0
-0.2106607044718917,0.0,1.0325814947438399,1.0867925984129432,0.08504925188071055,0.2546249253678617,0.9894861367222936,0.3796721288811475,-0.05778754527941421,0.24620020465769926,-1.1431745019044917,-0.6828168296701794,0.21605427699257776,3.0,-0.6589728319256667,-0.9320143892374165,-0.8358819508848319,0.1557070814399298,0.33809616377248186,-0.32430988298461916,-0.3687152874355457,-0.9740035990860794,-0.25918859714269,0.8843950176866698,0.037670111121429345,-0.5370450074100981,1.0,0.0,0.0,0.0,-0.6476658107030292,0.0,1.0,0.0,0.0,1.0,0.0,0.0,0.0,0.0,0.0,0.0,0.0,0.0,0.0,0.0,1.0,0.0,0.0,1.0,0.0,1.0,0.0
1.6508707682128936,0.0,0.6210505244830559,-1.0109093429124179,-0.8916882501868245,1.1697805251007627,0.20218187638033347,0.3796721288811475,1.7496101475022634,1.1532535902386967,-0.06803634493115045,-0.27528912377689324,-0.057267398720923963,3.0,-0.6589728319256667,0.24198831185855807,2.040301053497352,-0.6201892226844657,-1.0778621289498782,0.4776001725030011,1.4938670923934996,-0.013968511425401271,1.721498804208677,-0.8738211479629483,0.5320903195901912,0.9361680887192979,0.0,0.0,0.0,1.0,4.510515605489004,0.0,1.0,1.0,0.0,0.0,0.0,0.0,1.0,0.0,0.0,1.0,0.0,0.0,0.0,0.0,1.0,0.0,0.0,0.0,1.0,0.0,0.0
2.3078818762192883,1.0,-1.2729835796087454,-0.8875151110697495,0.08504925188071055,1.1697805251007627,-0.7327419327757442,0.3796721288811475,-0.9614863916702531,0.24620020465769926,1.6743901740434226,0.5397662880096791,2.4026276827005915,4.0,-1.584178240646517,-0.9320143892374165,-0.5619597599912906,0.9316033855643254,0.33809616377248186,-1.1262199384722393,-0.6791456840737199,-0.6818069426174043,-0.8781534100649921,-1.6064112169836224,0.037670111121429345,-1.742399228925451,0.0,0.0,0.0,0.0,-0.28494054274335634,0.0,1.0,0.0,0.0,0.0,0.0,1.0,1.0,0.0,0.0,0.0,0.0,0.0,1.0,0.0,0.0,1.0,0.0,0.0,1.0,0.0,0.0
1.7603726195472926,0.0,1.4218005449302442,-0.8875151110697495,-0.8916882501868245,0.2546249253678617,-1.0279810304039791,0.3796721288811475,1.7496101475022634,0.24620020465769926,-0.05271738295597474,1.3548216997962514,-0.6039107501479274,3.0,0.26623257679518353,0.24198831185855807,1.4924566717102692,0.1557070814399298,1.754054456494842,2.081420283478242,3.977310265498893,-0.39360790519196914,2.216670654546519,0.5531368995207995,1.026510528058953,0.5619576830571515,1.0,0.0,0.0,1.0,2.275933836163353,0.0,1.0,0.0,0.0,1.0,0.0,0.0,1.0,0.0,0.0,1.0,0.0,0.0,0.0,0.0,0.0,0.0,0.0,0.0,1.0,0.0,0.0
-0.7581699611438873,0.0,-1.416771508976971,-0.14714972001373974,-0.8916882501868245,0.2546249253678617,-0.19147025379064658,0.3796721288811475,0.8459113011114247,0.24620020465769926,-0.6094000286777269,0.9472939939029652,-1.1505541015749308,3.0,-1.584178240646517,0.24198831185855807,-0.15107647365097865,-0.6201892226844657,1.754054456494842,0.27712265863109603,1.4938670923934996,0.14242341068484493,2.010349050239085,0.5114400734579629,0.037670111121429345,-0.23570532201308977,1.0,0.0,0.0,0.0,-0.2968759738581725,0.0,1.0,0.0,0.0,0.0,1.0,0.0,1.0,0.0,0.0,0.0,0.0,0.0,0.0,0.0,0.0,0.0,0.0,0.0,0.0,0.0,1.0
0.11784484953130571,0.0,-1.6126205851854165,0.09963874367159682,0.08504925188071055,0.2546249253678617,0.9402796204509211,0.3796721288811475,-0.05778754527941421,1.1532535902386967,0.785047133869919,-0.6828168296701794,-0.6039107501479274,3.0,-0.6589728319256667,-0.9320143892374165,-0.6989208554380613,-1.3960855268088614,0.33809616377248186,-0.32430988298461916,-0.3687152874355457,-0.5275166424935014,-0.25918859714269,0.4657721211034274,0.5320903195901912,0.06563210334757824,1.0,0.0,0.0,0.0,-0.47819668511898955,0.0,0.0,0.0,0.0,0.0,0.0,1.0,0.0,0.0,0.0,0.0,0.0,0.0,0.0,0.0,0.0,1.0,1.0,1.0,0.0,0.0,1.0
-0.2106607044718917,0.0,0.1971240430698386,-0.7641208792270812,1.0617867539482457,1.1697805251007627,1.2847252343505287,0.3796721288811475,0.8459113011114247,1.1532535902386967,-1.0542120897000309,1.3548216997962514,-0.6039107501479274,3.0,-0.6589728319256667,0.24198831185855807,0.12284571724256264,-0.6201892226844657,0.33809616377248186,0.6780776863749062,-0.6791456840737199,0.3767766583235785,-0.8781534100649921,0.6589826887572316,1.026510528058953,0.9696504815283791,1.0,0.0,0.0,0.0,0.41633502618339197,0.0,1.0,1.0,0.0,0.0,0.0,0.0,1.0,0.0,0.0,0.0,0.0,0.0,0.0,0.0,0.0,0.0,0.0,1.0,0.0,0.0,1.0
0.22734670086570485,0.0,0.24918518991005828,-0.8875151110697495,2.038524256015781,-1.5756862740979403,-1.2248070954894692,1.7855109940078144,0.8459113011114247,0.24620020465769926,-1.6517921476674355,-1.0903445355634656,0.7626976284195812,3.0,1.1914379855160337,-0.9320143892374165,-0.2880375690977493,0.1557070814399298,0.33809616377248186,0.27712265863109603,-0.6791456840737199,0.40067314332430826,-0.8781534100649921,0.767180606643362,0.037670111121429345,0.8943151081711811,1.0,0.0,0.0,0.0,0.8329195171026902,0.0,1.0,1.0,0.0,0.0,0.0,0.0,1.0,0.0,0.0,0.0,0.0,0.0,0.0,0.0,0.0,1.0,0.0,1.0,0.0,0.0,1.0
0.33684855220010396,1.0,1.677148074670369,1.827157989468953,0.08504925188071055,-0.6605306743650393,1.6783773645215088,1.7855109940078144,1.7496101475022634,-0.6608531809232983,0.3875973681286629,0.5397662880096791,0.21605427699257776,3.0,1.1914379855160337,-0.9320143892374165,1.4924566717102692,-0.6201892226844657,-1.0778621289498782,-1.1262199384722393,-0.6791456840737199,2.6284963239186343,-0.8781534100649921,-1.8930768961656255,-0.4567500973473325,-1.742399228925451,1.0,0.0,0.0,0.0,-0.47033021369416195,0.0,0.0,1.0,0.0,0.0,0.0,0.0,0.0,0.0,0.0,0.0,0.0,0.0,0.0,0.0,0.0,1.0,1.0,1.0,0.0,0.0,0.0
1.103361511540898,0.0,1.4292378516217041,0.8400041347276065,1.0617867539482457,0.2546249253678617,-0.09305722124790157,1.7855109940078144,-0.05778754527941421,0.24620020465769926,-1.0616607592842906,-0.6828168296701794,1.036019304133083,3.0,0.26623257679518353,-0.9320143892374165,1.2185344808167278,0.1557070814399298,1.754054456494842,2.2818977973501466,-0.058284890797371494,-0.8866297513475997,-0.5067745223116108,1.1355687556366152,1.026510528058953,-0.1564044949440007,0.0,0.0,0.0,1.0,-0.6129558964618638,1.0,0.0,0.0,0.0,1.0,0.0,0.0,1.0,0.0,0.0,0.0,1.0,0.0,0.0,0.0,0.0,0.0,1.0,0.0,1.0,0.0,1.0
-0.10115885313749257,0.0,1.0573725170487065,-0.14714972001373974,1.0617867539482457,-1.5756862740979403,0.8910731041795485,0.3796721288811475,-0.05778754527941421,1.1532535902386967,1.6357414167666031,0.5397662880096791,-0.6039107501479274,3.0,1.1914379855160337,1.4159910129545328,0.12284571724256264,0.1557070814399298,0.33809616377248186,0.07664514475919097,-0.6791456840737199,-0.7736085143431194,-0.8781534100649921,-0.15250169538874608,0.5320903195901912,1.2709880467950734,1.0,0.0,0.0,1.0,-0.44762115874761343,0.0,0.0,0.0,0.0,0.0,0.0,1.0,1.0,0.0,0.0,0.0,0.0,0.0,0.0,0.0,0.0,0.0,0.0,1.0,0.0,0.0,1.0
-0.6486681098094882,1.0,-1.1589448770063595,-0.02375548817107146,-0.8916882501868245,0.2546249253678617,-0.9787745141326066,-1.0261667362455194,-0.9614863916702531,-1.5679065665042957,-0.5609134059122626,-1.0903445355634656,1.855984331273588,4.0,-1.584178240646517,-0.9320143892374165,-0.9728430463316026,-2.171981830933257,0.33809616377248186,-0.7252649107284292,-0.3687152874355457,-0.8233698537468016,0.050293809318461155,0.0638941403835146,-1.4455905142848562,0.2665217950441287,0.0,0.0,1.0,0.0,-0.6539109424262942,0.0,0.0,0.0,0.0,1.0,0.0,0.0,1.0,0.0,0.0,0.0,0.0,0.0,1.0,0.0,0.0,1.0,1.0,1.0,0.0,0.0,0.0
-0.42966440714069,0.0,-0.19953231380802552,0.9633983665702748,0.08504925188071055,1.1697805251007627,-1.3724266443035866,0.3796721288811475,1.7496101475022634,0.24620020465769926,0.8679662858456406,-0.6828168296701794,-1.1505541015749308,3.0,1.1914379855160337,-0.9320143892374165,-0.15107647365097865,-0.6201892226844657,0.33809616377248186,0.6780776863749062,1.1834366957553253,0.044320581075473924,1.1475496140443604,1.1507914064214602,1.520930736527715,0.668311624811287,1.0,0.0,0.0,0.0,-0.1962871960234792,0.0,0.0,1.0,0.0,0.0,0.0,0.0,1.0,0.0,0.0,1.0,0.0,0.0,0.0,0.0,0.0,1.0,0.0,1.0,0.0,0.0,0.0
-0.8676718124782865,1.0,0.2566224966015182,0.09963874367159682,0.08504925188071055,1.1697805251007627,1.2847252343505287,-1.0261667362455194,-0.9614863916702531,-1.5679065665042957,-0.3983075434785167,1.3548216997962514,1.3093409798465847,4.0,0.26623257679518353,-0.9320143892374165,-1.1098041417783733,1.707499689688721,0.33809616377248186,-1.3266974523441444,-0.6791456840737199,-0.74900452701427,-0.8781534100649921,-2.045965258396027,0.037670111121429345,-1.742399228925451,0.0,0.0,1.0,0.0,-0.6623272088545505,0.0,1.0,1.0,0.0,0.0,0.0,0.0,0.0,0.0,0.0,0.0,0.0,0.0,1.0,0.0,0.0,1.0,1.0,0.0,0.0,0.0,0.0
-0.42966440714069,0.0,-0.8465779959650415,0.4698214391996017,-1.8684257522543597,-0.6605306743650393,-0.6343289002329991,0.3796721288811475,-0.9614863916702531,1.1532535902386967,0.4114893271725149,0.1322385821163929,0.7626976284195812,3.0,-1.584178240646517,-0.9320143892374165,-0.8358819508848319,0.9316033855643254,0.33809616377248186,-0.7252649107284292,-0.6791456840737199,0.18996971895793371,-0.8781534100649921,-0.2877490927464089,-0.4567500973473325,0.2665217950441287,0.0,0.0,1.0,0.0,-0.6449253664168987,0.0,1.0,1.0,0.0,0.0,0.0,0.0,0.0,0.0,0.0,0.0,0.0,0.0,1.0,0.0,0.0,1.0,0.0,1.0,0.0,1.0,0.0
0.8843578088720997,0.0,0.4252014482746105,-1.0109093429124179,1.0617867539482457,1.1697805251007627,1.235518718079156,0.3796721288811475,-0.9614863916702531,1.1532535902386967,-0.46492394693019823,0.1322385821163929,-0.3305890744344257,3.0,1.1914379855160337,1.4159910129545328,-0.42499866454451996,-0.6201892226844657,0.33809616377248186,-0.32430988298461916,-0.6791456840737199,-0.8673033210244852,-0.8781534100649921,-0.0923917410075624,2.015350944996477,0.06563210334757824,0.0,0.0,0.0,1.0,-0.0932837355933028,0.0,1.0,0.0,0.0,1.0,0.0,0.0,0.0,0.0,1.0,0.0,0.0,0.0,0.0,0.0,0.0,0.0,0.0,1.0,0.0,0.0,0.0
1.4318670655440953,0.0,0.8020249873085814,-1.0109093429124179,-0.8916882501868245,1.1697805251007627,0.005355811294843447,0.3796721288811475,1.7496101475022634,1.1532535902386967,-1.0818986540037887,2.373640964529467,1.855984331273588,4.0,0.26623257679518353,0.24198831185855807,2.3827037921142784,-1.3960855268088614,-1.0778621289498782,-0.32430988298461916,-0.3687152874355457,0.24721786254249167,-0.25918859714269,-1.5131724809264457,1.026510528058953,0.6683092141052549,0.0,0.0,0.0,1.0,4.60365336274335,0.0,1.0,0.0,0.0,1.0,0.0,0.0,1.0,0.0,0.0,0.0,0.0,1.0,0.0,0.0,0.0,0.0,0.0,0.0,1.0,0.0,0.0
-0.42966440714069,0.0,0.060773420393072805,-1.0109093429124179,1.0617867539482457,0.2546249253678617,0.8910731041795485,1.7855109940078144,-0.05778754527941421,-0.6608531809232983,0.8218688589845614,-0.6828168296701794,-0.6039107501479274,3.0,-1.584178240646517,0.24198831185855807,-0.6989208554380613,-0.6201892226844657,0.33809616377248186,-0.12383236911271409,-0.3687152874355457,-0.7868695457776814,-0.347612141845876,0.9681195970033181,-0.9511703058160944,0.7687562362816817,0.0,0.0,0.0,0.0,0.9057739405549785,1.0,0.0,0.0,0.0,0.0,1.0,0.0,0.0,0.0,0.0,0.0,0.0,0.0,0.0,0.0,1.0,0.0,1.0,1.0,0.0,0.0,1.0
0.4463504035345031,0.0,0.09300174938939927,-0.02375548817107146,0.08504925188071055,-1.5756862740979403,-0.09305722124790157,0.3796721288811475,2.6533089938931025,0.24620020465769926,-1.4866565483937524,-0.27528912377689324,0.4893759527060795,3.0,-0.6589728319256667,0.24198831185855807,1.3554955762634984,-0.6201892226844657,1.754054456494842,2.2818977973501466,-0.6791456840737199,0.6129435078138915,-0.8781534100649921,0.8311157399397118,-0.4567500973473325,0.9361695768114255,0.0,0.0,0.0,1.0,0.40773530659690743,1.0,0.0,0.0,0.0,1.0,0.0,0.0,1.0,0.0,0.0,0.0,0.0,1.0,0.0,0.0,0.0,0.0,0.0,1.0,0.0,0.0,0.0
-1.0866755151470848,0.0,0.8218578051524746,0.8400041347276065,1.0617867539482457,0.2546249253678617,-1.4216331605749593,0.3796721288811475,-0.9614863916702531,-0.6608531809232983,-0.3129991955984098,2.373640964529467,-0.3305890744344257,3.0,-0.6589728319256667,0.24198831185855807,-0.9728430463316026,-0.6201892226844657,0.33809616377248186,-0.9257424246003343,-0.058284890797371494,-0.3821650796937311,1.5977058416242167,-0.6393923258763324,-0.4567500973473325,1.2709772847514702,0.0,0.0,1.0,0.0,-0.6953554181739436,0.0,1.0,0.0,0.0,0.0,0.0,1.0,0.0,0.0,1.0,0.0,0.0,0.0,0.0,0.0,1.0,0.0,0.0,0.0,0.0,0.0,0.0
0.8843578088720997,0.0,-1.3746267710586981,1.7037637576262845,-0.8916882501868245,1.1697805251007627,-1.1756005792180968,0.3796721288811475,-0.05778754527941421,-1.5679065665042957,-0.0385227484652156,-0.6828168296701794,-0.057267398720923963,3.0,0.26623257679518353,0.24198831185855807,-0.2880375690977493,-0.6201892226844657,0.33809616377248186,0.4776001725030011,-0.6791456840737199,0.35495808920438254,-0.8781534100649921,1.1188238397732855,0.037670111121429345,0.9361680887192979,0.0,1.0,0.0,1.0,-0.7040345787886746,0.0,0.0,1.0,0.0,0.0,0.0,0.0,1.0,0.0,1.0,0.0,0.0,0.0,0.0,0.0,1.0,0.0,1.0,1.0,0.0,1.0,0.0
1.103361511540898,0.0,0.3780985058953641,-0.6407266473844129,-0.8916882501868245,1.1697805251007627,0.841866587908176,0.3796721288811475,-0.05778754527941421,1.1532535902386967,-0.8070005840639384,-0.6828168296701794,0.4893759527060795,3.0,0.26623257679518353,-0.9320143892374165,-0.2880375690977493,-2.171981830933257,0.33809616377248186,0.4776001725030011,-0.6791456840737199,-1.1576292206706322,-0.8781534100649921,1.1188238397732855,1.520930736527715,-1.742399228925451,1.0,0.0,0.0,0.0,-0.28104945421806365,0.0,1.0,1.0,0.0,0.0,0.0,0.0,0.0,0.0,0.0,0.0,0.0,0.0,0.0,0.0,0.0,1.0,1.0,0.0,1.0,1.0,0.0
-0.7581699611438873,1.0,-1.6473280164122297,1.5803695257836163,0.08504925188071055,-1.5756862740979403,-0.8803614815898617,0.3796721288811475,-0.9614863916702531,0.24620020465769926,-0.38987508734539245,0.5397662880096791,-1.1505541015749308,3.0,-0.6589728319256667,-0.9320143892374165,-0.5619597599912906,-0.6201892226844657,0.33809616377248186,-0.32430988298461916,-0.6791456840737199,-0.9927077664269033,-0.8781534100649921,0.15180494866599556,-0.9511703058160944,-0.5370450074100981,0.0,0.0,1.0,0.0,-0.740469664479804,0.0,1.0,1.0,0.0,0.0,0.0,0.0,0.0,0.0,0.0,0.0,0.0,0.0,1.0,0.0,1.0,0.0,1.0,0.0,0.0,0.0,0.0
1.4318670655440953,0.0,0.33843287020757773,1.827157989468953,0.08504925188071055,1.1697805251007627,1.432344783164646,0.3796721288811475,1.7496101475022634,0.24620020465769926,-1.4267861098485703,0.1322385821163929,0.7626976284195812,3.0,1.1914379855160337,0.24198831185855807,1.4924566717102692,-0.6201892226844657,0.33809616377248186,1.0790327141187162,-0.3687152874355457,2.6572821651986107,-0.5924773425623912,-0.21130491163120818,1.520930736527715,1.0198740846929866,0.0,0.0,0.0,1.0,-0.4509823969205259,0.0,1.0,1.0,0.0,0.0,0.0,0.0,1.0,0.0,0.0,0.0,1.0,0.0,0.0,0.0,1.0,0.0,1.0,0.0,1.0,0.0,0.0
0.11784484953130571,0.0,1.4589870783875438,0.09963874367159682,-1.8684257522543597,0.2546249253678617,0.005355811294843447,0.3796721288811475,-0.9614863916702531,0.24620020465769926,-0.30723701724077485,-1.0903445355634656,0.4893759527060795,3.0,-0.6589728319256667,0.24198831185855807,-1.1098041417783733,-2.171981830933257,-1.0778621289498782,-0.9257424246003343,-0.6791456840737199,-0.4981335452659714,-0.8781534100649921,-0.2877490927464089,-0.4567500973473325,-0.2357109720869905,0.0,0.0,0.0,1.0,-0.6465220136841161,1.0,0.0,0.0,0.0,1.0,0.0,0.0,1.0,0.0,0.0,0.0,0.0,0.0,1.0,0.0,1.0,0.0,0.0,1.0,0.0,0.0,0.0
0.9938596602064987,0.0,-0.5862722617639431,-0.270543951856408,-0.8916882501868245,1.1697805251007627,0.448214457737196,0.3796721288811475,0.8459113011114247,0.24620020465769926,1.3906380251637918,1.3548216997962514,-0.6039107501479274,3.0,-0.6589728319256667,0.24198831185855807,0.2598068126893333,0.1557070814399298,0.33809616377248186,0.27712265863109603,-0.6791456840737199,1.4125756218619225,-0.8781534100649921,-0.036575354796463615,0.5320903195901912,0.8943151081711811,0.0,0.0,0.0,1.0,0.0437063823682973,0.0,1.0,0.0,0.0,1.0,0.0,0.0,1.0,0.0,0.0,0.0,1.0,0.0,0.0,0.0,0.0,0.0,0.0,0.0,1.0,0.0,0.0
-1.4151810691502822,0.0,1.0003531657475135,0.9633983665702748,-1.8684257522543597,1.1697805251007627,-1.2248070954894692,-1.0261667362455194,-0.05778754527941421,0.24620020465769926,1.3778488000285534,-0.6828168296701794,-0.057267398720923963,3.0,-0.6589728319256667,1.4159910129545328,-0.8358819508848319,2.4833959938131165,0.33809616377248186,-0.5247873968565242,0.2521455058408027,-1.161197371201281,1.3501199164552957,0.2983229624701303,0.5320903195901912,-0.23570720537576498,0.0,0.0,0.0,0.0,-0.6470394456688624,0.0,1.0,0.0,0.0,1.0,0.0,0.0,0.0,0.0,0.0,0.0,1.0,0.0,0.0,0.0,0.0,0.0,0.0,0.0,0.0,1.0,0.0
-0.2106607044718917,1.0,-0.4474425368566906,0.59321567104227,1.0617867539482457,0.2546249253678617,-1.3232201280322142,-1.0261667362455194,-0.9614863916702531,-0.6608531809232983,-0.5957675579291761,-0.6828168296701794,2.4026276827005915,4.0,1.1914379855160337,0.24198831185855807,-0.8358819508848319,-0.6201892226844657,-2.4938204216722384,-0.5247873968565242,-0.6791456840737199,0.4535998757965879,-0.8781534100649921,0.2983229624701303,-0.4567500973473325,-0.23570720537576498,0.0,0.0,0.0,0.0,-0.6430862653054003,0.0,1.0,0.0,0.0,0.0,1.0,0.0,1.0,0.0,1.0,0.0,0.0,0.0,0.0,0.0,0.0,0.0,1.0,1.0,0.0,1.0,0.0
-0.6486681098094882,0.0,0.12523007838572572,-1.0109093429124179,-1.8684257522543597,0.2546249253678617,1.4815512994360187,0.3796721288811475,-0.05778754527941421,-1.5679065665042957,-0.42697789433113914,-0.6828168296701794,-0.8772324258614291,3.0,0.26623257679518353,0.24198831185855807,-0.9728430463316026,-1.3960855268088614,0.33809616377248186,-0.5247873968565242,-0.6791456840737199,-1.2523219870657636,-0.8781534100649921,0.767180606643362,-0.4567500973473325,0.517638806399078,0.0,0.0,0.0,0.0,0.48975862481890114,1.0,0.0,1.0,0.0,0.0,0.0,0.0,0.0,0.0,0.0,0.0,1.0,0.0,0.0,0.0,1.0,0.0,0.0,1.0,0.0,1.0,0.0
-2.072192177156677,0.0,-1.2779417840697187,-0.5173324155417446,-0.8916882501868245,-0.6605306743650393,0.349801425194451,0.3796721288811475,-0.9614863916702531,1.1532535902386967,-0.11525809927664622,-0.6828168296701794,-0.057267398720923963,3.0,1.1914379855160337,-0.9320143892374165,-1.520687428118685,-0.6201892226844657,0.33809616377248186,-1.3266974523441444,-0.6791456840737199,-1.9612489495337284,-0.8781534100649921,-2.045965258396027,1.026510528058953,-1.742399228925451,0.0,0.0,0.0,0.0,-0.6892618956241658,0.0,0.0,1.0,0.0,0.0,0.0,0.0,1.0,0.0,0.0,0.0,0.0,0.0,1.0,0.0,0.0,1.0,0.0,0.0,0.0,0.0,0.0
1.869874470881692,0.0,1.5829421899118765,0.9633983665702748,0.08504925188071055,0.2546249253678617,-0.4867093514188816,0.3796721288811475,0.8459113011114247,0.24620020465769926,-0.052014678278214384,2.1698771115828235,-1.1505541015749308,3.0,0.26623257679518353,0.24198831185855807,1.4924566717102692,-0.6201892226844657,0.33809616377248186,0.6780776863749062,-0.6791456840737199,1.3703956686670093,-0.8781534100649921,-0.5170816360920113,0.5320903195901912,0.3669727680941946,0.0,0.0,0.0,1.0,-0.4275792932051043,0.0,1.0,0.0,0.0,0.0,0.0,1.0,0.0,0.0,0.0,0.0,1.0,0.0,0.0,0.0,1.0,0.0,0.0,0.0,1.0,0.0,0.0
-0.2106607044718917,0.0,-0.54412752384567,1.950552221311621,1.0617867539482457,0.2546249253678617,-0.4375028351475091,0.3796721288811475,0.8459113011114247,0.24620020465769926,-1.0313039172050433,-0.6828168296701794,-1.1505541015749308,3.0,0.26623257679518353,0.24198831185855807,0.6706900990296453,0.1557070814399298,-1.0778621289498782,1.8809427696063366,2.4251582823080224,1.1024532694938596,1.306428282601957,1.2636181122385481,0.037670111121429345,0.1409693318188794,0.0,0.0,0.0,0.0,-0.5499453238542253,0.0,1.0,0.0,0.0,1.0,0.0,0.0,0.0,0.0,0.0,0.0,0.0,0.0,0.0,0.0,0.0,0.0,1.0,1.0,0.0,0.0,0.0
-0.7581699611438873,0.0,-1.6101414829549299,-0.14714972001373974,-0.8916882501868245,-0.6605306743650393,0.349801425194451,1.7855109940078144,0.8459113011114247,-1.5679065665042957,0.49033279201722657,-1.0903445355634656,-0.8772324258614291,3.0,0.26623257679518353,2.5899937140505074,-0.2880375690977493,0.9316033855643254,-1.0778621289498782,0.27712265863109603,-0.3687152874355457,-0.8360180461994807,-0.46551020145012406,0.767180606643362,-1.4455905142848562,0.8943151081711811,0.0,0.0,0.0,0.0,-0.01042562710258497,0.0,1.0,1.0,0.0,0.0,0.0,0.0,0.0,0.0,0.0,0.0,0.0,1.0,0.0,0.0,1.0,0.0,1.0,0.0,0.0,0.0,0.0
-1.8531884744878788,1.0,0.7301310226244685,0.2230329755142651,0.08504925188071055,1.1697805251007627,1.5799643319787637,-1.0261667362455194,-0.9614863916702531,-1.5679065665042957,0.556808654533356,-0.6828168296701794,-0.057267398720923963,3.0,-1.584178240646517,-0.9320143892374165,-1.3837263326719145,-0.6201892226844657,0.33809616377248186,-1.1262199384722393,-0.6791456840737199,-0.5733948397904608,-0.8781534100649921,-0.2877490927464089,-0.9511703058160944,-1.742399228925451,0.0,0.0,0.0,0.0,-0.6634937827837969,0.0,1.0,0.0,0.0,1.0,0.0,0.0,0.0,0.0,0.0,0.0,0.0,0.0,1.0,0.0,0.0,1.0,1.0,0.0,0.0,0.0,0.0
-0.7581699611438873,1.0,-1.7192219810963425,-0.5173324155417446,0.08504925188071055,-0.6605306743650393,-0.2898832863333916,0.3796721288811475,-0.9614863916702531,-0.6608531809232983,1.603838624396283,-1.0903445355634656,0.4893759527060795,3.0,-1.584178240646517,-0.9320143892374165,-0.9728430463316026,0.1557070814399298,0.33809616377248186,-0.7252649107284292,-0.3687152874355457,-0.7309983068243472,0.050293809318461155,0.0638941403835146,-1.4455905142848562,0.2665217950441287,0.0,0.0,1.0,0.0,-0.5473820454067125,1.0,0.0,0.0,0.0,1.0,0.0,0.0,0.0,0.0,1.0,0.0,0.0,0.0,0.0,0.0,0.0,1.0,0.0,0.0,0.0,0.0,0.0
-1.1961773664814839,0.0,0.6532788534793824,-0.8875151110697495,-0.8916882501868245,1.1697805251007627,-1.6676657419318217,1.7855109940078144,-0.05778754527941421,1.1532535902386967,-1.543013463550133,-0.6828168296701794,-0.8772324258614291,3.0,-0.6589728319256667,-0.9320143892374165,-0.42499866454451996,-0.6201892226844657,0.33809616377248186,0.27712265863109603,-0.3687152874355457,-0.7254704962160912,-0.46551020145012406,1.079752369425516,1.026510528058953,0.8943151081711811,0.0,0.0,0.0,0.0,0.3345290293949917,0.0,1.0,0.0,0.0,1.0,0.0,0.0,1.0,0.0,0.0,0.0,1.0,0.0,0.0,0.0,1.0,0.0,0.0,0.0,0.0,0.0,1.0
-1.6341847718190805,0.0,-1.4514789402037842,-0.14714972001373974,-1.8684257522543597,-0.6605306743650393,1.3831382668932737,-2.432005601372186,-0.9614863916702531,-1.5679065665042957,-1.044514765146938,-0.6828168296701794,-0.057267398720923963,3.0,-1.584178240646517,0.24198831185855807,-0.9728430463316026,0.1557070814399298,-1.0778621289498782,-0.5247873968565242,-0.3687152874355457,-0.704992744904584,-0.13539563455822945,0.767180606643362,-2.43443093122238,0.517638806399078,0.0,0.0,0.0,0.0,-0.6289293262027398,0.0,1.0,1.0,0.0,0.0,0.0,0.0,1.0,0.0,1.0,0.0,0.0,0.0,0.0,0.0,1.0,0.0,0.0,0.0,0.0,0.0,0.0
1.2128633628752972,0.0,-1.302732806374585,-0.3939381836990763,0.08504925188071055,-1.5756862740979403,1.5307578157073911,-1.0261667362455194,-0.05778754527941421,0.24620020465769926,-0.1678204091731207,-0.27528912377689324,-0.6039107501479274,3.0,1.1914379855160337,-0.9320143892374165,1.0815733853699572,-2.171981830933257,0.33809616377248186,-0.9257424246003343,-0.058284890797371494,-1.2680684995448004,1.5977058416242167,-1.6943220252661033,0.037670111121429345,1.2709772847514702,0.0,0.0,0.0,0.0,-0.4219269647622083,0.0,1.0,1.0,0.0,0.0,0.0,0.0,1.0,0.0,0.0,0.0,0.0,0.0,0.0,0.0,0.0,1.0,0.0,0.0,1.0,1.0,0.0
1.2128633628752972,0.0,1.3697393980900245,-0.6407266473844129,1.0617867539482457,0.2546249253678617,0.5958340065513135,-1.0261667362455194,0.8459113011114247,0.24620020465769926,1.1147561686750769,1.7623494056895375,-0.3305890744344257,3.0,-0.6589728319256667,-0.9320143892374165,2.177262148944122,0.1557070814399298,0.33809616377248186,1.6804652557344315,0.5625759024789769,1.3380402572756782,0.050293809318461155,-0.16216222377143627,0.037670111121429345,0.467419790272162,0.0,0.0,0.0,0.0,0.5678701572362125,0.0,1.0,1.0,0.0,0.0,0.0,0.0,1.0,0.0,0.0,0.0,0.0,0.0,0.0,0.0,0.0,1.0,0.0,0.0,1.0,0.0,0.0
0.4463504035345031,0.0,-0.6284169996822161,-0.270543951856408,-0.8916882501868245,1.1697805251007627,-1.1756005792180968,0.3796721288811475,-0.05778754527941421,0.24620020465769926,1.2730052621067085,1.3548216997962514,-0.3305890744344257,3.0,-0.6589728319256667,-0.9320143892374165,-0.42499866454451996,2.4833959938131165,0.33809616377248186,-0.9257424246003343,-0.058284890797371494,-0.9120968928992456,1.5977058416242167,-1.264535851440641,0.5320903195901912,1.2709772847514702,0.0,0.0,0.0,0.0,-0.40971926586494223,0.0,1.0,0.0,0.0,1.0,0.0,0.0,0.0,0.0,0.0,0.0,1.0,0.0,0.0,0.0,0.0,1.0,0.0,1.0,0.0,0.0,1.0
0.22734670086570485,0.0,-0.8341824848126081,-1.0109093429124179,-1.8684257522543597,1.1697805251007627,-0.043850704976529056,-1.0261667362455194,1.7496101475022634,1.1532535902386967,-1.0193579376831172,-0.6828168296701794,0.21605427699257776,3.0,0.26623257679518353,0.24198831185855807,1.3554955762634984,0.1557070814399298,0.33809616377248186,2.2818977973501466,2.7355886789461965,2.167437614416174,0.9787410287019146,1.310629239662335,1.520930736527715,-0.8814306158935078,0.0,0.0,0.0,1.0,3.157844910965057,0.0,1.0,1.0,0.0,0.0,0.0,0.0,0.0,0.0,0.0,0.0,1.0,0.0,0.0,0.0,1.0,0.0,0.0,1.0,0.0,0.0,0.0
-1.0866755151470848,0.0,0.6260087289440293,-0.8875151110697495,1.0617867539482457,-1.5756862740979403,-0.9295679978612341,0.3796721288811475,-0.05778754527941421,1.1532535902386967,-1.356937264879191,-1.0903445355634656,0.7626976284195812,3.0,-0.6589728319256667,0.24198831185855807,-0.9728430463316026,-0.6201892226844657,0.33809616377248186,-0.7252649107284292,-0.058284890797371494,-1.220885984212951,0.9787410287019146,0.0638941403835146,-0.4567500973473325,0.2665217950441287,0.0,0.0,0.0,0.0,0.07684790099130197,0.0,1.0,1.0,0.0,0.0,0.0,0.0,0.0,0.0,0.0,0.0,1.0,0.0,0.0,0.0,1.0,0.0,0.0,0.0,0.0,1.0,0.0
-0.2106607044718917,0.0,-0.0012041353690934679,0.09963874367159682,0.08504925188071055,-0.6605306743650393,-1.0279810304039791,0.3796721288811475,-0.9614863916702531,1.1532535902386967,-0.6706758765784298,-0.6828168296701794,1.3093409798465847,4.0,-1.584178240646517,0.24198831185855807,-1.1098041417783733,0.9316033855643254,-1.0778621289498782,-0.7252649107284292,-0.3687152874355457,0.6096332473151663,0.050293809318461155,0.5913589900784001,-0.9511703058160944,0.2665217950441287,0.0,0.0,0.0,0.0,-0.576922707808596,0.0,1.0,0.0,0.0,0.0,1.0,0.0,1.0,0.0,1.0,0.0,0.0,0.0,0.0,0.0,0.0,0.0,0.0,1.0,0.0,1.0,0.0
0.5558522548689022,0.0,-1.332482033140425,-0.5173324155417446,-0.8916882501868245,1.1697805251007627,1.1863122018077836,0.3796721288811475,2.6533089938931025,0.24620020465769926,-0.919573873441147,1.3548216997962514,-0.6039107501479274,3.0,-0.6589728319256667,-0.9320143892374165,1.3554955762634984,0.1557070814399298,1.754054456494842,-1.1262199384722393,-0.6791456840737199,0.1894519737080868,-0.8781534100649921,-1.8861274251551527,1.026510528058953,-1.742399228925451,1.0,0.0,0.0,1.0,1.0960854245446914,0.0,1.0,0.0,1.0,0.0,0.0,0.0,1.0,0.0,0.0,1.0,0.0,0.0,0.0,0.0,1.0,0.0,0.0,1.0,0.0,0.0,0.0
1.4318670655440953,0.0,0.003754069091879834,-0.02375548817107146,0.08504925188071055,-1.5756862740979403,-0.09305722124790157,0.3796721288811475,-0.9614863916702531,1.1532535902386967,0.8224310227267697,0.5397662880096791,0.7626976284195812,3.0,-0.6589728319256667,-0.9320143892374165,-0.42499866454451996,1.707499689688721,0.33809616377248186,-1.1262199384722393,-0.6791456840737199,-0.7686615344322801,-0.8781534100649921,-1.655250554918334,-0.4567500973473325,-1.742399228925451,0.0,0.0,0.0,1.0,-0.65024752397429,0.0,1.0,1.0,0.0,0.0,0.0,0.0,1.0,0.0,1.0,0.0,0.0,0.0,0.0,0.0,1.0,0.0,0.0,0.0,1.0,0.0,0.0
2.4173837275536876,0.0,-0.2168860294214321,-0.8875151110697495,0.08504925188071055,0.2546249253678617,0.15297536010896096,-1.0261667362455194,1.7496101475022634,1.1532535902386967,1.0562911394854155,0.1322385821163929,-0.6039107501479274,3.0,-1.584178240646517,-0.9320143892374165,2.3827037921142784,0.9316033855643254,0.33809616377248186,-0.32430988298461916,0.5625759024789769,2.5589949157727276,1.5977058416242167,-1.4787987533477631,0.037670111121429345,0.06563210334757824,0.0,0.0,0.0,0.0,2.04288247023359,0.0,1.0,1.0,0.0,0.0,0.0,0.0,0.0,0.0,0.0,0.0,1.0,0.0,0.0,0.0,0.0,1.0,1.0,0.0,1.0,0.0,0.0
0.008342998196906572,1.0,0.8392115207658811,0.2230329755142651,-0.8916882501868245,-1.5756862740979403,-0.2406767700620191,-2.432005601372186,-0.05778754527941421,-0.6608531809232983,0.009682792429144669,0.9472939939029652,-0.057267398720923963,3.0,-1.584178240646517,-0.9320143892374165,0.5337290035828746,-0.6201892226844657,-2.4938204216722384,-1.1262199384722393,-0.6791456840737199,-1.0610141420344295,-0.8781534100649921,-1.8261882376898246,-2.9288511396911416,-1.742399228925451,0.0,0.0,0.0,1.0,-0.5508488397045133,0.0,1.0,0.0,0.0,1.0,0.0,0.0,0.0,0.0,0.0,0.0,0.0,0.0,0.0,0.0,1.0,0.0,0.0,1.0,0.0,1.0,0.0
1.979376322216091,0.0,-1.6547653231036896,1.0867925984129432,1.0617867539482457,0.2546249253678617,-0.19147025379064658,0.3796721288811475,-0.05778754527941421,-0.6608531809232983,-0.18566910798823366,0.1322385821163929,-0.3305890744344257,3.0,1.1914379855160337,1.4159910129545328,0.8076511944764159,0.1557070814399298,0.33809616377248186,0.27712265863109603,1.1834366957553253,-0.4410077977575646,1.5977058416242167,-0.48310644448525547,0.5320903195901912,0.8943151081711811,0.0,0.0,0.0,1.0,-0.5893648426532914,1.0,0.0,0.0,0.0,1.0,0.0,0.0,1.0,0.0,0.0,0.0,0.0,0.0,0.0,0.0,1.0,0.0,1.0,0.0,1.0,0.0,1.0
0.4463504035345031,0.0,-1.3771058732891848,-0.270543951856408,-1.8684257522543597,-0.6605306743650393,-0.5359158676902541,-2.432005601372186,2.6533089938931025,0.24620020465769926,0.8391553940574662,-0.6828168296701794,1.855984331273588,4.0,-0.6589728319256667,1.4159910129545328,1.3554955762634984,0.1557070814399298,0.33809616377248186,2.2818977973501466,0.8730062991171511,0.7132464818140674,-0.0341104833527619,1.310629239662335,-0.4567500973473325,0.5535170724930643,0.0,0.0,0.0,1.0,0.7521742558830201,0.0,0.0,1.0,0.0,0.0,0.0,0.0,0.0,0.0,0.0,0.0,0.0,1.0,0.0,0.0,0.0,0.0,0.0,1.0,0.0,0.0,0.0
0.11784484953130571,0.0,0.5764266843342962,-0.7641208792270812,1.0617867539482457,-0.6605306743650393,-1.1756005792180968,0.3796721288811475,-0.05778754527941421,1.1532535902386967,-1.3115425426958724,2.1698771115828235,-0.8772324258614291,3.0,0.26623257679518353,-0.9320143892374165,1.0815733853699572,-1.3960855268088614,0.33809616377248186,-1.1262199384722393,-0.6791456840737199,-0.026528930636102007,-0.8781534100649921,-1.8701436418310649,0.5320903195901912,-1.742399228925451,1.0,0.0,0.0,0.0,0.2670041553855911,0.0,1.0,1.0,0.0,0.0,0.0,0.0,1.0,0.0,0.0,0.0,0.0,0.0,0.0,0.0,0.0,1.0,1.0,1.0,0.0,0.0,1.0
-1.1961773664814839,1.0,-1.332482033140425,2.4441291486822943,-0.8916882501868245,-0.6605306743650393,0.645040522822686,-2.432005601372186,-0.05778754527941421,-1.5679065665042957,1.0540424845165823,2.1698771115828235,0.7626976284195812,3.0,1.1914379855160337,-0.9320143892374165,-0.5619597599912906,2.4833959938131165,0.33809616377248186,-0.9257424246003343,-0.058284890797371494,-0.8197245380287377,1.5977058416242167,-1.1668571755712178,-0.4567500973473325,1.2709772847514702,1.0,1.0,0.0,0.0,-0.6951813175296644,0.0,0.0,0.0,0.0,1.0,0.0,0.0,1.0,0.0,0.0,0.0,0.0,0.0,0.0,0.0,0.0,1.0,0.0,0.0,0.0,0.0,1.0
1.6508707682128936,1.0,-1.3300029309099384,-0.8875151110697495,-1.8684257522543597,-1.5756862740979403,-0.4375028351475091,-2.432005601372186,2.6533089938931025,1.1532535902386967,1.6208440775980837,-0.6828168296701794,-0.057267398720923963,3.0,1.1914379855160337,0.24198831185855807,2.3827037921142784,0.1557070814399298,0.33809616377248186,2.2818977973501466,1.1834366957553253,0.4499788741033015,-0.2029190686952079,1.2636181122385481,0.5320903195901912,-0.4240408244176758,1.0,0.0,0.0,1.0,3.3093489960987927,0.0,1.0,0.0,1.0,0.0,0.0,0.0,0.0,0.0,0.0,1.0,0.0,0.0,0.0,0.0,1.0,0.0,0.0,0.0,1.0,0.0,0.0
0.7748559575377005,0.0,1.600295905525283,2.320734916839626,0.08504925188071055,1.1697805251007627,-0.6343289002329991,1.7855109940078144,1.7496101475022634,1.1532535902386967,-0.3620479821060824,0.1322385821163929,0.7626976284195812,3.0,0.26623257679518353,0.24198831185855807,1.6294177671570398,-0.6201892226844657,0.33809616377248186,1.0790327141187162,2.7355886789461965,2.6813201328676155,2.264283332463619,-0.2877490927464089,1.520930736527715,1.0198740846929866,1.0,0.0,0.0,1.0,-0.5128318628114416,0.0,1.0,0.0,0.0,1.0,0.0,0.0,0.0,0.0,0.0,0.0,0.0,0.0,0.0,0.0,1.0,0.0,1.0,1.0,0.0,0.0,0.0
1.4318670655440953,0.0,-1.629974300798823,-1.0109093429124179,0.08504925188071055,1.1697805251007627,1.432344783164646,0.3796721288811475,-0.05778754527941421,0.24620020465769926,1.4907031712768661,-1.0903445355634656,-0.8772324258614291,3.0,-1.584178240646517,0.24198831185855807,1.0815733853699572,0.1557070814399298,0.33809616377248186,2.2818977973501466,-0.6791456840737199,-0.24201653222162786,-0.8781534100649921,1.1188238397732855,0.037670111121429345,-0.5705253764155677,1.0,0.0,0.0,1.0,1.1724583854932549,0.0,0.0,1.0,0.0,0.0,0.0,0.0,0.0,0.0,0.0,0.0,0.0,0.0,0.0,0.0,1.0,0.0,0.0,0.0,1.0,0.0,1.0
-0.10115885313749257,1.0,0.20456134976129856,0.8400041347276065,1.0617867539482457,0.2546249253678617,-1.1263940629467242,1.7855109940078144,-0.9614863916702531,-1.5679065665042957,-0.8494439466006638,-0.6828168296701794,0.21605427699257776,3.0,0.26623257679518353,-0.9320143892374165,0.9446122899231866,-1.3960855268088614,0.33809616377248186,2.081420283478242,3.977310265498893,-0.4431436386780035,2.216670654546519,1.1003163011875001,-0.4567500973473325,0.5619576830571515,0.0,1.0,0.0,0.0,-0.6978390917007262,0.0,1.0,1.0,0.0,0.0,0.0,0.0,0.0,0.0,1.0,0.0,0.0,0.0,0.0,0.0,0.0,1.0,0.0,1.0,0.0,0.0,0.0
0.22734670086570485,0.0,0.35330748359049763,1.5803695257836163,0.08504925188071055,1.1697805251007627,0.7926600716368035,0.3796721288811475,0.8459113011114247,-1.5679065665042957,-1.2972073672695612,-0.6828168296701794,-0.6039107501479274,3.0,0.26623257679518353,-0.9320143892374165,1.3554955762634984,-0.6201892226844657,0.33809616377248186,2.2818977973501466,-0.058284890797371494,1.4265029648979788,-0.5405362393801,1.310629239662335,0.037670111121429345,-0.8814306158935078,0.0,1.0,0.0,0.0,-0.504304707824437,1.0,0.0,0.0,0.0,1.0,0.0,0.0,0.0,0.0,0.0,0.0,1.0,0.0,0.0,0.0,0.0,1.0,1.0,1.0,0.0,0.0,0.0
-0.42966440714069,0.0,0.5838639910257561,-0.14714972001373974,-1.8684257522543597,-0.6605306743650393,1.0878991692650386,-1.0261667362455194,-0.9614863916702531,1.1532535902386967,1.0011990927490038,-1.0903445355634656,1.036019304133083,3.0,1.1914379855160337,-0.9320143892374165,-1.1098041417783733,-0.6201892226844657,-1.0778621289498782,-0.9257424246003343,-0.058284890797371494,-0.3139477349895024,1.5977058416242167,-0.2877490927464089,0.5320903195901912,1.2709772847514702,1.0,0.0,1.0,0.0,-0.6364493377143869,0.0,0.0,1.0,0.0,0.0,0.0,0.0,0.0,0.0,0.0,0.0,0.0,0.0,0.0,1.0,0.0,1.0,0.0,1.0,0.0,0.0,0.0
0.8843578088720997,0.0,1.0697680282011397,0.2230329755142651,-0.8916882501868245,1.1697805251007627,1.1863122018077836,0.3796721288811475,1.7496101475022634,1.1532535902386967,-1.2520937269573464,0.1322385821163929,-0.6039107501479274,3.0,-0.6589728319256667,0.24198831185855807,2.040301053497352,0.9316033855643254,1.754054456494842,0.4776001725030011,-0.3687152874355457,0.0791250826846919,-0.5067745223116108,-0.8738211479629483,1.520930736527715,-0.7379364848086701,1.0,0.0,0.0,1.0,0.11524135425948219,0.0,1.0,1.0,0.0,0.0,0.0,0.0,0.0,0.0,0.0,1.0,0.0,0.0,0.0,0.0,1.0,0.0,0.0,1.0,0.0,0.0,0.0
-0.5391662584750891,0.0,0.7598802493903084,2.4441291486822943,1.0617867539482457,1.1697805251007627,0.15297536010896096,0.3796721288811475,-0.9614863916702531,0.24620020465769926,-0.446653625308429,2.373640964529467,-0.8772324258614291,3.0,-0.6589728319256667,-0.9320143892374165,-0.15107647365097865,-0.6201892226844657,0.33809616377248186,0.27712265863109603,1.4938670923934996,0.7064815468784224,2.010349050239085,0.5114400734579629,0.5320903195901912,0.8943151081711811,0.0,0.0,0.0,0.0,-0.714719549273687,0.0,0.0,0.0,0.0,1.0,0.0,0.0,0.0,0.0,1.0,0.0,0.0,0.0,0.0,0.0,0.0,1.0,0.0,1.0,0.0,1.0,0.0
-0.3201625558062908,0.0,-1.4539580424342708,-1.0109093429124179,1.0617867539482457,-0.6605306743650393,0.448214457737196,1.7855109940078144,-0.05778754527941421,1.1532535902386967,-0.2860153359724122,-1.0903445355634656,-1.1505541015749308,3.0,1.1914379855160337,0.24198831185855807,0.6706900990296453,-0.6201892226844657,-1.0778621289498782,1.6804652557344315,-0.6791456840737199,1.1741646315058158,-0.8781534100649921,1.056769151573887,0.5320903195901912,-1.5415065908165773,1.0,0.0,0.0,0.0,2.221189532177187,0.0,1.0,0.0,1.0,0.0,0.0,0.0,1.0,0.0,0.0,0.0,0.0,0.0,0.0,0.0,0.0,0.0,0.0,1.0,0.0,0.0,0.0
2.4173837275536876,0.0,0.7102982047805754,-1.0109093429124179,-0.8916882501868245,-0.6605306743650393,0.005355811294843447,0.3796721288811475,0.8459113011114247,1.1532535902386967,-0.4602860960569799,0.1322385821163929,-0.3305890744344257,3.0,0.26623257679518353,0.24198831185855807,0.39676790813610396,-1.3960855268088614,-2.4938204216722384,-0.12383236911271409,-0.6791456840737199,-0.8916839767646625,-0.8781534100649921,-0.6393923258763324,-0.4567500973473325,0.2665251432402553,1.0,0.0,0.0,1.0,2.8976801090345847,0.0,1.0,0.0,0.0,0.0,0.0,1.0,1.0,0.0,0.0,1.0,0.0,0.0,0.0,0.0,1.0,0.0,1.0,0.0,1.0,0.0,0.0
0.8843578088720997,0.0,-0.03591156659590658,1.827157989468953,1.0617867539482457,-0.6605306743650393,-1.4708396768463317,0.3796721288811475,-0.9614863916702531,-0.6608531809232983,-0.8425574407586123,-0.6828168296701794,0.21605427699257776,3.0,-1.584178240646517,-0.9320143892374165,-0.6989208554380613,0.1557070814399298,0.33809616377248186,-0.12383236911271409,-0.6791456840737199,-1.4109350704887964,-0.8781534100649921,0.9681195970033181,-1.4455905142848562,-0.23570594980117132,0.0,0.0,0.0,0.0,-0.7439565261397957,0.0,1.0,0.0,0.0,1.0,0.0,0.0,1.0,1.0,0.0,0.0,0.0,0.0,0.0,0.0,0.0,1.0,0.0,1.0,0.0,0.0,0.0
1.7603726195472926,0.0,-1.6820354476390427,-0.8875151110697495,0.08504925188071055,0.2546249253678617,-1.3724266443035866,-1.0261667362455194,0.8459113011114247,-0.6608531809232983,1.2963350574083523,-0.27528912377689324,-0.8772324258614291,3.0,-1.584178240646517,0.24198831185855807,2.3827037921142784,-0.6201892226844657,0.33809616377248186,1.6804652557344315,1.1834366957553253,0.25184415779344893,0.5145174190101878,-0.34446574325123525,-0.9511703058160944,-0.3361507621633337,1.0,0.0,0.0,1.0,0.7594441752687066,1.0,0.0,0.0,1.0,0.0,0.0,0.0,0.0,0.0,0.0,0.0,0.0,0.0,0.0,0.0,1.0,0.0,0.0,0.0,1.0,0.0,1.0
-0.10115885313749257,1.0,-0.3532366520981979,0.7166099028849382,0.08504925188071055,-1.5756862740979403,0.743453555365431,0.3796721288811475,-0.05778754527941421,0.24620020465769926,-0.9072062711125648,1.7623494056895375,-0.3305890744344257,3.0,-0.6589728319256667,0.24198831185855807,-0.2880375690977493,0.1557070814399298,-1.0778621289498782,-1.1262199384722393,-0.6791456840737199,1.4319470500883664,-0.8781534100649921,-1.6943220252661033,-1.4455905142848562,-1.742399228925451,0.0,0.0,0.0,1.0,-0.6104311327480572,0.0,1.0,0.0,0.0,0.0,1.0,0.0,1.0,0.0,1.0,0.0,0.0,0.0,0.0,0.0,0.0,0.0,0.0,1.0,0.0,1.0,0.0
-1.1961773664814839,1.0,-1.1415911613929528,-0.8875151110697495,0.08504925188071055,-1.5756862740979403,-0.4375028351475091,0.3796721288811475,-0.9614863916702531,-1.5679065665042957,0.14516425430134086,1.3548216997962514,-0.3305890744344257,3.0,-0.6589728319256667,0.24198831185855807,-0.6989208554380613,-0.6201892226844657,0.33809616377248186,-0.7252649107284292,-0.3687152874355457,-1.073344867703142,0.050293809318461155,-0.5389228306963544,-1.940010722753618,0.2665217950441287,0.0,0.0,1.0,0.0,-0.3753876536770209,1.0,0.0,1.0,0.0,0.0,0.0,0.0,1.0,0.0,0.0,0.0,0.0,0.0,1.0,0.0,1.0,0.0,1.0,0.0,0.0,0.0,0.0
-0.3201625558062908,0.0,1.3151991490193182,0.09963874367159682,1.0617867539482457,0.2546249253678617,1.038692652993666,0.3796721288811475,-0.9614863916702531,0.24620020465769926,0.5757816808328856,-0.6828168296701794,1.036019304133083,3.0,1.1914379855160337,0.24198831185855807,-1.3837263326719145,-0.6201892226844657,0.33809616377248186,-1.1262199384722393,-0.6791456840737199,-0.4488126070624575,-0.8781534100649921,-0.2877490927464089,1.026510528058953,1.270962218019569,1.0,0.0,1.0,0.0,-0.6727134799665503,0.0,1.0,1.0,0.0,0.0,0.0,0.0,0.0,0.0,0.0,0.0,0.0,0.0,0.0,1.0,1.0,0.0,1.0,1.0,0.0,0.0,0.0
-0.9771736638126857,0.0,0.8466488274573412,0.09963874367159682,-1.8684257522543597,1.1697805251007627,0.3990079414658235,0.3796721288811475,-0.9614863916702531,-0.6608531809232983,1.2748322942688854,-0.6828168296701794,1.855984331273588,4.0,-0.6589728319256667,-0.9320143892374165,-1.3837263326719145,1.707499689688721,0.33809616377248186,-1.1262199384722393,-0.6791456840737199,-1.7399779396953408,-0.8781534100649921,-0.2877490927464089,0.037670111121429345,-1.742399228925451,1.0,0.0,1.0,0.0,-0.7386437226775052,0.0,1.0,0.0,0.0,1.0,0.0,0.0,1.0,0.0,0.0,0.0,0.0,0.0,0.0,1.0,1.0,0.0,0.0,0.0,0.0,0.0,0.0
0.11784484953130571,0.0,0.9507711211377805,-0.7641208792270812,1.0617867539482457,0.2546249253678617,-1.0771875466753518,0.3796721288811475,-0.9614863916702531,0.24620020465769926,-1.5903757588311807,0.1322385821163929,0.21605427699257776,3.0,-1.584178240646517,0.24198831185855807,-0.42499866454451996,-0.6201892226844657,0.33809616377248186,-0.9257424246003343,-0.058284890797371494,-0.37538595776769657,1.5977058416242167,-1.264535851440641,-0.4567500973473325,1.2709772847514702,0.0,0.0,0.0,1.0,-0.36012341012700316,1.0,0.0,0.0,0.0,0.0,1.0,0.0,1.0,0.0,0.0,0.0,0.0,0.0,1.0,0.0,1.0,0.0,0.0,1.0,0.0,0.0,0.0
1.4318670655440953,0.0,1.6399615412130695,-0.8875151110697495,1.0617867539482457,-0.6605306743650393,-0.19147025379064658,0.3796721288811475,2.6533089938931025,0.24620020465769926,-0.20520429802997148,-0.27528912377689324,-1.1505541015749308,3.0,1.1914379855160337,0.24198831185855807,2.3827037921142784,-0.6201892226844657,-1.0778621289498782,0.27712265863109603,1.4938670923934996,0.5799919892795375,2.010349050239085,-1.108249970049564,0.037670111121429345,-1.3657257521973607,0.0,0.0,0.0,1.0,3.1835095374084763,0.0,1.0,0.0,0.0,1.0,0.0,0.0,1.0,0.0,0.0,0.0,0.0,1.0,0.0,0.0,1.0,0.0,1.0,0.0,1.0,0.0,0.0
0.008342998196906572,0.0,-1.6820354476390427,-0.7641208792270812,0.08504925188071055,1.1697805251007627,-1.5200461931177043,0.3796721288811475,-0.05778754527941421,-0.6608531809232983,-0.06536606715566111,0.1322385821163929,-0.057267398720923963,3.0,-1.584178240646517,-0.9320143892374165,-0.42499866454451996,0.1557070814399298,-1.0778621289498782,-0.5247873968565242,-0.6791456840737199,-1.3193501188164565,-0.8781534100649921,-0.48310644448525547,-0.9511703058160944,0.517638806399078,0.0,0.0,0.0,0.0,-0.1604981504118556,0.0,1.0,0.0,0.0,0.0,1.0,0.0,0.0,0.0,0.0,0.0,0.0,0.0,0.0,0.0,0.0,1.0,0.0,1.0,0.0,1.0,0.0
0.33684855220010396,0.0,-1.2457134550733922,2.0739464531542895,0.08504925188071055,0.2546249253678617,0.3990079414658235,0.3796721288811475,-0.05778754527941421,-1.5679065665042957,1.110821022479619,-0.6828168296701794,-0.3305890744344257,3.0,-0.6589728319256667,0.24198831185855807,-0.42499866454451996,0.1557070814399298,-1.0778621289498782,0.07664514475919097,1.4938670923934996,0.6169992180677537,2.3714118577770944,0.6890376659478233,-1.4455905142848562,1.2709880467950734,1.0,1.0,0.0,1.0,-0.6049434790876081,0.0,1.0,0.0,1.0,0.0,0.0,0.0,1.0,0.0,0.0,0.0,0.0,0.0,0.0,0.0,1.0,0.0,0.0,1.0,0.0,0.0,0.0
-1.1961773664814839,0.0,0.293809030058818,-1.0109093429124179,-1.8684257522543597,-1.5756862740979403,0.005355811294843447,-1.0261667362455194,-0.9614863916702531,0.24620020465769926,1.5391897940423305,-0.6828168296701794,-0.6039107501479274,3.0,0.26623257679518353,1.4159910129545328,-0.8358819508848319,1.707499689688721,0.33809616377248186,-0.32430988298461916,-0.3687152874355457,-1.1047037404216793,-0.25918859714269,0.8843950176866698,-0.4567500973473325,0.06563210334757824,0.0,0.0,1.0,0.0,-0.17493450278627917,1.0,0.0,0.0,0.0,1.0,0.0,0.0,0.0,0.0,0.0,0.0,0.0,0.0,1.0,0.0,0.0,0.0,0.0,0.0,0.0,0.0,0.0
0.9938596602064987,0.0,-0.9234301651101275,-1.0109093429124179,1.0617867539482457,1.1697805251007627,-1.2740136117608418,0.3796721288811475,2.6533089938931025,1.1532535902386967,1.0023234202334204,2.373640964529467,0.4893759527060795,3.0,1.1914379855160337,1.4159910129545328,1.6294177671570398,-2.171981830933257,0.33809616377248186,-0.9257424246003343,-0.058284890797371494,0.650602386138867,1.5977058416242167,-1.7529292307877573,2.015350944996477,1.2709772847514702,0.0,0.0,0.0,1.0,5.29535643995229,0.0,1.0,0.0,0.0,1.0,0.0,0.0,1.0,0.0,0.0,0.0,0.0,1.0,0.0,0.0,0.0,0.0,0.0,0.0,1.0,0.0,0.0
1.869874470881692,0.0,0.6929444891671688,-0.8875151110697495,1.0617867539482457,0.2546249253678617,-1.2248070954894692,-1.0261667362455194,0.8459113011114247,0.24620020465769926,-0.832157411527759,1.3548216997962514,-1.1505541015749308,3.0,-0.6589728319256667,0.24198831185855807,0.2598068126893333,0.9316033855643254,0.33809616377248186,0.4776001725030011,1.4938670923934996,1.577050983886536,1.721498804208677,0.2145983831534821,0.037670111121429345,-0.4031155701030766,1.0,0.0,0.0,1.0,1.4136851767820102,0.0,1.0,1.0,0.0,0.0,0.0,0.0,0.0,0.0,0.0,0.0,0.0,0.0,0.0,0.0,1.0,0.0,0.0,0.0,1.0,0.0,0.0
2.08887817355049,0.0,1.0846426415840595,-0.02375548817107146,0.08504925188071055,-1.5756862740979403,-0.14226373751927407,0.3796721288811475,-0.9614863916702531,0.24620020465769926,-0.30344241198086896,-0.27528912377689324,1.036019304133083,3.0,-0.6589728319256667,0.24198831185855807,0.9446122899231866,0.9316033855643254,0.33809616377248186,-0.32430988298461916,-0.6791456840737199,-0.26697385494075315,-0.8781534100649921,-1.1205883291067544,-0.9511703058160944,0.6683092141052549,0.0,0.0,0.0,1.0,-0.6153519109229951,1.0,0.0,0.0,0.0,1.0,0.0,0.0,0.0,0.0,0.0,0.0,0.0,0.0,1.0,0.0,1.0,0.0,0.0,0.0,1.0,1.0,0.0
-0.10115885313749257,0.0,-0.016078748752013372,0.3464272073569334,2.038524256015781,1.1697805251007627,-0.7327419327757442,-1.0261667362455194,0.8459113011114247,1.1532535902386967,0.19055897648465972,-1.0903445355634656,-1.1505541015749308,3.0,-0.6589728319256667,-0.9320143892374165,0.5337290035828746,-0.6201892226844657,-1.0778621289498782,1.4799877418625262,1.4938670923934996,0.6219004615006692,0.854948066117454,1.0309130314908046,0.5320903195901912,-0.020462412846325703,0.0,0.0,0.0,0.0,-0.3749418661209318,0.0,1.0,0.0,0.0,1.0,0.0,0.0,0.0,0.0,0.0,0.0,1.0,0.0,0.0,0.0,0.0,1.0,0.0,1.0,0.0,0.0,0.0
1.979376322216091,0.0,-0.8887227338833145,-0.8875151110697495,-1.8684257522543597,0.2546249253678617,-1.2740136117608418,-1.0261667362455194,1.7496101475022634,-1.5679065665042957,0.4230136838877847,1.7623494056895375,-0.057267398720923963,3.0,-0.6589728319256667,-0.9320143892374165,2.3827037921142784,0.1557070814399298,1.754054456494842,0.4776001725030011,1.1834366957553253,-0.07191969614366259,1.3501199164552957,-1.0569686652181167,-0.4567500973473325,0.6013471740137043,0.0,0.0,0.0,0.0,2.670010035746184,0.0,0.0,0.0,0.0,1.0,0.0,0.0,1.0,0.0,0.0,1.0,0.0,0.0,0.0,0.0,0.0,1.0,0.0,0.0,1.0,0.0,0.0
0.6653541062033014,0.0,-0.9606166985674274,1.950552221311621,0.08504925188071055,0.2546249253678617,0.645040522822686,-1.0261667362455194,0.8459113011114247,1.1532535902386967,-1.271207294192428,0.9472939939029652,-0.6039107501479274,3.0,0.26623257679518353,0.24198831185855807,0.9446122899231866,1.707499689688721,0.33809616377248186,-1.1262199384722393,-0.6791456840737199,1.624005480730075,-0.8781534100649921,-1.8608898725381722,1.026510528058953,-1.742399228925451,1.0,0.0,0.0,1.0,-0.5401539186044095,0.0,1.0,0.0,0.0,1.0,0.0,0.0,1.0,0.0,0.0,0.0,0.0,0.0,0.0,0.0,0.0,0.0,0.0,1.0,0.0,0.0,0.0
-1.8531884744878788,1.0,-0.08301450897515295,-0.02375548817107146,0.08504925188071055,1.1697805251007627,-0.5851223839616266,0.3796721288811475,-0.9614863916702531,1.1532535902386967,0.4064298534926404,-0.6828168296701794,-0.3305890744344257,3.0,-0.6589728319256667,-0.9320143892374165,-1.2467652372251439,0.1557070814399298,0.33809616377248186,-0.9257424246003343,-0.6791456840737199,-0.33495128064020857,-0.8781534100649921,0.2983229624701303,1.026510528058953,1.2709772847514702,1.0,0.0,0.0,0.0,-0.6537867587499551,1.0,0.0,0.0,1.0,0.0,0.0,0.0,0.0,0.0,0.0,0.0,0.0,0.0,0.0,1.0,0.0,1.0,1.0,0.0,0.0,0.0,0.0
-1.7436866231534796,1.0,1.3176782512498049,0.09963874367159682,0.08504925188071055,0.2546249253678617,-1.4708396768463317,-1.0261667362455194,-0.9614863916702531,-1.5679065665042957,0.4138785230769001,-0.6828168296701794,-0.6039107501479274,3.0,-1.584178240646517,-0.9320143892374165,-1.3837263326719145,2.4833959938131165,-1.0778621289498782,-1.1262199384722393,-0.3687152874355457,-1.633122282385786,0.9787410287019146,-0.2877490927464089,-1.940010722753618,-1.742399228925451,0.0,0.0,0.0,0.0,-0.7180969689559406,0.0,1.0,1.0,0.0,0.0,0.0,0.0,0.0,0.0,1.0,0.0,0.0,0.0,0.0,0.0,0.0,1.0,0.0,0.0,0.0,0.0,0.0
0.9938596602064987,0.0,0.49709541295872334,-0.14714972001373974,1.0617867539482457,1.1697805251007627,0.3990079414658235,-1.0261667362455194,-0.05778754527941421,-1.5679065665042957,0.9438583910437589,2.1698771115828235,2.1293060069870897,4.0,-1.584178240646517,2.5899937140505074,1.0815733853699572,-0.6201892226844657,0.33809616377248186,1.8809427696063366,-0.3687152874355457,1.2319802610053323,-0.6596952407982973,0.767180606643362,-0.9511703058160944,0.7059799000421786,0.0,0.0,0.0,1.0,-0.47963295087058855,0.0,1.0,1.0,0.0,0.0,0.0,0.0,0.0,0.0,0.0,0.0,0.0,0.0,1.0,0.0,0.0,0.0,1.0,0.0,1.0,1.0,0.0
1.5413689168784945,1.0,1.2904081267144516,-0.6407266473844129,1.0617867539482457,-1.5756862740979403,-1.5692527093890767,0.3796721288811475,-0.9614863916702531,0.24620020465769926,-0.5595079965567418,2.373640964529467,-0.8772324258614291,3.0,0.26623257679518353,2.5899937140505074,0.9446122899231866,-0.6201892226844657,1.754054456494842,0.6780776863749062,-0.058284890797371494,-0.6979343628726522,-0.2029190686952079,-0.19521139981748176,0.037670111121429345,-1.742399228925451,0.0,0.0,0.0,1.0,-0.4924100713472588,0.0,1.0,1.0,0.0,0.0,0.0,0.0,1.0,0.0,0.0,0.0,0.0,0.0,1.0,0.0,1.0,0.0,1.0,0.0,1.0,0.0,0.0
-0.9771736638126857,1.0,1.3970095226253776,1.827157989468953,-0.8916882501868245,-0.6605306743650393,0.3005949089230785,-1.0261667362455194,0.8459113011114247,-1.5679065665042957,-0.27519368393490273,-0.6828168296701794,-0.8772324258614291,3.0,-1.584178240646517,-0.9320143892374165,-0.15107647365097865,-0.6201892226844657,-1.0778621289498782,0.6780776863749062,-0.3687152874355457,0.46008351230153544,-0.5405362393801,1.1507914064214602,-2.43443093122238,0.3669727680941946,0.0,1.0,0.0,0.0,-0.5814000938118776,0.0,0.0,0.0,0.0,0.0,0.0,1.0,1.0,0.0,0.0,0.0,0.0,0.0,0.0,0.0,0.0,1.0,0.0,0.0,0.0,0.0,0.0
-1.1961773664814839,0.0,-1.5134564959659504,-1.0109093429124179,-0.8916882501868245,-1.5756862740979403,-0.3390898026047641,-1.0261667362455194,-0.9614863916702531,-1.5679065665042957,-0.4458103796951166,-0.6828168296701794,0.21605427699257776,3.0,-1.584178240646517,1.4159910129545328,-0.6989208554380613,-0.6201892226844657,0.33809616377248186,-0.32430988298461916,-0.3687152874355457,0.6437095008652012,-0.25918859714269,0.4657721211034274,-2.43443093122238,0.06563210334757824,0.0,0.0,0.0,0.0,0.4298400009852721,0.0,1.0,0.0,0.0,1.0,0.0,0.0,1.0,0.0,1.0,0.0,0.0,0.0,0.0,0.0,1.0,0.0,0.0,0.0,0.0,1.0,0.0
-0.7581699611438873,0.0,0.925980098832914,1.3335810620982798,0.08504925188071055,0.2546249253678617,0.9402796204509211,0.3796721288811475,-0.05778754527941421,-1.5679065665042957,-0.7332165928991012,-1.0903445355634656,-0.057267398720923963,3.0,0.26623257679518353,0.24198831185855807,-0.5619597599912906,-1.3960855268088614,-1.0778621289498782,-0.12383236911271409,-0.6791456840737199,1.0592190328328372,-0.8781534100649921,0.5913589900784001,-0.9511703058160944,-0.7379370428425979,0.0,1.0,0.0,0.0,-0.5036220832681629,0.0,1.0,0.0,0.0,0.0,1.0,0.0,1.0,0.0,0.0,0.0,1.0,0.0,0.0,0.0,1.0,0.0,0.0,0.0,0.0,0.0,0.0
0.4463504035345031,0.0,-0.7275810889016822,-0.270543951856408,-0.8916882501868245,-0.6605306743650393,-1.1263940629467242,1.7855109940078144,-0.9614863916702531,0.24620020465769926,0.6394467246379737,-0.6828168296701794,-0.6039107501479274,3.0,0.26623257679518353,-0.9320143892374165,-0.15107647365097865,0.1557070814399298,0.33809616377248186,0.6780776863749062,-0.6791456840737199,0.1218761667691102,-0.8781534100649921,1.1507914064214602,0.037670111121429345,0.0656339113771025,0.0,0.0,0.0,1.0,-0.5359985417422926,0.0,1.0,0.0,0.0,0.0,0.0,1.0,0.0,0.0,0.0,0.0,0.0,0.0,1.0,0.0,1.0,0.0,0.0,1.0,0.0,1.0,0.0
0.11784484953130571,0.0,-1.1713403881587927,0.9633983665702748,-1.8684257522543597,0.2546249253678617,-0.043850704976529056,-1.0261667362455194,0.8459113011114247,0.24620020465769926,1.4468543993846201,-1.0903445355634656,0.7626976284195812,3.0,-1.584178240646517,0.24198831185855807,1.2185344808167278,0.9316033855643254,-1.0778621289498782,2.2818977973501466,-0.3687152874355457,0.49902669686121404,-0.6924639661883014,1.1355687556366152,-0.9511703058160944,-0.3150039683421458,0.0,0.0,0.0,1.0,-0.4936726053900399,0.0,1.0,1.0,0.0,0.0,0.0,0.0,0.0,0.0,0.0,0.0,0.0,0.0,0.0,0.0,1.0,0.0,0.0,1.0,0.0,0.0,0.0
0.33684855220010396,0.0,1.7093764036666956,1.3335810620982798,1.0617867539482457,-1.5756862740979403,-0.2406767700620191,0.3796721288811475,0.8459113011114247,1.1532535902386967,1.7186605687423249,0.5397662880096791,1.3093409798465847,4.0,1.1914379855160337,0.24198831185855807,0.39676790813610396,2.4833959938131165,0.33809616377248186,0.8785552002468112,2.7355886789461965,1.077005247900406,2.52615306100767,0.532751784556746,0.5320903195901912,0.997045172088266,0.0,0.0,0.0,1.0,-0.492829930443453,0.0,1.0,0.0,0.0,0.0,0.0,1.0,1.0,0.0,0.0,0.0,0.0,0.0,0.0,0.0,1.0,0.0,0.0,1.0,0.0,0.0,0.0
-1.0866755151470848,0.0,1.1763694241120657,-0.14714972001373974,2.038524256015781,-1.5756862740979403,1.038692652993666,-2.432005601372186,-0.9614863916702531,0.24620020465769926,-1.1867421919256336,-0.6828168296701794,1.036019304133083,3.0,1.1914379855160337,2.5899937140505074,-1.1098041417783733,0.9316033855643254,0.33809616377248186,-0.7252649107284292,-0.3687152874355457,1.2409406815052788,0.050293809318461155,0.5913589900784001,0.037670111121429345,0.2665217950441287,0.0,0.0,0.0,0.0,-0.4792190052827915,0.0,0.0,1.0,0.0,0.0,0.0,0.0,1.0,0.0,1.0,0.0,0.0,0.0,0.0,0.0,1.0,0.0,0.0,0.0,0.0,1.0,0.0
1.979376322216091,0.0,0.7152564092415487,-0.8875151110697495,-1.8684257522543597,1.1697805251007627,-0.043850704976529056,0.3796721288811475,0.8459113011114247,-0.6608531809232983,0.21079687120415788,0.1322385821163929,0.7626976284195812,3.0,-0.6589728319256667,0.24198831185855807,1.6294177671570398,0.9316033855643254,0.33809616377248186,-0.7252649107284292,-0.3687152874355457,1.4647036772254476,0.050293809318461155,-1.6064112169836224,0.037670111121429345,0.2665217950441287,0.0,0.0,0.0,1.0,1.4737072870125885,1.0,0.0,1.0,0.0,0.0,0.0,0.0,1.0,0.0,0.0,0.0,1.0,0.0,0.0,0.0,1.0,0.0,0.0,0.0,1.0,0.0,0.0
-0.9771736638126857,0.0,0.13514648730767234,0.09963874367159682,0.08504925188071055,0.2546249253678617,-0.3390898026047641,0.3796721288811475,-0.05778754527941421,0.24620020465769926,-0.9000386833994092,0.1322385821163929,-0.6039107501479274,3.0,1.1914379855160337,-0.9320143892374165,-0.15107647365097865,0.9316033855643254,1.754054456494842,0.27712265863109603,-0.3687152874355457,0.3763310196852414,-0.46551020145012406,0.5114400734579629,1.520930736527715,0.8943151081711811,0.0,0.0,0.0,0.0,-0.5914296190900304,0.0,1.0,0.0,0.0,0.0,1.0,0.0,0.0,0.0,0.0,0.0,0.0,0.0,1.0,0.0,0.0,1.0,0.0,0.0,0.0,1.0,0.0
0.7748559575377005,1.0,1.4218005449302442,-1.0109093429124179,-0.8916882501868245,-0.6605306743650393,1.235518718079156,-1.0261667362455194,0.8459113011114247,-1.5679065665042957,-1.68467872658662,2.373640964529467,-0.3305890744344257,3.0,1.1914379855160337,0.24198831185855807,1.7663788626038104,-1.3960855268088614,0.33809616377248186,2.2818977973501466,0.2521455058408027,4.280778717202499,-0.347612141845876,0.767180606643362,-0.4567500973473325,-0.8383822067661152,0.0,0.0,0.0,1.0,2.456207139648986,0.0,1.0,0.0,0.0,1.0,0.0,0.0,1.0,1.0,0.0,0.0,0.0,0.0,0.0,0.0,1.0,0.0,0.0,1.0,0.0,0.0,0.0
-0.42966440714069,0.0,-0.3681112654811178,-0.5173324155417446,0.08504925188071055,1.1697805251007627,-1.5692527093890767,-1.0261667362455194,0.8459113011114247,1.1532535902386967,0.9698584641208919,0.5397662880096791,-0.057267398720923963,3.0,0.26623257679518353,0.24198831185855807,-0.2880375690977493,-0.6201892226844657,0.33809616377248186,-0.7252649107284292,-0.3687152874355457,-0.15799495155158275,0.050293809318461155,-0.9910355590062562,1.520930736527715,0.2665217950441287,0.0,0.0,0.0,0.0,-0.06130643893597745,0.0,1.0,1.0,0.0,0.0,0.0,0.0,1.0,0.0,0.0,0.0,0.0,0.0,0.0,0.0,0.0,0.0,0.0,1.0,0.0,0.0,1.0
-0.2106607044718917,1.0,0.9953949612865401,-0.6407266473844129,0.08504925188071055,1.1697805251007627,0.9894861367222936,0.3796721288811475,0.8459113011114247,-1.5679065665042957,-0.5593674556211897,-1.0903445355634656,1.855984331273588,4.0,-1.584178240646517,-0.9320143892374165,-0.2880375690977493,-0.6201892226844657,0.33809616377248186,0.27712265863109603,0.5625759024789769,1.114213800714512,0.7724194243944803,0.767180606643362,-0.9511703058160944,0.8943151081711811,1.0,0.0,0.0,0.0,0.39190188786366864,0.0,1.0,0.0,0.0,0.0,0.0,1.0,1.0,0.0,0.0,0.0,0.0,0.0,0.0,0.0,0.0,1.0,1.0,1.0,0.0,0.0,0.0
-0.42966440714069,1.0,0.060773420393072805,2.4441291486822943,1.0617867539482457,-1.5756862740979403,-0.5851223839616266,-1.0261667362455194,-0.05778754527941421,0.24620020465769926,-1.5718243553383073,-0.6828168296701794,1.855984331273588,4.0,-0.6589728319256667,-0.9320143892374165,0.39676790813610396,0.9316033855643254,0.33809616377248186,1.2795102279906212,0.2521455058408027,1.136111707265804,-0.08234150773631793,1.0016094287299777,-0.9511703058160944,-0.1198050106197401,0.0,0.0,0.0,0.0,-0.7047227633283872,1.0,0.0,0.0,0.0,1.0,0.0,0.0,0.0,0.0,0.0,0.0,0.0,0.0,1.0,0.0,0.0,1.0,0.0,1.0,0.0,1.0,0.0
-0.9771736638126857,0.0,0.22935237206616507,0.7166099028849382,-0.8916882501868245,-1.5756862740979403,-0.7819484490471167,0.3796721288811475,-0.9614863916702531,0.24620020465769926,1.1480643704009177,-0.6828168296701794,0.21605427699257776,3.0,1.1914379855160337,0.24198831185855807,-0.9728430463316026,1.707499689688721,-1.0778621289498782,-0.5247873968565242,-0.058284890797371494,-0.9237981624363842,0.6073621409485332,0.767180606643362,-0.4567500973473325,-0.23570720537576498,0.0,0.0,1.0,0.0,-0.7123781695427097,0.0,1.0,1.0,0.0,0.0,0.0,0.0,1.0,0.0,1.0,0.0,0.0,0.0,0.0,0.0,0.0,0.0,0.0,0.0,0.0,0.0,0.0
-0.3201625558062908,0.0,-0.4573589457786372,-0.7641208792270812,-1.8684257522543597,-1.5756862740979403,-1.0279810304039791,0.3796721288811475,-0.05778754527941421,1.1532535902386967,1.1177075283216704,-1.0903445355634656,0.4893759527060795,3.0,0.26623257679518353,-0.9320143892374165,-0.5619597599912906,-1.3960855268088614,-1.0778621289498782,-0.12383236911271409,-0.6791456840737199,0.0876170144337178,-0.8781534100649921,0.5913589900784001,-0.4567500973473325,-0.7379370428425979,0.0,0.0,0.0,0.0,0.40593464328999,1.0,0.0,1.0,0.0,0.0,0.0,0.0,1.0,0.0,0.0,0.0,0.0,0.0,0.0,0.0,0.0,1.0,0.0,1.0,0.0,0.0,1.0
0.008342998196906572,0.0,-1.2234015349990124,0.09963874367159682,1.0617867539482457,1.1697805251007627,1.0878991692650386,-1.0261667362455194,-0.05778754527941421,1.1532535902386967,1.3927461391970728,-0.27528912377689324,-0.3305890744344257,3.0,0.26623257679518353,2.5899937140505074,-0.42499866454451996,1.707499689688721,0.33809616377248186,-1.1262199384722393,-0.6791456840737199,-0.09654143932245005,-0.8781534100649921,-1.655250554918334,1.520930736527715,-1.742399228925451,1.0,0.0,0.0,1.0,-0.4201690399932518,0.0,1.0,1.0,0.0,0.0,0.0,0.0,0.0,0.0,0.0,0.0,0.0,0.0,0.0,0.0,0.0,0.0,1.0,1.0,0.0,0.0,1.0
-1.3056792178158831,1.0,1.0325814947438399,-0.6407266473844129,-1.8684257522543597,1.1697805251007627,-1.6676657419318217,0.3796721288811475,-0.9614863916702531,1.1532535902386967,-1.364385934463451,-0.6828168296701794,-0.057267398720923963,3.0,-0.6589728319256667,0.24198831185855807,-0.5619597599912906,0.1557070814399298,1.754054456494842,0.07664514475919097,0.8730062991171511,0.4069692130439089,1.4429646383936412,1.0309130314908046,1.520930736527715,1.2709880467950734,0.0,0.0,0.0,0.0,-0.33966414945013185,0.0,1.0,0.0,0.0,0.0,0.0,1.0,1.0,0.0,1.0,0.0,0.0,0.0,0.0,0.0,1.0,0.0,1.0,0.0,0.0,1.0,0.0
-1.1961773664814839,1.0,1.3077618423278583,1.456975293940948,0.08504925188071055,-1.5756862740979403,-1.4216331605749593,0.3796721288811475,-0.9614863916702531,0.24620020465769926,0.7111226017695297,-0.6828168296701794,1.3093409798465847,4.0,0.26623257679518353,0.24198831185855807,-1.3837263326719145,-2.171981830933257,-1.0778621289498782,-1.1262199384722393,-0.6791456840737199,-0.7713517649757038,-0.8781534100649921,-0.2877490927464089,-0.9511703058160944,1.270962218019569,0.0,0.0,1.0,0.0,-0.7309386900319186,0.0,1.0,0.0,0.0,1.0,0.0,0.0,1.0,0.0,1.0,0.0,0.0,0.0,0.0,0.0,0.0,0.0,0.0,0.0,0.0,0.0,0.0
-0.42966440714069,1.0,0.5318028441855365,1.950552221311621,0.08504925188071055,-1.5756862740979403,-0.5359158676902541,-1.0261667362455194,-0.9614863916702531,-0.6608531809232983,-1.590937922573389,0.5397662880096791,1.3093409798465847,4.0,-0.6589728319256667,-0.9320143892374165,-0.8358819508848319,-2.171981830933257,0.33809616377248186,-0.9257424246003343,-0.058284890797371494,-0.8305375960824672,1.5977058416242167,-0.8738211479629483,-1.4455905142848562,1.2709772847514702,0.0,0.0,1.0,0.0,-0.7427882443231589,0.0,1.0,0.0,0.0,1.0,0.0,0.0,1.0,0.0,0.0,0.0,0.0,0.0,1.0,0.0,0.0,1.0,1.0,1.0,0.0,0.0,0.0
0.5558522548689022,0.0,-0.8267451781211482,-0.8875151110697495,-0.8916882501868245,1.1697805251007627,-1.5200461931177043,0.3796721288811475,1.7496101475022634,-1.5679065665042957,0.012071988333529871,-1.0903445355634656,0.4893759527060795,3.0,1.1914379855160337,0.24198831185855807,1.6294177671570398,0.1557070814399298,0.33809616377248186,2.2818977973501466,3.3564494722225446,0.08165939105429472,1.2209446511497717,1.1774310452949392,0.5320903195901912,-0.9205655350609055,0.0,0.0,0.0,1.0,2.858148305399962,0.0,1.0,0.0,0.0,1.0,0.0,0.0,1.0,0.0,0.0,1.0,0.0,0.0,0.0,0.0,1.0,0.0,0.0,1.0,0.0,0.0,0.0
-0.9771736638126857,1.0,0.5119700263416432,-1.0109093429124179,0.08504925188071055,-1.5756862740979403,-1.0279810304039791,-1.0261667362455194,-0.9614863916702531,-0.6608531809232983,-1.0053038441279103,-0.6828168296701794,-0.057267398720923963,3.0,-1.584178240646517,1.4159910129545328,-1.3837263326719145,-0.6201892226844657,0.33809616377248186,-1.1262199384722393,-0.6791456840737199,-0.5749649353057684,-0.8781534100649921,-0.2877490927464089,-1.940010722753618,-1.742399228925451,0.0,0.0,1.0,0.0,0.007925960623086167,1.0,0.0,0.0,0.0,1.0,0.0,0.0,1.0,0.0,1.0,0.0,0.0,0.0,0.0,0.0,0.0,0.0,0.0,0.0,0.0,0.0,0.0
1.4318670655440953,1.0,0.3880149148173107,-1.0109093429124179,1.0617867539482457,1.1697805251007627,0.743453555365431,0.3796721288811475,-0.05778754527941421,0.24620020465769926,0.4128947365280356,0.1322385821163929,-0.3305890744344257,3.0,1.1914379855160337,-0.9320143892374165,-0.8358819508848319,0.9316033855643254,0.33809616377248186,-1.3266974523441444,-0.6791456840737199,-0.9207605535581381,-0.8781534100649921,-2.045965258396027,1.520930736527715,-1.742399228925451,1.0,0.0,0.0,0.0,0.6698249555106361,1.0,0.0,0.0,0.0,0.0,1.0,0.0,1.0,0.0,0.0,0.0,0.0,0.0,0.0,0.0,0.0,1.0,1.0,0.0,1.0,1.0,0.0
-0.42966440714069,0.0,0.41528503935266387,-0.270543951856408,0.08504925188071055,1.1697805251007627,-1.7660787744745667,0.3796721288811475,-0.05778754527941421,-0.6608531809232983,-0.12818786534743673,-1.0903445355634656,0.4893759527060795,3.0,0.26623257679518353,0.24198831185855807,-0.9728430463316026,0.1557070814399298,0.33809616377248186,-0.7252649107284292,-0.6791456840737199,-1.0993553361951691,-0.8781534100649921,0.0638941403835146,0.5320903195901912,0.2665217950441287,1.0,0.0,0.0,0.0,-0.4641272390610225,1.0,0.0,1.0,0.0,0.0,0.0,0.0,0.0,0.0,0.0,0.0,0.0,0.0,0.0,0.0,1.0,0.0,0.0,1.0,0.0,1.0,0.0
-0.3201625558062908,0.0,-0.2615098695701918,-0.7641208792270812,1.0617867539482457,0.2546249253678617,-1.2740136117608418,-1.0261667362455194,-0.9614863916702531,1.1532535902386967,1.1475022066587093,0.1322385821163929,0.4893759527060795,3.0,1.1914379855160337,2.5899937140505074,-0.6989208554380613,-0.6201892226844657,0.33809616377248186,-1.3266974523441444,-0.6791456840737199,-0.23382304663829948,-0.8781534100649921,-2.045965258396027,1.520930736527715,-1.742399228925451,0.0,0.0,1.0,0.0,-0.33559713405002545,0.0,0.0,1.0,0.0,0.0,0.0,0.0,1.0,0.0,0.0,0.0,0.0,0.0,1.0,0.0,1.0,0.0,0.0,1.0,0.0,1.0,0.0
1.2128633628752972,0.0,1.1391828906547659,-1.0109093429124179,1.0617867539482457,-1.5756862740979403,-1.5200461931177043,1.7855109940078144,1.7496101475022634,1.1532535902386967,0.258721330227414,-0.27528912377689324,1.855984331273588,4.0,0.26623257679518353,-0.9320143892374165,2.177262148944122,0.1557070814399298,-1.0778621289498782,-0.32430988298461916,-0.058284890797371494,-0.05012464416507445,0.3597762157796122,-1.4180309135211633,-0.4567500973473325,0.6683092141052549,0.0,0.0,0.0,0.0,4.4440773386475705,0.0,0.0,0.0,0.0,1.0,0.0,0.0,1.0,0.0,0.0,1.0,0.0,0.0,0.0,0.0,0.0,1.0,0.0,0.0,1.0,0.0,0.0
0.8843578088720997,0.0,0.6136132177915959,-0.02375548817107146,1.0617867539482457,-0.6605306743650393,-0.043850704976529056,-1.0261667362455194,-0.05778754527941421,0.24620020465769926,0.5139436691899745,-0.6828168296701794,-0.6039107501479274,3.0,1.1914379855160337,0.24198831185855807,0.5337290035828746,-0.6201892226844657,0.33809616377248186,1.6804652557344315,0.5625759024789769,-0.5581209127575936,0.050293809318461155,1.2506900521970068,0.5320903195901912,0.26652715216328815,1.0,0.0,0.0,1.0,-0.4507464479354815,0.0,0.0,1.0,0.0,0.0,0.0,0.0,0.0,0.0,0.0,0.0,0.0,0.0,0.0,0.0,1.0,0.0,0.0,1.0,0.0,0.0,1.0
1.6508707682128936,0.0,0.4747834928843435,-0.270543951856408,1.0617867539482457,-0.6605306743650393,1.038692652993666,0.3796721288811475,0.8459113011114247,-0.6608531809232983,0.14179127184809115,1.7623494056895375,1.036019304133083,3.0,1.1914379855160337,-0.9320143892374165,0.9446122899231866,0.9316033855643254,0.33809616377248186,0.27712265863109603,0.5625759024789769,1.124431106324569,0.7724194243944803,-0.5653621715331908,0.037670111121429345,0.5176416314430907,0.0,0.0,0.0,0.0,0.012660463283515404,0.0,1.0,1.0,0.0,0.0,0.0,0.0,1.0,0.0,0.0,0.0,0.0,0.0,0.0,0.0,0.0,1.0,0.0,0.0,1.0,0.0,0.0
0.11784484953130571,0.0,-0.08053540674466629,0.09963874367159682,1.0617867539482457,0.2546249253678617,0.349801425194451,-1.0261667362455194,0.8459113011114247,0.24620020465769926,-1.2289044725912548,-1.0903445355634656,-0.3305890744344257,3.0,-0.6589728319256667,1.4159910129545328,-0.2880375690977493,-0.6201892226844657,0.33809616377248186,0.27712265863109603,-0.058284890797371494,0.7612166012300516,-0.05286699283525592,0.767180606643362,0.037670111121429345,0.8943151081711811,1.0,0.0,0.0,1.0,-0.3046782209978632,0.0,1.0,0.0,1.0,0.0,0.0,0.0,1.0,0.0,0.0,0.0,0.0,0.0,0.0,0.0,0.0,0.0,1.0,1.0,0.0,0.0,0.0
-0.8676718124782865,0.0,0.754922044929335,2.320734916839626,1.0617867539482457,0.2546249253678617,1.333931750621901,0.3796721288811475,-0.9614863916702531,1.1532535902386967,1.778531007287507,0.5397662880096791,1.855984331273588,4.0,-1.584178240646517,0.24198831185855807,-0.014115378204207997,-1.3960855268088614,0.33809616377248186,0.07664514475919097,-0.3687152874355457,-0.650448069898867,-0.4139298003732655,0.005286934861860867,0.037670111121429345,0.4100202537320666,0.0,0.0,1.0,0.0,-0.7441988984184438,0.0,1.0,1.0,0.0,0.0,0.0,0.0,0.0,0.0,0.0,0.0,0.0,0.0,1.0,0.0,0.0,0.0,0.0,0.0,0.0,0.0,0.0
-0.9771736638126857,0.0,0.3657029947429309,-0.7641208792270812,0.08504925188071055,1.1697805251007627,1.333931750621901,0.3796721288811475,0.8459113011114247,-0.6608531809232983,-0.8817683617776401,-1.0903445355634656,0.4893759527060795,3.0,-0.6589728319256667,2.5899937140505074,-0.15107647365097865,0.1557070814399298,-1.0778621289498782,0.4776001725030011,-0.3687152874355457,0.14319778514707765,-0.5067745223116108,0.8311157399397118,-0.4567500973473325,0.6013471740137043,0.0,0.0,0.0,0.0,0.3902564541521752,0.0,1.0,0.0,0.0,1.0,0.0,0.0,0.0,0.0,0.0,0.0,1.0,0.0,0.0,0.0,0.0,0.0,0.0,0.0,0.0,0.0,1.0
0.9938596602064987,0.0,-0.9829286186418073,-0.7641208792270812,-1.8684257522543597,-1.5756862740979403,-0.6835354165043717,0.3796721288811475,1.7496101475022634,0.24620020465769926,0.18029948818935854,0.1322385821163929,-0.8772324258614291,3.0,1.1914379855160337,0.24198831185855807,1.6294177671570398,0.1557070814399298,0.33809616377248186,1.0790327141187162,0.5625759024789769,0.04786861279291837,0.264550859945412,-0.2877490927464089,0.037670111121429345,0.5176425731259977,1.0,0.0,0.0,1.0,1.913058785260727,0.0,1.0,0.0,1.0,0.0,0.0,0.0,1.0,0.0,0.0,1.0,0.0,0.0,0.0,0.0,1.0,0.0,0.0,0.0,1.0,0.0,0.0
0.11784484953130571,0.0,-1.6671608342561228,-0.8875151110697495,-0.8916882501868245,1.1697805251007627,-1.6676657419318217,0.3796721288811475,0.8459113011114247,-0.6608531809232983,0.8862366074674098,1.7623494056895375,0.21605427699257776,3.0,0.26623257679518353,-0.9320143892374165,-0.15107647365097865,-0.6201892226844657,0.33809616377248186,-1.1262199384722393,-0.6791456840737199,0.1788969930543794,-0.8781534100649921,-1.726289591914278,0.5320903195901912,-1.742399228925451,1.0,0.0,0.0,0.0,0.7234309091303596,0.0,1.0,0.0,1.0,0.0,0.0,0.0,1.0,0.0,0.0,0.0,0.0,0.0,0.0,0.0,0.0,1.0,0.0,1.0,0.0,0.0,1.0
0.6653541062033014,0.0,0.6929444891671688,2.197340684996958,0.08504925188071055,0.2546249253678617,0.841866587908176,0.3796721288811475,0.8459113011114247,-1.5679065665042957,-0.39043725108760075,2.1698771115828235,-1.1505541015749308,3.0,0.26623257679518353,0.24198831185855807,0.9446122899231866,-1.3960855268088614,0.33809616377248186,0.27712265863109603,-0.6791456840737199,1.4026275196933111,-0.8781534100649921,-0.5653621715331908,-0.4567500973473325,0.8943151081711811,0.0,1.0,0.0,1.0,-0.5580854956054659,1.0,0.0,1.0,0.0,0.0,0.0,0.0,0.0,0.0,0.0,0.0,1.0,0.0,0.0,0.0,1.0,0.0,0.0,1.0,0.0,0.0,0.0
0.22734670086570485,1.0,-1.4861863714305974,-0.8875151110697495,0.08504925188071055,-1.5756862740979403,0.8910731041795485,0.3796721288811475,1.7496101475022634,1.1532535902386967,-0.1076688887568344,1.7623494056895375,-1.1505541015749308,3.0,1.1914379855160337,2.5899937140505074,1.3554955762634984,0.9316033855643254,0.33809616377248186,2.2818977973501466,2.7355886789461965,1.7891642764323519,1.2719348874545842,0.8311157399397118,0.5320903195901912,-0.5705253764155677,0.0,0.0,0.0,1.0,1.720625830133554,1.0,0.0,1.0,0.0,0.0,0.0,0.0,1.0,0.0,0.0,0.0,0.0,0.0,0.0,0.0,0.0,0.0,0.0,1.0,0.0,0.0,0.0
0.33684855220010396,0.0,1.2532215932571518,0.59321567104227,0.08504925188071055,0.2546249253678617,-1.0771875466753518,-1.0261667362455194,2.6533089938931025,0.24620020465769926,0.4540732306447923,-0.6828168296701794,-0.3305890744344257,3.0,-1.584178240646517,-0.9320143892374165,1.3554955762634984,-0.6201892226844657,1.754054456494842,2.2818977973501466,0.5625759024789769,0.6504213338392278,-0.17076505243950396,1.1507914064214602,0.037670111121429345,-0.6877127030728926,0.0,0.0,0.0,0.0,0.014383511792720856,0.0,1.0,0.0,0.0,1.0,0.0,0.0,1.0,0.0,0.0,0.0,0.0,1.0,0.0,0.0,0.0,1.0,0.0,1.0,0.0,0.0,0.0
-1.7436866231534796,0.0,0.449992470579477,-1.0109093429124179,-1.8684257522543597,1.1697805251007627,0.20218187638033347,-1.0261667362455194,-0.9614863916702531,-0.6608531809232983,1.5477627911110068,-0.6828168296701794,-1.1505541015749308,3.0,0.26623257679518353,-0.9320143892374165,-1.2467652372251439,2.4833959938131165,1.754054456494842,-0.9257424246003343,-0.058284890797371494,-1.0482577695283122,1.5977058416242167,0.2983229624701303,1.026510528058953,1.2709772847514702,0.0,0.0,0.0,0.0,-0.1553755737628666,0.0,1.0,0.0,0.0,0.0,0.0,1.0,0.0,0.0,0.0,0.0,0.0,0.0,1.0,0.0,0.0,1.0,1.0,0.0,0.0,0.0,0.0
0.22734670086570485,0.0,-0.9011182450357478,-0.02375548817107146,0.08504925188071055,0.2546249253678617,0.20218187638033347,0.3796721288811475,-0.05778754527941421,-0.6608531809232983,-0.7790329378890763,2.373640964529467,-0.057267398720923963,3.0,0.26623257679518353,-0.9320143892374165,-0.2880375690977493,-0.6201892226844657,-1.0778621289498782,-0.32430988298461916,-0.6791456840737199,3.1788034162848704,-0.8781534100649921,-0.2877490927464089,-0.4567500973473325,0.6683092141052549,0.0,0.0,0.0,0.0,-0.3769192523518701,0.0,0.0,1.0,0.0,0.0,0.0,0.0,1.0,0.0,1.0,0.0,0.0,0.0,0.0,0.0,0.0,1.0,0.0,1.0,0.0,0.0,1.0
-0.10115885313749257,0.0,-1.4514789402037842,1.0867925984129432,1.0617867539482457,-1.5756862740979403,0.5958340065513135,0.3796721288811475,-0.05778754527941421,1.1532535902386967,1.254313317678283,-0.27528912377689324,1.3093409798465847,4.0,-1.584178240646517,-0.9320143892374165,0.9446122899231866,-2.171981830933257,0.33809616377248186,0.8785552002468112,-0.6791456840737199,0.19254037190339118,-0.8781534100649921,-0.010136013959627058,-0.9511703058160944,0.7231007319868943,0.0,0.0,0.0,0.0,-0.5438090413857272,0.0,0.0,1.0,0.0,0.0,0.0,0.0,1.0,0.0,0.0,0.0,1.0,0.0,0.0,0.0,0.0,1.0,0.0,1.0,0.0,0.0,1.0
-0.6486681098094882,0.0,-0.023516055443473325,1.3335810620982798,0.08504925188071055,0.2546249253678617,0.05456232756621595,1.7855109940078144,-0.9614863916702531,1.1532535902386967,1.0776533616893302,-1.0903445355634656,-0.8772324258614291,3.0,-1.584178240646517,0.24198831185855807,-1.1098041417783733,0.9316033855643254,0.33809616377248186,-0.9257424246003343,-0.058284890797371494,0.18239921222981623,1.5977058416242167,-0.2877490927464089,0.037670111121429345,1.2709772847514702,1.0,0.0,1.0,0.0,-0.7155030891363029,1.0,0.0,1.0,0.0,0.0,0.0,0.0,1.0,0.0,0.0,0.0,0.0,0.0,0.0,1.0,1.0,0.0,0.0,1.0,0.0,0.0,0.0
-0.9771736638126857,0.0,1.607733212216743,-0.8875151110697495,-1.8684257522543597,-1.5756862740979403,0.05456232756621595,-1.0261667362455194,-0.9614863916702531,-0.6608531809232983,0.7867336250965438,-1.0903445355634656,0.4893759527060795,3.0,-1.584178240646517,-0.9320143892374165,-0.6989208554380613,-0.6201892226844657,-2.4938204216722384,-0.32430988298461916,-0.6791456840737199,-0.03491819682357677,-0.8781534100649921,0.4657721211034274,-2.9288511396911416,0.06563210334757824,0.0,0.0,1.0,0.0,-0.13550618554860616,0.0,1.0,1.0,0.0,0.0,0.0,0.0,1.0,0.0,0.0,0.0,0.0,0.0,1.0,0.0,1.0,0.0,0.0,0.0,0.0,1.0,0.0
-0.2106607044718917,0.0,0.9408547122158338,0.2230329755142651,-0.8916882501868245,1.1697805251007627,-0.5851223839616266,0.3796721288811475,-0.05778754527941421,1.1532535902386967,0.588430365032572,-0.6828168296701794,-1.1505541015749308,3.0,1.1914379855160337,0.24198831185855807,-0.8358819508848319,0.1557070814399298,0.33809616377248186,-0.32430988298461916,-0.6791456840737199,-0.8201437746076979,-0.8781534100649921,0.8843950176866698,2.015350944996477,-0.5370450074100981,1.0,0.0,0.0,0.0,-0.5409658887958577,1.0,0.0,0.0,1.0,0.0,0.0,0.0,1.0,0.0,0.0,0.0,0.0,0.0,0.0,0.0,0.0,0.0,0.0,1.0,0.0,0.0,1.0
1.3223652142096962,0.0,-1.5580803361147102,-0.14714972001373974,1.0617867539482457,1.1697805251007627,-0.4867093514188816,-1.0261667362455194,1.7496101475022634,-0.6608531809232983,-0.3420911692576884,1.3548216997962514,0.4893759527060795,3.0,-0.6589728319256667,0.24198831185855807,1.4924566717102692,0.1557070814399298,0.33809616377248186,0.4776001725030011,-0.058284890797371494,2.597472817075582,-0.13539563455822945,-0.6699699983224128,0.037670111121429345,0.9361680887192979,1.0,0.0,0.0,1.0,0.10713491983178922,0.0,1.0,0.0,0.0,0.0,0.0,1.0,1.0,0.0,0.0,0.0,0.0,0.0,0.0,0.0,1.0,0.0,0.0,0.0,1.0,0.0,0.0
-0.3201625558062908,0.0,0.49709541295872334,-0.8875151110697495,-0.8916882501868245,1.1697805251007627,1.432344783164646,0.3796721288811475,-0.05778754527941421,0.24620020465769926,0.21374823085075137,-0.27528912377689324,-1.1505541015749308,3.0,1.1914379855160337,-0.9320143892374165,-0.8358819508848319,0.1557070814399298,-1.0778621289498782,-0.7252649107284292,-0.6791456840737199,-1.2980832570413772,-0.8781534100649921,-0.2877490927464089,1.026510528058953,0.2665217950441287,0.0,0.0,0.0,0.0,0.036695178974984005,1.0,0.0,1.0,0.0,0.0,0.0,0.0,1.0,0.0,0.0,0.0,1.0,0.0,0.0,0.0,0.0,1.0,0.0,1.0,0.0,1.0,0.0
-0.8676718124782865,0.0,-0.7746840312809286,0.09963874367159682,0.08504925188071055,1.1697805251007627,-0.2406767700620191,0.3796721288811475,-0.9614863916702531,-0.6608531809232983,0.5097274411234124,-1.0903445355634656,-0.3305890744344257,3.0,1.1914379855160337,1.4159910129545328,-0.42499866454451996,-0.6201892226844657,-1.0778621289498782,0.07664514475919097,-0.3687152874355457,0.04571890445266207,-0.4139298003732655,0.6890376659478233,0.5320903195901912,0.4100202537320666,0.0,0.0,1.0,0.0,-0.6122586084396386,1.0,0.0,1.0,0.0,0.0,0.0,0.0,0.0,0.0,0.0,0.0,0.0,0.0,1.0,0.0,0.0,0.0,0.0,0.0,0.0,1.0,0.0
0.5558522548689022,0.0,-1.523372904887897,2.4441291486822943,0.08504925188071055,-0.6605306743650393,-0.4867093514188816,-2.432005601372186,-0.05778754527941421,1.1532535902386967,-0.6682866806740446,0.5397662880096791,1.036019304133083,3.0,-1.584178240646517,-0.9320143892374165,0.6706900990296453,0.1557070814399298,0.33809616377248186,-1.1262199384722393,-0.6791456840737199,0.9279771949536463,-0.8781534100649921,-1.839116297731366,-0.4567500973473325,-1.742399228925451,0.0,0.0,0.0,0.0,-0.7096073212643929,0.0,1.0,0.0,0.0,1.0,0.0,0.0,1.0,0.0,1.0,0.0,0.0,0.0,0.0,0.0,0.0,1.0,0.0,1.0,0.0,1.0,0.0
-0.8676718124782865,0.0,-0.20944872272997214,-0.14714972001373974,-1.8684257522543597,-0.6605306743650393,0.645040522822686,-1.0261667362455194,-0.05778754527941421,1.1532535902386967,0.4744516662998426,-0.6828168296701794,-0.057267398720923963,3.0,0.26623257679518353,0.24198831185855807,-0.15107647365097865,-0.6201892226844657,-1.0778621289498782,0.6780776863749062,-0.3687152874355457,-0.8910069163017886,-0.5405362393801,1.1507914064214602,0.037670111121429345,0.3669727680941946,0.0,0.0,0.0,0.0,-0.4492079501675023,0.0,1.0,0.0,0.0,1.0,0.0,0.0,1.0,0.0,0.0,0.0,1.0,0.0,0.0,0.0,1.0,0.0,1.0,0.0,0.0,0.0,1.0
0.11784484953130571,0.0,-0.9159928584186676,-1.0109093429124179,0.08504925188071055,0.2546249253678617,-1.4216331605749593,1.7855109940078144,-0.9614863916702531,0.24620020465769926,-1.167769165626104,-0.6828168296701794,-0.6039107501479274,3.0,1.1914379855160337,0.24198831185855807,-0.5619597599912906,-0.6201892226844657,1.754054456494842,0.07664514475919097,0.8730062991171511,-0.9538160944032945,1.4429646383936412,1.0309130314908046,1.520930736527715,0.8405041502635701,0.0,0.0,0.0,1.0,0.08491983995334526,0.0,1.0,0.0,0.0,0.0,0.0,0.0,1.0,1.0,0.0,0.0,0.0,0.0,0.0,0.0,1.0,0.0,0.0,1.0,0.0,0.0,0.0
-0.9771736638126857,0.0,-0.07309810005320634,-0.3939381836990763,0.08504925188071055,0.2546249253678617,-1.3232201280322142,-1.0261667362455194,-0.9614863916702531,0.24620020465769926,1.0926912417934018,-0.6828168296701794,-0.3305890744344257,3.0,1.1914379855160337,0.24198831185855807,-1.1098041417783733,-0.6201892226844657,0.33809616377248186,-0.7252649107284292,-0.6791456840737199,-0.4811101572187654,-0.8781534100649921,0.5913589900784001,1.026510528058953,-0.7379387169406612,0.0,0.0,1.0,0.0,-0.5582629008573791,1.0,0.0,1.0,0.0,0.0,0.0,0.0,1.0,0.0,0.0,0.0,0.0,0.0,1.0,0.0,0.0,0.0,1.0,0.0,0.0,0.0,0.0
-2.072192177156677,1.0,-1.3771058732891848,-0.14714972001373974,-1.8684257522543597,0.2546249253678617,0.6942470390940585,0.3796721288811475,-0.9614863916702531,0.24620020465769926,-0.10640402033686576,-0.6828168296701794,-0.8772324258614291,3.0,1.1914379855160337,-0.9320143892374165,-1.520687428118685,-2.171981830933257,0.33809616377248186,-1.3266974523441444,-0.6791456840737199,-1.1955114473221855,-0.8781534100649921,-2.045965258396027,1.026510528058953,-1.742399228925451,0.0,0.0,0.0,0.0,-0.6666673656235745,0.0,0.0,0.0,0.0,1.0,0.0,0.0,1.0,0.0,1.0,0.0,0.0,0.0,0.0,0.0,0.0,1.0,0.0,0.0,0.0,0.0,0.0
-0.42966440714069,1.0,-0.494545479235937,-0.02375548817107146,1.0617867539482457,-1.5756862740979403,0.5466274902799411,0.3796721288811475,-0.05778754527941421,-1.5679065665042957,0.5722681574440839,-1.0903445355634656,0.4893759527060795,3.0,-1.584178240646517,-0.9320143892374165,-0.6989208554380613,0.1557070814399298,0.33809616377248186,-0.32430988298461916,-0.6791456840737199,0.5448905264866054,-0.8781534100649921,0.4657721211034274,-2.43443093122238,-0.5370450074100981,1.0,0.0,0.0,0.0,-0.2873828217113592,0.0,1.0,0.0,1.0,0.0,0.0,0.0,0.0,0.0,0.0,0.0,0.0,0.0,0.0,0.0,0.0,1.0,1.0,1.0,0.0,0.0,1.0
0.4463504035345031,0.0,-1.5754340517281167,0.3464272073569334,1.0617867539482457,-0.6605306743650393,-0.9787745141326066,0.3796721288811475,-0.9614863916702531,1.1532535902386967,-0.7395409349989445,0.1322385821163929,-1.1505541015749308,3.0,-1.584178240646517,0.24198831185855807,-0.6989208554380613,0.9316033855643254,0.33809616377248186,-1.1262199384722393,-0.6791456840737199,1.3709684911040947,-0.8781534100649921,-1.5436177824961361,-0.4567500973473325,-1.742399228925451,0.0,0.0,0.0,1.0,-0.5703878674977433,0.0,1.0,1.0,0.0,0.0,0.0,0.0,1.0,0.0,1.0,0.0,0.0,0.0,0.0,0.0,1.0,0.0,1.0,1.0,0.0,1.0,0.0
-0.6486681098094882,1.0,0.1772912252259454,0.7166099028849382,0.08504925188071055,0.2546249253678617,0.3005949089230785,0.3796721288811475,-0.9614863916702531,0.24620020465769926,-1.1355852913846798,-0.6828168296701794,-0.8772324258614291,3.0,0.26623257679518353,0.24198831185855807,-1.2467652372251439,1.707499689688721,-1.0778621289498782,-0.9257424246003343,-0.058284890797371494,-0.562410526103124,1.5977058416242167,0.2983229624701303,0.037670111121429345,1.2709772847514702,0.0,0.0,1.0,0.0,-0.6967387878037509,1.0,0.0,0.0,0.0,1.0,0.0,0.0,1.0,0.0,1.0,0.0,0.0,0.0,0.0,0.0,1.0,0.0,0.0,1.0,0.0,0.0,0.0
0.008342998196906572,0.0,-1.0796136056307866,1.950552221311621,-0.8916882501868245,0.2546249253678617,-0.6835354165043717,-1.0261667362455194,-0.05778754527941421,1.1532535902386967,0.40165146168386995,1.7623494056895375,-0.6039107501479274,3.0,0.26623257679518353,1.4159910129545328,-0.2880375690977493,-0.6201892226844657,0.33809616377248186,-0.12383236911271409,-0.3687152874355457,-0.6931745571836031,-0.347612141845876,0.0638941403835146,1.026510528058953,-0.7379370428425979,0.0,0.0,0.0,1.0,-0.6611613586064018,0.0,1.0,0.0,0.0,1.0,0.0,0.0,0.0,0.0,0.0,0.0,0.0,0.0,0.0,0.0,0.0,0.0,0.0,1.0,0.0,0.0,1.0
-1.0866755151470848,0.0,-1.496102780352544,-0.3939381836990763,0.08504925188071055,1.1697805251007627,-0.5359158676902541,-1.0261667362455194,-0.9614863916702531,0.24620020465769926,-0.8942765050417744,-0.6828168296701794,-0.6039107501479274,3.0,0.26623257679518353,0.24198831185855807,-0.9728430463316026,-2.171981830933257,0.33809616377248186,-0.5247873968565242,-0.058284890797371494,-0.6280488750999119,0.6073621409485332,0.767180606643362,1.026510528058953,-0.23570720537576498,0.0,0.0,1.0,0.0,-0.5728101315142482,0.0,1.0,1.0,0.0,0.0,0.0,0.0,1.0,0.0,0.0,0.0,0.0,0.0,1.0,0.0,1.0,0.0,0.0,0.0,0.0,0.0,0.0
-0.3201625558062908,0.0,1.4812989984619238,-0.02375548817107146,-1.8684257522543597,-0.6605306743650393,0.20218187638033347,0.3796721288811475,-0.05778754527941421,0.24620020465769926,-1.1923638293477163,-0.6828168296701794,1.3093409798465847,4.0,-1.584178240646517,-0.9320143892374165,-0.6989208554380613,0.1557070814399298,-1.0778621289498782,-0.12383236911271409,-0.3687152874355457,-0.5073932867034134,-0.347612141845876,0.9681195970033181,-1.4455905142848562,0.7687562362816817,1.0,0.0,0.0,0.0,-0.4432333355169643,0.0,1.0,1.0,0.0,0.0,0.0,0.0,0.0,0.0,0.0,0.0,0.0,0.0,0.0,0.0,1.0,0.0,0.0,1.0,0.0,0.0,1.0
-0.2106607044718917,0.0,-0.6804781465224358,-0.14714972001373974,1.0617867539482457,0.2546249253678617,1.6783773645215088,0.3796721288811475,-0.9614863916702531,0.24620020465769926,-1.0126119727766179,-0.6828168296701794,0.4893759527060795,3.0,-0.6589728319256667,-0.9320143892374165,-0.6989208554380613,-0.6201892226844657,-2.4938204216722384,-0.32430988298461916,-0.3687152874355457,0.05979554822107949,-0.25918859714269,0.4657721211034274,-0.9511703058160944,0.6683092141052549,0.0,0.0,0.0,0.0,-0.4997783028100471,0.0,1.0,0.0,0.0,0.0,0.0,1.0,1.0,1.0,0.0,0.0,0.0,0.0,0.0,0.0,0.0,1.0,0.0,1.0,0.0,1.0,0.0
-0.8676718124782865,1.0,-0.977970414180834,1.7037637576262845,-1.8684257522543597,1.1697805251007627,-1.0279810304039791,-1.0261667362455194,0.8459113011114247,-1.5679065665042957,-0.4428590200485231,-0.6828168296701794,-0.6039107501479274,3.0,-1.584178240646517,0.24198831185855807,-0.014115378204207997,0.1557070814399298,-2.4938204216722384,0.8785552002468112,0.2521455058408027,0.17260844436997735,0.050293809318461155,1.1774310452949392,-1.940010722753618,0.4491562918855226,1.0,1.0,0.0,0.0,-0.6082320468128851,0.0,1.0,1.0,0.0,0.0,0.0,0.0,0.0,0.0,0.0,0.0,0.0,0.0,0.0,0.0,1.0,0.0,0.0,0.0,0.0,0.0,1.0
0.33684855220010396,0.0,-0.5193365015408035,-0.02375548817107146,1.0617867539482457,-0.6605306743650393,1.0878991692650386,0.3796721288811475,0.8459113011114247,0.24620020465769926,-0.07464176890209777,2.373640964529467,0.4893759527060795,3.0,0.26623257679518353,-0.9320143892374165,1.2185344808167278,0.1557070814399298,-1.0778621289498782,2.2818977973501466,-0.058284890797371494,-0.4588861060508049,-0.4872282650614329,0.9681195970033181,-0.4567500973473325,-0.5705253764155677,0.0,0.0,0.0,0.0,0.04015162463308983,1.0,0.0,0.0,0.0,1.0,0.0,0.0,0.0,0.0,0.0,0.0,0.0,1.0,0.0,0.0,0.0,1.0,0.0,1.0,0.0,0.0,0.0
0.5558522548689022,1.0,-0.7969959513553084,0.3464272073569334,0.08504925188071055,0.2546249253678617,-1.0771875466753518,0.3796721288811475,1.7496101475022634,-1.5679065665042957,-1.6676732733848196,-1.0903445355634656,-0.8772324258614291,3.0,-0.6589728319256667,-0.9320143892374165,1.4924566717102692,-0.6201892226844657,-1.0778621289498782,2.2818977973501466,3.3564494722225446,2.864945754452169,1.3163581993868068,1.1646903484424058,-1.4455905142848562,-0.45094630937753627,1.0,1.0,0.0,0.0,-0.14090339917411437,1.0,0.0,1.0,0.0,0.0,0.0,0.0,1.0,0.0,0.0,0.0,0.0,0.0,0.0,0.0,0.0,1.0,1.0,1.0,0.0,0.0,0.0
0.5558522548689022,0.0,-0.3854649810945244,-0.6407266473844129,1.0617867539482457,-0.6605306743650393,-1.0279810304039791,0.3796721288811475,-0.05778754527941421,-1.5679065665042957,-1.6949382148819214,1.7623494056895375,-0.6039107501479274,3.0,1.1914379855160337,-0.9320143892374165,-0.2880375690977493,0.1557070814399298,1.754054456494842,-0.12383236911271409,-0.3687152874355457,-0.7417465343421467,-0.347612141845876,0.0638941403835146,0.037670111121429345,0.2665251432402553,1.0,0.0,0.0,0.0,-0.15785924728964915,0.0,1.0,0.0,1.0,0.0,0.0,0.0,1.0,0.0,0.0,0.0,0.0,0.0,0.0,0.0,0.0,1.0,0.0,1.0,0.0,0.0,1.0
-0.2106607044718917,0.0,0.44503426611850366,-1.0109093429124179,1.0617867539482457,1.1697805251007627,-0.3882963188761366,-1.0261667362455194,-0.9614863916702531,0.24620020465769926,0.2848619442400992,1.3548216997962514,-0.8772324258614291,3.0,-0.6589728319256667,0.24198831185855807,-0.15107647365097865,-0.6201892226844657,0.33809616377248186,0.27712265863109603,-0.3687152874355457,-0.8780642431981802,-0.46551020145012406,0.5114400734579629,0.5320903195901912,-1.742399228925451,0.0,0.0,0.0,0.0,-0.09700924588347663,0.0,1.0,0.0,0.0,1.0,0.0,0.0,1.0,0.0,1.0,0.0,0.0,0.0,0.0,0.0,1.0,0.0,0.0,1.0,0.0,0.0,0.0
-1.4151810691502822,0.0,-0.806912360277255,1.827157989468953,0.08504925188071055,1.1697805251007627,-0.8311549653184892,0.3796721288811475,-0.9614863916702531,-0.6608531809232983,-1.1108500867275153,2.1698771115828235,1.855984331273588,4.0,1.1914379855160337,-0.9320143892374165,-0.6989208554380613,-0.6201892226844657,0.33809616377248186,-0.5247873968565242,-0.3687152874355457,0.3226753226832976,-0.13539563455822945,-0.036575354796463615,1.026510528058953,0.517638806399078,0.0,0.0,0.0,0.0,-0.7086883620594833,0.0,1.0,0.0,0.0,1.0,0.0,0.0,1.0,0.0,1.0,0.0,0.0,0.0,0.0,0.0,0.0,1.0,0.0,0.0,0.0,1.0,0.0
-0.9771736638126857,1.0,1.6920226880532891,0.3464272073569334,-1.8684257522543597,0.2546249253678617,0.645040522822686,0.3796721288811475,-0.9614863916702531,1.1532535902386967,1.2145402329170472,-0.6828168296701794,-1.1505541015749308,3.0,1.1914379855160337,-0.9320143892374165,-1.3837263326719145,0.9316033855643254,-1.0778621289498782,-1.1262199384722393,-0.6791456840737199,-0.6476011599782103,-0.8781534100649921,-0.2877490927464089,1.026510528058953,1.270962218019569,0.0,0.0,1.0,0.0,-0.6779022734359649,0.0,1.0,1.0,0.0,0.0,0.0,0.0,0.0,0.0,1.0,0.0,0.0,0.0,0.0,0.0,1.0,0.0,1.0,0.0,0.0,0.0,0.0
-1.1961773664814839,0.0,1.4416333627741373,-0.7641208792270812,1.0617867539482457,-1.5756862740979403,0.7926600716368035,1.7855109940078144,-0.9614863916702531,1.1532535902386967,-0.12537704663639532,-0.6828168296701794,1.855984331273588,4.0,-0.6589728319256667,0.24198831185855807,-0.42499866454451996,-0.6201892226844657,0.33809616377248186,0.27712265863109603,-0.6791456840737199,1.0606952350958858,-0.8781534100649921,1.079752369425516,-0.4567500973473325,0.8943151081711811,0.0,0.0,0.0,0.0,-0.11191128704417194,0.0,1.0,0.0,0.0,1.0,0.0,0.0,1.0,0.0,1.0,0.0,0.0,0.0,0.0,0.0,1.0,0.0,0.0,0.0,0.0,1.0,0.0
-0.7581699611438873,0.0,0.12275097615523907,0.09963874367159682,0.08504925188071055,0.2546249253678617,0.3005949089230785,-1.0261667362455194,-0.05778754527941421,0.24620020465769926,-1.6312731710768333,-0.6828168296701794,0.7626976284195812,3.0,-1.584178240646517,0.24198831185855807,-0.15107647365097865,0.1557070814399298,0.33809616377248186,0.6780776863749062,-0.3687152874355457,-0.14517288248182922,-0.5405362393801,1.1507914064214602,-0.4567500973473325,-0.8383826587741743,1.0,0.0,0.0,0.0,-0.4267169065638603,0.0,1.0,0.0,1.0,0.0,0.0,0.0,1.0,0.0,0.0,0.0,0.0,0.0,0.0,0.0,1.0,0.0,0.0,0.0,0.0,0.0,1.0
0.33684855220010396,0.0,0.2467060876795716,2.0739464531542895,-0.8916882501868245,0.2546249253678617,1.2847252343505287,-1.0261667362455194,-0.05778754527941421,1.1532535902386967,0.9683125138298192,0.1322385821163929,-0.6039107501479274,3.0,1.1914379855160337,0.24198831185855807,0.6706900990296453,0.1557070814399298,-2.4938204216722384,-1.1262199384722393,-0.6791456840737199,1.0590584771573976,-0.8781534100649921,-1.839116297731366,0.5320903195901912,1.270962218019569,0.0,0.0,0.0,1.0,-0.6963334660823661,1.0,0.0,0.0,0.0,1.0,0.0,0.0,0.0,0.0,0.0,0.0,0.0,0.0,1.0,0.0,1.0,0.0,1.0,1.0,0.0,1.0,0.0
-0.2106607044718917,0.0,0.0409406025491796,-0.8875151110697495,0.08504925188071055,0.2546249253678617,-1.0771875466753518,-1.0261667362455194,0.8459113011114247,-0.6608531809232983,0.7413389029132249,-0.27528912377689324,0.7626976284195812,3.0,-0.6589728319256667,0.24198831185855807,0.5337290035828746,-0.6201892226844657,1.754054456494842,0.07664514475919097,1.1834366957553253,1.1853609683308328,1.907188248085368,-0.5075261134526111,0.037670111121429345,1.2709880467950734,0.0,0.0,0.0,0.0,1.3284123856958092,0.0,1.0,1.0,0.0,0.0,0.0,0.0,1.0,0.0,0.0,0.0,1.0,0.0,0.0,0.0,0.0,0.0,0.0,1.0,0.0,0.0,0.0
-0.3201625558062908,0.0,-0.33092473202381806,-1.0109093429124179,0.08504925188071055,1.1697805251007627,1.5307578157073911,-1.0261667362455194,-0.05778754527941421,-1.5679065665042957,1.608054852462845,-1.0903445355634656,1.3093409798465847,4.0,0.26623257679518353,-0.9320143892374165,0.39676790813610396,0.1557070814399298,0.33809616377248186,1.2795102279906212,0.5625759024789769,-0.8427780780663289,0.18292912637324013,1.0016094287299777,0.037670111121429345,0.34379333746760604,0.0,0.0,0.0,0.0,0.8607573578820448,1.0,0.0,0.0,0.0,1.0,0.0,0.0,1.0,0.0,0.0,0.0,0.0,0.0,0.0,0.0,0.0,1.0,0.0,1.0,0.0,0.0,1.0
-0.2106607044718917,0.0,-0.41273510562987753,-0.6407266473844129,1.0617867539482457,1.1697805251007627,-0.9295679978612341,-1.0261667362455194,-0.9614863916702531,1.1532535902386967,1.7179578640645645,-0.6828168296701794,-0.6039107501479274,3.0,-0.6589728319256667,0.24198831185855807,-1.2467652372251439,-0.6201892226844657,1.754054456494842,-0.9257424246003343,-0.058284890797371494,-0.7722485084901785,1.5977058416242167,0.2983229624701303,1.520930736527715,1.2709772847514702,0.0,0.0,0.0,0.0,-0.5029656838360846,1.0,0.0,0.0,0.0,0.0,1.0,0.0,1.0,0.0,1.0,0.0,0.0,0.0,0.0,0.0,1.0,0.0,0.0,1.0,0.0,0.0,0.0
0.6653541062033014,1.0,1.4118841360082974,-0.02375548817107146,0.08504925188071055,-1.5756862740979403,0.9402796204509211,-2.432005601372186,-0.05778754527941421,0.24620020465769926,-0.6779840052271374,2.1698771115828235,-0.6039107501479274,3.0,-0.6589728319256667,-0.9320143892374165,-0.5619597599912906,-0.6201892226844657,-1.0778621289498782,-0.5247873968565242,-0.3687152874355457,-0.6616723477607548,-0.13539563455822945,-0.2877490927464089,-1.4455905142848562,0.517638806399078,1.0,0.0,0.0,0.0,-0.46608313196336376,0.0,1.0,0.0,1.0,0.0,0.0,0.0,0.0,0.0,0.0,0.0,0.0,0.0,0.0,0.0,0.0,1.0,0.0,1.0,0.0,0.0,1.0
-0.5391662584750891,0.0,0.14754199846010557,-0.8875151110697495,-1.8684257522543597,0.2546249253678617,0.4974209740085685,0.3796721288811475,-0.9614863916702531,-1.5679065665042957,0.08908842101606464,-0.6828168296701794,-0.8772324258614291,3.0,0.26623257679518353,2.5899937140505074,-1.3837263326719145,0.1557070814399298,0.33809616377248186,-1.1262199384722393,-0.6791456840737199,0.2221954039890491,-0.8781534100649921,-0.2877490927464089,-0.4567500973473325,-1.742399228925451,1.0,0.0,1.0,0.0,-0.21291401046666233,0.0,0.0,1.0,0.0,0.0,0.0,0.0,0.0,0.0,0.0,0.0,0.0,0.0,0.0,1.0,0.0,0.0,0.0,1.0,0.0,0.0,0.0
2.08887817355049,0.0,-0.20944872272997214,-0.6407266473844129,1.0617867539482457,1.1697805251007627,1.2847252343505287,0.3796721288811475,2.6533089938931025,-1.5679065665042957,0.5989709351989773,0.5397662880096791,-0.6039107501479274,3.0,1.1914379855160337,0.24198831185855807,2.314223244390893,-0.6201892226844657,0.33809616377248186,-0.32430988298461916,0.5625759024789769,0.46653635545137645,1.5977058416242167,-1.439683821965124,0.5320903195901912,-0.5370450074100981,0.0,0.0,0.0,1.0,1.6785689584133694,0.0,1.0,0.0,0.0,0.0,0.0,1.0,0.0,0.0,0.0,1.0,0.0,0.0,0.0,0.0,0.0,0.0,0.0,0.0,1.0,0.0,0.0
-0.8676718124782865,0.0,1.4837781006924105,-0.3939381836990763,-1.8684257522543597,-0.6605306743650393,-0.5851223839616266,0.3796721288811475,-0.9614863916702531,1.1532535902386967,1.6905523816319108,-0.6828168296701794,-0.6039107501479274,3.0,-1.584178240646517,0.24198831185855807,-0.15107647365097865,1.707499689688721,0.33809616377248186,0.6780776863749062,-0.6791456840737199,-0.09520715506186202,-0.8781534100649921,1.1507914064214602,-0.4567500973473325,0.668311624811287,0.0,0.0,1.0,0.0,-0.5202981769479886,0.0,1.0,0.0,0.0,1.0,0.0,0.0,0.0,0.0,1.0,0.0,0.0,0.0,0.0,0.0,1.0,0.0,0.0,0.0,0.0,1.0,0.0
-1.9626903258222779,0.0,-0.39042318555549765,-0.02375548817107146,-0.8916882501868245,0.2546249253678617,-0.5851223839616266,0.3796721288811475,-0.9614863916702531,-1.5679065665042957,-1.0036173529012853,-0.6828168296701794,2.675949358414093,4.0,0.26623257679518353,-0.9320143892374165,-1.3837263326719145,0.9316033855643254,0.33809616377248186,-1.1262199384722393,-0.6791456840737199,-0.616401293804455,-0.8781534100649921,-0.2877490927464089,-0.4567500973473325,1.270962218019569,0.0,0.0,0.0,0.0,-0.639567727809125,0.0,1.0,1.0,0.0,0.0,0.0,0.0,1.0,0.0,0.0,0.0,0.0,0.0,1.0,0.0,0.0,1.0,0.0,0.0,0.0,0.0,0.0
0.8843578088720997,0.0,1.6226078255996628,-0.270543951856408,0.08504925188071055,-1.5756862740979403,0.841866587908176,0.3796721288811475,-0.9614863916702531,0.24620020465769926,0.8132958619158851,0.5397662880096791,1.036019304133083,3.0,0.26623257679518353,0.24198831185855807,-0.5619597599912906,-0.6201892226844657,-1.0778621289498782,-0.7252649107284292,-0.6791456840737199,1.108336705715099,-0.8781534100649921,-0.7273031341588134,-0.9511703058160944,0.2665217950441287,0.0,0.0,0.0,1.0,-0.4505446494614304,0.0,1.0,0.0,0.0,1.0,0.0,0.0,0.0,0.0,0.0,0.0,0.0,0.0,1.0,0.0,1.0,0.0,1.0,1.0,0.0,1.0,0.0
0.008342998196906572,0.0,0.43263875496607046,-1.0109093429124179,0.08504925188071055,1.1697805251007627,-0.4867093514188816,-1.0261667362455194,-0.05778754527941421,1.1532535902386967,-0.6116486836465601,-0.6828168296701794,-0.6039107501479274,3.0,-0.6589728319256667,0.24198831185855807,0.39676790813610396,-0.6201892226844657,-1.0778621289498782,1.4799877418625262,0.2521455058408027,-0.3267505612981366,-0.13539563455822945,1.2360382508165935,0.5320903195901912,-0.020462412846325703,0.0,0.0,0.0,1.0,1.211886702730928,0.0,1.0,1.0,0.0,0.0,0.0,0.0,0.0,0.0,0.0,0.0,1.0,0.0,0.0,0.0,1.0,0.0,0.0,1.0,0.0,0.0,1.0
-1.8531884744878788,0.0,0.006233171322366485,-0.7641208792270812,0.08504925188071055,-1.5756862740979403,1.038692652993666,-1.0261667362455194,-0.9614863916702531,0.24620020465769926,-0.20871782141877326,-0.6828168296701794,-0.8772324258614291,3.0,-1.584178240646517,-0.9320143892374165,-1.2467652372251439,-0.6201892226844657,-1.0778621289498782,-0.9257424246003343,-0.3687152874355457,-0.18308801948037198,0.3597762157796122,0.2983229624701303,-1.940010722753618,1.2709772847514702,0.0,0.0,0.0,0.0,-0.32721473589713435,0.0,1.0,1.0,0.0,0.0,0.0,0.0,1.0,0.0,1.0,0.0,0.0,0.0,0.0,0.0,0.0,1.0,0.0,0.0,0.0,1.0,0.0
0.7748559575377005,1.0,0.7301310226244685,0.09963874367159682,1.0617867539482457,0.2546249253678617,1.4815512994360187,0.3796721288811475,-0.9614863916702531,0.24620020465769926,-0.49008077439401887,-0.6828168296701794,-1.1505541015749308,3.0,0.26623257679518353,-0.9320143892374165,-0.6989208554380613,0.9316033855643254,0.33809616377248186,-0.12383236911271409,-0.6791456840737199,-0.2723496616925026,-0.8781534100649921,0.9681195970033181,0.5320903195901912,0.2665251432402553,0.0,0.0,0.0,0.0,-0.6322973380307251,0.0,1.0,1.0,0.0,0.0,0.0,0.0,1.0,0.0,0.0,0.0,0.0,0.0,1.0,0.0,0.0,1.0,1.0,1.0,0.0,1.0,0.0
1.7603726195472926,0.0,1.0424979036657867,-0.270543951856408,-0.8916882501868245,1.1697805251007627,-0.7819484490471167,0.3796721288811475,2.6533089938931025,0.24620020465769926,0.6081060960098619,0.1322385821163929,0.7626976284195812,3.0,-0.6589728319256667,0.24198831185855807,2.040301053497352,2.4833959938131165,0.33809616377248186,0.07664514475919097,0.5625759024789769,0.2406450027740728,0.9787410287019146,-1.134297616948077,0.5320903195901912,1.2709880467950734,0.0,0.0,0.0,1.0,0.6460748274107779,0.0,1.0,0.0,0.0,1.0,0.0,0.0,0.0,0.0,0.0,1.0,0.0,0.0,0.0,0.0,0.0,0.0,0.0,0.0,1.0,0.0,0.0
-0.8676718124782865,0.0,0.34587017689903765,0.7166099028849382,-1.8684257522543597,-0.6605306743650393,0.15297536010896096,-2.432005601372186,-0.9614863916702531,1.1532535902386967,1.7736120745431845,-1.0903445355634656,0.7626976284195812,3.0,-1.584178240646517,0.24198831185855807,-0.6989208554380613,-0.6201892226844657,-1.0778621289498782,-0.32430988298461916,-0.3687152874355457,-0.9604529259164077,-0.25918859714269,0.4657721211034274,-0.9511703058160944,0.6683092141052549,0.0,0.0,1.0,0.0,-0.7138916580980929,0.0,1.0,1.0,0.0,0.0,0.0,0.0,0.0,0.0,0.0,0.0,0.0,0.0,1.0,0.0,1.0,0.0,1.0,0.0,0.0,0.0,0.0
-1.6341847718190805,1.0,1.124308277271846,-0.7641208792270812,1.0617867539482457,0.2546249253678617,-0.8803614815898617,-1.0261667362455194,-0.9614863916702531,1.1532535902386967,-1.4180725718443419,-1.0903445355634656,-1.1505541015749308,3.0,-0.6589728319256667,0.24198831185855807,-1.3837263326719145,1.707499689688721,0.33809616377248186,-1.3266974523441444,-0.6791456840737199,-0.3467149884250339,-0.8781534100649921,-2.045965258396027,0.5320903195901912,-1.742399228925451,0.0,0.0,0.0,0.0,-0.35515606307343806,1.0,0.0,1.0,0.0,0.0,0.0,0.0,1.0,0.0,0.0,0.0,0.0,0.0,1.0,0.0,1.0,0.0,1.0,0.0,0.0,0.0,0.0
0.9938596602064987,0.0,1.486257202922897,-0.8875151110697495,0.08504925188071055,0.2546249253678617,0.15297536010896096,0.3796721288811475,1.7496101475022634,-1.5679065665042957,1.375037981317512,2.1698771115828235,2.1293060069870897,4.0,-1.584178240646517,-0.9320143892374165,2.314223244390893,-0.6201892226844657,0.33809616377248186,2.2818977973501466,3.977310265498893,-0.022585159882052296,1.1850626330093488,1.1066982110446675,-1.4455905142848562,-0.0039047549466971485,1.0,0.0,0.0,1.0,2.7304460915645596,0.0,1.0,0.0,1.0,0.0,0.0,0.0,0.0,0.0,0.0,1.0,0.0,0.0,0.0,0.0,1.0,0.0,0.0,0.0,1.0,0.0,0.0
0.7748559575377005,0.0,-1.7142637766353692,0.9633983665702748,0.08504925188071055,1.1697805251007627,0.3990079414658235,-2.432005601372186,-0.9614863916702531,0.24620020465769926,-1.410202279453426,-0.27528912377689324,-0.6039107501479274,3.0,1.1914379855160337,-0.9320143892374165,-0.6989208554380613,0.1557070814399298,0.33809616377248186,-1.3266974523441444,-0.6791456840737199,-0.8511448552975063,-0.8781534100649921,-2.045965258396027,1.520930736527715,-1.742399228925451,0.0,0.0,0.0,0.0,-0.7190314824799068,0.0,0.0,1.0,0.0,0.0,0.0,0.0,1.0,0.0,0.0,0.0,0.0,0.0,1.0,0.0,0.0,1.0,0.0,1.0,0.0,0.0,0.0
-0.42966440714069,0.0,-1.6250160963378497,-0.8875151110697495,0.08504925188071055,-0.6605306743650393,1.6291708482501361,0.3796721288811475,-0.9614863916702531,0.24620020465769926,-0.8269573969123324,-0.6828168296701794,-0.6039107501479274,3.0,1.1914379855160337,0.24198831185855807,-0.8358819508848319,-0.6201892226844657,0.33809616377248186,-0.32430988298461916,-0.3687152874355457,-0.4357022324533101,-0.25918859714269,0.8843950176866698,0.5320903195901912,0.6683092141052549,0.0,0.0,0.0,0.0,-0.052924040783086344,0.0,1.0,0.0,0.0,0.0,0.0,0.0,1.0,1.0,0.0,0.0,0.0,0.0,0.0,0.0,1.0,0.0,0.0,1.0,0.0,1.0,0.0
0.4463504035345031,1.0,0.2566224966015182,-0.5173324155417446,-0.8916882501868245,-1.5756862740979403,1.432344783164646,-1.0261667362455194,-0.9614863916702531,-1.5679065665042957,0.8404202624774348,1.3548216997962514,0.4893759527060795,3.0,-1.584178240646517,0.24198831185855807,-0.8358819508848319,-0.6201892226844657,-2.4938204216722384,-1.1262199384722393,-0.6791456840737199,-1.0151069612258585,-0.8781534100649921,-1.4598932031794878,-3.4232713481599037,-1.742399228925451,0.0,0.0,0.0,1.0,-0.5799802604457336,0.0,0.0,1.0,0.0,0.0,0.0,0.0,1.0,0.0,0.0,0.0,0.0,0.0,1.0,0.0,0.0,0.0,0.0,1.0,0.0,0.0,0.0
-0.7581699611438873,0.0,1.3052827400973714,2.4441291486822943,1.0617867539482457,0.2546249253678617,-0.2406767700620191,0.3796721288811475,-0.05778754527941421,-1.5679065665042957,-0.1575609208778195,2.1698771115828235,1.036019304133083,3.0,0.26623257679518353,2.5899937140505074,-0.42499866454451996,0.1557070814399298,0.33809616377248186,-0.5247873968565242,-0.6791456840737199,-1.1777525764607202,-0.8781534100649921,-0.48310644448525547,-0.4567500973473325,0.517638806399078,1.0,1.0,0.0,0.0,-0.7128567941286,0.0,1.0,1.0,0.0,0.0,0.0,0.0,1.0,0.0,0.0,0.0,0.0,0.0,0.0,0.0,0.0,0.0,0.0,0.0,0.0,1.0,0.0
0.33684855220010396,0.0,0.9458129166768071,-0.8875151110697495,1.0617867539482457,-0.6605306743650393,-0.19147025379064658,0.3796721288811475,-0.05778754527941421,-0.6608531809232983,1.5637844577639428,0.9472939939029652,-0.8772324258614291,3.0,1.1914379855160337,2.5899937140505074,-0.8358819508848319,-0.6201892226844657,0.33809616377248186,-1.3266974523441444,-0.6791456840737199,-1.088874421721165,-0.8781534100649921,-2.045965258396027,0.037670111121429345,-1.742399228925451,1.0,0.0,0.0,1.0,0.09754518038115652,1.0,0.0,0.0,0.0,1.0,0.0,0.0,1.0,0.0,0.0,0.0,0.0,0.0,0.0,0.0,1.0,0.0,0.0,1.0,0.0,1.0,0.0
1.4318670655440953,0.0,1.5333601453021435,-0.8875151110697495,0.08504925188071055,1.1697805251007627,-1.7660787744745667,0.3796721288811475,1.7496101475022634,-1.5679065665042957,-0.6778434642915854,-0.27528912377689324,1.855984331273588,4.0,0.26623257679518353,0.24198831185855807,2.3827037921142784,0.1557070814399298,0.33809616377248186,-0.9257424246003343,-0.058284890797371494,0.11392958429390988,1.5977058416242167,-1.8328481474081941,0.037670111121429345,1.2709772847514702,0.0,0.0,0.0,1.0,2.8976801090345847,1.0,0.0,0.0,0.0,1.0,0.0,0.0,0.0,0.0,0.0,1.0,0.0,0.0,0.0,0.0,1.0,0.0,0.0,0.0,1.0,0.0,0.0
-0.9771736638126857,0.0,0.9334174055243739,1.2101868302556114,1.0617867539482457,1.1697805251007627,0.5958340065513135,-1.0261667362455194,-0.9614863916702531,-1.5679065665042957,-0.2619828359930081,-0.6828168296701794,-0.8772324258614291,3.0,0.26623257679518353,2.5899937140505074,-0.6989208554380613,-0.6201892226844657,0.33809616377248186,-0.12383236911271409,0.2521455058408027,-0.03691882662101361,0.7134703945923563,0.9681195970033181,0.037670111121429345,0.7687562362816817,0.0,1.0,1.0,0.0,-0.6988033414228888,0.0,1.0,0.0,0.0,1.0,0.0,0.0,1.0,0.0,1.0,0.0,0.0,0.0,0.0,0.0,1.0,0.0,0.0,0.0,0.0,1.0,0.0
0.9938596602064987,0.0,1.6052541099862563,0.7166099028849382,-0.8916882501868245,1.1697805251007627,-0.6835354165043717,0.3796721288811475,2.6533089938931025,-0.6608531809232983,-0.48684833287632123,0.9472939939029652,-1.1505541015749308,3.0,-1.584178240646517,0.24198831185855807,1.903339958050581,-0.6201892226844657,0.33809616377248186,-0.5247873968565242,-0.6791456840737199,0.5517478305358059,-0.8781534100649921,-1.5049756689653753,-0.4567500973473325,-0.23570720537576498,0.0,0.0,0.0,1.0,-0.05754212124694765,0.0,1.0,1.0,0.0,0.0,0.0,0.0,1.0,0.0,0.0,0.0,0.0,1.0,0.0,0.0,1.0,0.0,0.0,0.0,1.0,0.0,0.0
-0.2106607044718917,0.0,1.3846140114729444,0.9633983665702748,1.0617867539482457,0.2546249253678617,1.3831382668932737,0.3796721288811475,-0.05778754527941421,-1.5679065665042957,0.9434367682371027,0.1322385821163929,-0.057267398720923963,3.0,1.1914379855160337,2.5899937140505074,0.5337290035828746,-0.6201892226844657,0.33809616377248186,0.07664514475919097,-0.3687152874355457,0.8559640680750493,-0.4139298003732655,-0.5075261134526111,0.037670111121429345,1.2709880467950734,1.0,1.0,0.0,0.0,-0.4887397538021246,0.0,1.0,1.0,0.0,0.0,0.0,0.0,1.0,0.0,0.0,0.0,0.0,0.0,0.0,0.0,1.0,0.0,1.0,1.0,0.0,0.0,0.0
-1.4151810691502822,1.0,0.449992470579477,0.9633983665702748,-0.8916882501868245,1.1697805251007627,1.5307578157073911,0.3796721288811475,-0.9614863916702531,-0.6608531809232983,-1.5376729079991542,-0.6828168296701794,-0.6039107501479274,3.0,-1.584178240646517,0.24198831185855807,-1.3837263326719145,0.1557070814399298,-2.4938204216722384,-1.1262199384722393,-0.6791456840737199,-0.9211079318929606,-0.8781534100649921,-0.2877490927464089,-1.4455905142848562,-1.742399228925451,0.0,0.0,1.0,0.0,-0.7217911197318873,0.0,1.0,1.0,0.0,0.0,0.0,0.0,0.0,0.0,1.0,0.0,0.0,0.0,0.0,0.0,1.0,0.0,0.0,0.0,0.0,0.0,0.0
-0.42966440714069,0.0,0.8516070319183144,1.950552221311621,0.08504925188071055,-0.6605306743650393,0.7926600716368035,0.3796721288811475,-0.05778754527941421,0.24620020465769926,-1.3222236537978298,-0.6828168296701794,-0.8772324258614291,3.0,-1.584178240646517,0.24198831185855807,-0.15107647365097865,0.1557070814399298,-1.0778621289498782,0.6780776863749062,-0.6791456840737199,-0.9999962669816097,-0.8781534100649921,1.1507914064214602,-1.4455905142848562,0.3669727680941946,1.0,0.0,0.0,0.0,-0.6896280782595248,1.0,0.0,0.0,0.0,1.0,0.0,0.0,0.0,0.0,0.0,0.0,0.0,0.0,0.0,0.0,1.0,0.0,0.0,1.0,0.0,1.0,0.0
-0.10115885313749257,0.0,0.28389262113687136,-0.3939381836990763,1.0617867539482457,0.2546249253678617,-0.2898832863333916,-2.432005601372186,-0.9614863916702531,0.24620020465769926,-1.0467634201157712,-0.6828168296701794,-0.3305890744344257,3.0,0.26623257679518353,0.24198831185855807,-0.5619597599912906,0.9316033855643254,0.33809616377248186,0.07664514475919097,-0.3687152874355457,-0.4449371257069525,-0.4139298003732655,1.0309130314908046,0.5320903195901912,1.2709880467950734,0.0,0.0,0.0,1.0,-0.5548922010710313,0.0,1.0,1.0,0.0,0.0,0.0,0.0,1.0,0.0,1.0,0.0,0.0,0.0,0.0,0.0,0.0,0.0,0.0,1.0,0.0,0.0,0.0
-0.7581699611438873,0.0,0.12523007838572572,-0.270543951856408,1.0617867539482457,0.2546249253678617,-0.8311549653184892,0.3796721288811475,-0.05778754527941421,0.24620020465769926,-0.4221995025223687,-0.6828168296701794,-0.6039107501479274,3.0,-1.584178240646517,2.5899937140505074,-0.15107647365097865,0.9316033855643254,-1.0778621289498782,0.6780776863749062,1.8042974890316739,0.22762051014899093,1.822783955414145,1.1507914064214602,-0.9511703058160944,0.3669727680941946,0.0,0.0,1.0,0.0,-0.5270728400054178,0.0,1.0,1.0,0.0,0.0,0.0,0.0,1.0,0.0,1.0,0.0,0.0,0.0,0.0,0.0,0.0,0.0,0.0,0.0,0.0,1.0,0.0
0.7748559575377005,0.0,-1.4936236781220573,2.4441291486822943,1.0617867539482457,1.1697805251007627,-1.6676657419318217,0.3796721288811475,-0.05778754527941421,1.1532535902386967,-0.9232279377655009,-0.6828168296701794,2.675949358414093,4.0,-0.6589728319256667,-0.9320143892374165,1.2185344808167278,0.1557070814399298,0.33809616377248186,2.2818977973501466,3.3564494722225446,1.1656786444004243,1.4208587522178449,1.3030179142699119,1.026510528058953,-0.0850346883000021,0.0,0.0,0.0,0.0,-0.704039753108522,0.0,1.0,0.0,0.0,0.0,1.0,0.0,1.0,0.0,0.0,0.0,0.0,0.0,1.0,0.0,0.0,1.0,0.0,1.0,0.0,1.0,0.0
-1.8531884744878788,0.0,-0.3681112654811178,1.456975293940948,0.08504925188071055,0.2546249253678617,-1.1263940629467242,1.7855109940078144,-0.9614863916702531,1.1532535902386967,-1.3018452181427795,-0.6828168296701794,0.4893759527060795,3.0,1.1914379855160337,-0.9320143892374165,-1.2467652372251439,-0.6201892226844657,0.33809616377248186,-0.9257424246003343,-0.058284890797371494,0.057483388096669495,1.5977058416242167,0.2983229624701303,1.520930736527715,-0.2357109720869905,1.0,0.0,0.0,0.0,-0.72244339762781,0.0,1.0,0.0,1.0,0.0,0.0,0.0,1.0,0.0,0.0,0.0,0.0,0.0,0.0,1.0,0.0,1.0,0.0,0.0,0.0,0.0,0.0
0.9938596602064987,0.0,-1.6175787896463898,-0.8875151110697495,1.0617867539482457,1.1697805251007627,-0.2898832863333916,0.3796721288811475,-0.05778754527941421,1.1532535902386967,0.4384731867985125,-0.27528912377689324,-1.1505541015749308,3.0,0.26623257679518353,0.24198831185855807,0.12284571724256264,0.1557070814399298,-1.0778621289498782,-0.12383236911271409,-0.3687152874355457,0.033370737205605114,-0.347612141845876,-0.42299649010407175,1.026510528058953,-0.23570594980117132,0.0,0.0,0.0,1.0,0.7292261473595187,0.0,1.0,0.0,0.0,0.0,0.0,1.0,1.0,0.0,0.0,0.0,1.0,0.0,0.0,0.0,0.0,0.0,0.0,0.0,1.0,0.0,1.0
0.5558522548689022,0.0,-1.545684824962277,-0.8875151110697495,2.038524256015781,1.1697805251007627,0.645040522822686,1.7855109940078144,-0.05778754527941421,-1.5679065665042957,-0.20450159335221113,1.7623494056895375,0.21605427699257776,3.0,-1.584178240646517,0.24198831185855807,-0.15107647365097865,0.1557070814399298,1.754054456494842,-0.5247873968565242,-0.6791456840737199,1.3955150150736182,-0.8781534100649921,-0.767262592469032,-0.4567500973473325,0.517638806399078,0.0,0.0,0.0,1.0,0.5001072645138284,0.0,0.0,0.0,0.0,1.0,0.0,0.0,1.0,1.0,0.0,0.0,0.0,0.0,0.0,0.0,1.0,0.0,0.0,1.0,0.0,0.0,1.0
2.526885578888087,0.0,-0.2639889718006785,-0.270543951856408,1.0617867539482457,-0.6605306743650393,-0.6835354165043717,1.7855109940078144,-0.05778754527941421,1.1532535902386967,-0.48066453171203016,-1.0903445355634656,0.7626976284195812,3.0,-0.6589728319256667,0.24198831185855807,0.12284571724256264,0.1557070814399298,0.33809616377248186,0.8785552002468112,-0.3687152874355457,-0.7144961567097358,-0.568671003603841,0.9294774834725573,0.037670111121429345,0.17521185178415083,1.0,0.0,0.0,1.0,-0.39287685476144807,0.0,1.0,0.0,1.0,0.0,0.0,0.0,1.0,0.0,0.0,0.0,0.0,0.0,0.0,0.0,0.0,0.0,1.0,0.0,1.0,0.0,1.0
-0.5391662584750891,0.0,-1.701868265482936,0.4698214391996017,0.08504925188071055,0.2546249253678617,0.5466274902799411,-1.0261667362455194,-0.9614863916702531,-0.6608531809232983,-0.9812713441485061,-0.6828168296701794,1.3093409798465847,4.0,0.26623257679518353,0.24198831185855807,-1.2467652372251439,-0.6201892226844657,0.33809616377248186,-0.9257424246003343,-0.058284890797371494,-0.4431436386780035,1.5977058416242167,0.2983229624701303,0.037670111121429345,1.2709772847514702,0.0,0.0,1.0,0.0,-0.6763704473184851,1.0,0.0,0.0,0.0,0.0,1.0,0.0,0.0,0.0,1.0,0.0,0.0,0.0,0.0,0.0,1.0,0.0,0.0,1.0,0.0,0.0,0.0
-0.5391662584750891,0.0,1.2730544111010451,-0.8875151110697495,-0.8916882501868245,1.1697805251007627,-1.3724266443035866,0.3796721288811475,-0.05778754527941421,0.24620020465769926,-1.6829922353599953,0.5397662880096791,-0.3305890744344257,3.0,1.1914379855160337,-0.9320143892374165,-0.15107647365097865,-0.6201892226844657,0.33809616377248186,0.27712265863109603,-0.6791456840737199,1.5751359253253268,-0.8781534100649921,0.5114400734579629,1.520930736527715,0.8943151081711811,0.0,0.0,0.0,0.0,0.2364239250870809,1.0,0.0,1.0,0.0,0.0,0.0,0.0,0.0,0.0,0.0,0.0,0.0,0.0,1.0,0.0,0.0,1.0,1.0,1.0,0.0,0.0,1.0
-0.10115885313749257,0.0,-1.0895300145527331,-1.0109093429124179,0.08504925188071055,0.2546249253678617,0.5466274902799411,-2.432005601372186,0.8459113011114247,-1.5679065665042957,-1.416386080617717,-0.27528912377689324,1.5826626555600865,4.0,0.26623257679518353,0.24198831185855807,0.8076511944764159,-0.6201892226844657,0.33809616377248186,0.07664514475919097,1.4938670923934996,1.1766066384224543,2.3714118577770944,-0.6784637962241018,-0.4567500973473325,1.2709880467950734,0.0,0.0,0.0,1.0,2.384801525753988,0.0,1.0,0.0,0.0,0.0,0.0,1.0,0.0,0.0,0.0,0.0,1.0,0.0,0.0,0.0,0.0,0.0,1.0,1.0,0.0,0.0,0.0
-0.42966440714069,0.0,-1.6993891632524494,-0.02375548817107146,0.08504925188071055,-1.5756862740979403,-0.2898832863333916,0.3796721288811475,-0.9614863916702531,1.1532535902386967,-1.1246230984116183,-1.0903445355634656,-0.6039107501479274,3.0,-0.6589728319256667,0.24198831185855807,0.5337290035828746,1.707499689688721,0.33809616377248186,1.4799877418625262,0.5625759024789769,-0.4112246694460251,0.11219029061069137,1.0309130314908046,-0.4567500973473325,0.4100217911734559,0.0,0.0,1.0,0.0,-0.6253486968682949,0.0,1.0,0.0,0.0,1.0,0.0,0.0,1.0,0.0,0.0,0.0,0.0,0.0,1.0,0.0,1.0,0.0,0.0,1.0,0.0,0.0,0.0
0.33684855220010396,0.0,-1.7241801855573158,0.09963874367159682,0.08504925188071055,-0.6605306743650393,0.8910731041795485,-1.0261667362455194,-0.05778754527941421,-0.6608531809232983,-0.3825669586966848,1.7623494056895375,-0.8772324258614291,3.0,-0.6589728319256667,0.24198831185855807,-0.5619597599912906,-0.6201892226844657,1.754054456494842,-0.32430988298461916,-0.3687152874355457,-0.03030205984674348,-0.25918859714269,0.15180494866599556,-0.4567500973473325,-1.1397221181677746,1.0,0.0,0.0,1.0,-0.4112503941470781,0.0,1.0,0.0,0.0,0.0,0.0,1.0,0.0,0.0,0.0,0.0,0.0,0.0,0.0,0.0,0.0,0.0,0.0,1.0,0.0,0.0,1.0
-1.3056792178158831,0.0,1.3722185003205112,0.09963874367159682,1.0617867539482457,0.2546249253678617,-0.4375028351475091,0.3796721288811475,-0.05778754527941421,1.1532535902386967,0.8867987712096181,-1.0903445355634656,-0.3305890744344257,3.0,-0.6589728319256667,-0.9320143892374165,-0.8358819508848319,0.9316033855643254,0.33809616377248186,-0.5247873968565242,-0.3687152874355457,-0.8276900330289809,-0.13539563455822945,0.2983229624701303,0.5320903195901912,0.517638806399078,1.0,0.0,0.0,0.0,-0.5186128270548147,0.0,1.0,1.0,0.0,0.0,0.0,0.0,1.0,0.0,0.0,0.0,0.0,0.0,0.0,0.0,0.0,1.0,0.0,0.0,0.0,0.0,1.0
-0.7581699611438873,0.0,1.6424406434435561,-1.0109093429124179,0.08504925188071055,1.1697805251007627,-0.14226373751927407,0.3796721288811475,-0.9614863916702531,-0.6608531809232983,-0.694848917493386,-1.0903445355634656,1.5826626555600865,4.0,-1.584178240646517,0.24198831185855807,0.12284571724256264,-0.6201892226844657,0.33809616377248186,0.8785552002468112,0.8730062991171511,0.30375762853662686,0.6692586222407634,0.9294774834725573,-0.4567500973473325,0.7231007319868943,0.0,0.0,0.0,0.0,0.31310734522649214,0.0,1.0,0.0,0.0,1.0,0.0,0.0,1.0,0.0,0.0,0.0,0.0,0.0,1.0,0.0,1.0,0.0,1.0,0.0,0.0,1.0,0.0
0.5558522548689022,0.0,-0.8540153026565014,2.0739464531542895,2.038524256015781,-1.5756862740979403,-0.2898832863333916,0.3796721288811475,0.8459113011114247,-1.5679065665042957,1.2603565779070223,0.1322385821163929,0.4893759527060795,3.0,0.26623257679518353,-0.9320143892374165,1.2185344808167278,2.4833959938131165,0.33809616377248186,-1.1262199384722393,-0.6791456840737199,-0.5146502143397113,-0.8781534100649921,-1.8785160997627302,-1.4455905142848562,-1.742399228925451,0.0,1.0,0.0,1.0,-0.49467297389388293,1.0,0.0,0.0,0.0,1.0,0.0,0.0,0.0,0.0,0.0,0.0,0.0,1.0,0.0,0.0,1.0,0.0,1.0,1.0,0.0,0.0,0.0
-0.2106607044718917,0.0,1.0152277791304334,-0.14714972001373974,-0.8916882501868245,0.2546249253678617,0.5958340065513135,-1.0261667362455194,0.8459113011114247,1.1532535902386967,-0.07843637416200369,0.5397662880096791,-1.1505541015749308,3.0,-0.6589728319256667,0.24198831185855807,0.6706900990296453,2.4833959938131165,-1.0778621289498782,1.2795102279906212,0.5625759024789769,1.4475068809878444,0.18292912637324013,0.6430712302445651,0.037670111121429345,-1.2788008808381048,1.0,0.0,0.0,0.0,-0.08210720472278132,0.0,0.0,0.0,1.0,0.0,0.0,0.0,0.0,0.0,0.0,0.0,0.0,0.0,0.0,0.0,1.0,0.0,1.0,1.0,0.0,0.0,0.0
-1.0866755151470848,0.0,0.7450056360073884,0.59321567104227,0.08504925188071055,-1.5756862740979403,-1.1756005792180968,0.3796721288811475,-0.9614863916702531,-1.5679065665042957,0.008980087751384315,-0.6828168296701794,-0.3305890744344257,3.0,1.1914379855160337,1.4159910129545328,-0.2880375690977493,0.1557070814399298,-1.0778621289498782,0.4776001725030011,1.1834366957553253,-0.9004230838552075,1.3501199164552957,1.1188238397732855,-1.4455905142848562,0.6013471740137043,0.0,1.0,1.0,0.0,-0.7055092599452017,0.0,1.0,1.0,0.0,0.0,0.0,0.0,1.0,0.0,0.0,0.0,0.0,0.0,1.0,0.0,1.0,0.0,1.0,0.0,0.0,0.0,0.0
1.869874470881692,0.0,0.4053686304307173,-1.0109093429124179,1.0617867539482457,1.1697805251007627,-0.6343289002329991,0.3796721288811475,0.8459113011114247,0.24620020465769926,-0.6540920461832854,1.7623494056895375,0.4893759527060795,3.0,-1.584178240646517,0.24198831185855807,2.3827037921142784,-0.6201892226844657,-2.4938204216722384,-0.32430988298461916,-0.3687152874355457,1.2760876601085707,-0.25918859714269,-1.5288428567343744,-0.9511703058160944,0.6683092141052549,0.0,0.0,0.0,1.0,2.4624163234659426,1.0,0.0,1.0,0.0,0.0,0.0,0.0,0.0,0.0,0.0,0.0,1.0,0.0,0.0,0.0,0.0,0.0,0.0,0.0,1.0,0.0,0.0
0.7748559575377005,0.0,0.7797130672342015,-0.8875151110697495,-1.8684257522543597,-1.5756862740979403,0.3005949089230785,1.7855109940078144,-0.9614863916702531,1.1532535902386967,0.7967120315207408,-0.6828168296701794,-0.6039107501479274,3.0,1.1914379855160337,0.24198831185855807,-0.15107647365097865,1.707499689688721,0.33809616377248186,0.6780776863749062,1.4938670923934996,-1.1011198692538466,1.4851667847292527,1.1507914064214602,0.5320903195901912,-0.23570494533998976,0.0,0.0,0.0,1.0,-0.38180381028787586,0.0,1.0,1.0,0.0,0.0,0.0,0.0,0.0,0.0,0.0,0.0,0.0,0.0,1.0,0.0,1.0,0.0,0.0,1.0,0.0,0.0,0.0
-1.9626903258222779,1.0,-0.7399766000541155,0.09963874367159682,0.08504925188071055,-1.5756862740979403,1.4815512994360187,-1.0261667362455194,-0.9614863916702531,-0.6608531809232983,-1.147531270906606,-0.6828168296701794,2.675949358414093,4.0,-0.6589728319256667,-0.9320143892374165,-1.3837263326719145,-0.6201892226844657,1.754054456494842,-1.1262199384722393,-0.6791456840737199,-1.2373069736314948,-0.8781534100649921,-0.2877490927464089,-0.9511703058160944,1.270962218019569,0.0,0.0,0.0,0.0,-0.693090892311289,0.0,0.0,0.0,0.0,1.0,0.0,0.0,0.0,0.0,0.0,0.0,0.0,0.0,1.0,0.0,0.0,1.0,1.0,0.0,0.0,0.0,0.0
-0.8676718124782865,0.0,0.5144491285721299,-1.0109093429124179,0.08504925188071055,-1.5756862740979403,1.5307578157073911,0.3796721288811475,-0.9614863916702531,1.1532535902386967,-1.2248287854602447,-0.6828168296701794,-0.057267398720923963,3.0,-1.584178240646517,2.5899937140505074,-1.1098041417783733,1.707499689688721,0.33809616377248186,-0.7252649107284292,-0.3687152874355457,0.4659277988810626,0.050293809318461155,0.5913589900784001,-0.9511703058160944,0.2665217950441287,0.0,0.0,0.0,0.0,0.3693004587699474,0.0,1.0,1.0,0.0,0.0,0.0,0.0,0.0,0.0,0.0,0.0,0.0,0.0,1.0,0.0,0.0,0.0,0.0,0.0,0.0,1.0,0.0
1.869874470881692,0.0,-0.29125909633603164,-0.7641208792270812,0.08504925188071055,1.1697805251007627,0.9402796204509211,0.3796721288811475,1.7496101475022634,1.1532535902386967,1.287480978468572,0.1322385821163929,-0.3305890744344257,3.0,-1.584178240646517,-0.9320143892374165,2.3827037921142784,-0.6201892226844657,0.33809616377248186,0.6780776863749062,-0.6791456840737199,0.31601773640542824,-0.8781534100649921,-1.0955781418286659,0.5320903195901912,0.9696504815283791,0.0,0.0,0.0,1.0,1.9618008782238345,0.0,1.0,1.0,0.0,0.0,0.0,0.0,1.0,0.0,0.0,0.0,0.0,1.0,0.0,0.0,1.0,0.0,0.0,0.0,1.0,0.0,0.0
-0.6486681098094882,0.0,1.3127200467888316,0.2230329755142651,-0.8916882501868245,0.2546249253678617,0.6942470390940585,0.3796721288811475,-0.05778754527941421,-1.5679065665042957,0.39012710496860015,-0.6828168296701794,-0.8772324258614291,3.0,1.1914379855160337,-0.9320143892374165,-0.6989208554380613,-0.6201892226844657,-1.0778621289498782,-0.12383236911271409,-0.6791456840737199,-0.26826971178988096,-0.8781534100649921,0.9681195970033181,-0.4567500973473325,0.7687562362816817,0.0,0.0,0.0,0.0,-0.44446482364066064,0.0,1.0,0.0,0.0,1.0,0.0,0.0,1.0,0.0,0.0,0.0,0.0,0.0,0.0,0.0,1.0,0.0,1.0,1.0,0.0,0.0,1.0
-0.6486681098094882,0.0,0.6433624445574357,1.827157989468953,0.08504925188071055,0.2546249253678617,1.4815512994360187,-1.0261667362455194,-0.05778754527941421,-1.5679065665042957,0.4054460669437759,-0.6828168296701794,1.036019304133083,3.0,-0.6589728319256667,-0.9320143892374165,-0.15107647365097865,-0.6201892226844657,0.33809616377248186,0.6780776863749062,-0.3687152874355457,-0.27636680956961623,-0.5405362393801,1.1507914064214602,-0.9511703058160944,0.9696504815283791,0.0,1.0,0.0,0.0,-0.6288382581734243,0.0,1.0,0.0,0.0,1.0,0.0,0.0,0.0,0.0,0.0,0.0,0.0,0.0,0.0,0.0,0.0,1.0,0.0,1.0,0.0,0.0,1.0
2.4173837275536876,0.0,-1.1812567970807393,-0.7641208792270812,0.08504925188071055,0.2546249253678617,-0.8803614815898617,-1.0261667362455194,-0.05778754527941421,1.1532535902386967,0.3059430845729098,0.9472939939029652,0.4893759527060795,3.0,1.1914379855160337,-0.9320143892374165,0.2598068126893333,-0.6201892226844657,0.33809616377248186,-0.12383236911271409,-0.6791456840737199,-0.7350387490787841,-0.8781534100649921,-0.5389228306963544,1.520930736527715,-1.2401681358840244,1.0,0.0,0.0,0.0,0.004666139119184068,0.0,1.0,1.0,0.0,0.0,0.0,0.0,0.0,0.0,0.0,0.0,0.0,0.0,0.0,0.0,0.0,1.0,0.0,0.0,1.0,0.0,1.0
0.6653541062033014,0.0,0.29132992782833134,-0.7641208792270812,0.08504925188071055,0.2546249253678617,1.4815512994360187,-2.432005601372186,2.6533089938931025,1.1532535902386967,0.6059979819765808,0.1322385821163929,-0.3305890744344257,3.0,-0.6589728319256667,0.24198831185855807,1.903339958050581,-0.6201892226844657,0.33809616377248186,0.27712265863109603,-0.6791456840737199,0.6710612959981086,-0.8781534100649921,-0.9639860795347235,0.5320903195901912,0.8943151081711811,0.0,0.0,0.0,1.0,2.266206114850121,0.0,1.0,1.0,0.0,0.0,0.0,0.0,1.0,0.0,0.0,0.0,0.0,1.0,0.0,0.0,1.0,0.0,0.0,1.0,0.0,0.0,0.0
1.3223652142096962,0.0,0.7326101248549552,-0.6407266473844129,-0.8916882501868245,-1.5756862740979403,0.9402796204509211,-1.0261667362455194,2.6533089938931025,0.24620020465769926,-0.30765864004743104,-0.27528912377689324,-0.6039107501479274,3.0,0.26623257679518353,0.24198831185855807,1.6294177671570398,-0.6201892226844657,1.754054456494842,-1.1262199384722393,-0.6791456840737199,0.2583851613612957,-0.8781534100649921,-1.8994472445918922,0.037670111121429345,-1.742399228925451,0.0,0.0,0.0,1.0,1.525574669163564,0.0,1.0,0.0,0.0,1.0,0.0,0.0,1.0,0.0,0.0,1.0,0.0,0.0,0.0,0.0,1.0,0.0,0.0,0.0,1.0,0.0,0.0
-0.10115885313749257,0.0,-0.8267451781211482,-0.7641208792270812,0.08504925188071055,0.2546249253678617,-0.9787745141326066,0.3796721288811475,-0.9614863916702531,-0.6608531809232983,-0.7107300432107699,-0.6828168296701794,-0.8772324258614291,3.0,0.26623257679518353,-0.9320143892374165,0.12284571724256264,-0.6201892226844657,-1.0778621289498782,0.8785552002468112,-0.6791456840737199,0.40500198902790435,-0.8781534100649921,0.9294774834725573,-0.4567500973473325,0.997045172088266,0.0,0.0,0.0,1.0,-0.22491843251277802,1.0,0.0,0.0,0.0,0.0,0.0,1.0,1.0,0.0,0.0,0.0,0.0,0.0,1.0,0.0,1.0,0.0,0.0,1.0,0.0,1.0,0.0
1.2128633628752972,0.0,0.4128059371221772,-0.8875151110697495,-0.8916882501868245,1.1697805251007627,0.4974209740085685,1.7855109940078144,-0.9614863916702531,-0.6608531809232983,0.324213406194679,0.9472939939029652,-1.1505541015749308,3.0,0.26623257679518353,-0.9320143892374165,-0.5619597599912906,0.9316033855643254,-1.0778621289498782,-1.1262199384722393,-0.6791456840737199,-0.608144445341328,-0.8781534100649921,-1.6064112169836224,0.037670111121429345,-1.742399228925451,0.0,0.0,0.0,0.0,-0.26838271923147267,0.0,1.0,0.0,0.0,0.0,0.0,1.0,1.0,0.0,1.0,0.0,0.0,0.0,0.0,0.0,0.0,1.0,0.0,0.0,1.0,0.0,0.0
-1.0866755151470848,0.0,0.9036681787585341,-0.6407266473844129,-0.8916882501868245,-1.5756862740979403,0.4974209740085685,0.3796721288811475,-0.9614863916702531,0.24620020465769926,-1.5607216214296937,-0.6828168296701794,-1.1505541015749308,3.0,-0.6589728319256667,2.5899937140505074,-0.8358819508848319,-0.6201892226844657,0.33809616377248186,-0.32430988298461916,-0.6791456840737199,-0.6477601665229925,-0.8781534100649921,0.8843950176866698,-0.9511703058160944,0.06563210334757824,0.0,0.0,1.0,0.0,-0.4854557854722677,0.0,1.0,1.0,0.0,0.0,0.0,0.0,1.0,0.0,0.0,0.0,0.0,0.0,1.0,0.0,0.0,0.0,0.0,0.0,0.0,0.0,0.0
-0.8676718124782865,0.0,1.3052827400973714,-0.270543951856408,0.08504925188071055,0.2546249253678617,0.7926600716368035,0.3796721288811475,-0.05778754527941421,1.1532535902386967,-1.4207428496198313,-0.6828168296701794,-1.1505541015749308,3.0,-0.6589728319256667,1.4159910129545328,-0.6989208554380613,-0.6201892226844657,0.33809616377248186,-0.12383236911271409,-0.3687152874355457,-0.3492406895872325,-0.347612141845876,0.9681195970033181,0.5320903195901912,-1.742399228925451,0.0,0.0,0.0,0.0,-0.2839832935715756,0.0,1.0,1.0,0.0,0.0,0.0,0.0,1.0,0.0,0.0,0.0,0.0,0.0,0.0,0.0,0.0,0.0,1.0,0.0,0.0,0.0,1.0
1.2128633628752972,0.0,-0.2168860294214321,-1.0109093429124179,0.08504925188071055,1.1697805251007627,0.4974209740085685,-1.0261667362455194,2.6533089938931025,1.1532535902386967,-0.784232952504503,1.3548216997962514,-0.8772324258614291,3.0,0.26623257679518353,-0.9320143892374165,1.903339958050581,0.1557070814399298,1.754054456494842,-1.1262199384722393,-0.6791456840737199,0.40400915403013155,-0.8781534100649921,-1.9107178610383642,2.015350944996477,-1.742399228925451,0.0,0.0,0.0,0.0,4.8725110220175605,0.0,1.0,1.0,0.0,0.0,0.0,0.0,1.0,0.0,0.0,0.0,0.0,1.0,0.0,0.0,0.0,1.0,0.0,0.0,1.0,0.0,0.0
-0.8676718124782865,0.0,-0.26894717626165177,-1.0109093429124179,0.08504925188071055,1.1697805251007627,1.038692652993666,-1.0261667362455194,1.7496101475022634,1.1532535902386967,-1.5305053202859986,0.1322385821163929,-0.3305890744344257,3.0,-0.6589728319256667,1.4159910129545328,-0.2880375690977493,-0.6201892226844657,-1.0778621289498782,0.07664514475919097,-0.3687152874355457,0.016376180502375496,-0.4139298003732655,0.4155373735134381,0.5320903195901912,1.2709880467950734,0.0,0.0,0.0,0.0,4.207817894412381,0.0,1.0,1.0,0.0,0.0,0.0,0.0,0.0,0.0,0.0,0.0,0.0,1.0,0.0,0.0,0.0,0.0,0.0,0.0,0.0,0.0,0.0
-0.3201625558062908,0.0,1.2829708200229917,1.3335810620982798,0.08504925188071055,0.2546249253678617,1.137105685536411,1.7855109940078144,-0.9614863916702531,0.24620020465769926,1.0301505254727303,-1.0903445355634656,0.4893759527060795,3.0,1.1914379855160337,-0.9320143892374165,-1.2467652372251439,1.707499689688721,-1.0778621289498782,-1.1262199384722393,-0.6791456840737199,-0.5868343566698343,-0.8781534100649921,-0.8738211479629483,0.5320903195901912,-1.742399228925451,0.0,0.0,1.0,0.0,-0.7215940027853173,0.0,1.0,0.0,0.0,0.0,0.0,1.0,0.0,0.0,0.0,0.0,0.0,0.0,1.0,0.0,1.0,0.0,0.0,1.0,0.0,0.0,0.0
0.7748559575377005,0.0,0.7350892270854419,-0.5173324155417446,0.08504925188071055,-0.6605306743650393,1.0878991692650386,0.3796721288811475,2.6533089938931025,-0.6608531809232983,-0.7817032156645657,1.7623494056895375,-1.1505541015749308,3.0,0.26623257679518353,0.24198831185855807,2.040301053497352,1.707499689688721,0.33809616377248186,2.2818977973501466,0.2521455058408027,0.1742461234904674,-0.3937461651692774,0.8192759004403875,-0.4567500973473325,-0.5096486881286331,1.0,0.0,0.0,1.0,1.086771648819257,0.0,1.0,0.0,1.0,0.0,0.0,0.0,1.0,0.0,0.0,1.0,0.0,0.0,0.0,0.0,1.0,0.0,0.0,1.0,0.0,0.0,0.0
-0.42966440714069,0.0,-0.6606453286785426,0.09963874367159682,2.038524256015781,1.1697805251007627,0.7926600716368035,1.7855109940078144,0.8459113011114247,0.24620020465769926,1.0392856862836148,-1.0903445355634656,-0.3305890744344257,3.0,1.1914379855160337,1.4159910129545328,-0.15107647365097865,0.1557070814399298,0.33809616377248186,0.4776001725030011,-0.6791456840737199,0.6102914328043914,-0.8781534100649921,0.8311157399397118,1.520930736527715,0.9361680887192979,1.0,0.0,0.0,0.0,-0.3249991862169931,0.0,1.0,0.0,1.0,0.0,0.0,0.0,1.0,0.0,0.0,0.0,0.0,0.0,0.0,0.0,0.0,0.0,1.0,1.0,0.0,0.0,0.0
-1.9626903258222779,0.0,-1.332482033140425,1.950552221311621,0.08504925188071055,-0.6605306743650393,-0.4375028351475091,1.7855109940078144,-0.9614863916702531,1.1532535902386967,0.9708422506697565,-0.6828168296701794,-0.8772324258614291,3.0,1.1914379855160337,-0.9320143892374165,-1.3837263326719145,-0.6201892226844657,0.33809616377248186,-1.1262199384722393,-0.6791456840737199,-0.2203835297589264,-0.8781534100649921,-0.2877490927464089,1.026510528058953,-1.742399228925451,0.0,0.0,0.0,0.0,-0.7265249590179771,0.0,1.0,1.0,0.0,0.0,0.0,0.0,0.0,0.0,0.0,0.0,0.0,0.0,1.0,0.0,0.0,1.0,1.0,0.0,0.0,1.0,0.0
-1.5246829204846812,0.0,-1.0647389922478667,-1.0109093429124179,-0.8916882501868245,1.1697805251007627,-0.9295679978612341,0.3796721288811475,-0.9614863916702531,0.24620020465769926,0.36370540908481086,-0.6828168296701794,1.855984331273588,4.0,1.1914379855160337,0.24198831185855807,-1.3837263326719145,-0.6201892226844657,0.33809616377248186,-1.1262199384722393,-0.6791456840737199,-1.807142489316916,-0.8781534100649921,-0.2877490927464089,1.520930736527715,-1.742399228925451,0.0,0.0,0.0,0.0,-0.4183345084109692,0.0,1.0,1.0,0.0,0.0,0.0,0.0,1.0,0.0,0.0,0.0,0.0,0.0,1.0,0.0,1.0,0.0,0.0,0.0,0.0,0.0,0.0
-1.3056792178158831,1.0,-0.5044618881578836,1.827157989468953,-1.8684257522543597,0.2546249253678617,0.349801425194451,-2.432005601372186,-0.9614863916702531,1.1532535902386967,-0.8816278208420879,-0.6828168296701794,-0.3305890744344257,3.0,1.1914379855160337,-0.9320143892374165,-1.3837263326719145,0.9316033855643254,0.33809616377248186,-1.1262199384722393,-0.3687152874355457,-1.667018254803414,0.9787410287019146,-0.2877490927464089,1.520930736527715,-1.742399228925451,1.0,0.0,1.0,0.0,-0.7702586287884228,1.0,0.0,1.0,0.0,0.0,0.0,0.0,1.0,0.0,0.0,0.0,0.0,0.0,0.0,1.0,0.0,1.0,1.0,0.0,0.0,0.0,0.0
-1.1961773664814839,0.0,-0.54412752384567,-0.6407266473844129,-0.8916882501868245,0.2546249253678617,-0.6343289002329991,0.3796721288811475,-0.9614863916702531,1.1532535902386967,-0.6099621924199352,-0.6828168296701794,1.3093409798465847,4.0,-0.6589728319256667,-0.9320143892374165,-0.42499866454451996,-0.6201892226844657,-1.0778621289498782,0.27712265863109603,-0.058284890797371494,-0.3270036970019533,-0.05286699283525592,1.079752369425516,0.037670111121429345,0.14096815471500063,0.0,0.0,1.0,0.0,-0.44099802934286,0.0,1.0,1.0,0.0,0.0,0.0,0.0,1.0,0.0,0.0,0.0,0.0,0.0,1.0,0.0,0.0,1.0,1.0,0.0,0.0,0.0,0.0
0.8843578088720997,1.0,1.6027750077557696,-0.8875151110697495,0.08504925188071055,-1.5756862740979403,1.3831382668932737,-2.432005601372186,2.6533089938931025,-0.6608531809232983,-1.6612083903494244,-0.27528912377689324,0.21605427699257776,3.0,-1.584178240646517,-0.9320143892374165,2.040301053497352,-0.6201892226844657,0.33809616377248186,2.2818977973501466,-0.3687152874355457,0.2774769510789734,-0.7296018549636396,1.079752369425516,-1.940010722753618,-0.48681992685037284,1.0,0.0,0.0,0.0,3.0980297735283773,0.0,1.0,0.0,1.0,0.0,0.0,0.0,0.0,0.0,0.0,1.0,0.0,0.0,0.0,0.0,0.0,1.0,1.0,1.0,0.0,0.0,0.0
1.979376322216091,0.0,-1.5506430294232503,-0.14714972001373974,-1.8684257522543597,1.1697805251007627,-1.4216331605749593,-1.0261667362455194,1.7496101475022634,-0.6608531809232983,1.5851466799678577,-0.6828168296701794,-0.057267398720923963,3.0,1.1914379855160337,0.24198831185855807,2.3827037921142784,0.1557070814399298,0.33809616377248186,2.2818977973501466,3.977310265498893,2.332055403759358,0.7602828594352196,1.2695280825432527,1.026510528058953,-0.9205654105406867,0.0,0.0,0.0,1.0,0.13866377543566774,0.0,0.0,0.0,0.0,1.0,0.0,0.0,1.0,0.0,0.0,0.0,0.0,0.0,0.0,0.0,0.0,0.0,1.0,0.0,1.0,0.0,0.0
-1.7436866231534796,1.0,-1.3671894643672382,0.09963874367159682,-0.8916882501868245,-1.5756862740979403,-1.0279810304039791,-1.0261667362455194,-0.9614863916702531,0.24620020465769926,1.5452330542710695,-0.6828168296701794,1.3093409798465847,4.0,0.26623257679518353,-0.9320143892374165,-1.2467652372251439,-0.6201892226844657,-2.4938204216722384,-0.9257424246003343,-0.058284890797371494,-0.5489593733860052,1.5977058416242167,0.2983229624701303,-1.4455905142848562,1.2709772847514702,0.0,0.0,0.0,0.0,-0.6498523940950292,1.0,0.0,1.0,0.0,0.0,0.0,0.0,0.0,0.0,1.0,0.0,0.0,0.0,0.0,0.0,0.0,1.0,0.0,0.0,0.0,0.0,0.0
0.9938596602064987,0.0,-1.57295494949763,-0.6407266473844129,-0.8916882501868245,1.1697805251007627,-1.6184592256604493,-1.0261667362455194,2.6533089938931025,-0.6608531809232983,-0.6137567976798411,-0.27528912377689324,-0.3305890744344257,3.0,0.26623257679518353,0.24198831185855807,2.040301053497352,-0.6201892226844657,0.33809616377248186,0.8785552002468112,-0.6791456840737199,0.27156356488323247,-0.8781534100649921,-0.6133446789778197,0.5320903195901912,-0.6466214685199643,1.0,0.0,0.0,1.0,1.5352609959180163,0.0,1.0,0.0,1.0,0.0,0.0,0.0,0.0,0.0,0.0,1.0,0.0,0.0,0.0,0.0,1.0,0.0,0.0,0.0,1.0,0.0,0.0
-0.3201625558062908,0.0,-1.6646817320256362,-0.8875151110697495,0.08504925188071055,0.2546249253678617,0.9894861367222936,0.3796721288811475,-0.05778754527941421,-1.5679065665042957,-1.1628502328817816,-1.0903445355634656,-0.8772324258614291,3.0,1.1914379855160337,-0.9320143892374165,-0.9728430463316026,0.1557070814399298,0.33809616377248186,-0.7252649107284292,-0.6791456840737199,-1.0004155035605697,-0.8781534100649921,0.0638941403835146,0.037670111121429345,0.2665217950441287,1.0,0.0,0.0,0.0,0.1412164398937498,0.0,1.0,0.0,1.0,0.0,0.0,0.0,0.0,0.0,0.0,0.0,0.0,0.0,0.0,0.0,0.0,1.0,1.0,1.0,0.0,1.0,0.0
1.5413689168784945,0.0,-1.4018968955940512,-0.02375548817107146,0.08504925188071055,1.1697805251007627,0.841866587908176,0.3796721288811475,2.6533089938931025,-0.6608531809232983,0.6862468561768132,0.5397662880096791,2.4026276827005915,4.0,-1.584178240646517,0.24198831185855807,2.3827037921142784,1.707499689688721,-1.0778621289498782,2.2818977973501466,2.7355886789461965,0.4503167818859154,0.4835691783640726,1.1408015418439057,-0.9511703058160944,-0.7032990422153467,1.0,0.0,0.0,1.0,0.4343106133334807,1.0,0.0,1.0,0.0,0.0,0.0,0.0,1.0,0.0,0.0,1.0,0.0,0.0,0.0,0.0,0.0,0.0,1.0,0.0,1.0,0.0,0.0
2.4173837275536876,0.0,1.5531929631460366,1.0867925984129432,1.0617867539482457,1.1697805251007627,0.05456232756621595,0.3796721288811475,0.8459113011114247,1.1532535902386967,0.7995228502317823,1.3548216997962514,-0.8772324258614291,3.0,1.1914379855160337,-0.9320143892374165,1.903339958050581,2.4833959938131165,-1.0778621289498782,0.4776001725030011,0.8730062991171511,1.2800669009760157,0.9787410287019146,-0.8287386821770606,1.520930736527715,0.6013471740137043,0.0,0.0,0.0,0.0,-0.4544948341660336,0.0,1.0,0.0,0.0,1.0,0.0,0.0,1.0,0.0,0.0,0.0,1.0,0.0,0.0,0.0,0.0,1.0,0.0,0.0,1.0,0.0,0.0
-0.3201625558062908,0.0,-1.6547653231036896,1.2101868302556114,0.08504925188071055,0.2546249253678617,-0.9787745141326066,0.3796721288811475,-0.05778754527941421,-0.6608531809232983,1.1553724990496252,0.5397662880096791,-0.6039107501479274,3.0,0.26623257679518353,1.4159910129545328,0.5337290035828746,-0.6201892226844657,1.754054456494842,0.8785552002468112,0.8730062991171511,1.082217079443276,0.6692586222407634,0.37158196937219784,0.5320903195901912,0.4491562918855226,0.0,0.0,0.0,0.0,-0.660058034405081,1.0,0.0,0.0,0.0,1.0,0.0,0.0,0.0,0.0,1.0,0.0,0.0,0.0,0.0,0.0,0.0,0.0,0.0,1.0,0.0,1.0,0.0
-0.9771736638126857,0.0,-0.028474259904446627,-1.0109093429124179,1.0617867539482457,1.1697805251007627,-1.0771875466753518,0.3796721288811475,-0.9614863916702531,0.24620020465769926,-1.0499958616334688,-1.0903445355634656,-1.1505541015749308,3.0,0.26623257679518353,-0.9320143892374165,-0.8358819508848319,-0.6201892226844657,-1.0778621289498782,-0.5247873968565242,-0.6791456840737199,-0.9713255687035376,-0.8781534100649921,0.2983229624701303,0.5320903195901912,-0.23570720537576498,0.0,0.0,1.0,0.0,-0.1292970017316498,1.0,0.0,0.0,0.0,1.0,0.0,0.0,1.0,0.0,1.0,0.0,0.0,0.0,0.0,0.0,0.0,1.0,1.0,0.0,0.0,0.0,0.0
0.7748559575377005,0.0,0.982999450134107,-0.6407266473844129,-0.8916882501868245,0.2546249253678617,1.2847252343505287,1.7855109940078144,2.6533089938931025,-1.5679065665042957,0.4446569879628036,-0.6828168296701794,-0.3305890744344257,3.0,1.1914379855160337,1.4159910129545328,2.040301053497352,0.9316033855643254,-1.0778621289498782,2.2818977973501466,3.666879868860719,0.33931407529729274,1.121579062453215,1.2099906039180806,-0.4567500973473325,-0.6575786938522488,0.0,0.0,0.0,1.0,1.5850586501300064,0.0,1.0,1.0,0.0,0.0,0.0,0.0,1.0,0.0,0.0,1.0,0.0,0.0,0.0,0.0,0.0,0.0,0.0,1.0,0.0,0.0,0.0
-0.3201625558062908,0.0,-0.3829858788640377,0.2230329755142651,0.08504925188071055,0.2546249253678617,-0.4867093514188816,-1.0261667362455194,-0.05778754527941421,-0.6608531809232983,1.0568533032276237,0.5397662880096791,-1.1505541015749308,3.0,1.1914379855160337,1.4159910129545328,0.39676790813610396,1.707499689688721,1.754054456494842,0.6780776863749062,-0.3687152874355457,0.1742466261915127,-0.5405362393801,0.2983229624701303,1.026510528058953,0.9696504815283791,0.0,0.0,0.0,0.0,-0.5656991376667339,1.0,0.0,1.0,0.0,0.0,0.0,0.0,1.0,1.0,0.0,0.0,0.0,0.0,0.0,0.0,1.0,0.0,0.0,1.0,0.0,1.0,0.0
-0.2106607044718917,0.0,-0.16730398481169909,-0.3939381836990763,-1.8684257522543597,0.2546249253678617,0.005355811294843447,0.3796721288811475,-0.9614863916702531,0.24620020465769926,-1.1655205106572708,-1.0903445355634656,-0.3305890744344257,3.0,1.1914379855160337,-0.9320143892374165,-0.9728430463316026,0.1557070814399298,0.33809616377248186,-0.7252649107284292,-0.058284890797371494,0.23835197972367758,0.9787410287019146,0.0638941403835146,1.026510528058953,0.2665217950441287,0.0,0.0,0.0,0.0,-0.4870346922142937,0.0,1.0,1.0,0.0,0.0,0.0,0.0,1.0,0.0,0.0,0.0,0.0,0.0,1.0,0.0,1.0,0.0,1.0,1.0,0.0,1.0,0.0
0.5558522548689022,0.0,-0.494545479235937,-0.270543951856408,1.0617867539482457,-0.6605306743650393,0.5958340065513135,1.7855109940078144,-0.05778754527941421,-0.6608531809232983,-1.2206125573936826,1.3548216997962514,0.21605427699257776,3.0,1.1914379855160337,-0.9320143892374165,0.9446122899231866,-0.6201892226844657,0.33809616377248186,-1.1262199384722393,-0.6791456840737199,-0.777675496356933,-0.8781534100649921,-1.8608898725381722,0.037670111121429345,-1.742399228925451,0.0,0.0,0.0,1.0,-0.6139237986450952,0.0,1.0,0.0,0.0,1.0,0.0,0.0,0.0,0.0,0.0,0.0,0.0,0.0,1.0,0.0,1.0,0.0,1.0,1.0,0.0,0.0,0.0
0.6653541062033014,0.0,-0.6730408398309758,-0.6407266473844129,1.0617867539482457,1.1697805251007627,-0.4867093514188816,-1.0261667362455194,0.8459113011114247,1.1532535902386967,0.8503986689016318,0.1322385821163929,-0.3305890744344257,3.0,1.1914379855160337,-0.9320143892374165,1.6294177671570398,0.1557070814399298,1.754054456494842,2.2818977973501466,3.977310265498893,1.3862983404596603,1.6539753700716986,1.0309130314908046,2.5097711534652385,-0.7379358470548507,1.0,0.0,0.0,0.0,0.47249709380776245,0.0,1.0,0.0,1.0,0.0,0.0,0.0,0.0,0.0,0.0,0.0,0.0,0.0,0.0,0.0,0.0,1.0,0.0,1.0,0.0,0.0,0.0
-0.10115885313749257,0.0,-0.9259092673406143,-0.8875151110697495,1.0617867539482457,0.2546249253678617,-0.6343289002329991,0.3796721288811475,-0.05778754527941421,-0.6608531809232983,-1.6851003493932764,2.373640964529467,-1.1505541015749308,3.0,1.1914379855160337,-0.9320143892374165,0.9446122899231866,-0.6201892226844657,0.33809616377248186,1.8809427696063366,0.8730062991171511,-0.7501417895942479,0.21413743626848236,0.9152409153296454,0.5320903195901912,0.8943167561166117,0.0,0.0,0.0,0.0,0.32169671617328177,0.0,1.0,1.0,0.0,0.0,0.0,0.0,0.0,0.0,0.0,0.0,1.0,0.0,0.0,0.0,0.0,1.0,1.0,1.0,0.0,0.0,1.0
0.7748559575377005,1.0,-0.44992163908717725,0.7166099028849382,0.08504925188071055,-1.5756862740979403,0.349801425194451,0.3796721288811475,0.8459113011114247,1.1532535902386967,-0.03346327478534105,-0.6828168296701794,-1.1505541015749308,3.0,1.1914379855160337,0.24198831185855807,-0.15107647365097865,-0.6201892226844657,0.33809616377248186,0.6780776863749062,-0.6791456840737199,0.17321490524806094,-0.8781534100649921,1.1507914064214602,0.5320903195901912,0.3669727680941946,0.0,0.0,0.0,1.0,-0.48842067074486434,0.0,1.0,0.0,0.0,1.0,0.0,0.0,0.0,0.0,0.0,0.0,0.0,0.0,0.0,0.0,1.0,0.0,0.0,1.0,0.0,0.0,1.0
-0.9771736638126857,0.0,-1.5109773937354638,-0.8875151110697495,0.08504925188071055,1.1697805251007627,-0.6835354165043717,-1.0261667362455194,-0.9614863916702531,1.1532535902386967,-0.01280375725918665,-0.6828168296701794,-0.8772324258614291,3.0,-0.6589728319256667,0.24198831185855807,-1.2467652372251439,-0.6201892226844657,0.33809616377248186,-0.9257424246003343,-0.058284890797371494,0.5647960715914373,1.5977058416242167,0.2983229624701303,1.026510528058953,1.2709772847514702,0.0,0.0,0.0,0.0,0.0023376951878254257,1.0,0.0,1.0,0.0,0.0,0.0,0.0,1.0,0.0,1.0,0.0,0.0,0.0,0.0,0.0,1.0,0.0,1.0,0.0,0.0,1.0,0.0
1.5413689168784945,0.0,0.4103268348916906,-0.3939381836990763,-0.8916882501868245,-0.6605306743650393,-1.2740136117608418,-1.0261667362455194,-0.9614863916702531,0.24620020465769926,-1.4132941800355716,-1.0903445355634656,-0.3305890744344257,3.0,-0.6589728319256667,-0.9320143892374165,-0.42499866454451996,2.4833959938131165,-1.0778621289498782,0.07664514475919097,1.4938670923934996,-0.3579530048029172,2.3714118577770944,0.6890376659478233,-0.9511703058160944,-1.742399228925451,0.0,0.0,0.0,0.0,-0.5462880463532489,1.0,0.0,0.0,0.0,1.0,0.0,0.0,0.0,0.0,1.0,0.0,0.0,0.0,0.0,0.0,0.0,1.0,0.0,0.0,1.0,0.0,0.0
-0.7581699611438873,0.0,0.18968673637837866,-0.02375548817107146,-0.8916882501868245,0.2546249253678617,0.3005949089230785,0.3796721288811475,-0.05778754527941421,0.24620020465769926,-0.20450159335221113,1.7623494056895375,0.7626976284195812,3.0,0.26623257679518353,-0.9320143892374165,-0.15107647365097865,0.1557070814399298,0.33809616377248186,0.27712265863109603,-0.3687152874355457,-1.0346575116165408,-0.46551020145012406,0.5114400734579629,0.5320903195901912,-0.23570532201308977,0.0,0.0,0.0,0.0,-0.5065049186117497,0.0,0.0,0.0,0.0,1.0,0.0,0.0,0.0,0.0,0.0,0.0,1.0,0.0,0.0,0.0,0.0,1.0,1.0,0.0,0.0,1.0,0.0
-0.8676718124782865,1.0,0.008712273552853136,-0.270543951856408,0.08504925188071055,-0.6605306743650393,-1.3232201280322142,0.3796721288811475,-0.9614863916702531,0.24620020465769926,0.41767312833680603,0.1322385821163929,-0.6039107501479274,3.0,-1.584178240646517,1.4159910129545328,-0.15107647365097865,-0.6201892226844657,0.33809616377248186,0.07664514475919097,1.4938670923934996,0.09131549594885265,2.3714118577770944,0.1917644069762141,-0.9511703058160944,1.2709880467950734,0.0,0.0,1.0,0.0,-0.5388702892576349,0.0,1.0,0.0,0.0,0.0,0.0,1.0,0.0,0.0,1.0,0.0,0.0,0.0,0.0,0.0,0.0,0.0,1.0,0.0,0.0,1.0,0.0
-0.9771736638126857,0.0,-0.4028186967079309,-1.0109093429124179,0.08504925188071055,1.1697805251007627,0.8910731041795485,0.3796721288811475,-0.9614863916702531,-1.5679065665042957,-1.346537235648338,-0.27528912377689324,-1.1505541015749308,3.0,-0.6589728319256667,-0.9320143892374165,-0.8358819508848319,-0.6201892226844657,-1.0778621289498782,-0.7252649107284292,-0.3687152874355457,-1.03929809160873,0.050293809318461155,-0.2877490927464089,-0.9511703058160944,0.2665217950441287,0.0,0.0,1.0,0.0,-0.1522709818543884,0.0,1.0,0.0,0.0,0.0,0.0,1.0,1.0,0.0,0.0,0.0,0.0,0.0,1.0,0.0,0.0,1.0,0.0,0.0,0.0,0.0,0.0
-1.3056792178158831,0.0,-1.3300029309099384,-1.0109093429124179,0.08504925188071055,1.1697805251007627,-1.2740136117608418,0.3796721288811475,-0.9614863916702531,-0.6608531809232983,0.6348088737647554,-0.6828168296701794,0.7626976284195812,3.0,1.1914379855160337,-0.9320143892374165,-1.2467652372251439,0.1557070814399298,-1.0778621289498782,-0.9257424246003343,-0.058284890797371494,-1.024962606937399,1.5977058416242167,0.2983229624701303,0.5320903195901912,1.2709772847514702,0.0,0.0,1.0,0.0,-0.14730363480082329,0.0,1.0,0.0,0.0,1.0,0.0,0.0,0.0,0.0,0.0,0.0,0.0,0.0,1.0,0.0,0.0,1.0,0.0,0.0,0.0,0.0,0.0
-0.5391662584750891,0.0,-0.49206637700545036,-0.14714972001373974,0.08504925188071055,0.2546249253678617,-0.4867093514188816,1.7855109940078144,-0.05778754527941421,1.1532535902386967,-0.36823178327037354,-0.6828168296701794,-0.057267398720923963,3.0,0.26623257679518353,1.4159910129545328,-0.15107647365097865,0.9316033855643254,1.754054456494842,0.6780776863749062,-0.6791456840737199,-0.29987118011813085,-0.8781534100649921,1.1507914064214602,1.520930736527715,0.3669727680941946,1.0,0.0,0.0,0.0,-0.3696614063791611,0.0,1.0,0.0,0.0,1.0,0.0,0.0,1.0,0.0,0.0,0.0,0.0,0.0,0.0,0.0,1.0,0.0,0.0,1.0,0.0,0.0,1.0
0.8843578088720997,0.0,-1.0870509123222465,1.950552221311621,0.08504925188071055,-0.6605306743650393,0.841866587908176,0.3796721288811475,2.6533089938931025,-0.6608531809232983,-0.1796258477594946,0.1322385821163929,1.855984331273588,4.0,0.26623257679518353,-0.9320143892374165,1.4924566717102692,0.9316033855643254,0.33809616377248186,-1.3266974523441444,-0.6791456840737199,0.14856513201182092,-0.8781534100649921,-2.045965258396027,-0.4567500973473325,-1.742399228925451,0.0,0.0,0.0,0.0,-0.366702756825355,1.0,0.0,0.0,0.0,1.0,0.0,0.0,0.0,0.0,0.0,1.0,0.0,0.0,0.0,0.0,0.0,1.0,0.0,1.0,0.0,0.0,0.0
0.22734670086570485,0.0,-0.9680540052588873,0.4698214391996017,1.0617867539482457,0.2546249253678617,1.3831382668932737,-1.0261667362455194,1.7496101475022634,-0.6608531809232983,0.4245596341788575,1.3548216997962514,-0.6039107501479274,3.0,1.1914379855160337,1.4159910129545328,1.3554955762634984,0.9316033855643254,0.33809616377248186,2.2818977973501466,3.977310265498893,-0.009913618034036007,1.907188248085368,0.990953573180586,0.5320903195901912,-0.3150039683421458,0.0,0.0,0.0,1.0,-0.03859856669110835,0.0,1.0,0.0,0.0,1.0,0.0,0.0,0.0,0.0,0.0,1.0,0.0,0.0,0.0,0.0,0.0,0.0,1.0,1.0,0.0,0.0,0.0
2.3078818762192883,0.0,0.11283456723329248,1.7037637576262845,1.0617867539482457,-1.5756862740979403,1.0878991692650386,0.3796721288811475,-0.9614863916702531,0.24620020465769926,1.6531684927750598,-0.6828168296701794,-0.8772324258614291,3.0,1.1914379855160337,1.4159910129545328,-1.2467652372251439,0.1557070814399298,0.33809616377248186,-0.9257424246003343,-0.058284890797371494,-0.777675496356933,1.5977058416242167,0.2983229624701303,0.037670111121429345,1.2709772847514702,0.0,0.0,0.0,1.0,-0.7366586654269329,0.0,1.0,1.0,0.0,0.0,0.0,0.0,1.0,0.0,0.0,0.0,0.0,0.0,1.0,0.0,0.0,0.0,0.0,0.0,1.0,0.0,0.0
-0.5391662584750891,1.0,0.7102982047805754,-0.270543951856408,-0.8916882501868245,1.1697805251007627,0.645040522822686,0.3796721288811475,-0.05778754527941421,0.24620020465769926,1.1990807300063193,-0.6828168296701794,0.7626976284195812,3.0,-1.584178240646517,0.24198831185855807,-0.15107647365097865,0.1557070814399298,0.33809616377248186,0.6780776863749062,-0.3687152874355457,1.4758874822976218,-0.5405362393801,1.1507914064214602,0.037670111121429345,-0.537043802057082,0.0,0.0,0.0,0.0,-0.4190330415903768,0.0,1.0,1.0,0.0,0.0,0.0,0.0,1.0,0.0,1.0,0.0,0.0,0.0,0.0,0.0,1.0,0.0,0.0,1.0,0.0,1.0,0.0
0.22734670086570485,1.0,-1.096967321244193,1.7037637576262845,0.08504925188071055,0.2546249253678617,1.333931750621901,0.3796721288811475,-0.9614863916702531,-1.5679065665042957,1.1019669435398385,-1.0903445355634656,-0.6039107501479274,3.0,-1.584178240646517,-0.9320143892374165,-0.6989208554380613,-0.6201892226844657,0.33809616377248186,-0.32430988298461916,-0.6791456840737199,0.594947160923045,-0.8781534100649921,0.4657721211034274,-1.4455905142848562,-0.5370450074100981,0.0,1.0,0.0,0.0,-0.6970233753953613,0.0,1.0,0.0,0.0,1.0,0.0,0.0,1.0,0.0,0.0,0.0,0.0,0.0,1.0,0.0,0.0,1.0,0.0,1.0,0.0,1.0,0.0
-0.7581699611438873,0.0,0.8317742140744212,-0.3939381836990763,0.08504925188071055,-1.5756862740979403,-0.8803614815898617,-1.0261667362455194,-0.05778754527941421,1.1532535902386967,1.309545905350247,-1.0903445355634656,-0.8772324258614291,3.0,-1.584178240646517,0.24198831185855807,-0.15107647365097865,2.4833959938131165,0.33809616377248186,0.4776001725030011,1.1834366957553253,1.2463211425921261,1.3501199164552957,0.8311157399397118,-0.9511703058160944,-1.0727573995142639,0.0,0.0,0.0,0.0,-0.38759904851703514,0.0,1.0,0.0,0.0,0.0,0.0,1.0,0.0,0.0,1.0,0.0,0.0,0.0,0.0,0.0,1.0,0.0,0.0,0.0,0.0,1.0,0.0
-0.10115885313749257,0.0,-1.183735899311226,0.09963874367159682,1.0617867539482457,1.1697805251007627,-0.14226373751927407,0.3796721288811475,0.8459113011114247,0.24620020465769926,-1.2038881860629862,0.1322385821163929,-0.8772324258614291,3.0,-1.584178240646517,-0.9320143892374165,-0.15107647365097865,-2.171981830933257,0.33809616377248186,0.07664514475919097,-0.3687152874355457,-0.1676343536703153,-0.4139298003732655,0.1917644069762141,0.037670111121429345,1.2709880467950734,0.0,0.0,0.0,1.0,-0.39759018974977406,0.0,1.0,0.0,0.0,0.0,0.0,1.0,0.0,0.0,0.0,0.0,0.0,0.0,0.0,0.0,1.0,0.0,0.0,1.0,0.0,0.0,1.0
0.9938596602064987,0.0,0.46734618619288354,-1.0109093429124179,-0.8916882501868245,1.1697805251007627,-1.0771875466753518,0.3796721288811475,-0.9614863916702531,-1.5679065665042957,1.2148213147881513,1.3548216997962514,-0.8772324258614291,3.0,0.26623257679518353,-0.9320143892374165,-0.15107647365097865,0.1557070814399298,1.754054456494842,0.07664514475919097,0.8730062991171511,-0.5570066683860447,1.4429646383936412,0.1917644069762141,0.5320903195901912,0.8405041502635701,0.0,0.0,0.0,0.0,0.2646757114542324,0.0,1.0,1.0,0.0,0.0,0.0,0.0,0.0,1.0,0.0,0.0,0.0,0.0,0.0,0.0,0.0,1.0,0.0,0.0,1.0,1.0,0.0
-0.9771736638126857,0.0,1.6697107679789092,-1.0109093429124179,0.08504925188071055,0.2546249253678617,-0.5359158676902541,-2.432005601372186,-0.05778754527941421,1.1532535902386967,0.29217007288880686,-1.0903445355634656,-1.1505541015749308,3.0,-1.584178240646517,2.5899937140505074,-0.15107647365097865,2.4833959938131165,0.33809616377248186,0.4776001725030011,1.4938670923934996,3.081955116721615,1.721498804208677,0.8311157399397118,0.037670111121429345,0.9361680887192979,0.0,0.0,0.0,0.0,1.2739785409004918,0.0,0.0,1.0,0.0,0.0,0.0,0.0,0.0,0.0,1.0,0.0,0.0,0.0,0.0,0.0,1.0,0.0,0.0,0.0,0.0,0.0,1.0
1.4318670655440953,0.0,1.287929024483965,2.320734916839626,0.08504925188071055,1.1697805251007627,-1.1263940629467242,0.3796721288811475,1.7496101475022634,-1.5679065665042957,1.1396319142677933,0.5397662880096791,-1.1505541015749308,3.0,-0.6589728319256667,-0.9320143892374165,1.903339958050581,-0.6201892226844657,0.33809616377248186,-0.7252649107284292,-0.3687152874355457,0.15325171902969126,0.050293809318461155,-1.640223066323038,-0.4567500973473325,0.2665217950441287,0.0,1.0,0.0,1.0,-0.4366087787136322,0.0,1.0,1.0,0.0,0.0,0.0,0.0,0.0,0.0,0.0,0.0,0.0,1.0,0.0,0.0,1.0,0.0,1.0,0.0,1.0,0.0,0.0
0.33684855220010396,1.0,-1.2481925573038788,1.950552221311621,1.0617867539482457,1.1697805251007627,-0.4375028351475091,-1.0261667362455194,0.8459113011114247,-0.6608531809232983,0.41064608155920246,-0.27528912377689324,-0.8772324258614291,3.0,0.26623257679518353,-0.9320143892374165,-0.2880375690977493,-0.6201892226844657,0.33809616377248186,-0.32430988298461916,-0.3687152874355457,0.9096263501819506,-0.25918859714269,-0.2877490927464089,0.5320903195901912,0.6683092141052549,1.0,0.0,0.0,0.0,-0.5808479540816929,0.0,1.0,0.0,1.0,0.0,0.0,0.0,1.0,0.0,0.0,0.0,0.0,0.0,0.0,0.0,0.0,1.0,1.0,1.0,0.0,0.0,0.0
1.6508707682128936,1.0,0.5640311731818629,-0.5173324155417446,0.08504925188071055,-0.6605306743650393,-0.09305722124790157,0.3796721288811475,0.8459113011114247,-0.6608531809232983,1.0148315634975547,2.373640964529467,1.036019304133083,3.0,0.26623257679518353,-0.9320143892374165,-0.15107647365097865,-0.6201892226844657,-1.0778621289498782,0.27712265863109603,1.4938670923934996,0.6379610470157626,2.010349050239085,0.5114400734579629,-0.9511703058160944,0.8943151081711811,1.0,0.0,0.0,0.0,0.07602000981570783,0.0,1.0,1.0,0.0,0.0,0.0,0.0,1.0,0.0,0.0,0.0,0.0,0.0,0.0,0.0,0.0,1.0,1.0,0.0,1.0,0.0,0.0
-0.7581699611438873,0.0,-0.4176933100908508,0.9633983665702748,1.0617867539482457,-0.6605306743650393,1.432344783164646,0.3796721288811475,0.8459113011114247,-1.5679065665042957,1.6322278933778014,-0.6828168296701794,2.1293060069870897,4.0,1.1914379855160337,1.4159910129545328,-0.2880375690977493,-0.6201892226844657,0.33809616377248186,0.4776001725030011,-0.6791456840737199,-0.8896565300689798,-0.8781534100649921,1.1188238397732855,-0.4567500973473325,-1.4075783142198575,0.0,1.0,0.0,0.0,-0.3869781301353395,0.0,1.0,0.0,0.0,1.0,0.0,0.0,0.0,0.0,0.0,1.0,0.0,0.0,0.0,0.0,1.0,0.0,1.0,0.0,0.0,0.0,0.0
0.22734670086570485,0.0,-0.6903945554443824,1.0867925984129432,-0.8916882501868245,-1.5756862740979403,-1.6676657419318217,0.3796721288811475,-0.05778754527941421,0.24620020465769926,-0.1350743711894882,-1.0903445355634656,-1.1505541015749308,3.0,-1.584178240646517,-0.9320143892374165,-0.2880375690977493,2.4833959938131165,0.33809616377248186,0.27712265863109603,-0.3687152874355457,-1.0987232895824,-0.46551020145012406,0.767180606643362,-1.4455905142848562,0.8943151081711811,0.0,0.0,0.0,0.0,-0.649855364996377,0.0,1.0,1.0,0.0,0.0,0.0,0.0,1.0,0.0,0.0,0.0,1.0,0.0,0.0,0.0,0.0,1.0,0.0,1.0,0.0,1.0,0.0
-0.6486681098094882,0.0,-0.5342111149237234,-0.8875151110697495,1.0617867539482457,1.1697805251007627,-0.4375028351475091,0.3796721288811475,0.8459113011114247,0.24620020465769926,-0.7558436835229847,-0.6828168296701794,1.036019304133083,3.0,-1.584178240646517,0.24198831185855807,-0.15107647365097865,1.707499689688721,-1.0778621289498782,0.6780776863749062,2.114727885669848,1.2274076770337567,2.1604011260990372,1.1507914064214602,-0.4567500973473325,0.668311624811287,1.0,0.0,0.0,0.0,1.241069866670623,0.0,0.0,1.0,0.0,0.0,0.0,0.0,0.0,0.0,0.0,0.0,0.0,0.0,0.0,0.0,0.0,0.0,1.0,1.0,0.0,0.0,0.0
0.4463504035345031,0.0,-1.3547939532148048,0.09963874367159682,-0.8916882501868245,0.2546249253678617,-1.2740136117608418,-2.432005601372186,-0.05778754527941421,-0.6608531809232983,1.0907236686956727,-0.6828168296701794,-0.6039107501479274,3.0,-1.584178240646517,-0.9320143892374165,1.0815733853699572,0.9316033855643254,0.33809616377248186,2.2818977973501466,2.7355886789461965,-0.3241869016978206,1.1644304725786054,1.294645456338247,-0.9511703058160944,-1.425200282129161,1.0,0.0,0.0,0.0,-0.45081982919877284,0.0,0.0,0.0,0.0,1.0,0.0,0.0,1.0,0.0,0.0,0.0,0.0,0.0,0.0,0.0,0.0,1.0,0.0,1.0,0.0,0.0,1.0
-0.6486681098094882,1.0,0.6384042400964625,-1.0109093429124179,0.08504925188071055,1.1697805251007627,-0.5851223839616266,0.3796721288811475,-0.9614863916702531,-0.6608531809232983,-0.8424168998230602,-0.6828168296701794,-1.1505541015749308,3.0,-1.584178240646517,-0.9320143892374165,-1.1098041417783733,-0.6201892226844657,1.754054456494842,-0.7252649107284292,-0.058284890797371494,-0.3581657258330943,0.9787410287019146,0.5913589900784001,0.037670111121429345,0.2665217950441287,1.0,0.0,1.0,0.0,-0.0833490414861726,1.0,0.0,1.0,0.0,0.0,0.0,0.0,0.0,0.0,0.0,0.0,0.0,0.0,0.0,1.0,0.0,1.0,1.0,1.0,0.0,0.0,0.0
0.7748559575377005,1.0,0.3285164612856311,-0.7641208792270812,0.08504925188071055,-1.5756862740979403,1.137105685536411,0.3796721288811475,-0.9614863916702531,-1.5679065665042957,0.05001804093258897,0.5397662880096791,-0.8772324258614291,3.0,0.26623257679518353,-0.9320143892374165,-0.15107647365097865,0.9316033855643254,1.754054456494842,-0.7252649107284292,-0.3687152874355457,-0.7848029176928226,0.050293809318461155,-1.0869382589507808,-0.9511703058160944,0.2665217950441287,0.0,0.0,0.0,1.0,-0.4313737944265776,0.0,1.0,1.0,0.0,0.0,0.0,0.0,1.0,0.0,1.0,0.0,0.0,0.0,0.0,0.0,1.0,0.0,0.0,1.0,0.0,0.0,0.0
0.5558522548689022,0.0,-0.7622885201284952,-0.8875151110697495,-1.8684257522543597,0.2546249253678617,-1.4216331605749593,0.3796721288811475,1.7496101475022634,0.24620020465769926,1.7242822061644076,-1.0903445355634656,-0.6039107501479274,3.0,1.1914379855160337,-0.9320143892374165,1.3554955762634984,0.1557070814399298,-1.0778621289498782,2.2818977973501466,-0.058284890797371494,0.11477435375044394,-0.524459231252248,1.1507914064214602,0.5320903195901912,-0.53704319937967,0.0,0.0,0.0,1.0,2.8987149730040778,0.0,0.0,1.0,0.0,0.0,0.0,0.0,1.0,0.0,0.0,1.0,0.0,0.0,0.0,0.0,1.0,0.0,1.0,1.0,0.0,0.0,0.0
1.979376322216091,0.0,-1.290337295222152,-0.8875151110697495,-0.8916882501868245,1.1697805251007627,-0.3882963188761366,-2.432005601372186,2.6533089938931025,0.24620020465769926,-1.0289147213006582,0.5397662880096791,-0.3305890744344257,3.0,1.1914379855160337,0.24198831185855807,1.6294177671570398,1.707499689688721,0.33809616377248186,2.2818977973501466,2.114727885669848,0.3388072136233719,0.7930515848252239,0.7378770038825347,1.520930736527715,-0.3150039683421458,0.0,0.0,0.0,1.0,3.1731608977135495,0.0,1.0,0.0,0.0,1.0,0.0,0.0,0.0,0.0,0.0,1.0,0.0,0.0,0.0,0.0,1.0,0.0,0.0,0.0,1.0,0.0,0.0
2.08887817355049,0.0,-1.4787490647391375,-0.14714972001373974,1.0617867539482457,1.1697805251007627,1.6291708482501361,0.3796721288811475,2.6533089938931025,-0.6608531809232983,-1.446321299890308,1.3548216997962514,-0.3305890744344257,3.0,-1.584178240646517,-0.9320143892374165,2.3827037921142784,0.9316033855643254,0.33809616377248186,0.07664514475919097,1.4938670923934996,0.42835277601602034,2.3714118577770944,-1.3806942767988741,-0.4567500973473325,-0.4509475393309405,0.0,0.0,0.0,0.0,0.5622680936146918,0.0,1.0,1.0,0.0,0.0,0.0,0.0,1.0,0.0,0.0,1.0,0.0,0.0,0.0,0.0,0.0,1.0,0.0,0.0,1.0,0.0,0.0
0.33684855220010396,0.0,-0.8540153026565014,0.8400041347276065,-0.8916882501868245,0.2546249253678617,0.3990079414658235,0.3796721288811475,-0.9614863916702531,0.24620020465769926,-0.8124816805504691,2.373640964529467,0.21605427699257776,3.0,-0.6589728319256667,0.24198831185855807,-0.6989208554380613,-2.171981830933257,0.33809616377248186,-0.5247873968565242,-0.6791456840737199,0.27239875581808903,-0.8781534100649921,-0.036575354796463615,0.037670111121429345,-0.23570720537576498,0.0,0.0,0.0,1.0,-0.6685828785396553,0.0,0.0,1.0,0.0,0.0,0.0,0.0,1.0,0.0,0.0,0.0,0.0,0.0,1.0,0.0,0.0,0.0,0.0,1.0,0.0,1.0,0.0
-0.3201625558062908,0.0,0.3483492791295243,-0.02375548817107146,0.08504925188071055,1.1697805251007627,0.9894861367222936,0.3796721288811475,0.8459113011114247,1.1532535902386967,-1.23944504275766,-1.0903445355634656,-1.1505541015749308,3.0,1.1914379855160337,0.24198831185855807,-0.15107647365097865,-2.171981830933257,-1.0778621289498782,0.4776001725030011,-0.3687152874355457,0.3744856214871923,-0.5067745223116108,0.8311157399397118,1.520930736527715,0.6013471740137043,0.0,0.0,0.0,0.0,-0.2702454743765596,0.0,1.0,1.0,0.0,0.0,0.0,0.0,1.0,0.0,0.0,0.0,0.0,0.0,0.0,0.0,0.0,0.0,0.0,1.0,0.0,0.0,0.0
0.33684855220010396,0.0,-0.6928736576748691,-0.8875151110697495,0.08504925188071055,0.2546249253678617,1.5799643319787637,0.3796721288811475,-0.05778754527941421,1.1532535902386967,1.1442697651410116,-0.6828168296701794,-0.6039107501479274,3.0,0.26623257679518353,-0.9320143892374165,-0.2880375690977493,0.9316033855643254,0.33809616377248186,0.4776001725030011,1.8042974890316739,1.2731947794354097,2.092877691962059,1.1188238397732855,1.026510528058953,0.9361680887192979,0.0,0.0,0.0,0.0,0.16667409354327095,0.0,1.0,1.0,0.0,0.0,0.0,0.0,1.0,0.0,0.0,0.0,0.0,0.0,1.0,0.0,0.0,1.0,0.0,1.0,0.0,1.0,0.0
0.4463504035345031,0.0,0.5342819464160231,-1.0109093429124179,0.08504925188071055,0.2546249253678617,0.005355811294843447,0.3796721288811475,-0.05778754527941421,-1.5679065665042957,-1.4076725426134886,-1.0903445355634656,0.4893759527060795,3.0,1.1914379855160337,0.24198831185855807,-0.15107647365097865,-0.6201892226844657,0.33809616377248186,0.4776001725030011,-0.3687152874355457,-1.1827834154082422,-0.5067745223116108,0.8311157399397118,0.037670111121429345,-0.7379364848086701,1.0,0.0,0.0,1.0,0.4757879612307493,1.0,0.0,0.0,1.0,0.0,0.0,0.0,0.0,0.0,0.0,0.0,0.0,0.0,0.0,0.0,0.0,0.0,0.0,1.0,0.0,1.0,0.0
-0.2106607044718917,0.0,-0.7945168491248218,-0.6407266473844129,1.0617867539482457,0.2546249253678617,1.038692652993666,0.3796721288811475,-0.05778754527941421,0.24620020465769926,-1.6335218260456663,-0.6828168296701794,-1.1505541015749308,3.0,-0.6589728319256667,-0.9320143892374165,-0.2880375690977493,0.1557070814399298,0.33809616377248186,0.4776001725030011,-0.3687152874355457,0.9040560491486272,-0.5067745223116108,1.1188238397732855,0.037670111121429345,0.26652625930811075,0.0,0.0,0.0,0.0,-0.27036965805289875,1.0,0.0,1.0,0.0,0.0,0.0,0.0,1.0,0.0,0.0,0.0,0.0,0.0,1.0,0.0,0.0,1.0,1.0,1.0,0.0,1.0,0.0
1.5413689168784945,0.0,-0.08053540674466629,-0.5173324155417446,0.08504925188071055,0.2546249253678617,0.8910731041795485,0.3796721288811475,1.7496101475022634,-0.6608531809232983,0.46025703180908345,-0.6828168296701794,-1.1505541015749308,3.0,-0.6589728319256667,0.24198831185855807,2.3827037921142784,-0.6201892226844657,0.33809616377248186,2.2818977973501466,-0.6791456840737199,-0.533163819411455,-0.8781534100649921,1.3670425925708785,-0.4567500973473325,-0.9205654105406867,0.0,0.0,0.0,1.0,0.6534741047926509,0.0,1.0,1.0,0.0,0.0,0.0,0.0,1.0,0.0,0.0,1.0,0.0,0.0,0.0,0.0,0.0,0.0,1.0,0.0,1.0,0.0,0.0
0.11784484953130571,0.0,0.5119700263416432,-0.8875151110697495,-0.8916882501868245,-0.6605306743650393,-1.7168722582031943,0.3796721288811475,-0.05778754527941421,-1.5679065665042957,0.7234902040981119,0.1322385821163929,-0.057267398720923963,3.0,1.1914379855160337,0.24198831185855807,-0.014115378204207997,0.1557070814399298,0.33809616377248186,0.07664514475919097,-0.3687152874355457,-0.0131133601093767,-0.4139298003732655,0.005286934861860867,-0.4567500973473325,1.2709880467950734,1.0,0.0,0.0,1.0,0.6286373695248254,0.0,1.0,1.0,0.0,0.0,0.0,0.0,0.0,0.0,0.0,0.0,0.0,0.0,0.0,0.0,0.0,0.0,0.0,1.0,0.0,0.0,1.0
-0.3201625558062908,0.0,-0.7325392933626554,0.7166099028849382,-0.8916882501868245,0.2546249253678617,0.005355811294843447,0.3796721288811475,-0.05778754527941421,-1.5679065665042957,1.2985837123771855,-0.6828168296701794,-0.8772324258614291,3.0,1.1914379855160337,-0.9320143892374165,-0.15107647365097865,2.4833959938131165,1.754054456494842,0.6780776863749062,2.114727885669848,-0.33508705275078504,2.1604011260990372,1.1507914064214602,0.5320903195901912,0.668311624811287,1.0,1.0,0.0,0.0,-0.5603307808249904,0.0,1.0,0.0,0.0,1.0,0.0,0.0,0.0,0.0,0.0,0.0,0.0,0.0,0.0,0.0,0.0,1.0,0.0,1.0,0.0,0.0,1.0
-1.3056792178158831,0.0,0.1971240430698386,1.2101868302556114,-1.8684257522543597,1.1697805251007627,0.05456232756621595,0.3796721288811475,-0.9614863916702531,1.1532535902386967,-0.7361679525456948,0.1322385821163929,-1.1505541015749308,3.0,0.26623257679518353,2.5899937140505074,-0.5619597599912906,2.4833959938131165,-1.0778621289498782,-0.7252649107284292,-0.3687152874355457,0.38724085572546807,0.050293809318461155,-0.7273031341588134,1.026510528058953,0.2665217950441287,0.0,0.0,0.0,0.0,-0.684118621695787,0.0,1.0,0.0,0.0,1.0,0.0,0.0,1.0,0.0,1.0,0.0,0.0,0.0,0.0,0.0,1.0,0.0,0.0,0.0,0.0,1.0,0.0
2.3078818762192883,1.0,-0.4995036836969103,-0.270543951856408,1.0617867539482457,0.2546249253678617,-0.6343289002329991,-1.0261667362455194,0.8459113011114247,-1.5679065665042957,-0.3218532745381902,1.7623494056895375,-0.3305890744344257,3.0,1.1914379855160337,-0.9320143892374165,2.3827037921142784,-2.171981830933257,-1.0778621289498782,0.6780776863749062,0.8730062991171511,1.0795131612568047,0.8099324433594683,-0.9470801548650156,-0.4567500973473325,0.9696504815283791,0.0,0.0,0.0,1.0,-0.02125720331660881,0.0,1.0,0.0,0.0,1.0,0.0,0.0,0.0,0.0,0.0,0.0,1.0,0.0,0.0,0.0,1.0,0.0,1.0,0.0,1.0,0.0,0.0
0.33684855220010396,0.0,-1.1738194903892794,-1.0109093429124179,1.0617867539482457,-0.6605306743650393,1.0878991692650386,0.3796721288811475,-0.9614863916702531,-0.6608531809232983,-1.0612391364776343,0.1322385821163929,1.855984331273588,4.0,0.26623257679518353,0.24198831185855807,-0.5619597599912906,0.1557070814399298,0.33809616377248186,-0.5247873968565242,-0.6791456840737199,-0.7623843298309577,-0.8781534100649921,-0.2877490927464089,-0.4567500973473325,-0.23570720537576498,0.0,0.0,0.0,1.0,-0.05696001026410799,0.0,1.0,1.0,0.0,0.0,0.0,0.0,1.0,0.0,1.0,0.0,0.0,0.0,0.0,0.0,1.0,0.0,0.0,1.0,0.0,0.0,0.0
-0.10115885313749257,0.0,-0.4846290703139904,-0.270543951856408,0.08504925188071055,-1.5756862740979403,0.841866587908176,1.7855109940078144,-0.05778754527941421,-1.5679065665042957,-1.6938138873975048,-0.27528912377689324,0.21605427699257776,3.0,1.1914379855160337,0.24198831185855807,0.8076511944764159,-0.6201892226844657,-1.0778621289498782,1.6804652557344315,1.1834366957553253,-0.9580726090855929,0.5145174190101878,0.8843950176866698,-1.4455905142848562,-0.3361507621633337,1.0,0.0,0.0,1.0,-0.43797105223209376,1.0,0.0,0.0,1.0,0.0,0.0,0.0,0.0,0.0,0.0,0.0,0.0,0.0,0.0,0.0,1.0,0.0,0.0,1.0,0.0,1.0,0.0
1.2128633628752972,0.0,0.13018828284669903,-0.6407266473844129,0.08504925188071055,1.1697805251007627,-0.5851223839616266,0.3796721288811475,0.8459113011114247,1.1532535902386967,0.6173817977562985,-0.6828168296701794,-1.1505541015749308,3.0,0.26623257679518353,-0.9320143892374165,-0.014115378204207997,-0.6201892226844657,0.33809616377248186,0.6780776863749062,-0.6791456840737199,0.23989333822598258,-0.8781534100649921,0.8843950176866698,1.520930736527715,0.9696504815283791,0.0,0.0,0.0,0.0,0.18277657690857774,0.0,1.0,1.0,0.0,0.0,0.0,0.0,1.0,0.0,0.0,0.0,1.0,0.0,0.0,0.0,0.0,1.0,0.0,0.0,1.0,0.0,1.0
-1.0866755151470848,0.0,1.2110768553388789,0.2230329755142651,0.08504925188071055,0.2546249253678617,1.5799643319787637,1.7855109940078144,-0.9614863916702531,1.1532535902386967,-1.094266256332371,2.1698771115828235,-0.3305890744344257,3.0,-0.6589728319256667,0.24198831185855807,-0.8358819508848319,0.9316033855643254,0.33809616377248186,-1.1262199384722393,-0.6791456840737199,-0.10170137894026136,-0.8781534100649921,-1.4598932031794878,0.5320903195901912,-1.742399228925451,1.0,0.0,1.0,0.0,-0.6669088338831228,0.0,1.0,0.0,0.0,1.0,0.0,0.0,0.0,0.0,0.0,0.0,0.0,0.0,0.0,1.0,1.0,0.0,0.0,0.0,0.0,0.0,0.0
1.5413689168784945,0.0,1.493694509614357,0.2230329755142651,-0.8916882501868245,1.1697805251007627,0.7926600716368035,-1.0261667362455194,1.7496101475022634,-0.6608531809232983,1.42310298127632,0.1322385821163929,0.21605427699257776,3.0,-0.6589728319256667,-0.9320143892374165,2.3827037921142784,-1.3960855268088614,-1.0778621289498782,-0.32430988298461916,-0.6791456840737199,2.3266072491139598,-0.8781534100649921,-1.4598932031794878,-0.4567500973473325,-0.5370450074100981,0.0,0.0,0.0,0.0,-0.11801698446417899,0.0,1.0,0.0,0.0,0.0,0.0,1.0,0.0,0.0,0.0,0.0,1.0,0.0,0.0,0.0,0.0,1.0,0.0,0.0,1.0,0.0,0.0
-2.072192177156677,0.0,0.7970667828476081,-1.0109093429124179,0.08504925188071055,1.1697805251007627,1.5307578157073911,0.3796721288811475,-0.9614863916702531,1.1532535902386967,0.7015658181519889,-0.6828168296701794,-0.057267398720923963,3.0,0.26623257679518353,-0.9320143892374165,-1.520687428118685,1.707499689688721,1.754054456494842,-1.3266974523441444,-0.6791456840737199,-1.4582572970632404,-0.8781534100649921,-2.045965258396027,2.015350944996477,-1.742399228925451,0.0,0.0,0.0,0.0,-0.2978763423620155,0.0,0.0,1.0,0.0,0.0,0.0,0.0,0.0,0.0,1.0,0.0,0.0,0.0,0.0,0.0,0.0,1.0,0.0,0.0,0.0,0.0,0.0
-0.2106607044718917,0.0,0.035982398088206295,-1.0109093429124179,0.08504925188071055,1.1697805251007627,-0.2898832863333916,-1.0261667362455194,-0.05778754527941421,1.1532535902386967,-0.4872699556829775,-1.0903445355634656,-0.8772324258614291,3.0,-0.6589728319256667,0.24198831185855807,-0.15107647365097865,-2.171981830933257,0.33809616377248186,0.4776001725030011,-0.6791456840737199,1.9063243692454255,-0.8781534100649921,0.8311157399397118,1.026510528058953,0.6013471740137043,0.0,0.0,0.0,0.0,0.8669665416990011,0.0,1.0,0.0,0.0,1.0,0.0,0.0,0.0,0.0,1.0,0.0,0.0,0.0,0.0,0.0,1.0,0.0,0.0,1.0,0.0,0.0,1.0
-1.0866755151470848,0.0,-0.023516055443473325,-0.8875151110697495,-1.8684257522543597,1.1697805251007627,-1.1263940629467242,-2.432005601372186,-0.05778754527941421,1.1532535902386967,0.8543338150970898,0.1322385821163929,1.3093409798465847,4.0,-0.6589728319256667,-0.9320143892374165,-0.42499866454451996,0.1557070814399298,0.33809616377248186,-0.12383236911271409,-0.6791456840737199,-0.7769624069748009,-0.8781534100649921,0.2983229624701303,1.026510528058953,-0.7379370428425979,1.0,0.0,0.0,0.0,0.2515329390416747,1.0,0.0,1.0,0.0,0.0,0.0,0.0,1.0,0.0,0.0,0.0,0.0,0.0,0.0,0.0,0.0,1.0,0.0,0.0,0.0,0.0,1.0
1.979376322216091,1.0,-1.3275238286794517,0.4698214391996017,1.0617867539482457,-1.5756862740979403,0.9402796204509211,1.7855109940078144,1.7496101475022634,0.24620020465769926,-0.7077786835641765,1.3548216997962514,0.4893759527060795,3.0,0.26623257679518353,-0.9320143892374165,1.7663788626038104,-0.6201892226844657,-1.0778621289498782,2.2818977973501466,0.2521455058408027,2.8385338499776784,-0.3210850784349202,0.6265233133913924,-0.9511703058160944,-0.6322029151384359,1.0,0.0,0.0,0.0,-0.1906348675805832,0.0,1.0,0.0,1.0,0.0,0.0,0.0,1.0,0.0,0.0,0.0,0.0,0.0,0.0,0.0,0.0,1.0,1.0,0.0,1.0,0.0,0.0
2.08887817355049,0.0,1.4044468293168375,1.7037637576262845,0.08504925188071055,1.1697805251007627,0.10376884383758846,0.3796721288811475,1.7496101475022634,-0.6608531809232983,0.5511870171112733,0.5397662880096791,-0.8772324258614291,3.0,-1.584178240646517,0.24198831185855807,2.3827037921142784,-2.171981830933257,0.33809616377248186,2.2818977973501466,3.977310265498893,2.4300675116675214,1.907188248085368,-0.08090013208174794,-0.4567500973473325,0.7951923454448696,0.0,0.0,0.0,1.0,-0.4512949258393127,0.0,1.0,1.0,0.0,0.0,0.0,0.0,1.0,0.0,0.0,0.0,1.0,0.0,0.0,0.0,1.0,0.0,1.0,0.0,1.0,0.0,0.0
-0.3201625558062908,0.0,0.4871790040367768,2.0739464531542895,-1.8684257522543597,-1.5756862740979403,1.2847252343505287,-1.0261667362455194,-0.9614863916702531,0.24620020465769926,0.2217590641772194,-0.6828168296701794,1.3093409798465847,4.0,0.26623257679518353,2.5899937140505074,-0.8358819508848319,-0.6201892226844657,0.33809616377248186,-0.32430988298461916,-0.6791456840737199,-1.0849924489985987,-0.8781534100649921,0.8843950176866698,-0.4567500973473325,0.6683092141052549,0.0,0.0,1.0,0.0,-0.7513652322822795,0.0,0.0,0.0,0.0,0.0,0.0,1.0,0.0,0.0,0.0,0.0,0.0,0.0,1.0,0.0,0.0,0.0,0.0,1.0,0.0,0.0,0.0
0.33684855220010396,0.0,0.9904367568255669,-0.8875151110697495,-1.8684257522543597,-0.6605306743650393,1.137105685536411,1.7855109940078144,-0.05778754527941421,0.24620020465769926,-0.059744429733578276,0.9472939939029652,1.3093409798465847,4.0,-0.6589728319256667,2.5899937140505074,0.5337290035828746,-2.171981830933257,0.33809616377248186,1.0790327141187162,2.7355886789461965,-0.44409240643555886,2.264283332463619,0.5913589900784001,-0.4567500973473325,1.0198740846929866,0.0,0.0,0.0,1.0,0.5218394078731756,0.0,1.0,0.0,0.0,1.0,0.0,0.0,0.0,0.0,0.0,0.0,0.0,0.0,0.0,0.0,0.0,0.0,0.0,1.0,0.0,0.0,1.0
-0.3201625558062908,0.0,-1.282899988530692,2.4441291486822943,0.08504925188071055,-0.6605306743650393,0.9894861367222936,0.3796721288811475,-0.05778754527941421,0.24620020465769926,0.4466245610605326,0.5397662880096791,-0.6039107501479274,3.0,-1.584178240646517,1.4159910129545328,-0.15107647365097865,-1.3960855268088614,0.33809616377248186,0.27712265863109603,1.4938670923934996,1.9655094412007486,2.010349050239085,0.5114400734579629,-0.9511703058160944,0.8943151081711811,0.0,0.0,0.0,0.0,-0.6856605690103311,0.0,1.0,0.0,0.0,1.0,0.0,0.0,1.0,0.0,1.0,0.0,0.0,0.0,0.0,0.0,1.0,0.0,0.0,1.0,0.0,0.0,1.0
-0.6486681098094882,1.0,-0.24663525618727192,-0.8875151110697495,0.08504925188071055,0.2546249253678617,1.1863122018077836,-1.0261667362455194,-0.9614863916702531,1.1532535902386967,-0.3416695464510322,1.7623494056895375,-0.3305890744344257,3.0,0.26623257679518353,-0.9320143892374165,-1.1098041417783733,0.1557070814399298,1.754054456494842,-1.1262199384722393,-0.6791456840737199,0.17576651360327775,-0.8781534100649921,-1.1668571755712178,1.520930736527715,-1.742399228925451,1.0,0.0,1.0,0.0,-0.22160686781040126,1.0,0.0,1.0,0.0,0.0,0.0,0.0,0.0,0.0,0.0,0.0,0.0,0.0,0.0,1.0,0.0,1.0,0.0,1.0,0.0,0.0,0.0
-0.2106607044718917,1.0,-0.3482784476372246,1.0867925984129432,1.0617867539482457,1.1697805251007627,0.05456232756621595,0.3796721288811475,-0.05778754527941421,0.24620020465769926,1.2613403644558867,-1.0903445355634656,0.7626976284195812,3.0,0.26623257679518353,0.24198831185855807,-0.8358819508848319,-2.171981830933257,-1.0778621289498782,-0.5247873968565242,0.2521455058408027,-0.968553523559597,1.3501199164552957,0.2983229624701303,0.5320903195901912,-0.23570720537576498,1.0,0.0,0.0,0.0,-0.6472409718102901,1.0,0.0,0.0,1.0,0.0,0.0,0.0,0.0,0.0,0.0,0.0,0.0,0.0,0.0,0.0,1.0,0.0,1.0,1.0,0.0,1.0,0.0
0.11784484953130571,0.0,-0.2714262784921384,-0.270543951856408,0.08504925188071055,1.1697805251007627,-0.4375028351475091,1.7855109940078144,-0.9614863916702531,0.24620020465769926,0.2016617103932733,-0.6828168296701794,-1.1505541015749308,3.0,1.1914379855160337,2.5899937140505074,-0.9728430463316026,-0.6201892226844657,0.33809616377248186,-0.5247873968565242,-0.6791456840737199,-0.5644351618708788,-0.8781534100649921,0.767180606643362,1.520930736527715,-0.23570720537576498,0.0,0.0,0.0,1.0,-0.5954514767896499,1.0,0.0,1.0,0.0,0.0,0.0,0.0,1.0,0.0,0.0,0.0,0.0,0.0,1.0,0.0,0.0,0.0,0.0,1.0,0.0,0.0,0.0
-0.3201625558062908,0.0,-0.9878868231027805,-0.8875151110697495,1.0617867539482457,0.2546249253678617,1.5799643319787637,0.3796721288811475,-0.05778754527941421,1.1532535902386967,-1.1454231568733246,-0.6828168296701794,-1.1505541015749308,3.0,1.1914379855160337,-0.9320143892374165,0.39676790813610396,-0.6201892226844657,1.754054456494842,1.4799877418625262,0.5625759024789769,-0.3245638201632777,0.11219029061069137,1.2360382508165935,2.015350944996477,0.6252638931833465,0.0,0.0,0.0,0.0,0.586000973981725,0.0,1.0,0.0,0.0,0.0,0.0,1.0,0.0,0.0,0.0,0.0,0.0,0.0,0.0,0.0,0.0,1.0,0.0,1.0,0.0,0.0,1.0
-0.9771736638126857,0.0,-0.16482488258121242,2.0739464531542895,0.08504925188071055,0.2546249253678617,-0.8803614815898617,-1.0261667362455194,-0.05778754527941421,-1.5679065665042957,1.3940110076170416,-0.6828168296701794,-1.1505541015749308,3.0,0.26623257679518353,0.24198831185855807,-0.8358819508848319,-2.171981830933257,0.33809616377248186,-0.32430988298461916,-0.6791456840737199,-0.9224374998739787,-0.8781534100649921,0.8843950176866698,-0.4567500973473325,0.06563210334757824,1.0,1.0,0.0,0.0,-0.6893883789982149,0.0,1.0,1.0,0.0,0.0,0.0,0.0,1.0,0.0,0.0,0.0,0.0,0.0,0.0,0.0,1.0,0.0,0.0,0.0,0.0,1.0,0.0
-0.6486681098094882,1.0,-1.1713403881587927,1.5803695257836163,1.0617867539482457,1.1697805251007627,1.5799643319787637,0.3796721288811475,-0.05778754527941421,0.24620020465769926,0.9477935372392169,-0.6828168296701794,-0.057267398720923963,3.0,1.1914379855160337,1.4159910129545328,-0.15107647365097865,0.1557070814399298,-1.0778621289498782,0.6780776863749062,1.1834366957553253,-0.44413816688775404,1.1475496140443604,1.1507914064214602,1.026510528058953,-1.1397215154912665,0.0,0.0,0.0,0.0,-0.6312150257527497,0.0,1.0,0.0,0.0,1.0,0.0,0.0,1.0,0.0,0.0,0.0,1.0,0.0,0.0,0.0,1.0,0.0,1.0,1.0,0.0,0.0,1.0
0.22734670086570485,0.0,1.7242510170496155,1.456975293940948,1.0617867539482457,-1.5756862740979403,-1.0771875466753518,-1.0261667362455194,-0.05778754527941421,1.1532535902386967,-1.5102674255665003,0.1322385821163929,-0.8772324258614291,3.0,1.1914379855160337,1.4159910129545328,-0.42499866454451996,-0.6201892226844657,1.754054456494842,-0.32430988298461916,-0.3687152874355457,-0.3371832356455856,-0.25918859714269,-0.0923917410075624,1.026510528058953,0.6683092141052549,1.0,0.0,0.0,1.0,-0.625297894455247,0.0,1.0,1.0,0.0,0.0,0.0,0.0,1.0,0.0,0.0,0.0,0.0,0.0,0.0,0.0,1.0,0.0,1.0,1.0,0.0,0.0,1.0
1.5413689168784945,0.0,-0.6482498175261093,-0.8875151110697495,0.08504925188071055,-0.6605306743650393,-0.6835354165043717,0.3796721288811475,0.8459113011114247,-0.6608531809232983,0.15205076014339233,-0.27528912377689324,-1.1505541015749308,3.0,-0.6589728319256667,-0.9320143892374165,0.39676790813610396,1.707499689688721,0.33809616377248186,-0.5247873968565242,0.2521455058408027,1.5393196917801213,1.3501199164552957,-1.108249970049564,-0.9511703058160944,-0.23570720537576498,1.0,0.0,0.0,1.0,1.395057625331141,1.0,0.0,0.0,1.0,0.0,0.0,0.0,1.0,0.0,0.0,0.0,0.0,0.0,0.0,0.0,1.0,0.0,0.0,0.0,1.0,0.0,0.0
0.4463504035345031,0.0,0.9854785523645936,1.5803695257836163,0.08504925188071055,1.1697805251007627,0.448214457737196,0.3796721288811475,-0.05778754527941421,1.1532535902386967,-0.05060926892269368,0.1322385821163929,-0.3305890744344257,3.0,-1.584178240646517,1.4159910129545328,0.12284571724256264,0.9316033855643254,-1.0778621289498782,-0.12383236911271409,0.2521455058408027,1.9953448197537271,0.7134703945923563,-0.42299649010407175,0.037670111121429345,-0.7379370428425979,0.0,0.0,0.0,1.0,-0.6504364991339364,1.0,0.0,1.0,0.0,0.0,0.0,0.0,0.0,0.0,0.0,0.0,0.0,0.0,1.0,0.0,0.0,0.0,1.0,1.0,0.0,0.0,1.0
0.008342998196906572,0.0,1.5779839854509032,-0.6407266473844129,-1.8684257522543597,0.2546249253678617,-0.5851223839616266,0.3796721288811475,-0.9614863916702531,0.24620020465769926,-1.2832938146499062,1.7623494056895375,-0.057267398720923963,3.0,1.1914379855160337,-0.9320143892374165,-0.42499866454451996,-0.6201892226844657,0.33809616377248186,-0.12383236911271409,-0.3687152874355457,-0.2185915941750099,-0.347612141845876,0.2983229624701303,1.026510528058953,0.2665251432402553,0.0,0.0,0.0,1.0,-0.42597180450582556,0.0,1.0,1.0,0.0,0.0,0.0,0.0,1.0,0.0,0.0,0.0,0.0,0.0,1.0,0.0,1.0,0.0,1.0,1.0,0.0,1.0,0.0
-0.42966440714069,0.0,0.7648384538512817,-0.5173324155417446,-1.8684257522543597,-0.6605306743650393,-0.2406767700620191,0.3796721288811475,-0.05778754527941421,1.1532535902386967,0.699879326925364,1.3548216997962514,-0.6039107501479274,3.0,-1.584178240646517,-0.9320143892374165,-0.42499866454451996,-0.6201892226844657,1.754054456494842,-0.32430988298461916,-0.3687152874355457,1.2886162175619416,-0.25918859714269,-0.0923917410075624,0.037670111121429345,0.6683092141052549,1.0,0.0,0.0,0.0,0.23663089788097938,1.0,0.0,1.0,0.0,0.0,0.0,0.0,1.0,0.0,0.0,0.0,0.0,0.0,0.0,0.0,1.0,0.0,0.0,1.0,0.0,0.0,0.0
-0.5391662584750891,0.0,-0.7523721112065487,-0.8875151110697495,-1.8684257522543597,0.2546249253678617,-1.4708396768463317,0.3796721288811475,-0.05778754527941421,-0.6608531809232983,0.8690906133300572,-1.0903445355634656,-0.6039107501479274,3.0,-1.584178240646517,2.5899937140505074,-0.9728430463316026,0.1557070814399298,-1.0778621289498782,-0.7252649107284292,-0.3687152874355457,-1.1932643298822463,0.050293809318461155,0.0638941403835146,-1.4455905142848562,0.2665217950441287,1.0,0.0,0.0,0.0,0.046008954700418575,0.0,1.0,0.0,1.0,0.0,0.0,0.0,1.0,0.0,0.0,0.0,0.0,0.0,0.0,0.0,1.0,0.0,1.0,1.0,0.0,1.0,0.0
0.22734670086570485,0.0,1.6920226880532891,1.950552221311621,-0.8916882501868245,0.2546249253678617,0.251388392651706,0.3796721288811475,0.8459113011114247,0.24620020465769926,-1.5268512559616447,0.1322385821163929,1.5826626555600865,4.0,-0.6589728319256667,0.24198831185855807,0.2598068126893333,-0.6201892226844657,0.33809616377248186,-0.12383236911271409,-0.6791456840737199,1.3075797465804837,-0.8781534100649921,-0.5389228306963544,0.037670111121429345,0.2665251432402553,0.0,0.0,0.0,1.0,-0.5372403785056838,0.0,0.0,1.0,0.0,0.0,0.0,0.0,1.0,0.0,0.0,0.0,0.0,0.0,0.0,0.0,1.0,0.0,0.0,1.0,0.0,0.0,0.0
-1.3056792178158831,0.0,1.4118841360082974,1.0867925984129432,-1.8684257522543597,-1.5756862740979403,1.333931750621901,1.7855109940078144,-0.05778754527941421,0.24620020465769926,-0.2580476897975501,-0.27528912377689324,-1.1505541015749308,3.0,-0.6589728319256667,-0.9320143892374165,-0.6989208554380613,0.1557070814399298,-1.0778621289498782,-0.7252649107284292,-0.3687152874355457,-0.290228738802047,0.050293809318461155,-0.5389228306963544,-1.4455905142848562,0.2665217950441287,1.0,0.0,0.0,0.0,-0.5943648696216826,0.0,1.0,1.0,0.0,0.0,0.0,0.0,1.0,0.0,0.0,0.0,0.0,0.0,0.0,0.0,1.0,0.0,0.0,0.0,0.0,0.0,1.0
1.6508707682128936,0.0,-1.1911732060026858,2.320734916839626,-0.8916882501868245,1.1697805251007627,-0.3390898026047641,1.7855109940078144,1.7496101475022634,0.24620020465769926,-0.6439730988235364,-0.27528912377689324,-1.1505541015749308,3.0,-0.6589728319256667,0.24198831185855807,1.7663788626038104,0.1557070814399298,-1.0778621289498782,-0.32430988298461916,-0.6791456840737199,2.368389278222129,-0.8781534100649921,-1.3426787921361796,0.037670111121429345,0.06563210334757824,0.0,0.0,0.0,1.0,-0.5143948642550202,1.0,0.0,0.0,0.0,1.0,0.0,0.0,0.0,0.0,0.0,0.0,1.0,0.0,0.0,0.0,1.0,0.0,1.0,0.0,1.0,0.0,0.0
0.6653541062033014,0.0,0.31612095013319785,-0.3939381836990763,0.08504925188071055,-1.5756862740979403,0.349801425194451,-1.0261667362455194,-0.05778754527941421,0.24620020465769926,0.7996633911673343,-0.6828168296701794,-0.3305890744344257,3.0,-1.584178240646517,-0.9320143892374165,1.2185344808167278,0.1557070814399298,-2.4938204216722384,2.2818977973501466,-0.3687152874355457,0.7535334600996478,-0.7013063206586201,1.3030179142699119,-2.43443093122238,-0.6877127030728926,0.0,0.0,0.0,0.0,-0.43603068228929487,0.0,1.0,0.0,0.0,1.0,0.0,0.0,0.0,0.0,0.0,0.0,0.0,0.0,1.0,0.0,0.0,1.0,1.0,1.0,0.0,1.0,0.0
-1.0866755151470848,0.0,-1.4812281669696241,0.09963874367159682,0.08504925188071055,1.1697805251007627,1.5799643319787637,-1.0261667362455194,-0.05778754527941421,1.1532535902386967,-1.0137363002610345,-0.6828168296701794,-1.1505541015749308,3.0,1.1914379855160337,-0.9320143892374165,-0.6989208554380613,0.1557070814399298,0.33809616377248186,-0.12383236911271409,0.5625759024789769,-0.48433527486060435,1.2440116628114726,0.9681195970033181,2.015350944996477,-0.7379370428425979,1.0,0.0,0.0,0.0,-0.47238263118129403,0.0,1.0,0.0,1.0,0.0,0.0,0.0,0.0,0.0,0.0,0.0,0.0,0.0,0.0,0.0,1.0,0.0,1.0,0.0,0.0,0.0,1.0
-1.0866755151470848,1.0,-1.6547653231036896,0.9633983665702748,1.0617867539482457,1.1697805251007627,-0.7327419327757442,0.3796721288811475,-0.9614863916702531,0.24620020465769926,1.597654823231992,-0.6828168296701794,-0.6039107501479274,3.0,1.1914379855160337,-0.9320143892374165,-0.42499866454451996,-0.6201892226844657,0.33809616377248186,0.27712265863109603,1.4938670923934996,-0.7579642049338524,2.010349050239085,1.079752369425516,1.520930736527715,-0.9890522754692704,0.0,0.0,1.0,0.0,-0.715443954052332,0.0,1.0,1.0,0.0,0.0,0.0,0.0,0.0,0.0,0.0,0.0,0.0,0.0,1.0,0.0,0.0,1.0,1.0,0.0,0.0,0.0,0.0
-1.1961773664814839,0.0,-0.2962173007970049,-0.8875151110697495,-1.8684257522543597,-1.5756862740979403,-1.4708396768463317,-1.0261667362455194,-0.9614863916702531,1.1532535902386967,-1.4423861536948501,-1.0903445355634656,-0.8772324258614291,3.0,1.1914379855160337,-0.9320143892374165,-0.8358819508848319,-0.6201892226844657,0.33809616377248186,-0.5247873968565242,-0.3687152874355457,0.594947160923045,-0.13539563455822945,0.2983229624701303,0.5320903195901912,0.517638806399078,0.0,0.0,0.0,0.0,0.00999568856207158,0.0,1.0,0.0,0.0,1.0,0.0,0.0,1.0,0.0,0.0,0.0,0.0,0.0,1.0,0.0,0.0,1.0,0.0,0.0,0.0,1.0,0.0
0.5558522548689022,0.0,0.8540861341488011,0.09963874367159682,0.08504925188071055,0.2546249253678617,-1.7168722582031943,0.3796721288811475,1.7496101475022634,-1.5679065665042957,0.3236512424524707,-1.0903445355634656,-0.3305890744344257,3.0,0.26623257679518353,0.24198831185855807,1.3554955762634984,1.707499689688721,0.33809616377248186,2.2818977973501466,-0.6791456840737199,-0.06465467881746643,-0.8781534100649921,1.1507914064214602,-0.4567500973473325,-0.6877127030728926,0.0,0.0,0.0,1.0,0.15022916428260466,0.0,1.0,0.0,0.0,0.0,0.0,0.0,0.0,0.0,0.0,1.0,0.0,0.0,0.0,0.0,1.0,0.0,0.0,1.0,0.0,0.0,0.0
1.6508707682128936,0.0,-1.3498357487538315,-0.14714972001373974,1.0617867539482457,0.2546249253678617,-0.5851223839616266,0.3796721288811475,-0.9614863916702531,-1.5679065665042957,0.42863532130986753,2.373640964529467,-0.6039107501479274,3.0,0.26623257679518353,-0.9320143892374165,0.12284571724256264,-0.6201892226844657,-2.4938204216722384,-0.32430988298461916,-0.6791456840737199,-0.2575177311817632,-0.8781534100649921,-0.6934912848193976,-1.4455905142848562,0.6683092141052549,0.0,0.0,0.0,1.0,-0.5945028514842815,0.0,1.0,0.0,0.0,0.0,1.0,0.0,0.0,0.0,1.0,0.0,0.0,0.0,0.0,0.0,1.0,0.0,0.0,0.0,1.0,1.0,0.0
0.008342998196906572,0.0,1.6350033367520962,0.2230329755142651,0.08504925188071055,-1.5756862740979403,1.3831382668932737,0.3796721288811475,-0.9614863916702531,0.24620020465769926,0.6735981719771268,0.5397662880096791,0.7626976284195812,3.0,-1.584178240646517,-0.9320143892374165,-0.42499866454451996,2.4833959938131165,0.33809616377248186,-0.7252649107284292,-0.6791456840737199,0.3513711151464845,-0.8781534100649921,-0.8738211479629483,-1.4455905142848562,0.2665217950441287,0.0,0.0,0.0,0.0,-0.6102500315533959,0.0,1.0,0.0,0.0,1.0,0.0,0.0,0.0,0.0,1.0,0.0,0.0,0.0,0.0,0.0,0.0,1.0,0.0,1.0,0.0,1.0,0.0
-0.2106607044718917,0.0,-1.4936236781220573,1.0867925984129432,-0.8916882501868245,0.2546249253678617,-0.2898832863333916,0.3796721288811475,0.8459113011114247,1.1532535902386967,0.7913714759697621,-0.27528912377689324,-1.1505541015749308,3.0,0.26623257679518353,-0.9320143892374165,-0.15107647365097865,-0.6201892226844657,0.33809616377248186,-0.9257424246003343,-0.058284890797371494,0.8224542012198802,1.5977058416242167,-1.4066139254325294,1.026510528058953,1.2709772847514702,0.0,0.0,0.0,0.0,-0.49207673621603276,1.0,0.0,1.0,0.0,0.0,0.0,0.0,1.0,0.0,0.0,0.0,1.0,0.0,0.0,0.0,0.0,1.0,0.0,1.0,0.0,0.0,0.0
-1.3056792178158831,0.0,0.3632238925124442,-1.0109093429124179,0.08504925188071055,-1.5756862740979403,0.743453555365431,0.3796721288811475,-0.9614863916702531,1.1532535902386967,-1.3215209491200695,0.5397662880096791,-1.1505541015749308,3.0,-0.6589728319256667,0.24198831185855807,-0.5619597599912906,-0.6201892226844657,-1.0778621289498782,-0.7252649107284292,-0.6791456840737199,-0.007326290643352066,-0.8781534100649921,-0.7273031341588134,-0.9511703058160944,0.2665217950441287,0.0,0.0,1.0,0.0,0.20444662842975556,0.0,1.0,0.0,0.0,0.0,0.0,1.0,1.0,0.0,1.0,0.0,0.0,0.0,0.0,0.0,1.0,0.0,0.0,0.0,0.0,1.0,0.0
-1.1961773664814839,0.0,-0.3730694699420911,-0.270543951856408,0.08504925188071055,0.2546249253678617,1.6783773645215088,1.7855109940078144,-0.9614863916702531,-1.5679065665042957,1.301956694830435,-1.0903445355634656,-0.8772324258614291,3.0,1.1914379855160337,-0.9320143892374165,-0.42499866454451996,-0.6201892226844657,0.33809616377248186,0.07664514475919097,-0.6791456840737199,0.3056371959082805,-0.8781534100649921,0.6890376659478233,0.037670111121429345,1.2709880467950734,0.0,0.0,0.0,0.0,-0.5203203526044777,0.0,1.0,0.0,0.0,0.0,1.0,0.0,1.0,0.0,1.0,0.0,0.0,0.0,0.0,0.0,0.0,1.0,0.0,0.0,0.0,1.0,0.0
-0.8676718124782865,0.0,-1.1663821836978194,0.9633983665702748,0.08504925188071055,-0.6605306743650393,-0.7327419327757442,-1.0261667362455194,0.8459113011114247,-1.5679065665042957,-0.6386325432725577,-0.6828168296701794,-0.6039107501479274,3.0,-1.584178240646517,-0.9320143892374165,-0.15107647365097865,0.1557070814399298,-1.0778621289498782,0.6780776863749062,-0.6791456840737199,2.5715512414045354,-0.8781534100649921,1.1507914064214602,-2.43443093122238,0.9696504815283791,0.0,1.0,0.0,0.0,-0.5224763192075875,0.0,1.0,0.0,0.0,0.0,1.0,0.0,1.0,1.0,0.0,0.0,0.0,0.0,0.0,0.0,0.0,1.0,0.0,0.0,0.0,0.0,1.0
1.3223652142096962,1.0,1.6672316657484225,2.320734916839626,-0.8916882501868245,-1.5756862740979403,1.5307578157073911,-1.0261667362455194,-0.05778754527941421,-1.5679065665042957,1.1801077037067897,0.1322385821163929,1.3093409798465847,4.0,-1.584178240646517,-0.9320143892374165,1.2185344808167278,-0.6201892226844657,0.33809616377248186,-0.5247873968565242,-0.3687152874355457,0.9387381171273417,-0.13539563455822945,-1.3761686238628392,-2.43443093122238,0.517638806399078,0.0,1.0,0.0,0.0,-0.7063014661563307,1.0,0.0,1.0,0.0,0.0,0.0,0.0,1.0,0.0,1.0,0.0,0.0,0.0,0.0,0.0,0.0,1.0,0.0,0.0,1.0,1.0,0.0
-0.8676718124782865,1.0,-1.1539866725453862,0.59321567104227,-1.8684257522543597,0.2546249253678617,0.8910731041795485,0.3796721288811475,0.8459113011114247,1.1532535902386967,1.2110267095282454,-1.0903445355634656,-0.8772324258614291,3.0,-1.584178240646517,-0.9320143892374165,-0.2880375690977493,-1.3960855268088614,0.33809616377248186,0.27712265863109603,1.4938670923934996,0.009345069229610922,2.010349050239085,0.767180606643362,0.037670111121429345,0.8943151081711811,0.0,0.0,0.0,0.0,-0.48537299635470826,1.0,0.0,0.0,0.0,0.0,1.0,0.0,0.0,0.0,0.0,0.0,0.0,0.0,0.0,0.0,0.0,1.0,1.0,0.0,0.0,0.0,1.0
1.869874470881692,0.0,0.4177641415831505,-1.0109093429124179,0.08504925188071055,1.1697805251007627,-0.5851223839616266,0.3796721288811475,1.7496101475022634,1.1532535902386967,-1.2172395749404328,1.3548216997962514,1.036019304133083,3.0,1.1914379855160337,-0.9320143892374165,2.3827037921142784,0.1557070814399298,-1.0778621289498782,2.2818977973501466,3.0460190755843706,0.23436314926810098,1.2440116628114726,0.2983229624701303,1.520930736527715,-0.6877127030728926,0.0,0.0,0.0,0.0,4.581610760193154,0.0,1.0,0.0,0.0,1.0,0.0,0.0,0.0,0.0,0.0,0.0,0.0,1.0,0.0,0.0,0.0,1.0,0.0,0.0,1.0,0.0,0.0
2.3078818762192883,0.0,0.6260087289440293,-1.0109093429124179,0.08504925188071055,1.1697805251007627,0.4974209740085685,0.3796721288811475,2.6533089938931025,-1.5679065665042957,1.1444103060765638,0.1322385821163929,1.5826626555600865,4.0,0.26623257679518353,0.24198831185855807,2.3827037921142784,0.1557070814399298,0.33809616377248186,0.4776001725030011,-0.3687152874355457,0.6640002563121759,-0.5067745223116108,-1.0869382589507808,0.037670111121429345,0.9361680887192979,0.0,0.0,0.0,1.0,5.3183304200750285,0.0,1.0,0.0,0.0,1.0,0.0,0.0,0.0,0.0,0.0,0.0,0.0,1.0,0.0,0.0,1.0,0.0,1.0,0.0,1.0,0.0,0.0
1.979376322216091,0.0,0.8268160096134479,-1.0109093429124179,1.0617867539482457,-0.6605306743650393,0.743453555365431,1.7855109940078144,1.7496101475022634,1.1532535902386967,-0.26690176873733057,-0.27528912377689324,-0.6039107501479274,3.0,1.1914379855160337,1.4159910129545328,2.3827037921142784,0.9316033855643254,1.754054456494842,0.07664514475919097,-0.6791456840737199,-0.2356486205955396,-0.8781534100649921,-1.2767456859243191,1.520930736527715,1.2709880467950734,0.0,0.0,0.0,1.0,3.7756587007522167,0.0,1.0,0.0,0.0,1.0,0.0,0.0,1.0,0.0,0.0,0.0,0.0,1.0,0.0,0.0,0.0,0.0,0.0,0.0,1.0,0.0,0.0
-0.10115885313749257,0.0,0.9210218943719407,-0.7641208792270812,1.0617867539482457,-1.5756862740979403,1.6291708482501361,0.3796721288811475,-0.05778754527941421,-0.6608531809232983,0.9064745021869081,0.1322385821163929,0.21605427699257776,3.0,1.1914379855160337,-0.9320143892374165,0.5337290035828746,0.1557070814399298,0.33809616377248186,-0.32430988298461916,-0.6791456840737199,0.9867658807106213,-0.8781534100649921,-0.9470801548650156,-0.4567500973473325,0.6683092141052549,1.0,0.0,0.0,0.0,0.6421940875251803,0.0,1.0,0.0,1.0,0.0,0.0,0.0,0.0,0.0,0.0,0.0,0.0,0.0,0.0,0.0,0.0,1.0,1.0,1.0,0.0,0.0,0.0
-0.6486681098094882,1.0,-0.33588293648479134,-1.0109093429124179,1.0617867539482457,-0.6605306743650393,-0.7819484490471167,-2.432005601372186,-0.9614863916702531,0.24620020465769926,0.258721330227414,-0.6828168296701794,-0.8772324258614291,3.0,-0.6589728319256667,-0.9320143892374165,-1.3837263326719145,0.1557070814399298,0.33809616377248186,-1.1262199384722393,-0.6791456840737199,-1.4006048599707728,-0.8781534100649921,-0.2877490927464089,-0.4567500973473325,-1.742399228925451,1.0,0.0,1.0,0.0,-0.37611205845566587,1.0,0.0,1.0,0.0,0.0,0.0,0.0,0.0,0.0,0.0,0.0,0.0,0.0,0.0,1.0,0.0,1.0,0.0,1.0,0.0,0.0,0.0
-0.7581699611438873,0.0,0.13018828284669903,-0.270543951856408,1.0617867539482457,1.1697805251007627,0.349801425194451,0.3796721288811475,-0.05778754527941421,-1.5679065665042957,-0.218134064100762,1.7623494056895375,-0.3305890744344257,3.0,-0.6589728319256667,1.4159910129545328,-0.42499866454451996,0.1557070814399298,0.33809616377248186,-0.7252649107284292,-0.6791456840737199,-0.8993794880311695,-0.8781534100649921,-0.8738211479629483,-0.4567500973473325,0.2665217950441287,1.0,0.0,0.0,0.0,-0.4271049805524201,0.0,1.0,0.0,1.0,0.0,0.0,0.0,0.0,0.0,0.0,0.0,0.0,0.0,0.0,0.0,0.0,0.0,0.0,0.0,0.0,1.0,0.0
-0.6486681098094882,0.0,-1.538247518270817,-0.14714972001373974,2.038524256015781,-1.5756862740979403,1.333931750621901,0.3796721288811475,1.7496101475022634,-0.6608531809232983,-0.7682112858515668,0.1322385821163929,-1.1505541015749308,3.0,0.26623257679518353,-0.9320143892374165,-0.2880375690977493,0.1557070814399298,1.754054456494842,-0.7252649107284292,-0.3687152874355457,0.07032976579488856,0.050293809318461155,-0.9910355590062562,-0.4567500973473325,0.2665217950441287,0.0,0.0,0.0,0.0,0.3349429749827888,0.0,1.0,1.0,0.0,0.0,0.0,0.0,0.0,0.0,0.0,0.0,0.0,1.0,0.0,0.0,0.0,1.0,0.0,1.0,0.0,0.0,0.0
-0.3201625558062908,0.0,-0.6011468751468629,-1.0109093429124179,1.0617867539482457,1.1697805251007627,1.235518718079156,0.3796721288811475,-0.9614863916702531,-1.5679065665042957,0.8391553940574662,0.9472939939029652,-0.3305890744344257,3.0,0.26623257679518353,1.4159910129545328,-0.15107647365097865,-0.6201892226844657,0.33809616377248186,-0.5247873968565242,-0.3687152874355457,-0.2185915941750099,-0.13539563455822945,-0.767262592469032,0.037670111121429345,0.517638806399078,0.0,0.0,1.0,0.0,0.13210963696221373,1.0,0.0,0.0,0.0,0.0,1.0,0.0,1.0,0.0,0.0,0.0,0.0,0.0,1.0,0.0,0.0,0.0,0.0,1.0,0.0,1.0,0.0
-0.6486681098094882,1.0,-1.488665473661084,-0.14714972001373974,0.08504925188071055,-1.5756862740979403,-1.5692527093890767,-1.0261667362455194,-0.9614863916702531,-0.6608531809232983,1.117145364579462,-0.6828168296701794,-0.8772324258614291,3.0,0.26623257679518353,-0.9320143892374165,-1.3837263326719145,0.1557070814399298,1.754054456494842,-1.1262199384722393,-0.6791456840737199,-1.7730957132225043,-0.8781534100649921,-0.2877490927464089,-0.4567500973473325,-1.742399228925451,0.0,0.0,1.0,0.0,-0.7110285344491629,0.0,1.0,1.0,0.0,0.0,0.0,0.0,0.0,0.0,0.0,0.0,0.0,0.0,1.0,0.0,0.0,1.0,0.0,1.0,0.0,0.0,0.0
-1.0866755151470848,0.0,1.4242796471607309,0.2230329755142651,-1.8684257522543597,-0.6605306743650393,1.235518718079156,0.3796721288811475,-0.9614863916702531,-1.5679065665042957,-0.9323630985763854,-1.0903445355634656,-0.3305890744344257,3.0,-0.6589728319256667,-0.9320143892374165,-0.6989208554380613,0.1557070814399298,1.754054456494842,-0.32430988298461916,-0.3687152874355457,-1.0206464619996403,-0.25918859714269,0.4657721211034274,-0.9511703058160944,-1.742399228925451,0.0,0.0,1.0,0.0,-0.6894171252195898,0.0,1.0,1.0,0.0,0.0,0.0,0.0,1.0,0.0,1.0,0.0,0.0,0.0,0.0,0.0,1.0,0.0,0.0,0.0,0.0,0.0,0.0
-0.10115885313749257,0.0,-1.5630385405756835,-0.6407266473844129,1.0617867539482457,-1.5756862740979403,-1.4216331605749593,-1.0261667362455194,-0.05778754527941421,1.1532535902386967,1.1652103645382703,-0.6828168296701794,0.21605427699257776,3.0,0.26623257679518353,-0.9320143892374165,-0.15107647365097865,-0.6201892226844657,-1.0778621289498782,0.6780776863749062,-0.3687152874355457,2.307168720215568,-0.5405362393801,1.1507914064214602,-0.4567500973473325,-0.537043802057082,0.0,0.0,0.0,0.0,-0.07651893928752058,0.0,1.0,1.0,0.0,0.0,0.0,0.0,1.0,0.0,1.0,0.0,0.0,0.0,0.0,0.0,0.0,1.0,0.0,1.0,0.0,0.0,1.0
-0.10115885313749257,0.0,-1.1738194903892794,0.8400041347276065,1.0617867539482457,0.2546249253678617,1.5799643319787637,-1.0261667362455194,-0.05778754527941421,-1.5679065665042957,-0.11511755834109415,0.5397662880096791,-0.6039107501479274,3.0,-1.584178240646517,1.4159910129545328,-0.014115378204207997,0.1557070814399298,-1.0778621289498782,-0.7252649107284292,-0.6791456840737199,-0.5354821374937447,-0.8781534100649921,-1.1668571755712178,-1.940010722753618,0.2665217950441287,1.0,1.0,0.0,1.0,-0.591771622262836,0.0,1.0,0.0,1.0,0.0,0.0,0.0,0.0,0.0,0.0,0.0,0.0,0.0,0.0,0.0,1.0,0.0,0.0,1.0,0.0,0.0,1.0
1.103361511540898,0.0,-0.8366615870430948,-1.0109093429124179,0.08504925188071055,-1.5756862740979403,0.3990079414658235,0.3796721288811475,-0.9614863916702531,1.1532535902386967,-0.5773566953718549,1.7623494056895375,-0.8772324258614291,3.0,0.26623257679518353,0.24198831185855807,0.8076511944764159,-0.6201892226844657,-1.0778621289498782,-0.12383236911271409,-0.3687152874355457,0.16129874961527138,-0.347612141845876,-0.8738211479629483,-0.4567500973473325,0.7687562362816817,0.0,0.0,0.0,1.0,0.26374433388168894,0.0,1.0,0.0,0.0,0.0,0.0,1.0,1.0,0.0,0.0,0.0,0.0,0.0,1.0,0.0,1.0,0.0,0.0,0.0,1.0,1.0,0.0
-1.3056792178158831,1.0,-1.039947969943,-0.02375548817107146,-0.8916882501868245,-1.5756862740979403,0.10376884383758846,-1.0261667362455194,-0.9614863916702531,-1.5679065665042957,0.12211554087080126,0.1322385821163929,-0.8772324258614291,3.0,-1.584178240646517,-0.9320143892374165,-0.6989208554380613,-0.6201892226844657,0.33809616377248186,-0.7252649107284292,-0.058284890797371494,1.9610678939133002,0.9787410287019146,-0.5389228306963544,-2.43443093122238,0.2665217950441287,1.0,0.0,0.0,0.0,-0.524822010871771,0.0,1.0,1.0,0.0,0.0,0.0,0.0,1.0,0.0,0.0,0.0,0.0,0.0,0.0,1.0,1.0,0.0,0.0,0.0,0.0,1.0,0.0
0.008342998196906572,0.0,1.5135273274582501,-0.5173324155417446,-0.8916882501868245,0.2546249253678617,0.8910731041795485,1.7855109940078144,-0.9614863916702531,0.24620020465769926,1.5680006858305051,-1.0903445355634656,-0.3305890744344257,3.0,-1.584178240646517,-0.9320143892374165,-0.5619597599912906,-0.6201892226844657,-2.4938204216722384,-0.12383236911271409,-0.3687152874355457,0.235691201779262,-0.347612141845876,0.5913589900784001,-1.4455905142848562,0.7687562362816817,0.0,0.0,0.0,0.0,-0.43582370949539634,0.0,0.0,0.0,0.0,0.0,0.0,1.0,1.0,0.0,1.0,0.0,0.0,0.0,0.0,0.0,0.0,1.0,0.0,1.0,0.0,1.0,0.0
2.08887817355049,0.0,1.1218291750413594,-1.0109093429124179,-0.8916882501868245,-1.5756862740979403,1.1863122018077836,0.3796721288811475,-0.9614863916702531,-1.5679065665042957,-0.5367403649973064,-0.27528912377689324,1.855984331273588,4.0,1.1914379855160337,0.24198831185855807,-0.8358819508848319,0.1557070814399298,1.754054456494842,-0.7252649107284292,-0.3687152874355457,-1.051841640696145,0.050293809318461155,-0.2877490927464089,-0.4567500973473325,0.2665217950441287,0.0,0.0,0.0,1.0,-0.15661741052625786,0.0,1.0,1.0,0.0,0.0,0.0,0.0,0.0,0.0,0.0,0.0,0.0,0.0,1.0,0.0,1.0,0.0,0.0,0.0,1.0,0.0,0.0
1.103361511540898,0.0,-1.09944642347468,-0.8875151110697495,1.0617867539482457,-1.5756862740979403,0.7926600716368035,0.3796721288811475,1.7496101475022634,0.24620020465769926,1.7412876593662083,0.1322385821163929,1.036019304133083,3.0,-0.6589728319256667,1.4159910129545328,2.040301053497352,-0.6201892226844657,1.754054456494842,2.2818977973501466,0.8730062991171511,0.20557583362545115,0.006082036966868094,0.5587994314552588,-0.4567500973473325,0.8189823338593337,0.0,0.0,0.0,1.0,2.7554897996262837,0.0,1.0,0.0,0.0,1.0,0.0,0.0,0.0,0.0,0.0,0.0,0.0,1.0,0.0,0.0,1.0,0.0,0.0,0.0,1.0,0.0,0.0
-1.4151810691502822,0.0,1.6697107679789092,-0.6407266473844129,-1.8684257522543597,1.1697805251007627,-1.1756005792180968,0.3796721288811475,-0.05778754527941421,0.24620020465769926,0.12619122800181132,-0.6828168296701794,-0.8772324258614291,3.0,0.26623257679518353,1.4159910129545328,-0.8358819508848319,0.1557070814399298,0.33809616377248186,-0.32430988298461916,-0.6791456840737199,-1.1580484572495926,-0.8781534100649921,0.8843950176866698,1.026510528058953,0.6683092141052549,1.0,0.0,0.0,0.0,-0.2811736378944028,0.0,1.0,0.0,0.0,1.0,0.0,0.0,0.0,0.0,0.0,0.0,0.0,0.0,0.0,0.0,1.0,0.0,1.0,0.0,0.0,1.0,0.0
-0.5391662584750891,0.0,-0.4995036836969103,-0.270543951856408,2.038524256015781,1.1697805251007627,1.5307578157073911,0.3796721288811475,-0.05778754527941421,1.1532535902386967,1.2690701159112505,0.5397662880096791,-0.8772324258614291,3.0,0.26623257679518353,0.24198831185855807,-0.5619597599912906,0.1557070814399298,-1.0778621289498782,-0.5247873968565242,-0.6791456840737199,0.9557423738675689,-0.8781534100649921,-0.2877490927464089,1.026510528058953,0.517638806399078,1.0,0.0,0.0,0.0,-0.08365950067702041,0.0,1.0,0.0,1.0,0.0,0.0,0.0,1.0,0.0,0.0,0.0,0.0,0.0,0.0,0.0,1.0,0.0,0.0,1.0,0.0,0.0,0.0
-0.3201625558062908,0.0,-0.9953241297942405,-1.0109093429124179,0.08504925188071055,1.1697805251007627,0.9894861367222936,-1.0261667362455194,-0.9614863916702531,-0.6608531809232983,-1.4904511536536584,0.9472939939029652,0.4893759527060795,3.0,-1.584178240646517,0.24198831185855807,-0.5619597599912906,-0.6201892226844657,-1.0778621289498782,-0.32430988298461916,-0.6791456840737199,0.05096203779749603,-0.8781534100649921,0.15180494866599556,-0.9511703058160944,0.6683092141052549,0.0,0.0,1.0,0.0,0.22462647583486378,0.0,1.0,1.0,0.0,0.0,0.0,0.0,0.0,0.0,1.0,0.0,0.0,0.0,0.0,0.0,1.0,0.0,0.0,1.0,0.0,1.0,0.0
0.4463504035345031,0.0,1.1912440374949855,-0.5173324155417446,2.038524256015781,-0.6605306743650393,1.1863122018077836,1.7855109940078144,-0.9614863916702531,0.24620020465769926,-1.2300288000756714,-0.27528912377689324,-0.8772324258614291,3.0,-1.584178240646517,-0.9320143892374165,-0.5619597599912906,1.707499689688721,-1.0778621289498782,-0.5247873968565242,-0.6791456840737199,-0.9971876053866944,-0.8781534100649921,-0.2877490927464089,-1.4455905142848562,-0.23570720537576498,0.0,0.0,0.0,1.0,-0.5779105325067482,0.0,1.0,0.0,0.0,1.0,0.0,0.0,1.0,0.0,0.0,0.0,0.0,0.0,1.0,0.0,1.0,0.0,1.0,1.0,0.0,0.0,0.0
0.33684855220010396,0.0,-0.34579934540673796,-0.02375548817107146,1.0617867539482457,0.2546249253678617,0.743453555365431,0.3796721288811475,-0.05778754527941421,0.24620020465769926,1.2347781276365453,0.1322385821163929,-1.1505541015749308,3.0,0.26623257679518353,1.4159910129545328,-0.014115378204207997,-0.6201892226844657,1.754054456494842,0.27712265863109603,-0.6791456840737199,0.6616443711546927,-0.8781534100649921,0.2983229624701303,1.026510528058953,0.8943151081711811,0.0,0.0,0.0,1.0,-0.5512110420938358,0.0,0.0,0.0,0.0,0.0,1.0,0.0,1.0,0.0,1.0,0.0,0.0,0.0,0.0,0.0,0.0,0.0,0.0,1.0,0.0,1.0,0.0
-0.6486681098094882,0.0,-1.1812567970807393,-0.14714972001373974,-0.8916882501868245,-1.5756862740979403,-1.7168722582031943,0.3796721288811475,0.8459113011114247,1.1532535902386967,-0.8330006571410715,-0.6828168296701794,0.7626976284195812,3.0,-1.584178240646517,0.24198831185855807,0.2598068126893333,1.707499689688721,0.33809616377248186,1.2795102279906212,2.114727885669848,1.621909297835274,1.5092822969210309,1.2192933349532638,-0.9511703058160944,-0.1198050106197401,1.0,0.0,0.0,0.0,-0.05340697730218298,0.0,1.0,1.0,0.0,0.0,0.0,0.0,1.0,0.0,0.0,0.0,0.0,0.0,0.0,0.0,0.0,0.0,0.0,1.0,0.0,0.0,0.0
0.9938596602064987,1.0,-1.0548225833259202,-0.02375548817107146,0.08504925188071055,-1.5756862740979403,-0.6835354165043717,0.3796721288811475,0.8459113011114247,1.1532535902386967,0.23511045305466613,0.5397662880096791,-1.1505541015749308,3.0,-1.584178240646517,0.24198831185855807,2.314223244390893,-1.3960855268088614,1.754054456494842,0.07664514475919097,0.5625759024789769,1.3297014023000375,0.9787410287019146,-1.197171247392763,-0.4567500973473325,1.2709880467950734,1.0,0.0,0.0,1.0,-0.17114690065793578,0.0,1.0,0.0,1.0,0.0,0.0,0.0,1.0,0.0,0.0,0.0,0.0,0.0,0.0,0.0,0.0,0.0,0.0,0.0,1.0,0.0,0.0
0.22734670086570485,1.0,-0.5218156037712901,-0.8875151110697495,0.08504925188071055,-1.5756862740979403,-0.5851223839616266,-1.0261667362455194,-0.9614863916702531,-1.5679065665042957,0.40305687103939064,-0.27528912377689324,2.1293060069870897,4.0,-0.6589728319256667,-0.9320143892374165,-0.014115378204207997,-0.6201892226844657,1.754054456494842,-1.1262199384722393,-0.6791456840737199,0.36661575489255227,-0.8781534100649921,-1.7529292307877573,-1.4455905142848562,-1.742399228925451,0.0,0.0,0.0,0.0,-0.04340329226375328,0.0,0.0,1.0,0.0,0.0,0.0,0.0,0.0,0.0,1.0,0.0,0.0,0.0,0.0,0.0,0.0,1.0,1.0,1.0,0.0,1.0,0.0
-0.6486681098094882,1.0,1.592858598833823,-1.0109093429124179,2.038524256015781,0.2546249253678617,1.6783773645215088,1.7855109940078144,0.8459113011114247,-0.6608531809232983,-0.7564058472651929,-0.6828168296701794,-1.1505541015749308,3.0,-1.584178240646517,-0.9320143892374165,-0.15107647365097865,-0.6201892226844657,0.33809616377248186,0.6780776863749062,0.5625759024789769,0.06003165101748371,0.47231527267457635,1.1507914064214602,-0.9511703058160944,0.668311624811287,0.0,0.0,0.0,0.0,1.513653036235008,1.0,0.0,1.0,0.0,0.0,0.0,0.0,0.0,0.0,0.0,0.0,1.0,0.0,0.0,0.0,0.0,1.0,0.0,1.0,0.0,0.0,1.0
0.8843578088720997,0.0,0.5838639910257561,1.3335810620982798,0.08504925188071055,-0.6605306743650393,1.432344783164646,-2.432005601372186,0.8459113011114247,-1.5679065665042957,0.7799876601900444,-0.27528912377689324,0.7626976284195812,3.0,-0.6589728319256667,0.24198831185855807,1.7663788626038104,-0.6201892226844657,0.33809616377248186,0.07664514475919097,-0.6791456840737199,1.2809749967327821,-0.8781534100649921,-1.0613642056322408,-1.4455905142848562,1.2709880467950734,0.0,1.0,0.0,1.0,-0.4771887007331201,0.0,1.0,0.0,0.0,1.0,0.0,0.0,1.0,0.0,0.0,0.0,0.0,0.0,0.0,0.0,0.0,0.0,1.0,1.0,0.0,0.0,0.0
-0.6486681098094882,0.0,1.4763407940009505,-0.14714972001373974,-0.8916882501868245,1.1697805251007627,1.4815512994360187,1.7855109940078144,-0.9614863916702531,-0.6608531809232983,1.446994940320172,2.373640964529467,0.7626976284195812,3.0,1.1914379855160337,-0.9320143892374165,-0.42499866454451996,0.1557070814399298,0.33809616377248186,-0.7252649107284292,-0.6791456840737199,-1.4575379046324461,-0.8781534100649921,-0.8738211479629483,1.026510528058953,0.2665217950441287,0.0,0.0,1.0,0.0,-0.652524224707174,0.0,1.0,0.0,0.0,1.0,0.0,0.0,0.0,1.0,0.0,0.0,0.0,0.0,0.0,0.0,0.0,1.0,0.0,1.0,0.0,0.0,0.0
-0.6486681098094882,1.0,-0.6928736576748691,-0.8875151110697495,0.08504925188071055,-0.6605306743650393,1.3831382668932737,0.3796721288811475,-0.9614863916702531,1.1532535902386967,0.9511665196924666,1.3548216997962514,-0.6039107501479274,3.0,0.26623257679518353,0.24198831185855807,-0.5619597599912906,-0.6201892226844657,-2.4938204216722384,-0.9257424246003343,-0.058284890797371494,0.4347682619926214,1.5977058416242167,-1.1668571755712178,-0.4567500973473325,1.2709772847514702,0.0,0.0,0.0,0.0,-0.02767335992746369,1.0,0.0,1.0,0.0,0.0,0.0,0.0,1.0,0.0,1.0,0.0,0.0,0.0,0.0,0.0,1.0,0.0,1.0,1.0,0.0,1.0,0.0
0.8843578088720997,0.0,1.600295905525283,2.4441291486822943,0.08504925188071055,-0.6605306743650393,-0.5359158676902541,0.3796721288811475,0.8459113011114247,1.1532535902386967,0.05718562864574458,0.5397662880096791,0.7626976284195812,3.0,1.1914379855160337,1.4159910129545328,-0.15107647365097865,0.9316033855643254,1.754054456494842,-0.7252649107284292,-0.3687152874355457,0.8296168347812808,0.050293809318461155,-1.0869382589507808,1.520930736527715,-0.7379387169406612,0.0,0.0,0.0,1.0,-0.6038856181410156,0.0,1.0,0.0,0.0,0.0,0.0,1.0,1.0,0.0,0.0,0.0,1.0,0.0,0.0,0.0,1.0,0.0,1.0,1.0,0.0,0.0,0.0
1.2128633628752972,0.0,1.0375396992048131,-0.270543951856408,0.08504925188071055,0.2546249253678617,1.4815512994360187,0.3796721288811475,-0.05778754527941421,-1.5679065665042957,1.4731355543328573,0.5397662880096791,-1.1505541015749308,3.0,-1.584178240646517,2.5899937140505074,0.5337290035828746,0.1557070814399298,0.33809616377248186,-0.9257424246003343,-0.058284890797371494,-0.6029792267063315,1.5977058416242167,-1.6064112169836224,-1.4455905142848562,1.2709772847514702,1.0,0.0,0.0,1.0,-0.3722313185700681,0.0,1.0,0.0,1.0,0.0,0.0,0.0,1.0,0.0,0.0,0.0,0.0,0.0,0.0,0.0,0.0,0.0,0.0,0.0,1.0,0.0,1.0
-0.3201625558062908,1.0,0.754922044929335,-0.02375548817107146,1.0617867539482457,-1.5756862740979403,-0.6835354165043717,0.3796721288811475,-0.9614863916702531,0.24620020465769926,-1.5798351886647755,-0.6828168296701794,-0.057267398720923963,3.0,1.1914379855160337,-0.9320143892374165,-1.2467652372251439,-2.171981830933257,0.33809616377248186,-0.9257424246003343,-0.058284890797371494,-1.0237203456187687,1.5977058416242167,0.2983229624701303,0.037670111121429345,1.2709772847514702,0.0,0.0,1.0,0.0,-0.6277702785569078,0.0,1.0,0.0,0.0,0.0,0.0,1.0,0.0,1.0,0.0,0.0,0.0,0.0,0.0,0.0,1.0,0.0,0.0,1.0,0.0,0.0,0.0
0.33684855220010396,0.0,-1.4489998379732976,-0.14714972001373974,-1.8684257522543597,1.1697805251007627,-0.5359158676902541,-1.0261667362455194,0.8459113011114247,-0.6608531809232983,1.5269627326493003,-0.27528912377689324,-1.1505541015749308,3.0,0.26623257679518353,0.24198831185855807,0.6706900990296453,1.707499689688721,0.33809616377248186,0.4776001725030011,0.5625759024789769,-0.41217461274386374,0.6073621409485332,-0.18432461241407844,0.5320903195901912,0.9361680887192979,0.0,0.0,0.0,1.0,0.1510821430695805,0.0,0.0,0.0,0.0,1.0,0.0,0.0,1.0,0.0,0.0,0.0,0.0,1.0,0.0,0.0,0.0,0.0,0.0,1.0,0.0,0.0,0.0
-0.9771736638126857,0.0,0.1574584073820522,-0.5173324155417446,0.08504925188071055,1.1697805251007627,0.8910731041795485,0.3796721288811475,-0.05778754527941421,-1.5679065665042957,1.2897296334374049,-1.0903445355634656,0.7626976284195812,3.0,1.1914379855160337,-0.9320143892374165,-0.6989208554380613,0.9316033855643254,0.33809616377248186,-0.32430988298461916,-0.3687152874355457,0.6450880688580852,-0.25918859714269,0.4657721211034274,0.5320903195901912,0.6683092141052549,1.0,0.0,0.0,0.0,0.07777927856384542,0.0,1.0,0.0,0.0,1.0,0.0,0.0,1.0,0.0,0.0,0.0,0.0,0.0,0.0,0.0,0.0,1.0,0.0,0.0,0.0,0.0,0.0
0.7748559575377005,0.0,0.442555163888017,-0.5173324155417446,0.08504925188071055,0.2546249253678617,1.1863122018077836,-1.0261667362455194,-0.9614863916702531,0.24620020465769926,-0.8910440635240767,0.1322385821163929,-0.3305890744344257,3.0,1.1914379855160337,-0.9320143892374165,-0.5619597599912906,1.707499689688721,0.33809616377248186,-0.32430988298461916,-0.6791456840737199,-0.06740810611314982,-0.8781534100649921,0.15180494866599556,1.026510528058953,-0.5370450074100981,0.0,0.0,0.0,0.0,-0.4708021116642506,0.0,0.0,1.0,0.0,0.0,0.0,0.0,1.0,0.0,1.0,0.0,0.0,0.0,0.0,0.0,0.0,1.0,0.0,1.0,0.0,1.0,0.0
1.7603726195472926,0.0,-0.8812854271918545,-0.8875151110697495,0.08504925188071055,1.1697805251007627,-1.3232201280322142,1.7855109940078144,1.7496101475022634,-0.6608531809232983,0.7660741075703894,0.5397662880096791,-0.8772324258614291,3.0,-0.6589728319256667,-0.9320143892374165,2.3827037921142784,-0.6201892226844657,-1.0778621289498782,0.4776001725030011,1.8042974890316739,0.10219497053140685,2.092877691962059,-1.1668571755712178,-0.4567500973473325,0.9361680887192979,0.0,0.0,0.0,0.0,2.637308334310214,0.0,1.0,0.0,0.0,1.0,0.0,0.0,1.0,0.0,0.0,0.0,0.0,1.0,0.0,0.0,0.0,1.0,0.0,0.0,1.0,0.0,0.0
1.3223652142096962,0.0,1.7168137103581556,-0.5173324155417446,1.0617867539482457,-1.5756862740979403,1.4815512994360187,0.3796721288811475,-0.05778754527941421,0.24620020465769926,1.0148315634975547,-0.27528912377689324,-0.3305890744344257,3.0,-0.6589728319256667,0.24198831185855807,1.2185344808167278,-2.171981830933257,-1.0778621289498782,-0.7252649107284292,-0.3687152874355457,-0.33844455921425226,0.050293809318461155,-1.5436177824961361,-1.4455905142848562,0.2665217950441287,0.0,0.0,0.0,1.0,-0.10973807270823721,0.0,1.0,0.0,0.0,0.0,0.0,1.0,1.0,0.0,0.0,0.0,0.0,0.0,0.0,0.0,1.0,0.0,0.0,0.0,1.0,0.0,1.0
0.33684855220010396,0.0,0.2318314742966517,-0.8875151110697495,0.08504925188071055,0.2546249253678617,0.10376884383758846,0.3796721288811475,-0.9614863916702531,0.24620020465769926,-0.8809251161643276,-0.27528912377689324,-0.3305890744344257,3.0,0.26623257679518353,0.24198831185855807,-0.42499866454451996,0.1557070814399298,1.754054456494842,-0.7252649107284292,-0.3687152874355457,-0.8018666267398046,0.050293809318461155,-0.8738211479629483,1.026510528058953,-0.7379387169406612,0.0,0.0,0.0,1.0,-0.3126748971257615,0.0,1.0,0.0,0.0,1.0,0.0,0.0,1.0,0.0,0.0,0.0,0.0,0.0,1.0,0.0,0.0,0.0,0.0,1.0,0.0,0.0,0.0
0.7748559575377005,0.0,1.6473988479045294,1.3335810620982798,0.08504925188071055,1.1697805251007627,-0.8311549653184892,0.3796721288811475,-0.9614863916702531,-0.6608531809232983,0.961988171729976,-0.6828168296701794,-0.6039107501479274,3.0,0.26623257679518353,-0.9320143892374165,-0.6989208554380613,0.1557070814399298,-1.0778621289498782,-0.32430988298461916,-0.3687152874355457,0.16129874961527138,-0.25918859714269,0.4657721211034274,0.037670111121429345,-0.5370450074100981,0.0,0.0,0.0,0.0,-0.6969051052274193,0.0,1.0,1.0,0.0,0.0,0.0,0.0,1.0,0.0,0.0,0.0,0.0,0.0,1.0,0.0,0.0,1.0,0.0,1.0,0.0,1.0,0.0
-0.42966440714069,0.0,-0.9234301651101275,-0.270543951856408,0.08504925188071055,1.1697805251007627,-0.5851223839616266,0.3796721288811475,-0.05778754527941421,-1.5679065665042957,0.44170562831621013,-1.0903445355634656,-0.3305890744344257,3.0,-1.584178240646517,1.4159910129545328,-0.8358819508848319,-0.6201892226844657,0.33809616377248186,-0.5247873968565242,-0.6791456840737199,-1.0695895390889973,-0.8781534100649921,0.2983229624701303,-0.9511703058160944,0.517638806399078,1.0,0.0,0.0,0.0,-0.4586165884234737,1.0,0.0,0.0,0.0,1.0,0.0,0.0,1.0,0.0,0.0,0.0,0.0,0.0,0.0,0.0,1.0,0.0,0.0,1.0,0.0,1.0,0.0
-0.3201625558062908,0.0,1.2978454334059115,-0.7641208792270812,0.08504925188071055,1.1697805251007627,0.743453555365431,-2.432005601372186,-0.05778754527941421,-1.5679065665042957,0.2217590641772194,0.1322385821163929,0.7626976284195812,3.0,1.1914379855160337,-0.9320143892374165,0.5337290035828746,-0.6201892226844657,0.33809616377248186,1.2795102279906212,0.2521455058408027,-0.9077642196103728,-0.08234150773631793,0.8111360107846023,0.5320903195901912,0.34379333746760604,1.0,0.0,0.0,0.0,-0.05928845419546663,0.0,1.0,0.0,0.0,0.0,1.0,0.0,1.0,0.0,0.0,0.0,0.0,0.0,0.0,0.0,0.0,1.0,0.0,1.0,0.0,1.0,0.0
-0.7581699611438873,0.0,1.3771767047814845,0.8400041347276065,-1.8684257522543597,1.1697805251007627,1.4815512994360187,0.3796721288811475,-0.05778754527941421,0.24620020465769926,-1.5985271330932007,2.1698771115828235,-0.057267398720923963,3.0,0.26623257679518353,1.4159910129545328,-0.9728430463316026,-0.6201892226844657,-1.0778621289498782,-0.9257424246003343,-0.058284890797371494,-0.6805379938139625,1.5977058416242167,-0.6393923258763324,0.5320903195901912,-0.2357109720869905,1.0,0.0,0.0,0.0,-0.6044091375608768,0.0,1.0,1.0,0.0,0.0,0.0,0.0,1.0,0.0,0.0,0.0,0.0,0.0,0.0,0.0,1.0,0.0,0.0,0.0,0.0,0.0,1.0
0.5558522548689022,0.0,-0.13507565581537262,-0.02375548817107146,-0.8916882501868245,-1.5756862740979403,0.3990079414658235,0.3796721288811475,-0.9614863916702531,1.1532535902386967,0.3014457746352435,-0.6828168296701794,-0.6039107501479274,3.0,0.26623257679518353,-0.9320143892374165,0.12284571724256264,0.1557070814399298,0.33809616377248186,1.0790327141187162,0.8730062991171511,0.3908278297833661,0.550226927448013,1.1999722781878834,0.037670111121429345,0.5176425731259977,0.0,0.0,0.0,0.0,-0.569962777221044,1.0,0.0,0.0,0.0,1.0,0.0,0.0,0.0,0.0,1.0,0.0,0.0,0.0,0.0,0.0,0.0,1.0,0.0,1.0,0.0,1.0,0.0
0.7748559575377005,0.0,-1.039947969943,-1.0109093429124179,2.038524256015781,-1.5756862740979403,0.645040522822686,0.3796721288811475,-0.05778754527941421,0.24620020465769926,-0.707075978886416,1.7623494056895375,-0.8772324258614291,3.0,0.26623257679518353,0.24198831185855807,-0.014115378204207997,0.9316033855643254,-1.0778621289498782,-1.1262199384722393,-0.6791456840737199,-0.9039910903997314,-0.8781534100649921,-1.7529292307877573,-0.9511703058160944,-1.742399228925451,1.0,0.0,0.0,1.0,0.6822433231445488,1.0,0.0,0.0,1.0,0.0,0.0,0.0,0.0,0.0,0.0,0.0,0.0,0.0,0.0,0.0,1.0,0.0,0.0,1.0,0.0,1.0,0.0
-0.7581699611438873,0.0,0.4648670839623969,-0.270543951856408,0.08504925188071055,0.2546249253678617,-0.09305722124790157,0.3796721288811475,-0.9614863916702531,0.24620020465769926,-1.0064281716123267,-0.6828168296701794,-0.6039107501479274,3.0,-0.6589728319256667,1.4159910129545328,-1.3837263326719145,-0.6201892226844657,-1.0778621289498782,-1.1262199384722393,-0.6791456840737199,-1.7614481319270476,-0.8781534100649921,-0.2877490927464089,-0.4567500973473325,-1.742399228925451,0.0,0.0,1.0,0.0,-0.6991448465328214,0.0,0.0,0.0,0.0,0.0,0.0,1.0,1.0,0.0,0.0,0.0,0.0,0.0,1.0,0.0,0.0,0.0,0.0,0.0,0.0,0.0,0.0
2.1983800248848895,0.0,-0.9854077208722939,-1.0109093429124179,-0.8916882501868245,-0.6605306743650393,1.333931750621901,1.7855109940078144,-0.05778754527941421,0.24620020465769926,-1.6291650570435523,-1.0903445355634656,2.4026276827005915,4.0,-1.584178240646517,0.24198831185855807,0.2598068126893333,-0.6201892226844657,-1.0778621289498782,1.0790327141187162,-0.058284890797371494,1.4873310817134222,-0.3068012750597901,0.9681195970033181,-1.4455905142848562,0.5176425731259977,0.0,0.0,0.0,1.0,0.723223936336461,0.0,1.0,1.0,0.0,0.0,0.0,0.0,1.0,0.0,0.0,0.0,0.0,0.0,1.0,0.0,1.0,0.0,0.0,0.0,1.0,1.0,0.0
1.3223652142096962,0.0,1.7044181992057224,-0.270543951856408,1.0617867539482457,0.2546249253678617,-1.5200461931177043,0.3796721288811475,0.8459113011114247,-0.6608531809232983,0.9324745752640411,0.1322385821163929,-0.3305890744344257,3.0,-0.6589728319256667,1.4159910129545328,2.3827037921142784,0.1557070814399298,0.33809616377248186,0.27712265863109603,-0.6791456840737199,1.132528204104304,-0.8781534100649921,-1.108249970049564,-0.4567500973473325,0.8943151081711811,0.0,0.0,0.0,1.0,0.014290374035466454,0.0,1.0,1.0,0.0,0.0,0.0,0.0,1.0,0.0,0.0,0.0,0.0,0.0,0.0,0.0,0.0,0.0,0.0,0.0,1.0,0.0,0.0
-0.3201625558062908,0.0,0.0657316248540461,0.7166099028849382,0.08504925188071055,-0.6605306743650393,0.251388392651706,0.3796721288811475,1.7496101475022634,-1.5679065665042957,-0.3350641224800849,1.7623494056895375,-0.3305890744344257,3.0,1.1914379855160337,1.4159910129545328,0.6706900990296453,0.1557070814399298,-1.0778621289498782,1.4799877418625262,1.1834366957553253,0.17624536108388317,0.6073621409485332,0.8499201909092261,-0.9511703058160944,-0.020462412846325703,0.0,1.0,0.0,0.0,-0.1380286664742447,1.0,0.0,0.0,0.0,1.0,0.0,0.0,1.0,0.0,0.0,0.0,0.0,1.0,0.0,0.0,0.0,0.0,0.0,1.0,0.0,0.0,0.0
-0.9771736638126857,1.0,1.7192928125886422,-1.0109093429124179,0.08504925188071055,-1.5756862740979403,1.2847252343505287,0.3796721288811475,-0.9614863916702531,0.24620020465769926,0.20152116945772122,0.1322385821163929,-0.057267398720923963,3.0,1.1914379855160337,0.24198831185855807,-0.8358819508848319,0.1557070814399298,1.754054456494842,-0.7252649107284292,-0.3687152874355457,0.31284228521841234,0.050293809318461155,-0.2877490927464089,0.5320903195901912,0.2665217950441287,1.0,0.0,1.0,0.0,0.10509968735845349,1.0,0.0,0.0,0.0,0.0,0.0,1.0,1.0,0.0,0.0,0.0,0.0,0.0,0.0,1.0,1.0,0.0,0.0,0.0,0.0,0.0,0.0
-0.8676718124782865,1.0,-1.7043473677134227,0.4698214391996017,0.08504925188071055,-1.5756862740979403,-0.7327419327757442,0.3796721288811475,-0.05778754527941421,-0.6608531809232983,0.44578131544722016,0.9472939939029652,-1.1505541015749308,3.0,-1.584178240646517,-0.9320143892374165,-0.5619597599912906,0.9316033855643254,-2.4938204216722384,-0.32430988298461916,-0.6791456840737199,-0.48601222117644494,-0.8781534100649921,0.15180494866599556,-2.9288511396911416,0.06563210334757824,1.0,0.0,0.0,0.0,-0.5423407794981838,1.0,0.0,0.0,0.0,0.0,0.0,1.0,0.0,0.0,0.0,0.0,0.0,0.0,0.0,0.0,0.0,1.0,0.0,0.0,0.0,0.0,1.0
-0.3201625558062908,1.0,-0.030953362134933278,1.827157989468953,1.0617867539482457,-1.5756862740979403,-1.2740136117608418,-1.0261667362455194,-0.05778754527941421,-0.6608531809232983,-0.9132495313413038,-1.0903445355634656,2.1293060069870897,4.0,0.26623257679518353,-0.9320143892374165,0.6706900990296453,-0.6201892226844657,1.754054456494842,1.6804652557344315,2.4251582823080224,-0.9748420722439997,1.4429646383936412,1.056769151573887,-0.4567500973473325,0.06563451405441396,1.0,0.0,0.0,0.0,-0.6838019533211221,0.0,1.0,0.0,0.0,1.0,0.0,0.0,0.0,0.0,0.0,0.0,0.0,0.0,0.0,0.0,0.0,1.0,1.0,1.0,0.0,1.0,0.0
-0.2106607044718917,0.0,-0.3532366520981979,-0.270543951856408,-1.8684257522543597,1.1697805251007627,0.4974209740085685,0.3796721288811475,-0.9614863916702531,0.24620020465769926,0.2640618857783927,-0.6828168296701794,-0.6039107501479274,3.0,-1.584178240646517,0.24198831185855807,-1.3837263326719145,0.1557070814399298,0.33809616377248186,-1.1262199384722393,-0.6791456840737199,-0.24540984918193479,-0.8781534100649921,-0.2877490927464089,0.037670111121429345,-1.742399228925451,1.0,0.0,0.0,0.0,-0.6114401251183126,0.0,1.0,1.0,0.0,0.0,0.0,0.0,1.0,0.0,0.0,0.0,0.0,0.0,0.0,1.0,1.0,0.0,0.0,1.0,0.0,0.0,0.0
-1.4151810691502822,1.0,-1.0449061744039736,-0.02375548817107146,0.08504925188071055,-0.6605306743650393,1.137105685536411,0.3796721288811475,-0.9614863916702531,-1.5679065665042957,0.3773378798333617,-0.27528912377689324,-1.1505541015749308,3.0,0.26623257679518353,-0.9320143892374165,-0.9728430463316026,-0.6201892226844657,-1.0778621289498782,-1.3266974523441444,-0.6791456840737199,-0.05844067096840376,-0.8781534100649921,-2.045965258396027,-1.4455905142848562,-1.742399228925451,0.0,0.0,1.0,0.0,-0.6010707881439954,1.0,0.0,0.0,0.0,1.0,0.0,0.0,1.0,0.0,1.0,0.0,0.0,0.0,0.0,0.0,0.0,1.0,1.0,0.0,0.0,1.0,0.0
-1.4151810691502822,0.0,0.06821072708453275,0.4698214391996017,-0.8916882501868245,1.1697805251007627,0.5958340065513135,0.3796721288811475,-0.9614863916702531,-0.6608531809232983,-1.0133146774543782,-0.6828168296701794,-0.6039107501479274,3.0,0.26623257679518353,0.24198831185855807,-1.3837263326719145,-0.6201892226844657,0.33809616377248186,-1.1262199384722393,-0.6791456840737199,-0.6555317142562495,-0.8781534100649921,-0.2877490927464089,0.5320903195901912,-1.742399228925451,1.0,0.0,1.0,0.0,-0.7078598795330494,0.0,0.0,1.0,0.0,0.0,0.0,0.0,0.0,0.0,0.0,0.0,0.0,0.0,0.0,1.0,1.0,0.0,0.0,0.0,0.0,0.0,0.0
0.7748559575377005,0.0,0.968124836751187,-0.8875151110697495,-1.8684257522543597,-0.6605306743650393,0.9894861367222936,0.3796721288811475,0.8459113011114247,0.24620020465769926,0.7597497654705462,0.9472939939029652,0.7626976284195812,3.0,-0.6589728319256667,-0.9320143892374165,0.6706900990296453,-0.6201892226844657,-1.0778621289498782,-0.9257424246003343,-0.058284890797371494,1.1594959026924423,1.5977058416242167,-1.632267337066705,-0.9511703058160944,1.2709772847514702,0.0,0.0,0.0,0.0,1.3149591540924037,1.0,0.0,0.0,0.0,1.0,0.0,0.0,1.0,0.0,0.0,0.0,1.0,0.0,0.0,0.0,0.0,1.0,1.0,1.0,0.0,0.0,0.0
-0.8676718124782865,0.0,1.0995172549669796,1.2101868302556114,0.08504925188071055,0.2546249253678617,0.5466274902799411,-1.0261667362455194,-0.05778754527941421,0.24620020465769926,1.3272540632298078,-0.6828168296701794,-0.3305890744344257,3.0,0.26623257679518353,1.4159910129545328,-0.15107647365097865,0.1557070814399298,0.33809616377248186,0.6780776863749062,-0.6791456840737199,0.7109082117548315,-0.8781534100649921,1.1507914064214602,0.5320903195901912,0.3669727680941946,1.0,0.0,0.0,0.0,-0.5304102763070319,0.0,1.0,1.0,0.0,0.0,0.0,0.0,1.0,0.0,0.0,0.0,0.0,0.0,0.0,0.0,0.0,0.0,0.0,0.0,0.0,0.0,0.0
-0.7581699611438873,0.0,-1.1713403881587927,-1.0109093429124179,0.08504925188071055,0.2546249253678617,-0.9787745141326066,0.3796721288811475,-0.9614863916702531,0.24620020465769926,0.15668861101661066,-1.0903445355634656,1.5826626555600865,4.0,-1.584178240646517,0.24198831185855807,-0.6989208554380613,0.1557070814399298,1.754054456494842,-0.32430988298461916,-0.3687152874355457,-1.4883780154628024,-0.25918859714269,0.4657721211034274,0.037670111121429345,0.06563210334757824,0.0,0.0,1.0,0.0,-0.1572383289079535,0.0,1.0,1.0,0.0,0.0,0.0,0.0,1.0,1.0,0.0,0.0,0.0,0.0,0.0,0.0,0.0,0.0,0.0,0.0,0.0,0.0,0.0
1.979376322216091,0.0,1.0573725170487065,-0.6407266473844129,1.0617867539482457,1.1697805251007627,-1.7660787744745667,0.3796721288811475,-0.05778754527941421,0.24620020465769926,0.25717537993634126,-1.0903445355634656,0.21605427699257776,3.0,-0.6589728319256667,-0.9320143892374165,-0.9728430463316026,-0.6201892226844657,0.33809616377248186,-0.7252649107284292,-0.3687152874355457,-1.3471115969184055,0.050293809318461155,0.0638941403835146,0.5320903195901912,0.2665217950441287,0.0,0.0,0.0,1.0,-0.296944964789472,0.0,1.0,1.0,0.0,0.0,0.0,0.0,1.0,0.0,0.0,0.0,0.0,0.0,0.0,0.0,1.0,0.0,1.0,0.0,1.0,1.0,0.0
-0.42966440714069,0.0,0.7350892270854419,-0.6407266473844129,1.0617867539482457,-1.5756862740979403,0.7926600716368035,-1.0261667362455194,-0.9614863916702531,-0.6608531809232983,-0.8602655986381732,2.1698771115828235,-1.1505541015749308,3.0,1.1914379855160337,-0.9320143892374165,-0.42499866454451996,1.707499689688721,0.33809616377248186,-0.32430988298461916,-0.6791456840737199,0.5387905096716742,-0.8781534100649921,-0.0923917410075624,-0.4567500973473325,0.6683092141052549,0.0,0.0,0.0,0.0,-0.3214091490282801,0.0,1.0,0.0,0.0,1.0,0.0,0.0,0.0,0.0,1.0,0.0,0.0,0.0,0.0,0.0,1.0,0.0,0.0,1.0,0.0,1.0,0.0
1.103361511540898,0.0,-0.5738767506115098,0.59321567104227,0.08504925188071055,0.2546249253678617,0.5958340065513135,0.3796721288811475,-0.05778754527941421,0.24620020465769926,1.3895136976793752,0.1322385821163929,0.4893759527060795,3.0,0.26623257679518353,0.24198831185855807,-0.014115378204207997,0.9316033855643254,-1.0778621289498782,-0.32430988298461916,-0.3687152874355457,-0.9781959648756808,-0.25918859714269,-0.5807851203546786,0.037670111121429345,0.6683092141052549,1.0,0.0,0.0,1.0,-0.6079836794602069,0.0,1.0,0.0,0.0,1.0,0.0,0.0,0.0,0.0,0.0,0.0,0.0,0.0,0.0,0.0,1.0,0.0,1.0,0.0,1.0,1.0,0.0
-0.9771736638126857,1.0,-1.2729835796087454,-0.8875151110697495,-0.8916882501868245,0.2546249253678617,-1.3724266443035866,-1.0261667362455194,-0.9614863916702531,-1.5679065665042957,-1.258980232799398,1.7623494056895375,-1.1505541015749308,3.0,0.26623257679518353,-0.9320143892374165,-0.42499866454451996,-0.6201892226844657,-1.0778621289498782,-1.3266974523441444,-0.6791456840737199,-0.606350958312379,-0.8781534100649921,-2.045965258396027,-0.9511703058160944,-1.742399228925451,0.0,0.0,1.0,0.0,-0.2679687736436756,1.0,0.0,0.0,0.0,1.0,0.0,0.0,1.0,0.0,1.0,0.0,0.0,0.0,0.0,0.0,0.0,1.0,0.0,0.0,0.0,0.0,0.0
-0.9771736638126857,0.0,1.5383183497631168,-1.0109093429124179,0.08504925188071055,-1.5756862740979403,0.3005949089230785,-1.0261667362455194,-0.9614863916702531,0.24620020465769926,-0.25059902021329034,-0.6828168296701794,-0.3305890744344257,3.0,1.1914379855160337,0.24198831185855807,-1.3837263326719145,-0.6201892226844657,-2.4938204216722384,-1.1262199384722393,-0.6791456840737199,-1.5025134400511246,-0.8781534100649921,-0.2877490927464089,-0.9511703058160944,-1.742399228925451,0.0,0.0,1.0,0.0,-0.31277838352271076,0.0,1.0,1.0,0.0,0.0,0.0,0.0,1.0,0.0,0.0,0.0,0.0,0.0,1.0,0.0,0.0,0.0,0.0,0.0,0.0,0.0,0.0
-0.9771736638126857,0.0,-0.8317033825821215,-0.270543951856408,0.08504925188071055,0.2546249253678617,-0.5359158676902541,0.3796721288811475,-0.05778754527941421,-1.5679065665042957,-0.34939929790639607,-1.0903445355634656,-0.3305890744344257,3.0,1.1914379855160337,-0.9320143892374165,-0.8358819508848319,1.707499689688721,0.33809616377248186,-0.5247873968565242,-0.3687152874355457,-0.8494903351349098,-0.13539563455822945,0.2983229624701303,0.037670111121429345,-0.23570720537576498,1.0,0.0,0.0,0.0,-0.41786881962469746,1.0,0.0,1.0,0.0,0.0,0.0,0.0,1.0,0.0,0.0,0.0,0.0,0.0,0.0,0.0,0.0,1.0,0.0,0.0,0.0,1.0,0.0
1.3223652142096962,0.0,-1.3176074197575052,-0.7641208792270812,-0.8916882501868245,0.2546249253678617,-1.1263940629467242,-1.0261667362455194,-0.05778754527941421,-1.5679065665042957,1.2307024405055353,0.5397662880096791,2.675949358414093,4.0,-1.584178240646517,0.24198831185855807,-0.15107647365097865,0.1557070814399298,0.33809616377248186,-0.7252649107284292,-0.3687152874355457,1.39159359193701,0.050293809318461155,-1.0869382589507808,-1.4455905142848562,0.2665217950441287,0.0,0.0,0.0,1.0,-0.05463156633274935,0.0,1.0,0.0,0.0,1.0,0.0,0.0,0.0,0.0,1.0,0.0,0.0,0.0,0.0,0.0,1.0,0.0,0.0,0.0,1.0,1.0,0.0
-0.8676718124782865,0.0,-0.9730122097198606,-0.8875151110697495,-1.8684257522543597,1.1697805251007627,1.5307578157073911,0.3796721288811475,-0.9614863916702531,-0.6608531809232983,-1.3555318555236704,-1.0903445355634656,-0.6039107501479274,3.0,0.26623257679518353,2.5899937140505074,-0.9728430463316026,0.1557070814399298,0.33809616377248186,-0.7252649107284292,-0.6791456840737199,-0.05126672285260705,-0.8781534100649921,0.0638941403835146,0.5320903195901912,0.2665217950441287,0.0,0.0,1.0,0.0,-0.13985261422047565,1.0,0.0,1.0,0.0,0.0,0.0,0.0,0.0,0.0,1.0,0.0,0.0,0.0,0.0,0.0,1.0,0.0,0.0,0.0,0.0,1.0,0.0
-0.9771736638126857,0.0,0.6954235913976554,2.4441291486822943,-1.8684257522543597,0.2546249253678617,1.4815512994360187,-2.432005601372186,-0.05778754527941421,-0.6608531809232983,-1.5656405541740162,-0.6828168296701794,-0.3305890744344257,3.0,-0.6589728319256667,1.4159910129545328,-0.42499866454451996,-0.6201892226844657,-1.0778621289498782,0.27712265863109603,-0.3687152874355457,-0.29690625479230154,-0.46551020145012406,1.079752369425516,-0.9511703058160944,0.5176416314430907,0.0,0.0,0.0,0.0,-0.662479616093694,0.0,1.0,1.0,0.0,0.0,0.0,0.0,1.0,0.0,0.0,0.0,1.0,0.0,0.0,0.0,1.0,0.0,0.0,0.0,0.0,0.0,1.0
-0.42966440714069,0.0,-0.7102273732882756,-0.14714972001373974,2.038524256015781,1.1697805251007627,0.15297536010896096,0.3796721288811475,-0.05778754527941421,0.24620020465769926,1.087210145306871,-0.27528912377689324,0.4893759527060795,3.0,-1.584178240646517,-0.9320143892374165,0.39676790813610396,2.4833959938131165,0.33809616377248186,-1.3266974523441444,-0.6791456840737199,-0.4398510695033166,-0.8781534100649921,-2.045965258396027,0.037670111121429345,-1.742399228925451,0.0,0.0,0.0,0.0,-0.3573120296765479,0.0,1.0,1.0,0.0,0.0,0.0,0.0,1.0,0.0,0.0,0.0,0.0,0.0,0.0,0.0,0.0,1.0,1.0,1.0,0.0,0.0,1.0
-0.5391662584750891,0.0,-0.7622885201284952,0.09963874367159682,0.08504925188071055,0.2546249253678617,-0.09305722124790157,0.3796721288811475,0.8459113011114247,1.1532535902386967,0.9499016512724979,-0.27528912377689324,2.675949358414093,4.0,-0.6589728319256667,-0.9320143892374165,-0.15107647365097865,1.707499689688721,1.754054456494842,-0.32430988298461916,-0.6791456840737199,-1.0031935450272056,-0.8781534100649921,-0.44758692598728334,1.026510528058953,-0.5370450074100981,0.0,0.0,0.0,0.0,-0.16333461847369252,0.0,1.0,0.0,0.0,1.0,0.0,0.0,1.0,0.0,0.0,1.0,0.0,0.0,0.0,0.0,0.0,1.0,0.0,1.0,0.0,0.0,0.0
1.869874470881692,0.0,0.6136132177915959,0.2230329755142651,1.0617867539482457,-0.6605306743650393,1.038692652993666,0.3796721288811475,1.7496101475022634,1.1532535902386967,1.4254921771807052,0.1322385821163929,1.3093409798465847,4.0,-1.584178240646517,0.24198831185855807,2.040301053497352,-0.6201892226844657,0.33809616377248186,1.4799877418625262,-0.3687152874355457,-0.19424231344984635,-0.6305674848960712,-0.2226299755001269,-0.4567500973473325,0.19477968916356525,0.0,0.0,0.0,1.0,0.0315208591275204,1.0,0.0,0.0,0.0,1.0,0.0,0.0,0.0,0.0,0.0,1.0,0.0,0.0,0.0,0.0,0.0,0.0,0.0,0.0,1.0,0.0,0.0
-0.8676718124782865,1.0,-1.4341252245903777,-1.0109093429124179,1.0617867539482457,-1.5756862740979403,1.6783773645215088,-1.0261667362455194,-0.9614863916702531,-1.5679065665042957,-0.9479631424226653,1.3548216997962514,-0.6039107501479274,3.0,0.26623257679518353,-0.9320143892374165,-0.014115378204207997,-0.6201892226844657,-2.4938204216722384,0.4776001725030011,-0.6791456840737199,-0.7866351742765151,-0.8781534100649921,0.5913589900784001,-2.43443093122238,0.6013471740137043,0.0,0.0,1.0,0.0,-0.06472149003530346,0.0,1.0,0.0,0.0,0.0,0.0,1.0,1.0,0.0,0.0,0.0,0.0,0.0,1.0,0.0,0.0,1.0,0.0,0.0,0.0,0.0,0.0
0.7748559575377005,0.0,-1.652286220873203,2.320734916839626,0.08504925188071055,1.1697805251007627,-1.6676657419318217,0.3796721288811475,1.7496101475022634,-1.5679065665042957,1.0907236686956727,0.1322385821163929,-0.6039107501479274,3.0,0.26623257679518353,0.24198831185855807,1.7663788626038104,-1.3960855268088614,1.754054456494842,2.2818977973501466,3.666879868860719,0.053310849628793754,1.5977058416242167,0.767180606643362,0.5320903195901912,-0.8383822067661152,0.0,1.0,0.0,1.0,-0.4484276389445285,0.0,1.0,1.0,0.0,0.0,0.0,0.0,1.0,0.0,0.0,0.0,0.0,1.0,0.0,0.0,1.0,0.0,0.0,1.0,0.0,0.0,0.0
0.22734670086570485,0.0,0.7102982047805754,-0.3939381836990763,0.08504925188071055,-0.6605306743650393,-1.6676657419318217,0.3796721288811475,0.8459113011114247,-0.6608531809232983,-0.7256273823792895,0.5397662880096791,0.7626976284195812,3.0,1.1914379855160337,-0.9320143892374165,-0.2880375690977493,0.1557070814399298,0.33809616377248186,-0.9257424246003343,-0.058284890797371494,0.43010105168983687,1.5977058416242167,-1.3426787921361796,0.037670111121429345,-1.742399228925451,0.0,0.0,0.0,0.0,-0.055052903806042754,0.0,1.0,1.0,0.0,0.0,0.0,0.0,0.0,0.0,0.0,0.0,1.0,0.0,0.0,0.0,0.0,1.0,0.0,1.0,0.0,0.0,1.0
0.9938596602064987,0.0,-1.4242088156684312,-0.7641208792270812,0.08504925188071055,0.2546249253678617,-0.7327419327757442,0.3796721288811475,1.7496101475022634,-0.6608531809232983,-0.4122210960981717,2.1698771115828235,-0.8772324258614291,3.0,1.1914379855160337,0.24198831185855807,1.6294177671570398,-0.6201892226844657,1.754054456494842,1.2795102279906212,0.8730062991171511,-0.09726277983969485,0.4481997604827983,-0.1412310789422742,1.026510528058953,1.039190859598625,1.0,0.0,0.0,1.0,1.7797165627915887,0.0,1.0,1.0,0.0,0.0,0.0,0.0,0.0,0.0,0.0,1.0,0.0,0.0,0.0,0.0,1.0,0.0,0.0,0.0,1.0,0.0,0.0
-0.2106607044718917,0.0,0.5615520709513763,0.8400041347276065,0.08504925188071055,1.1697805251007627,1.235518718079156,-1.0261667362455194,0.8459113011114247,-0.6608531809232983,0.9671881863454026,-0.6828168296701794,1.036019304133083,3.0,1.1914379855160337,-0.9320143892374165,-0.014115378204207997,0.1557070814399298,-2.4938204216722384,0.8785552002468112,0.2521455058408027,0.4153566864706172,0.050293809318461155,1.1774310452949392,0.037670111121429345,0.4491562918855226,0.0,0.0,0.0,0.0,-0.4836952992371071,0.0,1.0,1.0,0.0,0.0,0.0,0.0,0.0,0.0,0.0,0.0,0.0,0.0,0.0,0.0,0.0,1.0,0.0,1.0,0.0,0.0,0.0
-1.5246829204846812,0.0,-0.7325392933626554,1.3335810620982798,-1.8684257522543597,-1.5756862740979403,1.5307578157073911,0.3796721288811475,-0.05778754527941421,0.24620020465769926,1.4755247502372424,-1.0903445355634656,-0.3305890744344257,3.0,-0.6589728319256667,-0.9320143892374165,-0.8358819508848319,-0.6201892226844657,0.33809616377248186,-0.5247873968565242,-0.3687152874355457,-0.8655098339955358,-0.13539563455822945,0.2983229624701303,-0.9511703058160944,0.517638806399078,0.0,0.0,0.0,0.0,-0.7308486434267809,0.0,1.0,1.0,0.0,0.0,0.0,0.0,1.0,0.0,1.0,0.0,0.0,0.0,0.0,0.0,0.0,1.0,0.0,0.0,0.0,0.0,0.0
0.33684855220010396,1.0,-0.31357101641041146,-0.02375548817107146,1.0617867539482457,1.1697805251007627,0.9894861367222936,0.3796721288811475,-0.9614863916702531,-1.5679065665042957,1.0565722213565196,0.1322385821163929,-0.3305890744344257,3.0,-0.6589728319256667,-0.9320143892374165,0.5337290035828746,0.1557070814399298,-2.4938204216722384,-0.32430988298461916,-0.3687152874355457,-1.0932826866720822,-0.25918859714269,-0.9470801548650156,-1.4455905142848562,0.6683092141052549,0.0,0.0,0.0,0.0,-0.672724769391672,0.0,1.0,1.0,0.0,0.0,0.0,0.0,1.0,0.0,1.0,0.0,0.0,0.0,0.0,0.0,0.0,1.0,0.0,1.0,0.0,0.0,0.0
-0.3201625558062908,0.0,0.4177641415831505,-1.0109093429124179,0.08504925188071055,1.1697805251007627,-0.09305722124790157,-1.0261667362455194,0.8459113011114247,0.24620020465769926,-0.28460992661689144,-0.6828168296701794,-0.3305890744344257,3.0,1.1914379855160337,-0.9320143892374165,-0.15107647365097865,0.1557070814399298,0.33809616377248186,0.6780776863749062,1.8042974890316739,0.06654158989305518,1.822783955414145,1.1507914064214602,1.520930736527715,0.9696504815283791,1.0,0.0,0.0,0.0,1.4009563499572497,0.0,1.0,0.0,0.0,0.0,0.0,1.0,1.0,0.0,0.0,0.0,0.0,0.0,0.0,0.0,1.0,0.0,1.0,1.0,0.0,0.0,1.0
-0.6486681098094882,1.0,-0.5986677729163763,-0.7641208792270812,0.08504925188071055,1.1697805251007627,-1.6184592256604493,0.3796721288811475,-0.9614863916702531,0.24620020465769926,-1.4274888145263307,-0.6828168296701794,-0.8772324258614291,3.0,-1.584178240646517,-0.9320143892374165,-0.5619597599912906,-0.6201892226844657,-2.4938204216722384,0.07664514475919097,1.4938670923934996,0.7562213634755227,2.3714118577770944,1.0309130314908046,-0.9511703058160944,-0.8814314358624441,0.0,0.0,0.0,0.0,-0.16406843110660552,1.0,0.0,1.0,0.0,0.0,0.0,0.0,0.0,0.0,0.0,0.0,0.0,0.0,1.0,0.0,0.0,1.0,0.0,1.0,0.0,1.0,0.0
1.4318670655440953,0.0,-1.1639030814673328,1.5803695257836163,2.038524256015781,0.2546249253678617,1.0878991692650386,-2.432005601372186,1.7496101475022634,1.1532535902386967,1.424648931567393,-0.6828168296701794,-0.6039107501479274,3.0,1.1914379855160337,-0.9320143892374165,2.3827037921142784,-0.6201892226844657,0.33809616377248186,2.2818977973501466,3.3564494722225446,-0.2937664087797571,0.5848543295695403,1.3639085174092929,1.520930736527715,-1.1773884841364046,0.0,0.0,0.0,0.0,-0.4089802380084675,1.0,0.0,0.0,0.0,1.0,0.0,0.0,1.0,0.0,0.0,0.0,0.0,1.0,0.0,0.0,0.0,1.0,1.0,0.0,1.0,0.0,0.0
-0.3201625558062908,0.0,1.5804630876813899,-0.270543951856408,-0.8916882501868245,-0.6605306743650393,-0.5359158676902541,0.3796721288811475,-0.9614863916702531,0.24620020465769926,-1.316742557311299,-1.0903445355634656,2.675949358414093,4.0,-0.6589728319256667,0.24198831185855807,0.12284571724256264,0.9316033855643254,0.33809616377248186,0.8785552002468112,0.8730062991171511,-0.3515330272065555,0.6692586222407634,0.9294774834725573,-0.4567500973473325,0.997045172088266,1.0,0.0,1.0,0.0,-0.6188911456986602,0.0,1.0,0.0,0.0,0.0,0.0,1.0,1.0,0.0,0.0,0.0,0.0,0.0,0.0,1.0,1.0,0.0,1.0,1.0,0.0,0.0,0.0
0.5558522548689022,0.0,1.01026957466946,-0.8875151110697495,0.08504925188071055,0.2546249253678617,0.10376884383758846,-1.0261667362455194,-0.9614863916702531,-0.6608531809232983,1.3687136392176686,0.5397662880096791,-0.3305890744344257,3.0,-0.6589728319256667,0.24198831185855807,-0.9728430463316026,0.1557070814399298,0.33809616377248186,-1.1262199384722393,-0.6791456840737199,1.4382242546896888,-0.8781534100649921,-1.3426787921361796,-0.4567500973473325,-1.742399228925451,0.0,0.0,0.0,1.0,0.20392919644500923,0.0,1.0,0.0,0.0,1.0,0.0,0.0,1.0,0.0,1.0,0.0,0.0,0.0,0.0,0.0,1.0,0.0,0.0,1.0,0.0,1.0,0.0
0.008342998196906572,0.0,-0.3185292208713848,0.4698214391996017,0.08504925188071055,-1.5756862740979403,-0.9295679978612341,0.3796721288811475,-0.05778754527941421,1.1532535902386967,-1.5855973670224104,-0.6828168296701794,0.4893759527060795,3.0,-1.584178240646517,-0.9320143892374165,-0.15107647365097865,-0.6201892226844657,0.33809616377248186,0.6780776863749062,0.2521455058408027,0.9363108896591232,0.1346981019896841,1.1507914064214602,-0.9511703058160944,0.668311624811287,0.0,0.0,0.0,1.0,-0.6079807227060083,0.0,1.0,0.0,0.0,1.0,0.0,0.0,1.0,0.0,0.0,0.0,0.0,0.0,1.0,0.0,1.0,0.0,0.0,1.0,0.0,1.0,0.0
-0.8676718124782865,0.0,-0.8961600405747744,-0.14714972001373974,-1.8684257522543597,0.2546249253678617,-1.3232201280322142,-2.432005601372186,-0.05778754527941421,-1.5679065665042957,-0.9873146043772452,0.1322385821163929,-0.6039107501479274,3.0,0.26623257679518353,0.24198831185855807,-0.2880375690977493,0.1557070814399298,0.33809616377248186,0.07664514475919097,-0.6791456840737199,0.8429605644575846,-0.8781534100649921,0.4155373735134381,-0.4567500973473325,1.2709880467950734,0.0,0.0,0.0,0.0,-0.12777920124306053,0.0,1.0,0.0,0.0,0.0,1.0,0.0,0.0,0.0,0.0,0.0,0.0,0.0,0.0,0.0,1.0,0.0,0.0,0.0,0.0,0.0,0.0
-0.42966440714069,0.0,-0.5639603416895632,1.950552221311621,0.08504925188071055,1.1697805251007627,-1.0771875466753518,-1.0261667362455194,-0.05778754527941421,-0.6608531809232983,1.3827677327728758,-0.6828168296701794,-0.6039107501479274,3.0,1.1914379855160337,-0.9320143892374165,-0.8358819508848319,-0.6201892226844657,0.33809616377248186,-0.32430988298461916,-0.6791456840737199,-1.1838790441457157,-0.8781534100649921,0.8843950176866698,1.026510528058953,0.06563210334757824,0.0,0.0,0.0,0.0,-0.6948581215514996,0.0,1.0,1.0,0.0,0.0,0.0,0.0,1.0,0.0,0.0,0.0,1.0,0.0,0.0,0.0,0.0,1.0,0.0,1.0,0.0,1.0,0.0
0.8843578088720997,0.0,0.3657029947429309,2.320734916839626,0.08504925188071055,1.1697805251007627,1.5307578157073911,0.3796721288811475,-0.9614863916702531,1.1532535902386967,-1.3671967531744924,0.5397662880096791,1.3093409798465847,4.0,1.1914379855160337,0.24198831185855807,-0.42499866454451996,0.1557070814399298,0.33809616377248186,-0.32430988298461916,-0.6791456840737199,-0.9927077664269033,-0.8781534100649921,-0.0923917410075624,2.015350944996477,0.6683092141052549,0.0,0.0,0.0,1.0,-0.7523778922738829,0.0,1.0,0.0,0.0,0.0,0.0,1.0,1.0,0.0,0.0,0.0,0.0,0.0,1.0,0.0,1.0,0.0,0.0,1.0,0.0,0.0,0.0
0.5558522548689022,0.0,-1.275462681839232,-0.8875151110697495,0.08504925188071055,1.1697805251007627,-1.2740136117608418,0.3796721288811475,0.8459113011114247,1.1532535902386967,0.6040304088788518,-0.27528912377689324,-0.3305890744344257,3.0,0.26623257679518353,0.24198831185855807,1.7663788626038104,0.1557070814399298,-2.4938204216722384,2.2818977973501466,3.3564494722225446,1.000661183120046,1.4208587522178449,0.767180606643362,0.5320903195901912,-0.53704319937967,0.0,0.0,0.0,1.0,1.2973664666110274,1.0,0.0,1.0,0.0,0.0,0.0,0.0,1.0,0.0,0.0,0.0,0.0,0.0,0.0,0.0,1.0,0.0,1.0,1.0,0.0,0.0,0.0
0.33684855220010396,0.0,1.337511069093698,-0.02375548817107146,-0.8916882501868245,-1.5756862740979403,-0.9295679978612341,0.3796721288811475,-0.05778754527941421,-1.5679065665042957,0.7071874555740717,-1.0903445355634656,-0.8772324258614291,3.0,1.1914379855160337,-0.9320143892374165,-0.2880375690977493,1.707499689688721,1.754054456494842,0.27712265863109603,1.4938670923934996,-0.6084293022328136,2.010349050239085,0.767180606643362,-0.4567500973473325,-0.23570532201308977,1.0,0.0,0.0,1.0,-0.4581974685158292,0.0,1.0,0.0,0.0,1.0,0.0,0.0,1.0,0.0,0.0,0.0,0.0,0.0,0.0,0.0,1.0,0.0,0.0,1.0,0.0,0.0,1.0
-0.42966440714069,0.0,-0.5292529104627501,2.320734916839626,1.0617867539482457,-0.6605306743650393,0.645040522822686,0.3796721288811475,-0.05778754527941421,0.24620020465769926,1.2136969873037347,-0.6828168296701794,-0.8772324258614291,3.0,-0.6589728319256667,0.24198831185855807,0.5337290035828746,0.1557070814399298,0.33809616377248186,1.6804652557344315,0.8730062991171511,1.7664323809873892,0.28240561416432447,1.2506900521970068,-0.4567500973473325,1.0700977045987836,0.0,0.0,0.0,0.0,-0.686539132835466,0.0,1.0,1.0,0.0,0.0,0.0,0.0,1.0,0.0,1.0,0.0,0.0,0.0,0.0,0.0,1.0,0.0,1.0,1.0,0.0,0.0,1.0
0.33684855220010396,0.0,0.23678967875762502,-0.3939381836990763,-0.8916882501868245,0.2546249253678617,-1.3724266443035866,0.3796721288811475,1.7496101475022634,1.1532535902386967,0.4311650581498048,-0.6828168296701794,1.5826626555600865,4.0,1.1914379855160337,-0.9320143892374165,1.3554955762634984,-0.6201892226844657,0.33809616377248186,2.2818977973501466,1.4938670923934996,-0.1258159874705583,0.3035066873321302,1.310629239662335,1.520930736527715,-0.7379358470548507,0.0,0.0,0.0,0.0,0.6599789640294625,0.0,1.0,0.0,0.0,1.0,0.0,0.0,1.0,0.0,0.0,1.0,0.0,0.0,0.0,0.0,0.0,1.0,1.0,1.0,0.0,0.0,0.0
-1.4151810691502822,0.0,-1.1217583435490597,1.456975293940948,-0.8916882501868245,0.2546249253678617,-0.4375028351475091,-1.0261667362455194,-0.9614863916702531,-1.5679065665042957,-0.6011081134801548,-1.0903445355634656,-0.3305890744344257,3.0,-0.6589728319256667,2.5899937140505074,-1.2467652372251439,0.1557070814399298,0.33809616377248186,-1.1262199384722393,-0.6791456840737199,-0.8439879896481457,-0.8781534100649921,-0.8738211479629483,-0.9511703058160944,1.270962218019569,0.0,1.0,1.0,0.0,-0.7332247986190708,0.0,1.0,0.0,0.0,0.0,0.0,1.0,1.0,0.0,1.0,0.0,0.0,0.0,0.0,0.0,0.0,0.0,0.0,0.0,0.0,0.0,0.0
0.33684855220010396,0.0,0.8416906229963679,-0.14714972001373974,-0.8916882501868245,1.1697805251007627,0.3005949089230785,0.3796721288811475,-0.05778754527941421,1.1532535902386967,-0.7690545314648793,0.1322385821163929,0.7626976284195812,3.0,0.26623257679518353,-0.9320143892374165,-0.42499866454451996,-0.6201892226844657,0.33809616377248186,-0.9257424246003343,-0.058284890797371494,-1.3340020100369296,1.5977058416242167,-1.264535851440641,1.520930736527715,1.2709772847514702,0.0,0.0,0.0,1.0,-0.517301999360124,0.0,0.0,1.0,0.0,0.0,0.0,0.0,1.0,0.0,0.0,0.0,0.0,0.0,0.0,0.0,0.0,0.0,1.0,1.0,0.0,1.0,0.0
0.8843578088720997,0.0,-0.6556871242175693,-1.0109093429124179,1.0617867539482457,-1.5756862740979403,0.005355811294843447,0.3796721288811475,0.8459113011114247,-0.6608531809232983,0.9303664612307601,-0.6828168296701794,-0.8772324258614291,3.0,-1.584178240646517,2.5899937140505074,-0.15107647365097865,0.9316033855643254,0.33809616377248186,0.6780776863749062,1.4938670923934996,-0.03383945226230998,1.4851667847292527,1.1507914064214602,-1.940010722753618,0.668311624811287,0.0,0.0,0.0,1.0,1.512100740280769,0.0,1.0,0.0,0.0,0.0,0.0,1.0,1.0,0.0,0.0,0.0,0.0,0.0,0.0,0.0,0.0,0.0,0.0,1.0,0.0,0.0,1.0
-0.2106607044718917,0.0,1.486257202922897,2.320734916839626,1.0617867539482457,-0.6605306743650393,1.5799643319787637,-1.0261667362455194,-0.9614863916702531,0.24620020465769926,1.671157732525725,-1.0903445355634656,2.1293060069870897,4.0,-1.584178240646517,1.4159910129545328,-0.6989208554380613,1.707499689688721,0.33809616377248186,-0.32430988298461916,0.5625759024789769,-0.21666815513360035,1.5977058416242167,0.4657721211034274,-0.9511703058160944,0.06563210334757824,1.0,0.0,0.0,0.0,-0.7459974206274932,0.0,1.0,1.0,0.0,0.0,0.0,0.0,0.0,0.0,0.0,0.0,0.0,0.0,0.0,1.0,1.0,0.0,0.0,1.0,0.0,0.0,0.0
-0.5391662584750891,0.0,0.05333611370161285,-0.5173324155417446,-0.8916882501868245,1.1697805251007627,0.05456232756621595,-1.0261667362455194,-0.05778754527941421,-0.6608531809232983,0.18423463438481652,0.1322385821163929,-0.8772324258614291,3.0,-1.584178240646517,0.24198831185855807,0.12284571724256264,-0.6201892226844657,0.33809616377248186,0.07664514475919097,-0.058284890797371494,2.3635875822485515,0.050293809318461155,-0.15250169538874608,-0.4567500973473325,-1.3119153323939476,0.0,0.0,0.0,0.0,-0.18973305755002523,0.0,1.0,1.0,0.0,0.0,0.0,0.0,0.0,0.0,0.0,0.0,0.0,0.0,1.0,0.0,1.0,0.0,0.0,1.0,0.0,0.0,1.0
-0.10115885313749257,0.0,0.8788771564536676,-0.8875151110697495,1.0617867539482457,0.2546249253678617,0.20218187638033347,0.3796721288811475,-0.9614863916702531,1.1532535902386967,0.37775950264001795,0.1322385821163929,1.5826626555600865,4.0,1.1914379855160337,-0.9320143892374165,-0.5619597599912906,0.1557070814399298,-1.0778621289498782,-0.7252649107284292,-0.3687152874355457,0.019898095879616117,0.050293809318461155,-0.7273031341588134,1.026510528058953,0.2665217950441287,1.0,0.0,0.0,0.0,-0.25079003175009623,0.0,1.0,1.0,0.0,0.0,0.0,0.0,1.0,0.0,0.0,0.0,0.0,0.0,0.0,1.0,0.0,1.0,1.0,1.0,0.0,0.0,0.0
1.2128633628752972,0.0,-0.7697258268199553,0.8400041347276065,1.0617867539482457,0.2546249253678617,1.4815512994360187,0.3796721288811475,-0.05778754527941421,0.24620020465769926,-0.08714991216623207,2.1698771115828235,-0.3305890744344257,3.0,0.26623257679518353,0.24198831185855807,0.9446122899231866,-0.6201892226844657,0.33809616377248186,0.27712265863109603,1.4938670923934996,-0.20344676695729252,2.010349050239085,-0.5653621715331908,0.5320903195901912,0.8943151081711811,1.0,0.0,0.0,1.0,-0.5628441305979569,0.0,1.0,1.0,0.0,0.0,0.0,0.0,0.0,0.0,0.0,0.0,0.0,0.0,0.0,0.0,0.0,0.0,0.0,0.0,1.0,0.0,1.0
-0.8676718124782865,0.0,-0.5069409903883703,-0.02375548817107146,0.08504925188071055,0.2546249253678617,1.235518718079156,1.7855109940078144,-0.9614863916702531,0.24620020465769926,1.1331670312323983,1.3548216997962514,0.7626976284195812,3.0,-1.584178240646517,1.4159910129545328,-0.8358819508848319,-0.6201892226844657,-1.0778621289498782,-1.1262199384722393,-0.6791456840737199,-0.7068940407922343,-0.8781534100649921,-1.4598932031794878,-0.9511703058160944,-1.742399228925451,0.0,0.0,1.0,0.0,-0.6458390034642509,0.0,1.0,1.0,0.0,0.0,0.0,0.0,1.0,0.0,0.0,0.0,0.0,0.0,1.0,0.0,1.0,0.0,0.0,0.0,0.0,0.0,0.0
-0.42966440714069,0.0,1.0896008460450328,-0.14714972001373974,1.0617867539482457,-1.5756862740979403,-0.9787745141326066,0.3796721288811475,-0.05778754527941421,-1.5679065665042957,-0.5233889761198597,-0.27528912377689324,-0.6039107501479274,3.0,1.1914379855160337,0.24198831185855807,-0.42499866454451996,2.4833959938131165,-2.4938204216722384,-0.9257424246003343,-0.058284890797371494,-0.2231508861684205,1.5977058416242167,-1.264535851440641,-1.940010722753618,1.2709772847514702,1.0,0.0,0.0,0.0,-0.3570360659513499,0.0,1.0,1.0,0.0,0.0,0.0,0.0,1.0,0.0,0.0,0.0,0.0,0.0,0.0,0.0,1.0,0.0,0.0,1.0,0.0,0.0,1.0
-0.7581699611438873,1.0,-0.15490847365926583,-1.0109093429124179,0.08504925188071055,-0.6605306743650393,-0.09305722124790157,-1.0261667362455194,-0.05778754527941421,-1.5679065665042957,-1.2634775427370641,-0.6828168296701794,-1.1505541015749308,3.0,1.1914379855160337,0.24198831185855807,-0.15107647365097865,0.9316033855643254,0.33809616377248186,0.6780776863749062,1.1834366957553253,1.1695530291372538,1.1475496140443604,1.1507914064214602,-0.4567500973473325,0.668311624811287,1.0,0.0,0.0,0.0,2.2177744810778615,0.0,1.0,1.0,0.0,0.0,0.0,0.0,1.0,0.0,0.0,0.0,0.0,0.0,0.0,0.0,1.0,0.0,0.0,0.0,0.0,0.0,0.0
0.11784484953130571,0.0,0.2119986564527585,0.09963874367159682,1.0617867539482457,0.2546249253678617,0.251388392651706,0.3796721288811475,-0.05778754527941421,0.24620020465769926,0.07039647658763923,0.1322385821163929,-1.1505541015749308,3.0,0.26623257679518353,-0.9320143892374165,-0.15107647365097865,-0.6201892226844657,0.33809616377248186,-0.12383236911271409,-0.3687152874355457,1.2618745348087417,-0.347612141845876,-0.1279112595055347,0.5320903195901912,-0.23570594980117132,0.0,0.0,0.0,1.0,-0.4549969164938162,1.0,0.0,0.0,0.0,0.0,0.0,0.0,1.0,1.0,0.0,0.0,0.0,0.0,0.0,0.0,1.0,0.0,0.0,1.0,0.0,0.0,1.0
-0.2106607044718917,0.0,0.4698252884233702,-1.0109093429124179,0.08504925188071055,1.1697805251007627,0.10376884383758846,-1.0261667362455194,-0.9614863916702531,-1.5679065665042957,1.0425181278013125,-0.6828168296701794,1.036019304133083,3.0,-0.6589728319256667,-0.9320143892374165,-1.1098041417783733,0.1557070814399298,0.33809616377248186,-0.7252649107284292,-0.3687152874355457,-0.7058894884190587,0.050293809318461155,0.5913589900784001,-0.4567500973473325,-1.742399228925451,0.0,0.0,0.0,0.0,-0.0374010812406954,0.0,1.0,0.0,0.0,1.0,0.0,0.0,1.0,0.0,1.0,0.0,0.0,0.0,0.0,0.0,0.0,1.0,0.0,1.0,0.0,0.0,0.0
-0.7581699611438873,0.0,1.203639548647419,2.4441291486822943,1.0617867539482457,0.2546249253678617,-1.6184592256604493,0.3796721288811475,0.8459113011114247,-0.6608531809232983,0.4899111692105704,0.1322385821163929,-0.8772324258614291,3.0,-0.6589728319256667,0.24198831185855807,-0.2880375690977493,0.1557070814399298,0.33809616377248186,-0.5247873968565242,-0.3687152874355457,0.9750272564997365,-0.13539563455822945,-0.6393923258763324,-0.4567500973473325,-0.23570720537576498,1.0,0.0,0.0,0.0,-0.6065762644616968,0.0,1.0,0.0,0.0,0.0,0.0,1.0,1.0,0.0,0.0,0.0,0.0,0.0,0.0,0.0,1.0,0.0,0.0,0.0,0.0,0.0,0.0
-0.2106607044718917,1.0,-1.7316174922487757,-0.8875151110697495,0.08504925188071055,-1.5756862740979403,0.15297536010896096,0.3796721288811475,-0.9614863916702531,-1.5679065665042957,1.7294822207798344,-0.6828168296701794,-0.8772324258614291,3.0,1.1914379855160337,0.24198831185855807,-1.3837263326719145,-0.6201892226844657,0.33809616377248186,-1.1262199384722393,-0.6791456840737199,-1.0430650498615048,-0.8781534100649921,-0.2877490927464089,-0.9511703058160944,-1.742399228925451,0.0,0.0,0.0,0.0,-0.3687645242722674,0.0,1.0,1.0,0.0,0.0,0.0,0.0,0.0,0.0,1.0,0.0,0.0,0.0,0.0,0.0,0.0,0.0,1.0,1.0,0.0,0.0,0.0
1.7603726195472926,1.0,-0.4846290703139904,-0.8875151110697495,2.038524256015781,0.2546249253678617,0.5958340065513135,-1.0261667362455194,0.8459113011114247,1.1532535902386967,0.042850453219433364,-1.0903445355634656,0.21605427699257776,3.0,-0.6589728319256667,0.24198831185855807,2.3827037921142784,0.9316033855643254,0.33809616377248186,2.2818977973501466,-0.3687152874355457,1.1435789392226638,-0.7689243254316447,1.2695280825432527,0.5320903195901912,-1.1031951479595234,0.0,0.0,0.0,1.0,1.3066802423364619,0.0,1.0,0.0,0.0,0.0,0.0,1.0,0.0,0.0,0.0,0.0,1.0,0.0,0.0,0.0,1.0,0.0,0.0,0.0,1.0,0.0,0.0
0.11784484953130571,1.0,0.24918518991005828,-0.8875151110697495,0.08504925188071055,0.2546249253678617,0.743453555365431,0.3796721288811475,-0.05778754527941421,-0.6608531809232983,-0.9360171629007393,0.5397662880096791,-1.1505541015749308,3.0,-1.584178240646517,1.4159910129545328,-0.5619597599912906,-0.6201892226844657,0.33809616377248186,-0.32430988298461916,-0.3687152874355457,-0.9709896577374264,-0.25918859714269,0.15180494866599556,-0.9511703058160944,-0.5370450074100981,0.0,0.0,0.0,1.0,0.20682681555958876,0.0,1.0,0.0,0.0,1.0,0.0,0.0,1.0,0.0,0.0,0.0,1.0,0.0,0.0,0.0,1.0,0.0,0.0,1.0,0.0,1.0,0.0
-0.5391662584750891,0.0,0.9854785523645936,-1.0109093429124179,1.0617867539482457,1.1697805251007627,-0.19147025379064658,0.3796721288811475,-0.05778754527941421,-1.5679065665042957,1.526400568907092,0.5397662880096791,-0.3305890744344257,3.0,-0.6589728319256667,0.24198831185855807,-0.2880375690977493,0.1557070814399298,-1.0778621289498782,-0.12383236911271409,-0.3687152874355457,0.7589092668513976,-0.347612141845876,0.0638941403835146,-0.9511703058160944,0.7687562362816817,0.0,0.0,0.0,0.0,0.4708206141771842,0.0,0.0,0.0,0.0,0.0,0.0,1.0,1.0,0.0,0.0,0.0,0.0,0.0,1.0,0.0,1.0,0.0,0.0,1.0,0.0,1.0,0.0
1.2128633628752972,0.0,0.7574011471598217,0.7166099028849382,1.0617867539482457,0.2546249253678617,-0.043850704976529056,0.3796721288811475,-0.9614863916702531,-1.5679065665042957,0.31156472199499263,2.1698771115828235,-0.8772324258614291,3.0,1.1914379855160337,0.24198831185855807,-0.15107647365097865,0.1557070814399298,-1.0778621289498782,0.27712265863109603,1.4938670923934996,-0.782155335316724,2.010349050239085,0.5114400734579629,-0.4567500973473325,-0.9890522754692704,0.0,1.0,0.0,1.0,-0.7061689857257534,0.0,1.0,0.0,0.0,0.0,1.0,0.0,0.0,0.0,0.0,0.0,0.0,0.0,1.0,0.0,1.0,0.0,0.0,0.0,1.0,0.0,0.0
-0.3201625558062908,0.0,-0.8019541558162817,-0.270543951856408,1.0617867539482457,-1.5756862740979403,-1.5200461931177043,0.3796721288811475,-0.9614863916702531,1.1532535902386967,1.0888966365334958,-0.6828168296701794,-0.6039107501479274,3.0,0.26623257679518353,-0.9320143892374165,-1.3837263326719145,0.9316033855643254,-2.4938204216722384,-1.1262199384722393,-0.6791456840737199,-0.24009482118200698,-0.8781534100649921,-0.2877490927464089,-0.9511703058160944,-1.742399228925451,0.0,0.0,1.0,0.0,-0.5673549200179223,0.0,1.0,0.0,0.0,1.0,0.0,0.0,1.0,0.0,0.0,0.0,0.0,0.0,1.0,0.0,0.0,1.0,0.0,1.0,0.0,1.0,0.0
1.979376322216091,0.0,-0.29125909633603164,2.0739464531542895,2.038524256015781,0.2546249253678617,-0.2898832863333916,-1.0261667362455194,2.6533089938931025,1.1532535902386967,1.226064589632317,-0.6828168296701794,1.5826626555600865,4.0,0.26623257679518353,0.24198831185855807,2.3827037921142784,0.1557070814399298,0.33809616377248186,2.2818977973501466,-0.058284890797371494,0.40621981625481896,-0.6774080653334347,1.375428361246473,1.026510528058953,-1.2401674383410335,1.0,0.0,0.0,1.0,-0.3476073053404161,0.0,1.0,0.0,1.0,0.0,0.0,0.0,1.0,0.0,0.0,1.0,0.0,0.0,0.0,0.0,1.0,0.0,0.0,0.0,1.0,0.0,0.0
-0.3201625558062908,0.0,1.3598229891680778,-1.0109093429124179,1.0617867539482457,-0.6605306743650393,-1.0279810304039791,0.3796721288811475,-0.05778754527941421,1.1532535902386967,-0.18342045301940052,2.373640964529467,0.4893759527060795,3.0,-0.6589728319256667,0.24198831185855807,-0.2880375690977493,0.1557070814399298,-1.0778621289498782,-0.9257424246003343,-0.058284890797371494,2.0105762722170164,1.5977058416242167,-1.3426787921361796,-0.4567500973473325,1.2709772847514702,0.0,0.0,0.0,0.0,0.9045321037915872,0.0,1.0,1.0,0.0,0.0,0.0,0.0,1.0,0.0,0.0,0.0,0.0,0.0,1.0,0.0,1.0,0.0,0.0,1.0,0.0,0.0,1.0
-1.1961773664814839,0.0,-0.8143496669687149,-0.7641208792270812,0.08504925188071055,-1.5756862740979403,1.137105685536411,0.3796721288811475,-0.9614863916702531,1.1532535902386967,-0.44693470717953315,-0.6828168296701794,1.5826626555600865,4.0,-1.584178240646517,-0.9320143892374165,-1.3837263326719145,1.707499689688721,0.33809616377248186,-1.1262199384722393,-0.6791456840737199,-1.0563214796559361,-0.8781534100649921,-0.2877490927464089,-0.9511703058160944,-1.742399228925451,0.0,0.0,1.0,0.0,-0.47809790264917434,0.0,1.0,1.0,0.0,0.0,0.0,0.0,0.0,0.0,0.0,0.0,0.0,0.0,1.0,0.0,1.0,0.0,0.0,0.0,0.0,0.0,0.0
0.11784484953130571,0.0,1.097038152736493,0.59321567104227,0.08504925188071055,0.2546249253678617,0.6942470390940585,0.3796721288811475,-0.05778754527941421,-0.6608531809232983,-0.27519368393490273,-1.0903445355634656,-1.1505541015749308,3.0,1.1914379855160337,0.24198831185855807,-0.15107647365097865,0.1557070814399298,0.33809616377248186,0.4776001725030011,1.4938670923934996,1.2575927107188893,1.721498804208677,0.8311157399397118,0.5320903195901912,0.9361680887192979,1.0,0.0,0.0,1.0,-0.38722649748801774,0.0,1.0,1.0,0.0,0.0,0.0,0.0,1.0,0.0,0.0,0.0,0.0,0.0,0.0,0.0,1.0,0.0,0.0,1.0,0.0,0.0,0.0
0.11784484953130571,0.0,-0.9060764494967211,0.8400041347276065,0.08504925188071055,-0.6605306743650393,1.1863122018077836,0.3796721288811475,-0.05778754527941421,-0.6608531809232983,0.2903430407266299,-0.27528912377689324,-0.8772324258614291,3.0,-0.6589728319256667,-0.9320143892374165,-0.42499866454451996,1.707499689688721,1.754054456494842,-0.7252649107284292,-0.3687152874355457,-1.1429559404070266,0.050293809318461155,-0.8738211479629483,-0.4567500973473325,0.2665217950441287,1.0,0.0,0.0,0.0,-0.6446957831497172,0.0,1.0,1.0,0.0,0.0,0.0,0.0,0.0,0.0,0.0,0.0,0.0,0.0,0.0,0.0,0.0,1.0,0.0,1.0,0.0,1.0,0.0
-0.10115885313749257,0.0,0.20208224753081191,-1.0109093429124179,1.0617867539482457,-0.6605306743650393,0.349801425194451,0.3796721288811475,-0.05778754527941421,0.24620020465769926,1.0026045021045245,1.3548216997962514,-0.6039107501479274,3.0,-1.584178240646517,-0.9320143892374165,0.5337290035828746,1.707499689688721,0.33809616377248186,-1.1262199384722393,-0.6791456840737199,-0.04581381326826968,-0.8781534100649921,-1.8261882376898246,-0.9511703058160944,-1.742399228925451,1.0,0.0,0.0,0.0,1.3177532868100341,0.0,1.0,1.0,0.0,0.0,0.0,0.0,0.0,0.0,0.0,0.0,0.0,0.0,0.0,0.0,0.0,1.0,0.0,1.0,0.0,0.0,1.0
-0.8676718124782865,0.0,1.4069259315473241,-0.7641208792270812,-1.8684257522543597,-0.6605306743650393,1.038692652993666,0.3796721288811475,-0.9614863916702531,-1.5679065665042957,0.26701324542498617,-0.6828168296701794,0.7626976284195812,3.0,1.1914379855160337,-0.9320143892374165,-0.15107647365097865,0.1557070814399298,0.33809616377248186,0.6780776863749062,-0.3687152874355457,1.3324085199816875,-0.5405362393801,1.1507914064214602,-0.4567500973473325,0.9696504815283791,0.0,0.0,0.0,0.0,-0.06487671963072737,0.0,1.0,0.0,0.0,1.0,0.0,0.0,1.0,0.0,1.0,0.0,0.0,0.0,0.0,0.0,0.0,1.0,1.0,0.0,0.0,1.0,0.0
-0.2106607044718917,0.0,-0.32844562979333136,0.09963874367159682,1.0617867539482457,-1.5756862740979403,-0.7327419327757442,0.3796721288811475,-0.05778754527941421,0.24620020465769926,-1.4180725718443419,0.1322385821163929,0.21605427699257776,3.0,0.26623257679518353,-0.9320143892374165,-0.15107647365097865,0.9316033855643254,0.33809616377248186,-0.32430988298461916,-0.6791456840737199,-0.5347027863516429,-0.8781534100649921,-0.44758692598728334,-0.4567500973473325,-0.5370450074100981,0.0,0.0,0.0,0.0,-0.45132785332925107,0.0,1.0,0.0,0.0,1.0,0.0,0.0,0.0,0.0,0.0,0.0,0.0,0.0,0.0,0.0,0.0,1.0,1.0,1.0,0.0,0.0,1.0
0.22734670086570485,0.0,1.6350033367520962,-0.3939381836990763,0.08504925188071055,1.1697805251007627,-1.3724266443035866,1.7855109940078144,0.8459113011114247,0.24620020465769926,-1.356937264879191,-0.27528912377689324,-1.1505541015749308,3.0,-1.584178240646517,0.24198831185855807,-0.014115378204207997,0.1557070814399298,0.33809616377248186,0.07664514475919097,1.4938670923934996,0.5503406020130875,2.3714118577770944,0.005286934861860867,0.037670111121429345,0.8405041502635701,1.0,0.0,0.0,1.0,-0.06738256881399901,0.0,1.0,0.0,0.0,1.0,0.0,0.0,1.0,0.0,0.0,0.0,0.0,0.0,0.0,0.0,1.0,0.0,0.0,1.0,0.0,0.0,1.0
-0.8676718124782865,0.0,0.47726259511483016,-0.8875151110697495,-1.8684257522543597,-1.5756862740979403,1.038692652993666,0.3796721288811475,-0.05778754527941421,1.1532535902386967,1.4292867824406112,-0.6828168296701794,1.036019304133083,3.0,1.1914379855160337,0.24198831185855807,-0.6989208554380613,-2.171981830933257,1.754054456494842,-0.12383236911271409,-0.3687152874355457,0.5105939794036932,-0.347612141845876,0.9681195970033181,1.026510528058953,0.2665251432402553,0.0,0.0,0.0,0.0,1.0343040455659755,1.0,0.0,1.0,0.0,0.0,0.0,0.0,1.0,0.0,0.0,0.0,0.0,0.0,0.0,0.0,0.0,0.0,0.0,0.0,0.0,0.0,0.0
1.4318670655440953,0.0,-1.3349611353709117,-0.02375548817107146,0.08504925188071055,0.2546249253678617,-0.3390898026047641,0.3796721288811475,2.6533089938931025,0.24620020465769926,0.7316415783601321,0.5397662880096791,0.21605427699257776,3.0,0.26623257679518353,0.24198831185855807,2.177262148944122,-0.6201892226844657,0.33809616377248186,-1.1262199384722393,-0.6791456840737199,0.3631365739715635,-0.8781534100649921,-1.9203783894210542,0.5320903195901912,-1.742399228925451,1.0,0.0,0.0,1.0,0.4022712248379857,0.0,1.0,0.0,1.0,0.0,0.0,0.0,1.0,0.0,0.0,1.0,0.0,0.0,0.0,0.0,1.0,0.0,1.0,0.0,1.0,0.0,0.0
-1.5246829204846812,0.0,0.43263875496607046,0.09963874367159682,0.08504925188071055,1.1697805251007627,-1.0279810304039791,1.7855109940078144,-0.9614863916702531,0.24620020465769926,-0.2089989032898774,-0.27528912377689324,0.21605427699257776,3.0,1.1914379855160337,0.24198831185855807,-0.9728430463316026,-0.6201892226844657,0.33809616377248186,-0.9257424246003343,-0.058284890797371494,-1.0455698661524375,1.5977058416242167,-0.6393923258763324,1.520930736527715,1.2709772847514702,0.0,0.0,0.0,0.0,-0.6810112074310284,0.0,1.0,0.0,0.0,0.0,0.0,1.0,1.0,0.0,0.0,0.0,0.0,0.0,1.0,0.0,1.0,0.0,0.0,0.0,0.0,0.0,0.0
-0.10115885313749257,0.0,1.238346979874232,-0.3939381836990763,1.0617867539482457,-1.5756862740979403,0.6942470390940585,1.7855109940078144,-0.05778754527941421,-1.5679065665042957,0.7586254379861296,0.1322385821163929,-0.6039107501479274,3.0,1.1914379855160337,0.24198831185855807,-0.2880375690977493,0.1557070814399298,0.33809616377248186,-0.7252649107284292,-0.6791456840737199,2.084776328625869,-0.8781534100649921,-0.9910355590062562,-0.9511703058160944,0.2665217950441287,0.0,0.0,0.0,1.0,-0.3046620932476892,1.0,0.0,1.0,0.0,0.0,0.0,0.0,1.0,0.0,1.0,0.0,0.0,0.0,0.0,0.0,1.0,0.0,1.0,1.0,0.0,0.0,1.0
0.5558522548689022,0.0,0.6359251378659758,-0.02375548817107146,-0.8916882501868245,1.1697805251007627,1.333931750621901,-1.0261667362455194,2.6533089938931025,1.1532535902386967,1.6933632003429522,2.1698771115828235,1.855984331273588,4.0,1.1914379855160337,-0.9320143892374165,1.7663788626038104,-0.6201892226844657,0.33809616377248186,-1.1262199384722393,-0.6791456840737199,0.4107815713201044,-0.8781534100649921,-1.9053079651440574,2.015350944996477,-1.742399228925451,0.0,0.0,0.0,0.0,0.4197811232018027,0.0,1.0,0.0,0.0,0.0,1.0,0.0,1.0,0.0,0.0,1.0,0.0,0.0,0.0,0.0,0.0,1.0,0.0,1.0,0.0,0.0,0.0
-0.2106607044718917,0.0,-0.1301174513543993,2.320734916839626,0.08504925188071055,-0.6605306743650393,-0.9787745141326066,1.7855109940078144,-0.05778754527941421,0.24620020465769926,1.5508546916931525,-0.6828168296701794,0.4893759527060795,3.0,1.1914379855160337,1.4159910129545328,-0.15107647365097865,0.1557070814399298,-1.0778621289498782,0.6780776863749062,1.1834366957553253,0.15229405493312506,1.1475496140443604,1.1507914064214602,0.037670111121429345,0.9696504815283791,0.0,0.0,0.0,0.0,-0.7250788944579538,0.0,1.0,1.0,0.0,0.0,0.0,0.0,1.0,0.0,1.0,0.0,0.0,0.0,0.0,0.0,1.0,0.0,0.0,1.0,0.0,1.0,0.0
-0.3201625558062908,0.0,-0.3705903677116045,0.09963874367159682,1.0617867539482457,1.1697805251007627,1.2847252343505287,-1.0261667362455194,-0.05778754527941421,0.24620020465769926,0.14319668120361187,-0.6828168296701794,-0.3305890744344257,3.0,-0.6589728319256667,0.24198831185855807,-0.42499866454451996,0.1557070814399298,-1.0778621289498782,0.27712265863109603,1.4938670923934996,-0.9507393817961315,2.010349050239085,1.079752369425516,0.037670111121429345,-0.9890522754692704,0.0,0.0,0.0,0.0,-0.5122343018610322,1.0,0.0,0.0,0.0,0.0,0.0,1.0,1.0,0.0,0.0,0.0,0.0,0.0,0.0,0.0,1.0,0.0,0.0,1.0,0.0,0.0,1.0
0.33684855220010396,0.0,-1.6969100610219627,0.59321567104227,-0.8916882501868245,1.1697805251007627,0.8910731041795485,0.3796721288811475,-0.05778754527941421,-1.5679065665042957,-0.42880492649331603,-0.6828168296701794,-0.057267398720923963,3.0,0.26623257679518353,0.24198831185855807,-0.8358819508848319,-0.6201892226844657,0.33809616377248186,-0.32430988298461916,-0.3687152874355457,-0.9580726090855929,-0.25918859714269,0.8843950176866698,0.037670111121429345,0.6683092141052549,1.0,1.0,0.0,1.0,-0.6059967406387808,0.0,1.0,1.0,0.0,0.0,0.0,0.0,0.0,0.0,0.0,0.0,0.0,0.0,0.0,0.0,1.0,0.0,0.0,1.0,0.0,1.0,0.0
0.6653541062033014,0.0,0.4648670839623969,2.197340684996958,0.08504925188071055,1.1697805251007627,1.038692652993666,1.7855109940078144,-0.9614863916702531,-0.6608531809232983,-1.1887097650233625,0.9472939939029652,-0.8772324258614291,3.0,0.26623257679518353,0.24198831185855807,-0.42499866454451996,-2.171981830933257,0.33809616377248186,-0.12383236911271409,-0.6791456840737199,1.4696102776962994,-0.8781534100649921,0.2983229624701303,0.5320903195901912,0.2665251432402553,0.0,0.0,0.0,1.0,-0.6898975977768542,0.0,1.0,0.0,0.0,0.0,0.0,1.0,1.0,0.0,1.0,0.0,0.0,0.0,0.0,0.0,0.0,0.0,0.0,1.0,0.0,1.0,0.0
-0.2106607044718917,0.0,1.3548647847071045,-0.270543951856408,-0.8916882501868245,0.2546249253678617,-0.14226373751927407,-1.0261667362455194,-0.9614863916702531,1.1532535902386967,-0.9275847067676151,-0.6828168296701794,0.7626976284195812,3.0,1.1914379855160337,0.24198831185855807,-1.3837263326719145,1.707499689688721,-1.0778621289498782,-1.1262199384722393,-0.6791456840737199,-0.49067104494515684,-0.8781534100649921,-0.2877490927464089,1.026510528058953,-1.742399228925451,0.0,0.0,0.0,0.0,-0.5892422929726935,0.0,1.0,1.0,0.0,0.0,0.0,0.0,1.0,0.0,1.0,0.0,0.0,0.0,0.0,0.0,1.0,0.0,0.0,1.0,0.0,0.0,0.0
0.9938596602064987,0.0,-0.593709568455403,-1.0109093429124179,1.0617867539482457,1.1697805251007627,-0.4867093514188816,1.7855109940078144,1.7496101475022634,-1.5679065665042957,-1.5680297500784015,-0.6828168296701794,-0.057267398720923963,3.0,-0.6589728319256667,-0.9320143892374165,2.177262148944122,1.707499689688721,-2.4938204216722384,2.2818977973501466,-0.6791456840737199,0.06510190970622041,-0.8781534100649921,1.2192933349532638,-1.4455905142848562,-1.742399228925451,1.0,0.0,0.0,0.0,4.655810506805783,0.0,1.0,1.0,0.0,0.0,0.0,0.0,1.0,0.0,0.0,1.0,0.0,0.0,0.0,0.0,0.0,1.0,0.0,0.0,1.0,0.0,0.0
-0.9771736638126857,1.0,-1.1738194903892794,1.827157989468953,0.08504925188071055,0.2546249253678617,-0.7327419327757442,0.3796721288811475,-0.9614863916702531,-0.6608531809232983,-0.9822551306973706,-0.6828168296701794,0.4893759527060795,3.0,0.26623257679518353,2.5899937140505074,-1.3837263326719145,0.1557070814399298,0.33809616377248186,-1.1262199384722393,-0.6791456840737199,-0.7435527160269912,-0.8781534100649921,-0.2877490927464089,0.037670111121429345,1.270962218019569,0.0,0.0,1.0,0.0,-0.738219240292928,0.0,1.0,0.0,0.0,1.0,0.0,0.0,1.0,0.0,1.0,0.0,0.0,0.0,0.0,0.0,1.0,0.0,1.0,0.0,0.0,0.0,0.0
-1.6341847718190805,0.0,-0.856494404886988,2.0739464531542895,-0.8916882501868245,-0.6605306743650393,0.9402796204509211,-1.0261667362455194,-0.9614863916702531,0.24620020465769926,-0.5649890930432726,-0.6828168296701794,-0.3305890744344257,3.0,-0.6589728319256667,-0.9320143892374165,-0.9728430463316026,-0.6201892226844657,-1.0778621289498782,-0.5247873968565242,-0.3687152874355457,-0.38165773231140404,-0.13539563455822945,0.767180606643362,-0.9511703058160944,-0.23570720537576498,0.0,0.0,0.0,0.0,-0.7333126052589064,0.0,0.0,0.0,0.0,0.0,1.0,0.0,0.0,0.0,0.0,0.0,0.0,0.0,1.0,0.0,1.0,0.0,1.0,0.0,0.0,0.0,0.0
1.4318670655440953,0.0,1.0697680282011397,1.3335810620982798,2.038524256015781,-0.6605306743650393,-1.2248070954894692,0.3796721288811475,1.7496101475022634,0.24620020465769926,0.8960744729560548,-0.27528912377689324,-0.057267398720923963,3.0,0.26623257679518353,0.24198831185855807,2.3827037921142784,0.1557070814399298,0.33809616377248186,2.2818977973501466,3.0460190755843706,1.432891974124004,0.5594422844642258,1.1507914064214602,0.037670111121429345,-0.938828408633194,0.0,0.0,0.0,1.0,-0.4655390891908304,1.0,0.0,0.0,0.0,1.0,0.0,0.0,1.0,0.0,0.0,0.0,0.0,0.0,0.0,0.0,1.0,0.0,1.0,0.0,1.0,0.0,0.0
-0.5391662584750891,0.0,-0.4176933100908508,-0.5173324155417446,1.0617867539482457,-0.6605306743650393,-1.5200461931177043,1.7855109940078144,-0.9614863916702531,1.1532535902386967,0.628203449793808,0.1322385821163929,0.4893759527060795,3.0,1.1914379855160337,1.4159910129545328,-0.6989208554380613,0.1557070814399298,0.33809616377248186,-0.7252649107284292,-0.6791456840737199,0.06453422808378426,-0.8781534100649921,-0.5389228306963544,1.026510528058953,0.2665217950441287,0.0,0.0,1.0,0.0,-0.45527915212185965,0.0,1.0,0.0,0.0,0.0,1.0,0.0,0.0,0.0,0.0,0.0,0.0,0.0,1.0,0.0,1.0,0.0,0.0,1.0,0.0,1.0,0.0
0.7748559575377005,0.0,1.2656171044095852,-0.270543951856408,0.08504925188071055,-0.6605306743650393,-1.7168722582031943,0.3796721288811475,2.6533089938931025,1.1532535902386967,-1.5127971624064376,-1.0903445355634656,-0.3305890744344257,3.0,1.1914379855160337,0.24198831185855807,1.6294177671570398,0.9316033855643254,-1.0778621289498782,2.2818977973501466,-0.3687152874355457,0.545954156947348,-0.7166843284330873,1.1774310452949392,0.5320903195901912,-0.7835932527501481,0.0,0.0,0.0,1.0,0.6804581827971738,0.0,1.0,0.0,0.0,1.0,0.0,0.0,0.0,0.0,0.0,0.0,0.0,1.0,0.0,0.0,0.0,0.0,1.0,1.0,0.0,0.0,0.0
-0.7581699611438873,0.0,-1.3919804866721046,-0.270543951856408,0.08504925188071055,-0.6605306743650393,-0.8803614815898617,-1.0261667362455194,-0.9614863916702531,-0.6608531809232983,-1.2599640193482624,-0.6828168296701794,-0.8772324258614291,3.0,-0.6589728319256667,0.24198831185855807,-0.6989208554380613,0.1557070814399298,-1.0778621289498782,-0.12383236911271409,-0.3687152874355457,-0.9846440562992793,-0.347612141845876,0.9681195970033181,-1.4455905142848562,0.2665251432402553,0.0,0.0,1.0,0.0,-0.6318528169165567,0.0,1.0,0.0,0.0,1.0,0.0,0.0,1.0,0.0,0.0,0.0,0.0,0.0,1.0,0.0,1.0,0.0,0.0,0.0,0.0,0.0,0.0
0.8843578088720997,0.0,0.5268446397245632,-0.5173324155417446,2.038524256015781,0.2546249253678617,-0.7819484490471167,-2.432005601372186,-0.05778754527941421,-1.5679065665042957,1.2836863732086659,-0.6828168296701794,-0.3305890744344257,3.0,-1.584178240646517,-0.9320143892374165,-0.15107647365097865,0.1557070814399298,0.33809616377248186,0.6780776863749062,-0.3687152874355457,2.2704022361221092,-0.5405362393801,1.1507914064214602,-1.4455905142848562,0.3669727680941946,0.0,0.0,0.0,0.0,-0.20101307481749597,0.0,1.0,0.0,0.0,1.0,0.0,0.0,0.0,0.0,1.0,0.0,0.0,0.0,0.0,0.0,0.0,1.0,1.0,1.0,0.0,0.0,1.0
0.8843578088720997,0.0,-1.1564657747758729,2.0739464531542895,0.08504925188071055,-1.5756862740979403,-0.6835354165043717,-1.0261667362455194,-0.05778754527941421,-1.5679065665042957,1.3841731421283965,-0.6828168296701794,-0.057267398720923963,3.0,-1.584178240646517,0.24198831185855807,-0.15107647365097865,-0.6201892226844657,0.33809616377248186,0.6780776863749062,0.5625759024789769,-1.0645587001414754,0.47231527267457635,1.1507914064214602,-2.43443093122238,0.3669727680941946,1.0,1.0,0.0,1.0,-0.6971843542350602,0.0,0.0,0.0,1.0,0.0,0.0,0.0,1.0,0.0,0.0,0.0,0.0,0.0,0.0,0.0,1.0,0.0,0.0,1.0,0.0,1.0,0.0
-0.6486681098094882,0.0,-0.2168860294214321,-0.8875151110697495,1.0617867539482457,1.1697805251007627,-0.5851223839616266,0.3796721288811475,-0.05778754527941421,-1.5679065665042957,1.0243883471150954,1.7623494056895375,-0.6039107501479274,3.0,1.1914379855160337,-0.9320143892374165,-0.15107647365097865,0.1557070814399298,0.33809616377248186,-0.32430988298461916,-0.6791456840737199,-0.6675416598661972,-0.8781534100649921,-0.44758692598728334,0.5320903195901912,-0.5370450074100981,1.0,0.0,0.0,0.0,0.3055528382491952,1.0,0.0,0.0,0.0,0.0,1.0,0.0,1.0,0.0,0.0,0.0,0.0,0.0,0.0,0.0,0.0,1.0,0.0,1.0,0.0,0.0,1.0
-0.10115885313749257,0.0,-0.6036259773773496,0.3464272073569334,1.0617867539482457,0.2546249253678617,0.4974209740085685,0.3796721288811475,-0.05778754527941421,0.24620020465769926,-0.2659179821884661,2.373640964529467,-0.8772324258614291,3.0,-0.6589728319256667,1.4159910129545328,-0.5619597599912906,-0.6201892226844657,0.33809616377248186,-0.7252649107284292,-0.3687152874355457,-1.0473910823923638,0.050293809318461155,-0.7273031341588134,0.037670111121429345,0.2665217950441287,0.0,0.0,0.0,1.0,-0.5753074515988703,0.0,1.0,1.0,0.0,0.0,0.0,0.0,0.0,0.0,0.0,0.0,1.0,0.0,0.0,0.0,1.0,0.0,1.0,1.0,0.0,1.0,0.0
-0.3201625558062908,0.0,-0.9333465740320742,0.09963874367159682,1.0617867539482457,0.2546249253678617,-1.1756005792180968,1.7855109940078144,-0.05778754527941421,1.1532535902386967,0.37761896170446585,-0.6828168296701794,-0.6039107501479274,3.0,-1.584178240646517,0.24198831185855807,-0.2880375690977493,0.1557070814399298,0.33809616377248186,0.4776001725030011,1.4938670923934996,-1.0231177131009515,1.721498804208677,1.1188238397732855,0.037670111121429345,0.6013471740137043,0.0,0.0,0.0,0.0,-0.5313698774423796,1.0,0.0,1.0,0.0,0.0,0.0,0.0,1.0,0.0,0.0,0.0,1.0,0.0,0.0,0.0,0.0,0.0,0.0,1.0,0.0,1.0,0.0
1.3223652142096962,0.0,-0.19953231380802552,1.950552221311621,1.0617867539482457,0.2546249253678617,0.8910731041795485,0.3796721288811475,-0.9614863916702531,-1.5679065665042957,1.0946588148911307,-0.6828168296701794,-0.3305890744344257,3.0,1.1914379855160337,0.24198831185855807,-0.15107647365097865,0.1557070814399298,-1.0778621289498782,0.4776001725030011,-0.3687152874355457,-0.023467673903894842,-0.5067745223116108,0.8311157399397118,-0.4567500973473325,0.26652625930811075,0.0,1.0,0.0,1.0,-0.7213426786784405,0.0,1.0,1.0,0.0,0.0,0.0,0.0,0.0,0.0,1.0,0.0,0.0,0.0,0.0,0.0,1.0,0.0,0.0,0.0,1.0,1.0,0.0
0.22734670086570485,0.0,1.4490706694655973,0.09963874367159682,2.038524256015781,-0.6605306743650393,0.4974209740085685,0.3796721288811475,-0.05778754527941421,-1.5679065665042957,-1.4726024548385455,-0.27528912377689324,-0.6039107501479274,3.0,1.1914379855160337,2.5899937140505074,-0.15107647365097865,0.1557070814399298,0.33809616377248186,0.07664514475919097,1.4938670923934996,-0.7632732844568152,2.3714118577770944,0.1917644069762141,-0.4567500973473325,1.2709880467950734,0.0,0.0,0.0,1.0,-0.4945099044199023,0.0,1.0,0.0,0.0,1.0,0.0,0.0,1.0,0.0,0.0,0.0,1.0,0.0,0.0,0.0,1.0,0.0,0.0,1.0,0.0,0.0,1.0
-1.0866755151470848,0.0,1.238346979874232,1.2101868302556114,0.08504925188071055,1.1697805251007627,0.05456232756621595,-1.0261667362455194,-0.9614863916702531,-1.5679065665042957,0.2778348974624956,-0.6828168296701794,-1.1505541015749308,3.0,-1.584178240646517,1.4159910129545328,-0.5619597599912906,0.1557070814399298,0.33809616377248186,0.07664514475919097,-0.6791456840737199,0.743248030971881,-0.8781534100649921,1.0309130314908046,-0.9511703058160944,1.2709880467950734,0.0,1.0,0.0,0.0,-0.6717933918191286,0.0,1.0,0.0,0.0,0.0,1.0,0.0,1.0,0.0,1.0,0.0,0.0,0.0,0.0,0.0,0.0,0.0,0.0,0.0,0.0,1.0,0.0
-0.2106607044718917,0.0,0.0409406025491796,1.0867925984129432,2.038524256015781,-0.6605306743650393,-0.8803614815898617,1.7855109940078144,-0.05778754527941421,-1.5679065665042957,1.6863361535653485,-0.6828168296701794,-1.1505541015749308,3.0,1.1914379855160337,-0.9320143892374165,0.6706900990296453,-0.6201892226844657,0.33809616377248186,1.8809427696063366,-0.3687152874355457,1.7632891616365505,-0.6596952407982973,1.2636181122385481,-0.4567500973473325,1.0826536121910446,0.0,1.0,0.0,0.0,-0.6278291024035948,0.0,1.0,1.0,0.0,0.0,0.0,0.0,1.0,0.0,0.0,0.0,0.0,0.0,1.0,0.0,1.0,0.0,0.0,1.0,0.0,0.0,1.0
-0.9771736638126857,0.0,-0.55156483053713,2.197340684996958,0.08504925188071055,-0.6605306743650393,-1.3232201280322142,-2.432005601372186,-0.05778754527941421,-1.5679065665042957,0.8638905987146306,-1.0903445355634656,1.5826626555600865,4.0,-0.6589728319256667,0.24198831185855807,-0.6989208554380613,1.707499689688721,-1.0778621289498782,-0.32430988298461916,-0.6791456840737199,-0.9622353278290481,-0.8781534100649921,0.4657721211034274,-1.940010722753618,0.06563210334757824,0.0,1.0,0.0,0.0,-0.6898754221203652,0.0,1.0,0.0,0.0,1.0,0.0,0.0,0.0,0.0,0.0,0.0,1.0,0.0,0.0,0.0,0.0,0.0,0.0,0.0,0.0,1.0,0.0
-1.7436866231534796,0.0,-0.6358543063736761,-0.5173324155417446,-1.8684257522543597,0.2546249253678617,1.5307578157073911,0.3796721288811475,-0.9614863916702531,1.1532535902386967,1.6437522500930712,-0.6828168296701794,0.7626976284195812,3.0,0.26623257679518353,-0.9320143892374165,-1.1098041417783733,-0.6201892226844657,0.33809616377248186,-0.9257424246003343,-0.058284890797371494,-0.1101794913480665,1.5977058416242167,-0.2877490927464089,1.026510528058953,1.2709772847514702,0.0,0.0,0.0,0.0,-0.4754589995269679,0.0,1.0,0.0,0.0,1.0,0.0,0.0,1.0,0.0,0.0,0.0,0.0,0.0,1.0,0.0,0.0,1.0,0.0,0.0,0.0,1.0,0.0
-2.072192177156677,1.0,-0.6408125108346494,-0.7641208792270812,-0.8916882501868245,-0.6605306743650393,0.20218187638033347,0.3796721288811475,-0.9614863916702531,1.1532535902386967,0.5771870901884063,-0.6828168296701794,-0.8772324258614291,3.0,0.26623257679518353,-0.9320143892374165,-1.520687428118685,-0.6201892226844657,1.754054456494842,-1.3266974523441444,-0.6791456840737199,-1.1684604080419154,-0.8781534100649921,-2.045965258396027,1.026510528058953,-1.742399228925451,1.0,0.0,0.0,0.0,-0.5544708635977378,1.0,0.0,0.0,0.0,1.0,0.0,0.0,0.0,0.0,0.0,0.0,0.0,0.0,0.0,1.0,0.0,1.0,1.0,0.0,0.0,0.0,0.0
1.103361511540898,0.0,0.925980098832914,2.0739464531542895,1.0617867539482457,1.1697805251007627,1.5799643319787637,0.3796721288811475,2.6533089938931025,0.24620020465769926,-1.2779532590989275,0.1322385821163929,-1.1505541015749308,3.0,0.26623257679518353,0.24198831185855807,2.177262148944122,-0.6201892226844657,0.33809616377248186,-0.32430988298461916,-0.3687152874355457,0.4183844964289141,-0.25918859714269,-1.4180309135211633,1.026510528058953,-0.5370450074100981,0.0,0.0,0.0,1.0,-0.34595152298922777,0.0,1.0,1.0,0.0,0.0,0.0,0.0,0.0,0.0,0.0,1.0,0.0,0.0,0.0,0.0,1.0,0.0,0.0,0.0,1.0,0.0,0.0
0.22734670086570485,0.0,-1.5679967450366568,-0.7641208792270812,-0.8916882501868245,0.2546249253678617,0.4974209740085685,-1.0261667362455194,-0.05778754527941421,0.24620020465769926,-0.563724224623304,-1.0903445355634656,-0.057267398720923963,3.0,1.1914379855160337,0.24198831185855807,-0.014115378204207997,0.1557070814399298,0.33809616377248186,0.6780776863749062,-0.6791456840737199,-0.15080525295928676,-0.8781534100649921,0.8843950176866698,1.026510528058953,0.668311624811287,0.0,0.0,0.0,1.0,-0.3216264704618736,0.0,1.0,0.0,0.0,1.0,0.0,0.0,1.0,0.0,1.0,0.0,0.0,0.0,0.0,0.0,0.0,0.0,0.0,1.0,0.0,1.0,0.0
0.33684855220010396,0.0,0.20208224753081191,0.7166099028849382,0.08504925188071055,-1.5756862740979403,0.6942470390940585,-1.0261667362455194,0.8459113011114247,0.24620020465769926,1.6143791945626884,-0.6828168296701794,-0.6039107501479274,3.0,1.1914379855160337,1.4159910129545328,0.9446122899231866,-0.6201892226844657,0.33809616377248186,2.2818977973501466,3.666879868860719,1.2494267462966915,1.8583226049599229,1.2853916870453543,0.037670111121429345,0.7687590264528709,0.0,0.0,0.0,1.0,-0.39307089175572796,0.0,1.0,1.0,0.0,0.0,0.0,0.0,0.0,0.0,0.0,0.0,1.0,0.0,0.0,0.0,1.0,0.0,0.0,1.0,0.0,0.0,0.0
-0.2106607044718917,0.0,-1.4737908602781642,-0.14714972001373974,1.0617867539482457,0.2546249253678617,-0.6835354165043717,0.3796721288811475,-0.05778754527941421,0.24620020465769926,-0.28995048216787017,-0.6828168296701794,-0.8772324258614291,3.0,1.1914379855160337,0.24198831185855807,0.5337290035828746,1.707499689688721,0.33809616377248186,1.4799877418625262,-0.058284890797371494,-1.3035414993417354,-0.38298155972715037,1.0309130314908046,1.026510528058953,0.6252638931833465,0.0,0.0,0.0,0.0,-0.5118517157874622,0.0,0.0,1.0,0.0,0.0,0.0,0.0,0.0,0.0,0.0,0.0,0.0,0.0,0.0,0.0,1.0,0.0,0.0,1.0,0.0,1.0,0.0
0.008342998196906572,0.0,-0.3259665275628447,1.2101868302556114,0.08504925188071055,0.2546249253678617,0.9402796204509211,0.3796721288811475,-0.05778754527941421,0.24620020465769926,1.7117740629002733,0.1322385821163929,0.4893759527060795,3.0,-1.584178240646517,2.5899937140505074,-0.2880375690977493,-0.6201892226844657,-1.0778621289498782,-0.5247873968565242,-0.6791456840737199,-0.6076849665397294,-0.8781534100649921,-0.6393923258763324,-0.9511703058160944,0.517638806399078,0.0,0.0,0.0,1.0,-0.6189532375368298,0.0,1.0,1.0,0.0,0.0,0.0,0.0,1.0,0.0,0.0,0.0,1.0,0.0,0.0,0.0,1.0,0.0,0.0,1.0,0.0,0.0,1.0
0.22734670086570485,0.0,-0.2268024383433787,-0.6407266473844129,0.08504925188071055,-1.5756862740979403,0.743453555365431,0.3796721288811475,-0.05778754527941421,0.24620020465769926,-1.5702784050472345,-1.0903445355634656,-0.6039107501479274,3.0,1.1914379855160337,-0.9320143892374165,-0.15107647365097865,-0.6201892226844657,-2.4938204216722384,0.4776001725030011,0.2521455058408027,-0.8965778535162114,0.2359832531951518,0.8311157399397118,-0.9511703058160944,-1.0727573995142639,0.0,0.0,0.0,0.0,-0.17189200271597058,1.0,0.0,0.0,0.0,1.0,0.0,0.0,0.0,0.0,0.0,0.0,1.0,0.0,0.0,0.0,0.0,1.0,0.0,1.0,0.0,0.0,1.0
0.8843578088720997,0.0,1.3052827400973714,-0.8875151110697495,-0.8916882501868245,1.1697805251007627,-0.3390898026047641,-1.0261667362455194,-0.05778754527941421,1.1532535902386967,-1.2543423819261796,-0.6828168296701794,1.036019304133083,3.0,-1.584178240646517,1.4159910129545328,-0.15107647365097865,0.1557070814399298,0.33809616377248186,0.6780776863749062,0.2521455058408027,-0.6068891183662404,0.1346981019896841,1.1507914064214602,0.5320903195901912,0.3669727680941946,0.0,0.0,0.0,1.0,0.39620692197675833,0.0,1.0,0.0,0.0,0.0,1.0,0.0,0.0,0.0,0.0,0.0,1.0,0.0,0.0,0.0,0.0,0.0,0.0,1.0,0.0,0.0,1.0
0.11784484953130571,0.0,-1.0052405387161871,-0.8875151110697495,-0.8916882501868245,1.1697805251007627,-0.5851223839616266,-1.0261667362455194,0.8459113011114247,0.24620020465769926,-0.016036198776884277,0.1322385821163929,1.036019304133083,3.0,1.1914379855160337,0.24198831185855807,-0.15107647365097865,2.4833959938131165,1.754054456494842,-0.32430988298461916,-0.6791456840737199,0.1833881179082685,-0.8781534100649921,-0.44758692598728334,2.015350944996477,0.6683092141052549,0.0,0.0,0.0,1.0,0.8072548906592707,0.0,1.0,0.0,0.0,1.0,0.0,0.0,0.0,0.0,0.0,0.0,1.0,0.0,0.0,0.0,1.0,0.0,1.0,1.0,0.0,0.0,1.0
-0.2106607044718917,1.0,-0.16234578035072578,0.09963874367159682,0.08504925188071055,1.1697805251007627,-0.5359158676902541,-1.0261667362455194,0.8459113011114247,-1.5679065665042957,1.0142693997553462,2.373640964529467,0.4893759527060795,3.0,0.26623257679518353,-0.9320143892374165,0.5337290035828746,0.1557070814399298,0.33809616377248186,1.2795102279906212,1.1834366957553253,1.417741083881673,0.7134703945923563,0.8111360107846023,0.037670111121429345,1.039190859598625,1.0,0.0,0.0,0.0,-0.2162820222946478,0.0,1.0,0.0,0.0,1.0,0.0,0.0,1.0,0.0,0.0,0.0,0.0,0.0,0.0,0.0,1.0,0.0,0.0,1.0,0.0,0.0,0.0
0.008342998196906572,0.0,1.6548361545959893,0.09963874367159682,0.08504925188071055,-0.6605306743650393,0.251388392651706,0.3796721288811475,-0.9614863916702531,-0.6608531809232983,-0.6127730111309766,-0.6828168296701794,-1.1505541015749308,3.0,-1.584178240646517,0.24198831185855807,-0.42499866454451996,-0.6201892226844657,-2.4938204216722384,0.27712265863109603,1.4938670923934996,0.6236181302657073,2.010349050239085,1.079752369425516,-2.43443093122238,-0.23570532201308977,0.0,0.0,0.0,1.0,-0.5758502124220308,0.0,1.0,0.0,0.0,1.0,0.0,0.0,0.0,0.0,0.0,0.0,0.0,0.0,1.0,0.0,1.0,0.0,0.0,1.0,0.0,1.0,0.0
0.33684855220010396,0.0,-0.8788063249613679,0.8400041347276065,0.08504925188071055,0.2546249253678617,0.8910731041795485,0.3796721288811475,0.8459113011114247,1.1532535902386967,0.7919336397119704,1.3548216997962514,-0.057267398720923963,3.0,1.1914379855160337,-0.9320143892374165,0.9446122899231866,-0.6201892226844657,-1.0778621289498782,-0.5247873968565242,0.2521455058408027,0.25859577030297254,1.3501199164552957,-1.3056637149646089,1.026510528058953,-0.23570720537576498,0.0,0.0,0.0,0.0,-0.507838066901861,0.0,1.0,1.0,0.0,0.0,0.0,0.0,0.0,0.0,0.0,0.0,1.0,0.0,0.0,0.0,0.0,1.0,1.0,1.0,0.0,0.0,1.0
0.7748559575377005,0.0,-0.49702458146642364,-1.0109093429124179,2.038524256015781,-1.5756862740979403,-1.4216331605749593,0.3796721288811475,-0.05778754527941421,1.1532535902386967,-0.5354754965773377,0.5397662880096791,-1.1505541015749308,3.0,0.26623257679518353,-0.9320143892374165,0.39676790813610396,0.1557070814399298,0.33809616377248186,0.6780776863749062,-0.6791456840737199,1.0329723788678753,-0.8781534100649921,0.2983229624701303,0.037670111121429345,0.3669727680941946,0.0,0.0,0.0,1.0,0.9849410342211723,1.0,0.0,0.0,0.0,0.0,0.0,0.0,1.0,1.0,0.0,0.0,0.0,0.0,0.0,0.0,1.0,0.0,1.0,1.0,0.0,0.0,1.0
1.2128633628752972,0.0,-1.0845718100917598,-0.6407266473844129,2.038524256015781,0.2546249253678617,1.137105685536411,-1.0261667362455194,1.7496101475022634,1.1532535902386967,-1.2242666217180365,-0.27528912377689324,2.675949358414093,4.0,-0.6589728319256667,0.24198831185855807,1.6294177671570398,0.1557070814399298,0.33809616377248186,-0.9257424246003343,-0.058284890797371494,-0.3344740432345599,1.5977058416242167,-1.7529292307877573,0.5320903195901912,1.2709772847514702,0.0,0.0,0.0,1.0,1.0898141488895656,1.0,0.0,0.0,0.0,1.0,0.0,0.0,1.0,0.0,0.0,1.0,0.0,0.0,0.0,0.0,1.0,0.0,0.0,0.0,1.0,0.0,0.0
-0.2106607044718917,1.0,-0.09788912235807286,0.7166099028849382,-0.8916882501868245,-1.5756862740979403,-0.3390898026047641,-2.432005601372186,-0.05778754527941421,1.1532535902386967,1.0940966511489225,1.3548216997962514,-0.3305890744344257,3.0,1.1914379855160337,1.4159910129545328,-0.5619597599912906,-0.6201892226844657,-1.0778621289498782,-0.9257424246003343,-0.058284890797371494,-0.6222641093384992,1.5977058416242167,-1.1668571755712178,0.037670111121429345,1.2709772847514702,1.0,0.0,0.0,0.0,-0.5869138490413349,0.0,1.0,0.0,0.0,1.0,0.0,0.0,1.0,0.0,0.0,0.0,0.0,0.0,0.0,0.0,0.0,0.0,1.0,1.0,0.0,0.0,1.0
-1.4151810691502822,0.0,-0.5837931595334565,-0.8875151110697495,-1.8684257522543597,-1.5756862740979403,-1.6676657419318217,0.3796721288811475,-0.9614863916702531,1.1532535902386967,0.40825688565481727,-0.6828168296701794,-0.6039107501479274,3.0,0.26623257679518353,-0.9320143892374165,-0.6989208554380613,-0.6201892226844657,0.33809616377248186,-0.12383236911271409,-0.3687152874355457,0.4659277988810626,-0.347612141845876,0.9681195970033181,0.037670111121429345,-0.23570594980117132,0.0,0.0,0.0,0.0,-0.01980839375931904,1.0,0.0,0.0,0.0,0.0,0.0,1.0,0.0,0.0,0.0,0.0,0.0,0.0,1.0,0.0,0.0,1.0,1.0,0.0,0.0,1.0,0.0
-1.0866755151470848,0.0,-0.7846004402028751,-0.14714972001373974,0.08504925188071055,-0.6605306743650393,0.9894861367222936,1.7855109940078144,-0.9614863916702531,0.24620020465769926,1.1491886978853343,1.7623494056895375,0.4893759527060795,3.0,-1.584178240646517,-0.9320143892374165,-0.8358819508848319,-2.171981830933257,0.33809616377248186,-0.7252649107284292,-0.6791456840737199,0.2482076254352177,-0.8781534100649921,-0.2877490927464089,-0.9511703058160944,0.2665217950441287,0.0,0.0,0.0,0.0,-0.5553849934374564,0.0,1.0,0.0,0.0,1.0,0.0,0.0,0.0,0.0,0.0,0.0,0.0,0.0,1.0,0.0,1.0,0.0,0.0,0.0,0.0,1.0,0.0
-1.0866755151470848,0.0,-0.5242947060017769,-0.8875151110697495,0.08504925188071055,1.1697805251007627,1.038692652993666,0.3796721288811475,-0.9614863916702531,1.1532535902386967,-1.1265906715093472,-0.27528912377689324,-0.6039107501479274,3.0,0.26623257679518353,-0.9320143892374165,-0.6989208554380613,-2.171981830933257,-1.0778621289498782,-0.5247873968565242,-0.3687152874355457,-0.5913141956296253,-0.13539563455822945,-0.036575354796463615,1.026510528058953,-0.23570720537576498,0.0,0.0,1.0,0.0,-0.2640362905596032,1.0,0.0,0.0,0.0,1.0,0.0,0.0,1.0,0.0,0.0,0.0,0.0,0.0,1.0,0.0,0.0,1.0,0.0,0.0,0.0,0.0,0.0
0.33684855220010396,1.0,1.3052827400973714,-0.270543951856408,0.08504925188071055,-1.5756862740979403,0.349801425194451,0.3796721288811475,-0.9614863916702531,-1.5679065665042957,-1.5423107588723726,0.1322385821163929,-0.3305890744344257,3.0,-0.6589728319256667,-0.9320143892374165,-0.15107647365097865,0.1557070814399298,-2.4938204216722384,-0.5247873968565242,-0.6791456840737199,-0.9605646465298425,-0.8781534100649921,-0.767262592469032,-2.9288511396911416,-0.23570720537576498,0.0,0.0,0.0,0.0,-0.6299124469737578,0.0,1.0,1.0,0.0,0.0,0.0,0.0,1.0,0.0,1.0,0.0,0.0,0.0,0.0,0.0,0.0,1.0,1.0,1.0,0.0,0.0,0.0
-0.8676718124782865,0.0,-0.8267451781211482,0.09963874367159682,0.08504925188071055,0.2546249253678617,-1.1756005792180968,-1.0261667362455194,-0.05778754527941421,0.24620020465769926,1.2789079813998956,2.373640964529467,-1.1505541015749308,3.0,0.26623257679518353,-0.9320143892374165,-0.42499866454451996,-0.6201892226844657,0.33809616377248186,-0.32430988298461916,-0.3687152874355457,-0.44241161696458753,-0.25918859714269,-0.0923917410075624,0.5320903195901912,-0.5370450074100981,1.0,0.0,0.0,0.0,-0.46673791862042463,0.0,1.0,0.0,0.0,1.0,0.0,0.0,1.0,0.0,0.0,0.0,0.0,0.0,0.0,0.0,0.0,1.0,0.0,0.0,0.0,0.0,1.0
-0.10115885313749257,0.0,-0.2268024383433787,-0.5173324155417446,1.0617867539482457,-0.6605306743650393,-1.1756005792180968,0.3796721288811475,0.8459113011114247,-1.5679065665042957,1.1916320604220596,0.5397662880096791,-0.8772324258614291,3.0,0.26623257679518353,1.4159910129545328,-0.2880375690977493,2.4833959938131165,0.33809616377248186,-0.7252649107284292,-0.6791456840737199,0.1847821877905395,-0.8781534100649921,-0.9910355590062562,-0.9511703058160944,0.2665217950441287,0.0,0.0,0.0,1.0,0.03069296795192627,0.0,1.0,1.0,0.0,0.0,0.0,0.0,0.0,0.0,0.0,0.0,0.0,0.0,0.0,0.0,1.0,0.0,0.0,1.0,0.0,0.0,1.0
-1.3056792178158831,0.0,-0.075577202283693,-0.8875151110697495,-1.8684257522543597,1.1697805251007627,0.5466274902799411,1.7855109940078144,-0.05778754527941421,0.24620020465769926,-1.3126668701802888,-0.6828168296701794,0.4893759527060795,3.0,0.26623257679518353,1.4159910129545328,-0.5619597599912906,2.4833959938131165,0.33809616377248186,0.07664514475919097,-0.6791456840737199,-0.831318303290119,-0.8781534100649921,1.0309130314908046,1.026510528058953,1.2709880467950734,0.0,0.0,0.0,0.0,0.2794742662179784,1.0,0.0,1.0,0.0,0.0,0.0,0.0,1.0,0.0,0.0,0.0,1.0,0.0,0.0,0.0,0.0,0.0,0.0,0.0,0.0,0.0,1.0
0.22734670086570485,0.0,-0.7697258268199553,0.3464272073569334,0.08504925188071055,1.1697805251007627,0.005355811294843447,0.3796721288811475,-0.05778754527941421,-0.6608531809232983,-0.9303955254786564,0.5397662880096791,1.5826626555600865,4.0,0.26623257679518353,-0.9320143892374165,-0.5619597599912906,0.1557070814399298,0.33809616377248186,-0.32430988298461916,-0.3687152874355457,-0.7959030595698615,-0.25918859714269,0.15180494866599556,0.5320903195901912,0.6683092141052549,0.0,0.0,0.0,1.0,-0.5451212656579746,0.0,1.0,0.0,0.0,1.0,0.0,0.0,1.0,0.0,0.0,0.0,1.0,0.0,0.0,0.0,1.0,0.0,0.0,1.0,0.0,0.0,1.0
1.3223652142096962,0.0,-1.2432343528429055,1.5803695257836163,1.0617867539482457,-1.5756862740979403,0.3005949089230785,0.3796721288811475,1.7496101475022634,-0.6608531809232983,-1.5199647501195932,0.1322385821163929,0.21605427699257776,3.0,-0.6589728319256667,1.4159910129545328,2.177262148944122,-0.6201892226844657,0.33809616377248186,-0.5247873968565242,-0.3687152874355457,0.06870029509813538,-0.13539563455822945,-1.5436177824961361,-1.4455905142848562,-0.23570720537576498,0.0,0.0,0.0,1.0,-0.35493334234956897,0.0,1.0,0.0,0.0,0.0,1.0,0.0,0.0,0.0,0.0,0.0,0.0,1.0,0.0,0.0,1.0,0.0,0.0,0.0,1.0,0.0,0.0
1.4318670655440953,0.0,0.02606598916625969,0.9633983665702748,2.038524256015781,1.1697805251007627,-0.7819484490471167,-1.0261667362455194,0.8459113011114247,-1.5679065665042957,1.0776533616893302,0.9472939939029652,-0.057267398720923963,3.0,0.26623257679518353,2.5899937140505074,1.0815733853699572,0.1557070814399298,0.33809616377248186,1.4799877418625262,-0.3687152874355457,-0.5005281349678454,-0.6305674848960712,0.4155373735134381,0.037670111121429345,0.6252638931833465,0.0,1.0,0.0,1.0,-0.3403057651112174,0.0,1.0,1.0,0.0,0.0,0.0,0.0,0.0,0.0,0.0,0.0,0.0,1.0,0.0,0.0,0.0,0.0,0.0,0.0,1.0,0.0,0.0
-1.8531884744878788,0.0,0.8392115207658811,-0.8875151110697495,0.08504925188071055,0.2546249253678617,-1.7168722582031943,0.3796721288811475,-0.9614863916702531,0.24620020465769926,-0.14926900568024734,-0.6828168296701794,1.036019304133083,3.0,-1.584178240646517,-0.9320143892374165,-1.2467652372251439,0.1557070814399298,0.33809616377248186,-0.9257424246003343,-0.058284890797371494,0.17355561406109823,1.5977058416242167,0.2983229624701303,-0.4567500973473325,1.2709772847514702,1.0,0.0,0.0,0.0,-0.2220208133981984,0.0,1.0,0.0,0.0,1.0,0.0,0.0,0.0,0.0,0.0,0.0,0.0,0.0,0.0,1.0,0.0,1.0,0.0,0.0,0.0,0.0,0.0
-0.3201625558062908,0.0,0.811941396230528,-0.7641208792270812,0.08504925188071055,1.1697805251007627,0.005355811294843447,0.3796721288811475,-0.05778754527941421,-0.6608531809232983,0.7053604234118949,-0.6828168296701794,-0.8772324258614291,3.0,0.26623257679518353,0.24198831185855807,-0.014115378204207997,-0.6201892226844657,0.33809616377248186,0.8785552002468112,1.4938670923934996,1.9648819148271481,1.2882234351630657,1.1774310452949392,0.5320903195901912,0.4491562918855226,0.0,0.0,0.0,0.0,0.045336293120248346,0.0,1.0,1.0,0.0,0.0,0.0,0.0,0.0,0.0,0.0,0.0,0.0,0.0,1.0,0.0,0.0,0.0,0.0,1.0,0.0,0.0,1.0
-0.10115885313749257,0.0,-1.218443330538039,-0.270543951856408,0.08504925188071055,-1.5756862740979403,0.5466274902799411,0.3796721288811475,-0.9614863916702531,-0.6608531809232983,-0.4726536983855621,-0.27528912377689324,-1.1505541015749308,3.0,0.26623257679518353,-0.9320143892374165,0.5337290035828746,0.9316033855643254,0.33809616377248186,-0.5247873968565242,-0.3687152874355457,-1.0977664042444548,-0.13539563455822945,-1.1668571755712178,-0.9511703058160944,0.517638806399078,0.0,0.0,0.0,0.0,-0.6417875110236869,0.0,1.0,1.0,0.0,0.0,0.0,0.0,1.0,0.0,1.0,0.0,0.0,0.0,0.0,0.0,0.0,1.0,0.0,1.0,0.0,0.0,0.0
1.3223652142096962,0.0,-0.8366615870430948,-0.3939381836990763,-1.8684257522543597,0.2546249253678617,-1.2248070954894692,-1.0261667362455194,1.7496101475022634,0.24620020465769926,-0.37399396162800846,-0.27528912377689324,1.036019304133083,3.0,-0.6589728319256667,0.24198831185855807,2.3827037921142784,0.1557070814399298,0.33809616377248186,1.6804652557344315,-0.058284890797371494,2.482044500726833,-0.4139298003732655,-0.34446574325123525,0.037670111121429345,0.467419790272162,0.0,0.0,0.0,1.0,0.4407947752909022,0.0,1.0,1.0,0.0,0.0,0.0,0.0,0.0,0.0,0.0,0.0,0.0,0.0,0.0,0.0,1.0,0.0,1.0,0.0,1.0,0.0,0.0
-0.10115885313749257,0.0,0.2268732698356784,-1.0109093429124179,1.0617867539482457,1.1697805251007627,-1.6184592256604493,-1.0261667362455194,-0.05778754527941421,0.24620020465769926,0.15429941511222545,-1.0903445355634656,-0.057267398720923963,3.0,0.26623257679518353,-0.9320143892374165,-0.9728430463316026,2.4833959938131165,0.33809616377248186,-0.7252649107284292,-0.3687152874355457,-1.1623911434615144,0.050293809318461155,0.0638941403835146,1.026510528058953,0.2665217950441287,0.0,0.0,0.0,1.0,0.5599224019505082,0.0,0.0,0.0,0.0,1.0,0.0,0.0,0.0,0.0,0.0,0.0,1.0,0.0,0.0,0.0,1.0,0.0,0.0,1.0,0.0,1.0,0.0
-0.10115885313749257,0.0,0.5888221954867294,-0.7641208792270812,-0.8916882501868245,1.1697805251007627,0.645040522822686,1.7855109940078144,-0.05778754527941421,-1.5679065665042957,1.6857739898231403,1.3548216997962514,1.3093409798465847,4.0,-1.584178240646517,0.24198831185855807,0.2598068126893333,0.1557070814399298,0.33809616377248186,-0.32430988298461916,-0.6791456840737199,-0.2647995270271373,-0.8781534100649921,-0.7900965686462997,-0.9511703058160944,0.6683092141052549,0.0,0.0,0.0,1.0,0.26405479307253676,0.0,1.0,1.0,0.0,0.0,0.0,0.0,1.0,0.0,0.0,0.0,0.0,0.0,0.0,0.0,0.0,0.0,0.0,1.0,0.0,0.0,1.0
1.869874470881692,0.0,-0.5416484216151833,1.5803695257836163,2.038524256015781,-0.6605306743650393,1.235518718079156,0.3796721288811475,1.7496101475022634,0.24620020465769926,0.6144304381097051,0.1322385821163929,2.675949358414093,4.0,0.26623257679518353,0.24198831185855807,2.3827037921142784,2.4833959938131165,0.33809616377248186,0.6780776863749062,0.5625759024789769,0.04127941103194965,0.47231527267457635,-1.0955781418286659,0.037670111121429345,0.668311624811287,0.0,0.0,0.0,1.0,-0.3275859371035828,0.0,1.0,0.0,0.0,1.0,0.0,0.0,0.0,0.0,0.0,1.0,0.0,0.0,0.0,0.0,1.0,0.0,0.0,0.0,1.0,0.0,0.0
0.6653541062033014,0.0,1.2110768553388789,0.7166099028849382,-0.8916882501868245,0.2546249253678617,-0.043850704976529056,-1.0261667362455194,1.7496101475022634,0.24620020465769926,-1.5161701448596874,-0.6828168296701794,2.4026276827005915,4.0,-1.584178240646517,0.24198831185855807,0.39676790813610396,0.1557070814399298,0.33809616377248186,1.4799877418625262,1.1834366957553253,0.2841525316689099,0.6073621409485332,1.2360382508165935,-0.4567500973473325,0.4100217911734559,0.0,0.0,0.0,1.0,-0.1148994567560822,0.0,1.0,1.0,0.0,0.0,0.0,0.0,1.0,0.0,0.0,0.0,0.0,1.0,0.0,0.0,1.0,0.0,0.0,1.0,0.0,0.0,0.0
-0.2106607044718917,1.0,0.1921658386088653,0.3464272073569334,1.0617867539482457,1.1697805251007627,-1.4708396768463317,0.3796721288811475,-0.05778754527941421,1.1532535902386967,-0.547983639841472,0.1322385821163929,2.4026276827005915,4.0,-1.584178240646517,-0.9320143892374165,0.2598068126893333,-0.6201892226844657,1.754054456494842,0.8785552002468112,1.1834366957553253,-0.9823883306652826,0.9787410287019146,0.7169458590533727,1.026510528058953,0.7231007319868943,1.0,0.0,0.0,0.0,-0.5792240136987966,1.0,0.0,0.0,0.0,0.0,1.0,0.0,1.0,0.0,0.0,0.0,0.0,0.0,0.0,0.0,0.0,1.0,1.0,1.0,0.0,1.0,0.0
0.11784484953130571,0.0,0.9582084278292404,-1.0109093429124179,0.08504925188071055,1.1697805251007627,1.1863122018077836,0.3796721288811475,-0.05778754527941421,1.1532535902386967,-0.6248595315884548,1.7623494056895375,-0.057267398720923963,3.0,1.1914379855160337,1.4159910129545328,1.0815733853699572,0.9316033855643254,1.754054456494842,1.2795102279906212,-0.058284890797371494,1.3394963960403177,-0.347612141845876,0.23971575694847655,2.5097711534652385,0.8073916855549522,0.0,0.0,0.0,1.0,0.6719981698465708,1.0,0.0,1.0,0.0,0.0,0.0,0.0,1.0,0.0,0.0,0.0,0.0,0.0,1.0,0.0,1.0,0.0,0.0,1.0,0.0,1.0,0.0
-0.8676718124782865,0.0,0.46734618619288354,-0.5173324155417446,0.08504925188071055,-1.5756862740979403,-1.1263940629467242,-1.0261667362455194,-0.05778754527941421,-0.6608531809232983,-1.5399215629679872,-0.6828168296701794,-0.6039107501479274,3.0,-0.6589728319256667,0.24198831185855807,-0.15107647365097865,0.1557070814399298,-1.0778621289498782,0.6780776863749062,-0.6791456840737199,-1.1475675427755885,-0.8781534100649921,1.1507914064214602,-1.940010722753618,-1.742399228925451,1.0,0.0,0.0,0.0,-0.3647285547912458,0.0,1.0,0.0,0.0,1.0,0.0,0.0,1.0,0.0,0.0,0.0,0.0,0.0,0.0,0.0,0.0,0.0,1.0,0.0,0.0,1.0,0.0
-0.42966440714069,0.0,-1.0176360498686203,-0.8875151110697495,1.0617867539482457,1.1697805251007627,1.333931750621901,0.3796721288811475,-0.05778754527941421,1.1532535902386967,-1.4605159343810674,-0.6828168296701794,-0.3305890744344257,3.0,0.26623257679518353,1.4159910129545328,-0.6989208554380613,1.707499689688721,0.33809616377248186,-0.12383236911271409,-0.6791456840737199,-0.5950137317060883,-0.8781534100649921,0.9681195970033181,1.520930736527715,-0.7379370428425979,1.0,0.0,0.0,0.0,0.34135913159364367,0.0,1.0,0.0,0.0,1.0,0.0,0.0,1.0,0.0,0.0,0.0,0.0,0.0,0.0,0.0,0.0,0.0,0.0,1.0,0.0,0.0,1.0
-0.5391662584750891,0.0,0.43263875496607046,-0.8875151110697495,0.08504925188071055,1.1697805251007627,-1.0279810304039791,0.3796721288811475,-0.05778754527941421,-0.6608531809232983,1.5747466507370045,-1.0903445355634656,-0.6039107501479274,3.0,0.26623257679518353,1.4159910129545328,-0.15107647365097865,0.9316033855643254,-1.0778621289498782,0.4776001725030011,-0.3687152874355457,1.9980327231296016,-0.5067745223116108,0.8311157399397118,0.037670111121429345,-0.06829465539748285,0.0,0.0,0.0,0.0,0.3341150838071945,0.0,1.0,0.0,0.0,1.0,0.0,0.0,1.0,0.0,0.0,0.0,0.0,0.0,1.0,0.0,0.0,0.0,0.0,1.0,0.0,0.0,1.0
-0.6486681098094882,0.0,0.7673175560817683,-0.5173324155417446,1.0617867539482457,-1.5756862740979403,0.05456232756621595,0.3796721288811475,-0.05778754527941421,1.1532535902386967,1.1631022505049893,-0.6828168296701794,-1.1505541015749308,3.0,-1.584178240646517,1.4159910129545328,-0.15107647365097865,-0.6201892226844657,0.33809616377248186,0.6780776863749062,-0.6791456840737199,-0.6071715924959333,-0.8781534100649921,1.1507914064214602,-0.9511703058160944,-1.742399228925451,1.0,0.0,0.0,0.0,-0.23133458912363297,0.0,1.0,1.0,0.0,0.0,0.0,0.0,0.0,0.0,0.0,0.0,0.0,0.0,0.0,0.0,1.0,0.0,0.0,1.0,0.0,0.0,1.0
1.3223652142096962,0.0,-0.8391406892735814,0.8400041347276065,0.08504925188071055,1.1697805251007627,0.3990079414658235,0.3796721288811475,-0.9614863916702531,-1.5679065665042957,1.4936545309234597,0.5397662880096791,0.21605427699257776,3.0,-0.6589728319256667,0.24198831185855807,0.8076511944764159,-0.6201892226844657,-1.0778621289498782,-0.9257424246003343,-0.058284890797371494,-0.5830356269360395,1.5977058416242167,-1.655250554918334,-0.9511703058160944,1.2709772847514702,0.0,1.0,0.0,1.0,-0.7035369309680508,0.0,1.0,0.0,0.0,1.0,0.0,0.0,0.0,0.0,1.0,0.0,0.0,0.0,0.0,0.0,0.0,0.0,1.0,0.0,1.0,0.0,0.0
0.11784484953130571,0.0,-1.622536994107363,-0.8875151110697495,0.08504925188071055,1.1697805251007627,-1.1756005792180968,-1.0261667362455194,-0.9614863916702531,-0.6608531809232983,1.3369513877829007,-0.6828168296701794,1.855984331273588,4.0,-0.6589728319256667,-0.9320143892374165,-0.9728430463316026,0.1557070814399298,0.33809616377248186,-0.5247873968565242,0.2521455058408027,-0.7148569235638045,1.3501199164552957,0.767180606643362,0.037670111121429345,0.517638806399078,0.0,0.0,0.0,0.0,-0.2930124817053996,1.0,0.0,0.0,0.0,1.0,0.0,0.0,0.0,0.0,1.0,0.0,0.0,0.0,0.0,0.0,0.0,1.0,0.0,1.0,0.0,0.0,0.0
1.103361511540898,0.0,1.04745610812676,-0.8875151110697495,1.0617867539482457,-0.6605306743650393,-0.9295679978612341,1.7855109940078144,1.7496101475022634,-0.6608531809232983,0.9518692243702269,1.3548216997962514,-0.3305890744344257,3.0,0.26623257679518353,2.5899937140505074,2.3827037921142784,-0.6201892226844657,0.33809616377248186,-0.7252649107284292,-0.3687152874355457,-0.2043795469282592,0.050293809318461155,-1.6943220252661033,-0.4567500973473325,0.2665217950441287,1.0,0.0,0.0,1.0,2.5077433653297243,0.0,1.0,1.0,0.0,0.0,0.0,0.0,0.0,0.0,0.0,1.0,0.0,0.0,0.0,0.0,0.0,0.0,0.0,0.0,1.0,0.0,0.0
1.3223652142096962,0.0,0.016149580244313087,-1.0109093429124179,0.08504925188071055,0.2546249253678617,-1.4708396768463317,0.3796721288811475,1.7496101475022634,0.24620020465769926,1.1342913587168146,0.5397662880096791,-0.3305890744344257,3.0,-1.584178240646517,-0.9320143892374165,1.6294177671570398,-0.6201892226844657,0.33809616377248186,0.27712265863109603,-0.6791456840737199,-0.30456920447324126,-0.8781534100649921,-0.8738211479629483,-0.4567500973473325,0.8943151081711811,0.0,0.0,0.0,0.0,3.9765257972307553,0.0,1.0,1.0,0.0,0.0,0.0,0.0,1.0,0.0,0.0,1.0,0.0,0.0,0.0,0.0,0.0,1.0,0.0,0.0,1.0,0.0,0.0
0.4463504035345031,0.0,1.0003531657475135,1.7037637576262845,-0.8916882501868245,1.1697805251007627,0.6942470390940585,0.3796721288811475,0.8459113011114247,0.24620020465769926,-0.3825669586966848,0.1322385821163929,0.21605427699257776,3.0,1.1914379855160337,-0.9320143892374165,1.3554955762634984,-0.6201892226844657,0.33809616377248186,-0.9257424246003343,-0.6791456840737199,0.06612235331409487,-0.8781534100649921,-1.726289591914278,1.520930736527715,-1.742399228925451,1.0,0.0,0.0,0.0,-0.614803433019164,0.0,1.0,1.0,0.0,0.0,0.0,0.0,1.0,0.0,0.0,0.0,0.0,0.0,0.0,0.0,0.0,1.0,1.0,1.0,0.0,0.0,1.0
-1.8531884744878788,0.0,-0.1871368026555923,-0.02375548817107146,-1.8684257522543597,1.1697805251007627,-0.5851223839616266,0.3796721288811475,-0.9614863916702531,-1.5679065665042957,0.9513070606280186,-0.6828168296701794,-1.1505541015749308,3.0,-1.584178240646517,-0.9320143892374165,-1.2467652372251439,0.1557070814399298,0.33809616377248186,-0.9257424246003343,-0.6791456840737199,0.11275587665115949,-0.8781534100649921,0.2983229624701303,-0.9511703058160944,1.2709772847514702,1.0,0.0,0.0,0.0,-0.6286395642912818,0.0,1.0,1.0,0.0,0.0,0.0,0.0,1.0,0.0,0.0,0.0,0.0,0.0,0.0,1.0,0.0,1.0,0.0,0.0,0.0,0.0,0.0
-0.42966440714069,0.0,-0.6755199420614625,0.8400041347276065,0.08504925188071055,0.2546249253678617,-1.4708396768463317,0.3796721288811475,-0.05778754527941421,1.1532535902386967,0.2553483477741643,-0.6828168296701794,2.675949358414093,4.0,0.26623257679518353,0.24198831185855807,-0.5619597599912906,-0.6201892226844657,0.33809616377248186,-0.12383236911271409,-0.3687152874355457,-0.6524491430236313,-0.347612141845876,0.5913589900784001,1.026510528058953,0.7687562362816817,1.0,0.0,0.0,0.0,-0.6019619886447821,0.0,0.0,1.0,0.0,0.0,0.0,0.0,0.0,0.0,0.0,0.0,0.0,0.0,0.0,0.0,0.0,0.0,1.0,1.0,0.0,0.0,1.0
-0.10115885313749257,0.0,1.3598229891680778,2.0739464531542895,1.0617867539482457,-1.5756862740979403,0.6942470390940585,0.3796721288811475,-0.05778754527941421,0.24620020465769926,-0.9689037418199239,1.3548216997962514,-0.3305890744344257,3.0,-0.6589728319256667,1.4159910129545328,-0.15107647365097865,-0.6201892226844657,-1.0778621289498782,-0.7252649107284292,-0.6791456840737199,-0.8412357737273319,-0.8781534100649921,-1.0869382589507808,-1.4455905142848562,0.2665217950441287,0.0,0.0,0.0,1.0,-0.6750612622650157,0.0,1.0,1.0,0.0,0.0,0.0,0.0,1.0,0.0,0.0,0.0,0.0,0.0,0.0,0.0,1.0,0.0,0.0,1.0,0.0,0.0,1.0
0.7748559575377005,0.0,-0.6804781465224358,-1.0109093429124179,0.08504925188071055,0.2546249253678617,-1.0771875466753518,0.3796721288811475,-0.9614863916702531,1.1532535902386967,-1.4259428642352578,0.5397662880096791,0.7626976284195812,3.0,-1.584178240646517,2.5899937140505074,-0.42499866454451996,-0.6201892226844657,0.33809616377248186,-0.9257424246003343,-0.058284890797371494,-0.7132632299265159,1.5977058416242167,-1.264535851440641,0.037670111121429345,1.2709772847514702,0.0,0.0,0.0,1.0,0.1938910159409297,0.0,1.0,1.0,0.0,0.0,0.0,0.0,0.0,1.0,0.0,0.0,0.0,0.0,0.0,0.0,0.0,0.0,1.0,1.0,0.0,1.0,0.0
-1.5246829204846812,1.0,1.2829708200229917,-0.14714972001373974,-1.8684257522543597,1.1697805251007627,1.333931750621901,-1.0261667362455194,-0.9614863916702531,0.24620020465769926,0.8815987565941915,-0.6828168296701794,-1.1505541015749308,3.0,-1.584178240646517,-0.9320143892374165,-0.8358819508848319,-0.6201892226844657,0.33809616377248186,-0.32430988298461916,-0.3687152874355457,0.6741987803573374,-0.25918859714269,0.8843950176866698,0.037670111121429345,0.6683092141052549,0.0,0.0,0.0,0.0,-0.5228212738640852,0.0,1.0,0.0,0.0,1.0,0.0,0.0,1.0,0.0,1.0,0.0,0.0,0.0,0.0,0.0,0.0,1.0,1.0,0.0,0.0,1.0,0.0
0.11784484953130571,0.0,1.7168137103581556,-0.6407266473844129,-0.8916882501868245,1.1697805251007627,1.038692652993666,0.3796721288811475,-0.9614863916702531,0.24620020465769926,1.667222586330267,1.7623494056895375,1.036019304133083,3.0,1.1914379855160337,0.24198831185855807,-0.5619597599912906,1.707499689688721,-1.0778621289498782,-1.3266974523441444,-0.6791456840737199,0.06172295997119143,-0.8781534100649921,-2.045965258396027,1.026510528058953,-1.742399228925451,0.0,0.0,0.0,1.0,-0.387474864840696,0.0,1.0,0.0,0.0,1.0,0.0,0.0,0.0,0.0,1.0,0.0,0.0,0.0,0.0,0.0,1.0,0.0,0.0,1.0,0.0,1.0,0.0
1.7603726195472926,0.0,1.4689034873094906,1.827157989468953,1.0617867539482457,-0.6605306743650393,-0.8803614815898617,1.7855109940078144,0.8459113011114247,1.1532535902386967,-1.525586387541676,0.1322385821163929,-0.057267398720923963,3.0,0.26623257679518353,-0.9320143892374165,-0.014115378204207997,-0.6201892226844657,0.33809616377248186,-0.5247873968565242,-0.3687152874355457,-0.2019506252130023,-0.13539563455822945,-0.8738211479629483,0.5320903195901912,0.517638806399078,0.0,0.0,0.0,1.0,-0.624044768266734,0.0,1.0,0.0,0.0,1.0,0.0,0.0,1.0,0.0,0.0,0.0,0.0,0.0,0.0,0.0,1.0,0.0,0.0,0.0,1.0,0.0,1.0
1.2128633628752972,1.0,-0.23423974503483866,-0.270543951856408,-0.8916882501868245,1.1697805251007627,1.432344783164646,0.3796721288811475,-0.9614863916702531,0.24620020465769926,-0.3616263592994262,-0.27528912377689324,-1.1505541015749308,3.0,0.26623257679518353,1.4159910129545328,1.0815733853699572,0.1557070814399298,0.33809616377248186,0.4776001725030011,1.4938670923934996,0.03205804336160399,1.721498804208677,-0.4635707093113707,1.026510528058953,0.6013471740137043,1.0,0.0,0.0,1.0,-0.5919588108926119,1.0,0.0,0.0,0.0,1.0,0.0,0.0,0.0,0.0,0.0,0.0,0.0,0.0,0.0,1.0,1.0,0.0,1.0,0.0,1.0,0.0,0.0
-0.5391662584750891,1.0,1.131745583963306,-0.8875151110697495,1.0617867539482457,1.1697805251007627,1.432344783164646,0.3796721288811475,-0.9614863916702531,-0.6608531809232983,1.4811463876593254,-0.6828168296701794,-0.8772324258614291,3.0,-1.584178240646517,-0.9320143892374165,-1.3837263326719145,-0.6201892226844657,0.33809616377248186,-1.1262199384722393,-0.6791456840737199,-1.6537473832187015,-0.8781534100649921,-0.2877490927464089,-0.4567500973473325,-1.742399228925451,0.0,0.0,1.0,0.0,-0.5097129969171773,0.0,1.0,1.0,0.0,0.0,0.0,0.0,1.0,0.0,1.0,0.0,0.0,0.0,0.0,0.0,0.0,1.0,0.0,1.0,0.0,0.0,0.0
-1.1961773664814839,0.0,-0.04086977105687988,-0.270543951856408,0.08504925188071055,1.1697805251007627,0.4974209740085685,0.3796721288811475,-0.9614863916702531,1.1532535902386967,-0.3356262862222931,-0.6828168296701794,1.3093409798465847,4.0,0.26623257679518353,-0.9320143892374165,-0.5619597599912906,1.707499689688721,0.33809616377248186,0.07664514475919097,0.8730062991171511,-0.5982802666821077,1.4429646383936412,1.0309130314908046,1.520930736527715,1.2709880467950734,0.0,0.0,1.0,0.0,-0.598556068698128,0.0,0.0,0.0,0.0,1.0,0.0,0.0,1.0,0.0,1.0,0.0,0.0,0.0,0.0,0.0,0.0,1.0,0.0,0.0,0.0,0.0,0.0
1.979376322216091,0.0,1.5829421899118765,1.5803695257836163,0.08504925188071055,-1.5756862740979403,1.3831382668932737,-1.0261667362455194,-0.9614863916702531,-0.6608531809232983,1.3244432445187664,0.9472939939029652,-0.8772324258614291,3.0,1.1914379855160337,0.24198831185855807,-0.42499866454451996,-1.3960855268088614,0.33809616377248186,-0.5247873968565242,-0.3687152874355457,0.26612698127438184,-0.13539563455822945,-0.48310644448525547,-0.4567500973473325,-0.23570720537576498,0.0,0.0,0.0,1.0,-0.7025396502936139,0.0,1.0,0.0,0.0,0.0,0.0,1.0,1.0,0.0,0.0,0.0,0.0,0.0,1.0,0.0,0.0,0.0,0.0,0.0,1.0,1.0,0.0
-0.3201625558062908,0.0,0.8788771564536676,-0.5173324155417446,-0.8916882501868245,-0.6605306743650393,-0.4375028351475091,-1.0261667362455194,-0.05778754527941421,1.1532535902386967,-0.33745331838447007,-0.6828168296701794,-0.3305890744344257,3.0,0.26623257679518353,0.24198831185855807,0.5337290035828746,0.1557070814399298,1.754054456494842,1.6804652557344315,0.5625759024789769,0.6715085498139137,0.050293809318461155,1.2506900521970068,1.026510528058953,0.26652715216328815,0.0,0.0,0.0,0.0,-0.3855293205780497,0.0,1.0,0.0,0.0,1.0,0.0,0.0,1.0,0.0,1.0,0.0,0.0,0.0,0.0,0.0,1.0,0.0,0.0,1.0,0.0,1.0,0.0
2.526885578888087,0.0,-1.0721762989393266,-1.0109093429124179,1.0617867539482457,0.2546249253678617,1.2847252343505287,-2.432005601372186,0.8459113011114247,1.1532535902386967,0.8648743852634951,0.1322385821163929,1.3093409798465847,4.0,0.26623257679518353,0.24198831185855807,1.0815733853699572,-0.6201892226844657,1.754054456494842,-1.1262199384722393,-0.6791456840737199,1.29331343144476,-0.8781534100649921,-1.8701436418310649,1.520930736527715,-1.742399228925451,0.0,0.0,0.0,1.0,2.5807012751789618,0.0,1.0,0.0,0.0,1.0,0.0,0.0,1.0,0.0,0.0,0.0,0.0,0.0,0.0,0.0,0.0,0.0,0.0,0.0,1.0,0.0,0.0
-0.42966440714069,0.0,-1.3275238286794517,1.456975293940948,0.08504925188071055,-0.6605306743650393,0.645040522822686,1.7855109940078144,-0.9614863916702531,-0.6608531809232983,-0.09502020455714803,-0.6828168296701794,0.7626976284195812,3.0,1.1914379855160337,2.5899937140505074,0.39676790813610396,2.4833959938131165,0.33809616377248186,1.4799877418625262,-0.058284890797371494,-1.084315251527336,-0.38298155972715037,1.2360382508165935,0.037670111121429345,0.6252638931833465,0.0,0.0,1.0,0.0,-0.7407887134506357,0.0,1.0,0.0,0.0,1.0,0.0,0.0,1.0,0.0,1.0,0.0,0.0,0.0,0.0,0.0,1.0,0.0,0.0,1.0,0.0,0.0,0.0
0.008342998196906572,0.0,1.1788485263425523,-1.0109093429124179,1.0617867539482457,0.2546249253678617,-1.7168722582031943,-2.432005601372186,-0.05778754527941421,1.1532535902386967,-0.9326441804474896,-0.6828168296701794,-0.3305890744344257,3.0,0.26623257679518353,1.4159910129545328,-0.6989208554380613,-0.6201892226844657,-1.0778621289498782,-0.12383236911271409,-0.3687152874355457,1.0903173157137822,-0.347612141845876,0.9681195970033181,0.5320903195901912,-0.23570594980117132,1.0,0.0,0.0,1.0,2.1590976940076234,1.0,0.0,0.0,0.0,1.0,0.0,0.0,1.0,0.0,0.0,0.0,0.0,0.0,0.0,0.0,0.0,0.0,0.0,1.0,0.0,0.0,0.0
-0.3201625558062908,0.0,-0.3086128119494382,1.2101868302556114,0.08504925188071055,-0.6605306743650393,-1.5200461931177043,-1.0261667362455194,-0.9614863916702531,1.1532535902386967,0.846744604577278,-0.6828168296701794,-0.8772324258614291,3.0,-0.6589728319256667,-0.9320143892374165,-0.15107647365097865,0.1557070814399298,0.33809616377248186,0.6780776863749062,1.8042974890316739,-0.2786214362362098,1.822783955414145,1.1507914064214602,0.037670111121429345,0.9696504815283791,0.0,0.0,1.0,0.0,-0.7070926018185255,0.0,1.0,1.0,0.0,0.0,0.0,0.0,0.0,0.0,0.0,0.0,0.0,0.0,1.0,0.0,1.0,0.0,0.0,1.0,0.0,1.0,0.0
-1.5246829204846812,1.0,-0.9308674718015876,-0.270543951856408,0.08504925188071055,0.2546249253678617,1.6291708482501361,0.3796721288811475,-0.9614863916702531,1.1532535902386967,1.516422162482895,-0.6828168296701794,1.5826626555600865,4.0,-0.6589728319256667,0.24198831185855807,-1.1098041417783733,-0.6201892226844657,0.33809616377248186,-0.7252649107284292,-0.6791456840737199,-0.3880128696525188,-0.8781534100649921,0.5913589900784001,0.5320903195901912,0.2665217950441287,1.0,0.0,0.0,0.0,-0.6214524340231548,0.0,1.0,1.0,0.0,0.0,0.0,0.0,1.0,0.0,0.0,0.0,0.0,0.0,0.0,1.0,0.0,0.0,1.0,0.0,0.0,0.0,0.0
0.7748559575377005,0.0,0.293809030058818,-0.8875151110697495,0.08504925188071055,0.2546249253678617,1.4815512994360187,1.7855109940078144,0.8459113011114247,1.1532535902386967,0.06983431284543094,-0.6828168296701794,1.036019304133083,3.0,-0.6589728319256667,0.24198831185855807,-0.2880375690977493,-0.6201892226844657,0.33809616377248186,0.27712265863109603,1.1834366957553253,0.13504287285788036,1.5977058416242167,0.767180606643362,0.5320903195901912,0.8943151081711811,0.0,0.0,0.0,1.0,0.8327125443087918,0.0,1.0,1.0,0.0,0.0,0.0,0.0,0.0,0.0,0.0,0.0,0.0,0.0,0.0,0.0,1.0,0.0,1.0,1.0,0.0,0.0,1.0
-0.2106607044718917,0.0,-1.6274951985683364,-0.8875151110697495,1.0617867539482457,-1.5756862740979403,0.645040522822686,-1.0261667362455194,-0.9614863916702531,1.1532535902386967,-0.048220073018308475,-1.0903445355634656,-0.3305890744344257,3.0,0.26623257679518353,-0.9320143892374165,-0.6989208554380613,-0.6201892226844657,1.754054456494842,-0.32430988298461916,-0.3687152874355457,1.5142101154721685,-0.25918859714269,0.4657721211034274,0.5320903195901912,0.6683092141052549,0.0,0.0,0.0,0.0,0.22234977510197973,1.0,0.0,0.0,0.0,1.0,0.0,0.0,1.0,0.0,0.0,0.0,0.0,0.0,1.0,0.0,0.0,1.0,1.0,1.0,0.0,0.0,1.0
0.6653541062033014,0.0,0.9334174055243739,-0.8875151110697495,0.08504925188071055,1.1697805251007627,0.349801425194451,0.3796721288811475,-0.05778754527941421,1.1532535902386967,-1.1586340048152193,-0.6828168296701794,0.4893759527060795,3.0,-1.584178240646517,0.24198831185855807,-0.15107647365097865,0.1557070814399298,0.33809616377248186,0.6780776863749062,1.8042974890316739,0.3868383362186226,1.822783955414145,1.1507914064214602,0.5320903195901912,0.9696504815283791,1.0,0.0,0.0,1.0,0.8260894149040382,0.0,1.0,0.0,0.0,1.0,0.0,0.0,1.0,0.0,0.0,0.0,0.0,0.0,0.0,0.0,1.0,0.0,1.0,1.0,0.0,0.0,1.0
-1.4151810691502822,0.0,-0.5490857283066433,-0.02375548817107146,0.08504925188071055,0.2546249253678617,-0.19147025379064658,1.7855109940078144,-0.9614863916702531,0.24620020465769926,0.46419217800454143,-0.6828168296701794,0.21605427699257776,3.0,1.1914379855160337,0.24198831185855807,-0.8358819508848319,-1.3960855268088614,0.33809616377248186,-0.32430988298461916,-0.6791456840737199,1.0402431535262748,-0.8781534100649921,0.8843950176866698,1.026510528058953,0.06563210334757824,0.0,0.0,0.0,0.0,-0.5247599190336015,0.0,1.0,0.0,0.0,1.0,0.0,0.0,1.0,0.0,0.0,0.0,0.0,0.0,1.0,0.0,1.0,0.0,0.0,0.0,0.0,1.0,0.0
0.4463504035345031,0.0,0.28637172336735806,-0.3939381836990763,0.08504925188071055,1.1697805251007627,-1.5200461931177043,0.3796721288811475,0.8459113011114247,0.24620020465769926,0.21866716359507385,-0.6828168296701794,-0.8772324258614291,3.0,-0.6589728319256667,-0.9320143892374165,-0.15107647365097865,0.1557070814399298,0.33809616377248186,0.6780776863749062,1.8042974890316739,0.9712541272890951,1.822783955414145,1.1507914064214602,0.5320903195901912,0.668311624811287,1.0,0.0,0.0,0.0,0.0216748676463467,0.0,1.0,0.0,1.0,0.0,0.0,0.0,1.0,0.0,0.0,0.0,0.0,0.0,0.0,0.0,0.0,1.0,0.0,1.0,0.0,0.0,0.0
-0.8676718124782865,0.0,0.6929444891671688,-0.02375548817107146,1.0617867539482457,1.1697805251007627,-1.1263940629467242,0.3796721288811475,-0.9614863916702531,0.24620020465769926,1.5598493115684848,2.373640964529467,0.4893759527060795,3.0,0.26623257679518353,0.24198831185855807,-0.2880375690977493,-0.6201892226844657,0.33809616377248186,-0.32430988298461916,-0.3687152874355457,-0.2359958868343727,-0.25918859714269,-0.2877490927464089,1.026510528058953,0.06563210334757824,0.0,0.0,1.0,0.0,-0.613364972101569,0.0,1.0,0.0,0.0,1.0,0.0,0.0,0.0,0.0,1.0,0.0,0.0,0.0,0.0,0.0,1.0,0.0,0.0,0.0,0.0,1.0,0.0
-0.10115885313749257,0.0,-0.6755199420614625,-0.8875151110697495,1.0617867539482457,0.2546249253678617,-0.7327419327757442,0.3796721288811475,-0.05778754527941421,1.1532535902386967,-0.9660929231088825,0.1322385821163929,-0.057267398720923963,3.0,0.26623257679518353,-0.9320143892374165,0.8076511944764159,-0.6201892226844657,-1.0778621289498782,1.2795102279906212,1.1834366957553253,2.073823770564459,0.7134703945923563,0.4936803142089768,0.5320903195901912,-0.1198050106197401,1.0,0.0,0.0,0.0,0.13376541931340216,0.0,1.0,1.0,0.0,0.0,0.0,0.0,0.0,0.0,0.0,0.0,0.0,0.0,0.0,1.0,0.0,1.0,0.0,1.0,0.0,1.0,0.0
0.8843578088720997,0.0,1.0796844371230863,-1.0109093429124179,-1.8684257522543597,0.2546249253678617,0.3990079414658235,-1.0261667362455194,0.8459113011114247,0.24620020465769926,-1.5344404664814566,0.1322385821163929,2.1293060069870897,4.0,1.1914379855160337,0.24198831185855807,1.903339958050581,0.1557070814399298,-1.0778621289498782,2.2818977973501466,3.666879868860719,1.241260660003605,1.2882234351630657,1.06472488083022,0.5320903195901912,0.22285529524181438,0.0,0.0,0.0,1.0,2.538789284414506,0.0,0.0,1.0,0.0,0.0,0.0,0.0,1.0,0.0,0.0,0.0,0.0,0.0,0.0,0.0,1.0,0.0,0.0,1.0,0.0,0.0,0.0
-1.4151810691502822,1.0,-1.3944595889025913,1.5803695257836163,-1.8684257522543597,1.1697805251007627,-0.3882963188761366,-2.432005601372186,-0.9614863916702531,0.24620020465769926,-0.38341020430999717,-0.6828168296701794,-1.1505541015749308,3.0,0.26623257679518353,0.24198831185855807,-1.3837263326719145,-0.6201892226844657,0.33809616377248186,-1.1262199384722393,-0.6791456840737199,-1.8372139357439425,-0.8781534100649921,-0.2877490927464089,1.026510528058953,-1.742399228925451,0.0,0.0,1.0,0.0,-0.756046616924951,0.0,1.0,0.0,0.0,0.0,0.0,0.0,1.0,1.0,0.0,0.0,0.0,0.0,0.0,0.0,1.0,0.0,0.0,0.0,0.0,0.0,0.0
1.103361511540898,1.0,0.7202146137025219,-0.02375548817107146,0.08504925188071055,0.2546249253678617,0.7926600716368035,-2.432005601372186,1.7496101475022634,0.24620020465769926,1.3844542239995006,1.7623494056895375,-1.1505541015749308,3.0,0.26623257679518353,-0.9320143892374165,1.903339958050581,0.1557070814399298,-2.4938204216722384,2.2818977973501466,3.666879868860719,2.5203332865469115,1.2882234351630657,1.06472488083022,-0.4567500973473325,-1.0873143875363627,1.0,0.0,0.0,1.0,0.005193919743625303,1.0,0.0,1.0,0.0,0.0,0.0,0.0,1.0,0.0,0.0,0.0,0.0,0.0,0.0,0.0,1.0,0.0,0.0,0.0,1.0,0.0,0.0
-1.1961773664814839,0.0,-1.0225942543295936,0.9633983665702748,1.0617867539482457,1.1697805251007627,-0.19147025379064658,-2.432005601372186,-0.9614863916702531,0.24620020465769926,-1.137833946353513,-0.6828168296701794,-0.057267398720923963,3.0,0.26623257679518353,2.5899937140505074,-1.1098041417783733,0.1557070814399298,1.754054456494842,-0.7252649107284292,-0.6791456840737199,-0.8359172980178743,-0.8781534100649921,0.5913589900784001,1.520930736527715,0.2665217950441287,0.0,0.0,1.0,0.0,-0.7185140504951603,0.0,1.0,0.0,0.0,1.0,0.0,0.0,1.0,0.0,1.0,0.0,0.0,0.0,0.0,0.0,1.0,0.0,0.0,0.0,0.0,0.0,0.0
0.8843578088720997,0.0,0.5020536174196967,2.320734916839626,-0.8916882501868245,1.1697805251007627,-0.8803614815898617,-1.0261667362455194,1.7496101475022634,-0.6608531809232983,0.3943433330351623,-0.6828168296701794,-1.1505541015749308,3.0,0.26623257679518353,-0.9320143892374165,1.3554955762634984,-0.6201892226844657,0.33809616377248186,2.2818977973501466,1.8042974890316739,0.12138651429317361,0.47231527267457635,1.310629239662335,0.5320903195901912,-0.8814306158935078,0.0,0.0,0.0,0.0,-0.44037711096116433,0.0,1.0,0.0,0.0,0.0,0.0,1.0,0.0,0.0,0.0,0.0,0.0,1.0,0.0,0.0,0.0,1.0,0.0,1.0,0.0,0.0,0.0
-0.5391662584750891,0.0,-0.5391693193846967,0.09963874367159682,0.08504925188071055,-1.5756862740979403,-0.4867093514188816,0.3796721288811475,-0.9614863916702531,0.24620020465769926,0.42821369850321134,1.3548216997962514,-0.6039107501479274,3.0,-1.584178240646517,0.24198831185855807,-0.15107647365097865,0.1557070814399298,-1.0778621289498782,-0.32430988298461916,-0.3687152874355457,0.17294633091072767,-0.25918859714269,-0.44758692598728334,-1.940010722753618,-0.5370450074100981,0.0,0.0,1.0,0.0,-0.6042431166032041,1.0,0.0,1.0,0.0,0.0,0.0,0.0,1.0,0.0,0.0,0.0,0.0,0.0,1.0,0.0,1.0,0.0,0.0,1.0,0.0,1.0,0.0
-0.6486681098094882,0.0,-0.15242937142877916,-0.8875151110697495,1.0617867539482457,-0.6605306743650393,0.15297536010896096,0.3796721288811475,-0.9614863916702531,0.24620020465769926,0.5326356136183998,-0.6828168296701794,-0.3305890744344257,3.0,1.1914379855160337,0.24198831185855807,-0.6989208554380613,-0.6201892226844657,1.754054456494842,-0.32430988298461916,-0.6791456840737199,0.21506610094634684,-0.8781534100649921,0.4657721211034274,1.026510528058953,-0.5370450074100981,0.0,0.0,1.0,0.0,-0.0783816944326075,0.0,1.0,1.0,0.0,0.0,0.0,0.0,1.0,0.0,1.0,0.0,0.0,0.0,0.0,0.0,1.0,0.0,0.0,1.0,0.0,1.0,0.0
0.4463504035345031,0.0,-0.6209796929907562,-0.6407266473844129,0.08504925188071055,0.2546249253678617,-0.2898832863333916,-2.432005601372186,-0.05778754527941421,-0.6608531809232983,0.9108312711890223,1.3548216997962514,1.036019304133083,3.0,-0.6589728319256667,0.24198831185855807,-0.15107647365097865,0.9316033855643254,0.33809616377248186,-0.7252649107284292,-0.3687152874355457,1.5037980708779801,0.050293809318461155,-1.0869382589507808,-0.4567500973473325,0.2665217950441287,0.0,0.0,0.0,1.0,0.00047494004273851203,0.0,0.0,0.0,0.0,0.0,0.0,0.0,1.0,1.0,0.0,0.0,0.0,0.0,0.0,0.0,1.0,0.0,0.0,1.0,0.0,0.0,1.0
0.33684855220010396,0.0,-1.0746554011698133,-0.14714972001373974,-0.8916882501868245,-0.6605306743650393,1.2847252343505287,0.3796721288811475,-0.05778754527941421,-1.5679065665042957,-1.303110086562748,-0.27528912377689324,0.21605427699257776,3.0,-0.6589728319256667,0.24198831185855807,0.9446122899231866,0.1557070814399298,0.33809616377248186,-1.1262199384722393,-0.6791456840737199,-0.31003774965486913,-0.8781534100649921,-1.8608898725381722,-1.4455905142848562,-1.742399228925451,0.0,0.0,0.0,1.0,-0.34848119047021,0.0,1.0,1.0,0.0,0.0,0.0,0.0,0.0,0.0,0.0,0.0,1.0,0.0,0.0,0.0,1.0,0.0,1.0,1.0,0.0,0.0,1.0
-1.4151810691502822,0.0,-0.7350183955931421,2.4441291486822943,-1.8684257522543597,-0.6605306743650393,1.235518718079156,0.3796721288811475,-0.9614863916702531,-1.5679065665042957,-1.5025376741111365,-0.6828168296701794,-0.6039107501479274,3.0,-0.6589728319256667,2.5899937140505074,-0.6989208554380613,-0.6201892226844657,1.754054456494842,-0.12383236911271409,-0.3687152874355457,0.6006658121704209,-0.347612141845876,0.9681195970033181,-0.9511703058160944,-0.7379370428425979,0.0,1.0,0.0,0.0,-0.7171618282416898,0.0,1.0,0.0,0.0,1.0,0.0,0.0,1.0,0.0,1.0,0.0,0.0,0.0,0.0,0.0,0.0,0.0,0.0,0.0,0.0,1.0,0.0
0.9938596602064987,0.0,-0.21192782496045878,0.4698214391996017,1.0617867539482457,0.2546249253678617,-1.5692527093890767,0.3796721288811475,-0.05778754527941421,-0.6608531809232983,-0.6487514906323067,1.3548216997962514,-0.3305890744344257,3.0,1.1914379855160337,-0.9320143892374165,1.0815733853699572,0.1557070814399298,0.33809616377248186,0.6780776863749062,-0.6791456840737199,-0.7583369155062337,-0.8781534100649921,-0.2877490927464089,0.5320903195901912,0.3669727680941946,0.0,0.0,0.0,0.0,-0.5513440960327706,0.0,1.0,1.0,0.0,0.0,0.0,0.0,1.0,0.0,0.0,0.0,0.0,0.0,0.0,0.0,0.0,1.0,0.0,0.0,1.0,0.0,1.0
-0.2106607044718917,0.0,1.4069259315473241,2.197340684996958,1.0617867539482457,1.1697805251007627,-0.8311549653184892,0.3796721288811475,-0.05778754527941421,0.24620020465769926,-1.2876505836520202,-0.27528912377689324,0.21605427699257776,3.0,-0.6589728319256667,0.24198831185855807,0.8076511944764159,0.1557070814399298,0.33809616377248186,0.07664514475919097,-0.6791456840737199,-0.16399960981965,-0.8781534100649921,-0.6784637962241018,0.5320903195901912,1.2709880467950734,0.0,0.0,0.0,0.0,-0.6453910552031704,0.0,1.0,1.0,0.0,0.0,0.0,0.0,1.0,0.0,0.0,0.0,1.0,0.0,0.0,0.0,1.0,0.0,0.0,1.0,0.0,0.0,1.0
-0.7581699611438873,0.0,-0.023516055443473325,0.8400041347276065,-1.8684257522543597,-0.6605306743650393,-1.6184592256604493,0.3796721288811475,-0.9614863916702531,1.1532535902386967,-1.475975437291795,-0.6828168296701794,-0.8772324258614291,3.0,-0.6589728319256667,0.24198831185855807,-0.15107647365097865,-0.6201892226844657,-1.0778621289498782,0.6780776863749062,-0.6791456840737199,-0.33865127829740993,-0.8781534100649921,1.1507914064214602,-0.4567500973473325,-1.742399228925451,0.0,0.0,1.0,0.0,-0.6934926630288568,0.0,1.0,1.0,0.0,0.0,0.0,0.0,1.0,0.0,0.0,0.0,0.0,0.0,1.0,0.0,1.0,0.0,0.0,0.0,0.0,0.0,0.0
1.103361511540898,0.0,-0.643291613065136,-0.8875151110697495,1.0617867539482457,0.2546249253678617,1.038692652993666,0.3796721288811475,-0.05778754527941421,-0.6608531809232983,-1.5146241945686145,1.7623494056895375,-1.1505541015749308,3.0,1.1914379855160337,0.24198831185855807,-0.9728430463316026,0.1557070814399298,-2.4938204216722384,-1.1262199384722393,-0.6791456840737199,-0.8159514088180962,-0.8781534100649921,-1.3426787921361796,-0.4567500973473325,-1.742399228925451,1.0,0.0,0.0,1.0,0.23228446920910992,0.0,0.0,0.0,1.0,0.0,0.0,0.0,1.0,0.0,0.0,0.0,0.0,0.0,0.0,0.0,1.0,0.0,0.0,0.0,1.0,0.0,1.0
0.9938596602064987,0.0,1.1763694241120657,-0.8875151110697495,0.08504925188071055,0.2546249253678617,0.3990079414658235,0.3796721288811475,0.8459113011114247,1.1532535902386967,-1.2251098673313487,0.5397662880096791,-0.8772324258614291,3.0,-0.6589728319256667,0.24198831185855807,0.2598068126893333,1.707499689688721,-1.0778621289498782,0.6780776863749062,-0.6791456840737199,1.443733751777203,-0.8781534100649921,0.4657721211034274,0.037670111121429345,0.0656339113771025,1.0,0.0,0.0,1.0,1.3478678283222727,0.0,1.0,1.0,0.0,0.0,0.0,0.0,1.0,0.0,0.0,0.0,0.0,0.0,0.0,0.0,0.0,0.0,1.0,0.0,1.0,0.0,0.0
-0.10115885313749257,1.0,1.6201287233691761,0.4698214391996017,2.038524256015781,-0.6605306743650393,1.4815512994360187,-1.0261667362455194,-0.05778754527941421,-1.5679065665042957,-0.7947735226709083,0.9472939939029652,-0.6039107501479274,3.0,-0.6589728319256667,2.5899937140505074,0.6706900990296453,0.1557070814399298,0.33809616377248186,-0.9257424246003343,-0.058284890797371494,-0.3313139235401433,1.5977058416242167,-1.632267337066705,-1.4455905142848562,1.2709772847514702,1.0,1.0,0.0,1.0,-0.5259751450092058,0.0,1.0,0.0,1.0,0.0,0.0,0.0,1.0,0.0,0.0,0.0,0.0,0.0,0.0,0.0,0.0,0.0,1.0,1.0,0.0,0.0,1.0
-0.5391662584750891,1.0,0.40041042596974397,-1.0109093429124179,-0.8916882501868245,-1.5756862740979403,-1.5692527093890767,-2.432005601372186,-0.05778754527941421,-0.6608531809232983,-0.3044261985297334,1.3548216997962514,-0.057267398720923963,3.0,-0.6589728319256667,-0.9320143892374165,-0.15107647365097865,-0.6201892226844657,0.33809616377248186,-1.3266974523441444,-0.6791456840737199,-0.07935273958508327,-0.8781534100649921,-2.045965258396027,-1.4455905142848562,-1.742399228925451,1.0,0.0,0.0,0.0,1.2929165515422087,0.0,1.0,1.0,0.0,0.0,0.0,0.0,1.0,0.0,0.0,0.0,0.0,0.0,0.0,0.0,0.0,1.0,0.0,1.0,0.0,0.0,1.0
-1.5246829204846812,0.0,-1.5927877673415234,-0.6407266473844129,-1.8684257522543597,0.2546249253678617,-0.7327419327757442,0.3796721288811475,-0.9614863916702531,-0.6608531809232983,-0.20393942961000286,-0.6828168296701794,-0.6039107501479274,3.0,0.26623257679518353,-0.9320143892374165,-1.1098041417783733,0.1557070814399298,-2.4938204216722384,-0.7252649107284292,-0.3687152874355457,0.05185878131197102,0.050293809318461155,0.5913589900784001,-0.9511703058160944,0.2665217950441287,0.0,0.0,0.0,0.0,-0.38884088528042643,0.0,1.0,0.0,0.0,1.0,0.0,0.0,0.0,0.0,1.0,0.0,0.0,0.0,0.0,0.0,0.0,1.0,0.0,0.0,0.0,1.0,0.0
-0.6486681098094882,0.0,-1.5853504606500635,1.827157989468953,-1.8684257522543597,1.1697805251007627,-1.7660787744745667,0.3796721288811475,-0.05778754527941421,1.1532535902386967,-1.074168902548425,-0.27528912377689324,1.3093409798465847,4.0,1.1914379855160337,-0.9320143892374165,-0.2880375690977493,0.1557070814399298,-1.0778621289498782,-0.32430988298461916,-0.3687152874355457,-0.8185847325142962,-0.25918859714269,-0.2877490927464089,1.520930736527715,0.6683092141052549,0.0,0.0,0.0,0.0,-0.6679312794849818,1.0,0.0,0.0,0.0,0.0,0.0,1.0,0.0,0.0,0.0,0.0,1.0,0.0,0.0,0.0,0.0,1.0,0.0,1.0,0.0,0.0,1.0
0.22734670086570485,0.0,-0.025995157673959976,-1.0109093429124179,0.08504925188071055,1.1697805251007627,0.5466274902799411,0.3796721288811475,-0.05778754527941421,1.1532535902386967,-0.7482544730031728,-0.6828168296701794,-0.057267398720923963,3.0,1.1914379855160337,0.24198831185855807,-0.2880375690977493,-0.6201892226844657,0.33809616377248186,0.4776001725030011,0.8730062991171511,2.9008129267977467,0.9787410287019146,1.1188238397732855,2.015350944996477,0.9361680887192979,0.0,0.0,0.0,1.0,1.2112657843492323,0.0,0.0,1.0,0.0,0.0,0.0,0.0,1.0,0.0,1.0,0.0,0.0,0.0,0.0,0.0,1.0,0.0,1.0,1.0,0.0,0.0,1.0
-0.5391662584750891,0.0,-1.06969719670884,1.2101868302556114,0.08504925188071055,1.1697805251007627,0.6942470390940585,-2.432005601372186,0.8459113011114247,0.24620020465769926,-1.4718997501607851,0.1322385821163929,-0.6039107501479274,3.0,0.26623257679518353,0.24198831185855807,-0.15107647365097865,-0.6201892226844657,-2.4938204216722384,-0.5247873968565242,-0.6791456840737199,1.1259524249253967,-0.8781534100649921,-0.767262592469032,0.037670111121429345,0.517638806399078,1.0,0.0,0.0,0.0,-0.49967481641309774,0.0,1.0,1.0,0.0,0.0,0.0,0.0,1.0,0.0,0.0,0.0,0.0,0.0,0.0,0.0,1.0,0.0,0.0,1.0,0.0,0.0,0.0
0.33684855220010396,0.0,-0.47471266139204377,-0.270543951856408,1.0617867539482457,-0.6605306743650393,1.0878991692650386,0.3796721288811475,2.6533089938931025,-0.6608531809232983,-1.400364413964781,-0.6828168296701794,-0.3305890744344257,3.0,-0.6589728319256667,-0.9320143892374165,1.3554955762634984,0.1557070814399298,-1.0778621289498782,2.2818977973501466,3.0460190755843706,0.4479514274076189,1.1475496140443604,1.310629239662335,-1.4455905142848562,-0.5944410782161934,1.0,0.0,0.0,0.0,0.7413081842033464,0.0,1.0,0.0,0.0,1.0,0.0,0.0,1.0,0.0,0.0,1.0,0.0,0.0,0.0,0.0,0.0,1.0,0.0,1.0,0.0,0.0,0.0
0.8843578088720997,0.0,-1.553122131653737,-0.6407266473844129,0.08504925188071055,0.2546249253678617,-0.4867093514188816,-2.432005601372186,0.8459113011114247,0.24620020465769926,-1.08470947271483,0.5397662880096791,1.5826626555600865,4.0,0.26623257679518353,1.4159910129545328,-0.2880375690977493,-0.6201892226844657,1.754054456494842,-0.32430988298461916,-0.6791456840737199,3.7832249291394193,-0.8781534100649921,-0.2877490927464089,1.026510528058953,-1.742399228925451,0.0,0.0,0.0,1.0,0.41350984754667686,0.0,1.0,1.0,0.0,0.0,0.0,0.0,0.0,1.0,0.0,0.0,0.0,0.0,0.0,0.0,1.0,0.0,0.0,1.0,0.0,0.0,0.0
-0.7581699611438873,0.0,1.2631380021790986,-0.8875151110697495,1.0617867539482457,1.1697805251007627,0.5958340065513135,-1.0261667362455194,-0.9614863916702531,-1.5679065665042957,1.7024983611538367,-1.0903445355634656,0.21605427699257776,3.0,1.1914379855160337,-0.9320143892374165,-0.15107647365097865,-0.6201892226844657,0.33809616377248186,0.4776001725030011,-0.6791456840737199,1.5482568915665804,-0.8781534100649921,0.8311157399397118,0.5320903195901912,0.6013471740137043,0.0,0.0,0.0,0.0,0.2302147412701245,1.0,0.0,0.0,0.0,0.0,0.0,1.0,0.0,0.0,0.0,0.0,0.0,0.0,1.0,0.0,0.0,1.0,0.0,0.0,0.0,0.0,1.0
-1.4151810691502822,0.0,0.23431057652713835,0.09963874367159682,0.08504925188071055,-1.5756862740979403,-0.3390898026047641,0.3796721288811475,-0.9614863916702531,1.1532535902386967,-1.7168626008280443,-1.0903445355634656,-0.3305890744344257,3.0,1.1914379855160337,0.24198831185855807,-1.1098041417783733,-0.6201892226844657,0.33809616377248186,-0.9257424246003343,-0.058284890797371494,-1.432865815968161,1.5977058416242167,-0.2877490927464089,0.5320903195901912,1.2709772847514702,0.0,0.0,1.0,0.0,-0.6769470143872024,1.0,0.0,0.0,0.0,1.0,0.0,0.0,1.0,1.0,0.0,0.0,0.0,0.0,0.0,0.0,1.0,0.0,0.0,0.0,0.0,0.0,0.0
-0.7581699611438873,1.0,-0.501982785927397,-0.14714972001373974,0.08504925188071055,0.2546249253678617,0.005355811294843447,-1.0261667362455194,-0.9614863916702531,1.1532535902386967,-0.6438325578879842,1.3548216997962514,-1.1505541015749308,3.0,0.26623257679518353,0.24198831185855807,-0.6989208554380613,-2.171981830933257,-1.0778621289498782,-0.5247873968565242,-0.3687152874355457,-1.4088790631001062,-0.13539563455822945,-0.036575354796463615,0.5320903195901912,-0.23570720537576498,0.0,0.0,1.0,0.0,-0.6476258685849084,1.0,0.0,0.0,0.0,0.0,0.0,0.0,0.0,1.0,0.0,0.0,0.0,0.0,0.0,0.0,0.0,0.0,0.0,0.0,0.0,0.0,0.0
-0.6486681098094882,0.0,0.49709541295872334,-0.5173324155417446,0.08504925188071055,-1.5756862740979403,-0.7327419327757442,0.3796721288811475,-0.05778754527941421,0.24620020465769926,0.9317718705862807,-0.6828168296701794,1.036019304133083,3.0,0.26623257679518353,0.24198831185855807,-0.6989208554380613,0.1557070814399298,0.33809616377248186,-0.32430988298461916,-0.6791456840737199,0.5960373891197455,-0.8781534100649921,0.4657721211034274,-0.4567500973473325,-0.5370450074100981,1.0,0.0,0.0,0.0,0.06567137012078049,0.0,1.0,0.0,0.0,0.0,0.0,1.0,1.0,0.0,0.0,0.0,0.0,0.0,0.0,0.0,1.0,0.0,0.0,1.0,0.0,0.0,1.0
-1.0866755151470848,0.0,0.6235296267135425,-0.14714972001373974,0.08504925188071055,0.2546249253678617,0.05456232756621595,0.3796721288811475,-0.9614863916702531,1.1532535902386967,-1.1469691071643975,-0.6828168296701794,-1.1505541015749308,3.0,0.26623257679518353,-0.9320143892374165,-0.6989208554380613,1.707499689688721,-1.0778621289498782,-0.12383236911271409,-0.3687152874355457,0.18369794441422652,-0.347612141845876,0.9681195970033181,0.5320903195901912,-0.7379370428425979,0.0,0.0,1.0,0.0,-0.5603523404910215,0.0,1.0,0.0,0.0,1.0,0.0,0.0,0.0,0.0,0.0,0.0,0.0,0.0,1.0,0.0,0.0,1.0,0.0,0.0,0.0,1.0,0.0
-0.8676718124782865,1.0,-0.9283883695711009,-0.02375548817107146,0.08504925188071055,-0.6605306743650393,-0.6835354165043717,-2.432005601372186,-0.9614863916702531,-0.6608531809232983,0.04453694444605821,-0.6828168296701794,-0.6039107501479274,3.0,0.26623257679518353,-0.9320143892374165,-1.2467652372251439,0.1557070814399298,0.33809616377248186,-0.9257424246003343,-0.058284890797371494,0.14813026932603274,1.5977058416242167,0.2983229624701303,-0.4567500973473325,1.2709772847514702,1.0,0.0,1.0,0.0,-0.6266526254698557,0.0,1.0,0.0,1.0,0.0,0.0,0.0,0.0,0.0,0.0,0.0,0.0,0.0,0.0,1.0,0.0,1.0,0.0,0.0,0.0,0.0,0.0
-0.8676718124782865,0.0,-0.8465779959650415,-1.0109093429124179,0.08504925188071055,1.1697805251007627,0.20218187638033347,1.7855109940078144,-0.05778754527941421,0.24620020465769926,1.2292970311500144,2.1698771115828235,-0.8772324258614291,3.0,1.1914379855160337,-0.9320143892374165,-0.15107647365097865,1.707499689688721,1.754054456494842,-0.7252649107284292,-0.6791456840737199,-0.47609522146975025,-0.8781534100649921,-1.0869382589507808,2.015350944996477,0.2665217950441287,0.0,0.0,0.0,0.0,1.1560040483783205,1.0,0.0,1.0,0.0,0.0,0.0,0.0,1.0,0.0,0.0,0.0,0.0,0.0,0.0,0.0,0.0,1.0,1.0,0.0,0.0,0.0,1.0
-0.7581699611438873,0.0,0.43759695942704374,0.7166099028849382,-0.8916882501868245,0.2546249253678617,1.3831382668932737,-1.0261667362455194,0.8459113011114247,-1.5679065665042957,-1.5775865336959423,-0.27528912377689324,-1.1505541015749308,3.0,-1.584178240646517,0.24198831185855807,0.12284571724256264,-0.6201892226844657,0.33809616377248186,0.07664514475919097,-0.3687152874355457,0.09043807489378429,-0.4139298003732655,-0.15250169538874608,-1.4455905142848562,1.2709880467950734,1.0,1.0,0.0,0.0,-0.5209412709861734,0.0,1.0,0.0,1.0,0.0,0.0,0.0,1.0,0.0,0.0,0.0,0.0,0.0,0.0,0.0,0.0,0.0,0.0,0.0,0.0,0.0,1.0
-0.3201625558062908,0.0,-1.5407266205013037,-0.8875151110697495,1.0617867539482457,1.1697805251007627,1.5307578157073911,1.7855109940078144,-0.9614863916702531,1.1532535902386967,-1.2265152766868694,-1.0903445355634656,-0.3305890744344257,3.0,-1.584178240646517,2.5899937140505074,-0.6989208554380613,0.1557070814399298,0.33809616377248186,-0.32430988298461916,-0.3687152874355457,-0.2759335328603352,-0.25918859714269,0.4657721211034274,0.5320903195901912,-1.742399228925451,0.0,0.0,1.0,0.0,-0.19118186710731502,0.0,1.0,0.0,0.0,1.0,0.0,0.0,1.0,0.0,0.0,0.0,0.0,0.0,1.0,0.0,1.0,0.0,1.0,1.0,0.0,1.0,0.0
-0.42966440714069,0.0,1.1912440374949855,-0.8875151110697495,0.08504925188071055,1.1697805251007627,-0.19147025379064658,0.3796721288811475,-0.05778754527941421,-0.6608531809232983,-0.508210555080236,2.1698771115828235,-0.057267398720923963,3.0,1.1914379855160337,-0.9320143892374165,0.2598068126893333,-0.6201892226844657,-1.0778621289498782,0.8785552002468112,-0.3687152874355457,-0.7451004269738282,-0.568671003603841,0.7169458590533727,0.5320903195901912,0.17521185178415083,1.0,0.0,0.0,0.0,0.2672628713779643,0.0,0.0,0.0,1.0,0.0,0.0,0.0,0.0,0.0,0.0,0.0,0.0,0.0,0.0,0.0,0.0,1.0,0.0,1.0,0.0,0.0,1.0
1.3223652142096962,0.0,1.2656171044095852,0.2230329755142651,1.0617867539482457,1.1697805251007627,0.6942470390940585,0.3796721288811475,-0.05778754527941421,1.1532535902386967,-0.8604061395737252,0.1322385821163929,-0.8772324258614291,3.0,0.26623257679518353,-0.9320143892374165,-0.42499866454451996,-1.3960855268088614,1.754054456494842,-0.32430988298461916,-0.6791456840737199,-1.013411837508335,-0.8781534100649921,-0.0923917410075624,2.015350944996477,-1.1397221181677746,1.0,0.0,0.0,0.0,-0.5648195032926652,0.0,1.0,0.0,1.0,0.0,0.0,0.0,0.0,0.0,0.0,0.0,0.0,0.0,0.0,0.0,0.0,1.0,0.0,0.0,1.0,1.0,0.0
-0.42966440714069,1.0,-1.466353553586704,0.8400041347276065,0.08504925188071055,-1.5756862740979403,0.3990079414658235,0.3796721288811475,0.8459113011114247,-1.5679065665042957,-0.5932378210892388,-0.27528912377689324,1.3093409798465847,4.0,0.26623257679518353,-0.9320143892374165,-0.014115378204207997,-0.6201892226844657,-1.0778621289498782,-1.3266974523441444,-0.6791456840737199,0.6874309633330621,-0.8781534100649921,-2.045965258396027,-1.940010722753618,-1.742399228925451,1.0,1.0,0.0,0.0,-0.48522933288600223,0.0,1.0,1.0,0.0,0.0,0.0,0.0,0.0,0.0,0.0,0.0,0.0,0.0,0.0,0.0,0.0,1.0,1.0,1.0,0.0,0.0,0.0
0.11784484953130571,0.0,-0.5168573993103168,-0.8875151110697495,-0.8916882501868245,0.2546249253678617,0.448214457737196,-1.0261667362455194,-0.9614863916702531,-0.6608531809232983,0.2318780115369685,0.5397662880096791,-0.3305890744344257,3.0,-0.6589728319256667,0.24198831185855807,-0.2880375690977493,0.9316033855643254,-1.0778621289498782,-0.12383236911271409,-0.6791456840737199,-0.6897481051585159,-0.8781534100649921,0.0638941403835146,-0.9511703058160944,-1.2401681358840244,0.0,0.0,0.0,1.0,-0.2872172434762404,1.0,0.0,0.0,0.0,1.0,0.0,0.0,0.0,0.0,1.0,0.0,0.0,0.0,0.0,0.0,1.0,0.0,0.0,1.0,0.0,0.0,0.0
-0.6486681098094882,1.0,0.6855071824757089,0.8400041347276065,1.0617867539482457,-1.5756862740979403,0.20218187638033347,0.3796721288811475,0.8459113011114247,0.24620020465769926,0.6589819146797115,-0.27528912377689324,-0.6039107501479274,3.0,-1.584178240646517,2.5899937140505074,-0.15107647365097865,-0.6201892226844657,0.33809616377248186,-1.1262199384722393,-0.6791456840737199,0.5184786220121151,-0.8781534100649921,-1.726289591914278,-1.4455905142848562,-1.742399228925451,1.0,0.0,0.0,0.0,-0.49994875099325764,0.0,1.0,0.0,1.0,0.0,0.0,0.0,1.0,0.0,0.0,0.0,0.0,0.0,0.0,0.0,1.0,0.0,0.0,1.0,0.0,0.0,1.0
-0.8676718124782865,0.0,-0.5267738082322635,-0.6407266473844129,0.08504925188071055,1.1697805251007627,1.235518718079156,-1.0261667362455194,-0.9614863916702531,-1.5679065665042957,-0.6051838006111648,-0.6828168296701794,-0.6039107501479274,3.0,0.26623257679518353,0.24198831185855807,-1.3837263326719145,-0.6201892226844657,0.33809616377248186,-1.1262199384722393,-0.6791456840737199,-1.0133150256419419,-0.8781534100649921,-0.2877490927464089,0.037670111121429345,-1.742399228925451,0.0,0.0,1.0,0.0,-0.5361227254186317,0.0,1.0,0.0,0.0,0.0,0.0,1.0,0.0,0.0,0.0,0.0,0.0,0.0,1.0,0.0,0.0,0.0,0.0,0.0,0.0,0.0,0.0
-0.7581699611438873,0.0,-1.233317943920959,0.8400041347276065,0.08504925188071055,0.2546249253678617,-0.3882963188761366,1.7855109940078144,-0.05778754527941421,0.24620020465769926,-0.728719282961435,0.1322385821163929,0.21605427699257776,3.0,0.26623257679518353,0.24198831185855807,-0.15107647365097865,0.1557070814399298,0.33809616377248186,0.07664514475919097,-0.3687152874355457,-0.8616713062190444,-0.4139298003732655,0.1917644069762141,0.5320903195901912,-1.742399228925451,0.0,0.0,0.0,0.0,-0.6046648098356925,0.0,1.0,1.0,0.0,0.0,0.0,0.0,1.0,0.0,0.0,0.0,0.0,0.0,0.0,0.0,1.0,0.0,0.0,0.0,0.0,0.0,1.0
-0.5391662584750891,0.0,0.3731403014343908,-0.5173324155417446,1.0617867539482457,-0.6605306743650393,-0.043850704976529056,0.3796721288811475,-0.9614863916702531,-0.6608531809232983,0.47234355226656155,-0.27528912377689324,-0.3305890744344257,3.0,-0.6589728319256667,-0.9320143892374165,0.12284571724256264,0.1557070814399298,0.33809616377248186,0.07664514475919097,-0.6791456840737199,-0.4676706403393923,-0.8781534100649921,-0.15250169538874608,-0.9511703058160944,1.2709880467950734,0.0,0.0,1.0,0.0,-0.5167500719097278,0.0,0.0,0.0,0.0,0.0,0.0,1.0,1.0,0.0,0.0,0.0,0.0,0.0,1.0,0.0,0.0,1.0,0.0,1.0,0.0,0.0,0.0
0.11784484953130571,0.0,0.0756480337759927,1.0867925984129432,0.08504925188071055,-0.6605306743650393,-0.2898832863333916,-2.432005601372186,-0.05778754527941421,1.1532535902386967,1.4371570748315272,0.1322385821163929,0.21605427699257776,3.0,0.26623257679518353,0.24198831185855807,0.5337290035828746,-0.6201892226844657,0.33809616377248186,-1.1262199384722393,-0.3687152874355457,-0.6623284704036594,0.9787410287019146,-1.8261882376898246,0.5320903195901912,-1.742399228925451,0.0,0.0,0.0,1.0,-0.6081231137634648,0.0,1.0,0.0,0.0,1.0,0.0,0.0,1.0,0.0,0.0,0.0,0.0,0.0,0.0,0.0,1.0,0.0,1.0,1.0,0.0,0.0,1.0
0.6653541062033014,1.0,0.011191375783339787,0.9633983665702748,0.08504925188071055,0.2546249253678617,-1.3724266443035866,-1.0261667362455194,-0.9614863916702531,0.24620020465769926,0.17903461976938992,2.373640964529467,0.21605427699257776,3.0,1.1914379855160337,0.24198831185855807,-0.6989208554380613,0.9316033855643254,0.33809616377248186,-1.1262199384722393,-0.6791456840737199,-0.7194375898796492,-0.8781534100649921,-1.5436177824961361,1.026510528058953,-1.742399228925451,0.0,0.0,0.0,1.0,-0.7139606490293924,1.0,0.0,0.0,0.0,0.0,0.0,1.0,1.0,0.0,0.0,0.0,0.0,0.0,1.0,0.0,1.0,0.0,1.0,1.0,0.0,0.0,0.0
0.5558522548689022,0.0,0.13018828284669903,0.3464272073569334,0.08504925188071055,-0.6605306743650393,-0.4375028351475091,0.3796721288811475,-0.9614863916702531,-0.6608531809232983,-0.7534544876185995,2.1698771115828235,1.855984331273588,4.0,-0.6589728319256667,2.5899937140505074,-0.5619597599912906,2.4833959938131165,-1.0778621289498782,-0.32430988298461916,-0.6791456840737199,-0.4225185378450877,-0.8781534100649921,0.15180494866599556,-1.4455905142848562,0.06563210334757824,0.0,0.0,0.0,1.0,-0.6659137723739953,0.0,1.0,0.0,0.0,1.0,0.0,0.0,1.0,0.0,1.0,0.0,0.0,0.0,0.0,0.0,0.0,0.0,0.0,1.0,0.0,0.0,0.0
1.979376322216091,0.0,-0.8044332580467684,-0.8875151110697495,0.08504925188071055,0.2546249253678617,-0.2898832863333916,-1.0261667362455194,2.6533089938931025,-1.5679065665042957,0.7718362859280243,2.1698771115828235,-0.8772324258614291,3.0,-0.6589728319256667,2.5899937140505074,2.3827037921142784,-0.6201892226844657,0.33809616377248186,-1.1262199384722393,-0.6791456840737199,0.5439625816513152,-0.8781534100649921,-1.9454957632160488,-0.9511703058160944,-1.742399228925451,0.0,0.0,0.0,1.0,3.142321951422666,0.0,1.0,0.0,0.0,1.0,0.0,0.0,1.0,0.0,0.0,0.0,0.0,1.0,0.0,0.0,1.0,0.0,0.0,0.0,1.0,0.0,0.0
-0.42966440714069,0.0,-0.06813989559223305,-0.6407266473844129,0.08504925188071055,1.1697805251007627,1.1863122018077836,0.3796721288811475,-0.05778754527941421,-0.6608531809232983,-1.1410663878712106,0.9472939939029652,-0.057267398720923963,3.0,1.1914379855160337,1.4159910129545328,-0.014115378204207997,-0.6201892226844657,-1.0778621289498782,0.4776001725030011,-0.3687152874355457,-0.16572949444947532,-0.5067745223116108,0.5913589900784001,0.5320903195901912,0.9361680887192979,0.0,0.0,1.0,0.0,-0.418644967601817,0.0,0.0,0.0,0.0,0.0,0.0,1.0,1.0,0.0,0.0,0.0,0.0,0.0,1.0,0.0,0.0,0.0,0.0,1.0,0.0,1.0,0.0
0.4463504035345031,0.0,-0.6308961019127028,-0.02375548817107146,1.0617867539482457,0.2546249253678617,1.3831382668932737,0.3796721288811475,-0.9614863916702531,-1.5679065665042957,0.8723230548477549,-0.6828168296701794,1.3093409798465847,4.0,-0.6589728319256667,1.4159910129545328,-0.8358819508848319,-0.6201892226844657,0.33809616377248186,-0.32430988298461916,-0.6791456840737199,-0.8502651942494677,-0.8781534100649921,0.8843950176866698,-0.9511703058160944,0.06563210334757824,0.0,0.0,0.0,1.0,-0.6558978812477202,0.0,1.0,1.0,0.0,0.0,0.0,0.0,1.0,0.0,1.0,0.0,0.0,0.0,0.0,0.0,0.0,0.0,0.0,1.0,0.0,0.0,0.0
-0.3201625558062908,0.0,1.4193214426997576,0.09963874367159682,0.08504925188071055,1.1697805251007627,1.038692652993666,0.3796721288811475,-0.05778754527941421,0.24620020465769926,-0.2810964032280897,-0.6828168296701794,-0.3305890744344257,3.0,0.26623257679518353,0.24198831185855807,0.5337290035828746,0.1557070814399298,0.33809616377248186,1.6804652557344315,-0.6791456840737199,-1.2255455464621794,-0.8781534100649921,1.2506900521970068,1.026510528058953,1.0700977045987836,1.0,0.0,0.0,0.0,-0.5721811492574657,0.0,0.0,1.0,0.0,0.0,0.0,0.0,1.0,0.0,0.0,0.0,0.0,0.0,0.0,0.0,0.0,0.0,1.0,1.0,0.0,1.0,0.0
1.7603726195472926,0.0,-0.35075754986771124,-1.0109093429124179,1.0617867539482457,-1.5756862740979403,-0.2898832863333916,-1.0261667362455194,1.7496101475022634,0.24620020465769926,1.1236102476148573,0.5397662880096791,1.3093409798465847,4.0,1.1914379855160337,2.5899937140505074,2.177262148944122,-0.6201892226844657,-1.0778621289498782,-0.7252649107284292,-0.6791456840737199,2.2561746857601896,-0.8781534100649921,-1.6692046514711087,-0.4567500973473325,0.2665217950441287,0.0,0.0,0.0,1.0,3.2270773105241206,0.0,0.0,0.0,0.0,1.0,0.0,0.0,0.0,0.0,0.0,0.0,1.0,0.0,0.0,0.0,1.0,0.0,1.0,0.0,1.0,0.0,0.0
0.6653541062033014,0.0,-1.3845431799806447,-0.8875151110697495,0.08504925188071055,-0.6605306743650393,1.5307578157073911,0.3796721288811475,-0.9614863916702531,1.1532535902386967,-1.3042344140471647,-1.0903445355634656,-0.6039107501479274,3.0,-0.6589728319256667,-0.9320143892374165,-0.15107647365097865,1.707499689688721,0.33809616377248186,0.4776001725030011,-0.3687152874355457,-0.47750771602334874,-0.5067745223116108,0.8311157399397118,0.037670111121429345,0.6013471740137043,0.0,0.0,0.0,0.0,-0.0655493812108976,0.0,1.0,1.0,0.0,0.0,0.0,0.0,1.0,1.0,0.0,0.0,0.0,0.0,0.0,0.0,0.0,1.0,0.0,1.0,0.0,1.0,0.0
-0.3201625558062908,0.0,-0.7226228844407089,-0.7641208792270812,-0.8916882501868245,1.1697805251007627,-1.6676657419318217,-2.432005601372186,-0.05778754527941421,1.1532535902386967,1.5515573963709128,0.9472939939029652,-0.8772324258614291,3.0,-1.584178240646517,-0.9320143892374165,-0.6989208554380613,0.1557070814399298,0.33809616377248186,-0.9257424246003343,-0.058284890797371494,-0.375333764330961,1.5977058416242167,-1.0412703065962452,0.5320903195901912,1.2709772847514702,1.0,0.0,0.0,0.0,0.1378531319928984,0.0,1.0,1.0,0.0,0.0,0.0,0.0,0.0,0.0,0.0,0.0,0.0,0.0,0.0,0.0,0.0,1.0,0.0,1.0,0.0,0.0,1.0
-1.7436866231534796,1.0,-1.1539866725453862,-0.270543951856408,-1.8684257522543597,-0.6605306743650393,-1.7168722582031943,0.3796721288811475,-0.9614863916702531,-0.6608531809232983,-1.3697264900144297,-0.6828168296701794,-0.6039107501479274,3.0,-0.6589728319256667,-0.9320143892374165,-1.3837263326719145,0.1557070814399298,0.33809616377248186,-1.1262199384722393,-0.3687152874355457,0.058588837867759244,0.9787410287019146,-0.2877490927464089,-0.9511703058160944,-1.742399228925451,1.0,0.0,0.0,0.0,-0.590096055747525,0.0,1.0,0.0,1.0,0.0,0.0,0.0,1.0,0.0,0.0,0.0,0.0,0.0,0.0,1.0,0.0,1.0,0.0,0.0,0.0,0.0,0.0
0.11784484953130571,0.0,0.868960747531721,-0.3939381836990763,-0.8916882501868245,1.1697805251007627,-1.2740136117608418,-1.0261667362455194,-0.9614863916702531,0.24620020465769926,0.2899214179199737,-0.6828168296701794,-1.1505541015749308,3.0,-0.6589728319256667,0.24198831185855807,-0.8358819508848319,0.1557070814399298,0.33809616377248186,-0.32430988298461916,-0.6791456840737199,0.4168333917031293,-0.8781534100649921,0.8843950176866698,0.5320903195901912,0.6683092141052549,0.0,0.0,0.0,1.0,-0.46964897752681584,0.0,1.0,0.0,0.0,0.0,1.0,0.0,0.0,0.0,1.0,0.0,0.0,0.0,0.0,0.0,1.0,0.0,0.0,1.0,0.0,1.0,0.0
-1.6341847718190805,1.0,1.2185141620303388,-0.14714972001373974,-1.8684257522543597,0.2546249253678617,0.645040522822686,0.3796721288811475,-0.9614863916702531,-1.5679065665042957,0.23693748521684305,-0.6828168296701794,0.4893759527060795,3.0,0.26623257679518353,-0.9320143892374165,-1.3837263326719145,2.4833959938131165,0.33809616377248186,-1.1262199384722393,-0.6791456840737199,-0.7525201511717373,-0.8781534100649921,-0.2877490927464089,-0.4567500973473325,-1.742399228925451,0.0,0.0,0.0,0.0,-0.632585845561614,0.0,1.0,0.0,0.0,1.0,0.0,0.0,0.0,0.0,1.0,0.0,0.0,0.0,0.0,0.0,1.0,0.0,1.0,0.0,0.0,0.0,0.0
-0.6486681098094882,0.0,-1.5035400870440039,2.4441291486822943,1.0617867539482457,-1.5756862740979403,1.235518718079156,-1.0261667362455194,-0.05778754527941421,1.1532535902386967,-0.12804732441188466,-0.6828168296701794,-0.3305890744344257,3.0,-1.584178240646517,1.4159910129545328,0.2598068126893333,0.1557070814399298,0.33809616377248186,1.0790327141187162,0.8730062991171511,-0.6105254851276145,0.550226927448013,0.9681195970033181,-0.9511703058160944,0.015411061559009237,1.0,0.0,0.0,0.0,-0.6848533751141268,0.0,1.0,0.0,1.0,0.0,0.0,0.0,0.0,0.0,0.0,0.0,0.0,0.0,0.0,0.0,1.0,0.0,0.0,1.0,0.0,0.0,1.0
1.5413689168784945,0.0,0.34587017689903765,-0.7641208792270812,0.08504925188071055,-1.5756862740979403,-0.6343289002329991,0.3796721288811475,0.8459113011114247,0.24620020465769926,1.218615920048057,-0.27528912377689324,-1.1505541015749308,3.0,1.1914379855160337,-0.9320143892374165,0.5337290035828746,-0.6201892226844657,0.33809616377248186,-0.9257424246003343,-0.058284890797371494,-0.6869118605007192,1.5977058416242167,-1.6064112169836224,0.037670111121429345,1.2709772847514702,0.0,0.0,0.0,1.0,1.2379652747621448,0.0,1.0,0.0,0.0,0.0,0.0,1.0,0.0,0.0,0.0,1.0,0.0,0.0,0.0,0.0,1.0,0.0,0.0,0.0,1.0,0.0,0.0
0.008342998196906572,0.0,-0.5292529104627501,-0.02375548817107146,-0.8916882501868245,-0.6605306743650393,-0.9787745141326066,-1.0261667362455194,-0.05778754527941421,-0.6608531809232983,-0.7748167098225142,-0.6828168296701794,-0.3305890744344257,3.0,-1.584178240646517,1.4159910129545328,-0.8358819508848319,-0.6201892226844657,0.33809616377248186,-0.32430988298461916,-0.6791456840737199,-1.1467290696176682,-0.8781534100649921,0.8843950176866698,-1.4455905142848562,-0.5370450074100981,1.0,0.0,0.0,1.0,-0.5379233887255491,0.0,1.0,0.0,1.0,0.0,0.0,0.0,1.0,0.0,0.0,0.0,0.0,0.0,0.0,0.0,1.0,0.0,0.0,1.0,0.0,1.0,0.0
0.9938596602064987,0.0,-0.16978308704218573,-0.8875151110697495,1.0617867539482457,0.2546249253678617,-0.9787745141326066,0.3796721288811475,2.6533089938931025,1.1532535902386967,-0.013365921001394932,1.7623494056895375,0.4893759527060795,3.0,0.26623257679518353,0.24198831185855807,1.7663788626038104,0.1557070814399298,0.33809616377248186,-0.9257424246003343,-0.058284890797371494,0.5964677485467141,1.5977058416242167,-1.7646506718920882,1.026510528058953,-0.2357109720869905,0.0,0.0,0.0,1.0,3.2023440616532444,0.0,1.0,0.0,0.0,1.0,0.0,0.0,1.0,0.0,0.0,0.0,0.0,1.0,0.0,0.0,0.0,0.0,1.0,0.0,1.0,0.0,0.0
-0.10115885313749257,0.0,1.4391542605436507,0.09963874367159682,0.08504925188071055,1.1697805251007627,1.1863122018077836,0.3796721288811475,0.8459113011114247,-1.5679065665042957,1.6353197939599469,1.7623494056895375,-0.6039107501479274,3.0,1.1914379855160337,0.24198831185855807,0.5337290035828746,-1.3960855268088614,0.33809616377248186,1.0790327141187162,0.8730062991171511,0.30546750231706865,0.550226927448013,0.5913589900784001,0.5320903195901912,0.26652681734250366,0.0,0.0,0.0,1.0,-0.328329566627906,0.0,1.0,1.0,0.0,0.0,0.0,0.0,1.0,0.0,0.0,0.0,0.0,0.0,0.0,0.0,1.0,0.0,1.0,1.0,0.0,0.0,1.0
0.7748559575377005,1.0,-0.9259092673406143,-1.0109093429124179,-0.8916882501868245,0.2546249253678617,1.6291708482501361,0.3796721288811475,-0.9614863916702531,-0.6608531809232983,-0.4526968855371681,-0.6828168296701794,-0.8772324258614291,3.0,0.26623257679518353,2.5899937140505074,-0.6989208554380613,-0.6201892226844657,-1.0778621289498782,-0.32430988298461916,-0.058284890797371494,-0.8045545301156791,0.3597762157796122,0.4657721211034274,-0.4567500973473325,0.06563210334757824,0.0,0.0,0.0,1.0,-0.07093067385225985,1.0,0.0,0.0,0.0,1.0,0.0,0.0,1.0,0.0,0.0,0.0,0.0,0.0,1.0,0.0,0.0,0.0,1.0,1.0,0.0,0.0,0.0
0.008342998196906572,0.0,1.082163539353573,-0.14714972001373974,-0.8916882501868245,0.2546249253678617,1.137105685536411,0.3796721288811475,-0.05778754527941421,-0.6608531809232983,-0.20815565767656496,-0.27528912377689324,-0.6039107501479274,3.0,0.26623257679518353,-0.9320143892374165,1.0815733853699572,0.9316033855643254,-1.0778621289498782,0.6780776863749062,0.5625759024789769,-0.1129090724289151,0.47231527267457635,-0.2877490927464089,-0.4567500973473325,-1.742399228925451,0.0,0.0,0.0,1.0,-0.5171640174975249,0.0,1.0,0.0,0.0,0.0,1.0,0.0,1.0,1.0,0.0,0.0,0.0,0.0,0.0,0.0,0.0,0.0,0.0,1.0,0.0,1.0,0.0
-0.2106607044718917,1.0,-1.2382761483819322,2.197340684996958,0.08504925188071055,0.2546249253678617,0.8910731041795485,0.3796721288811475,-0.05778754527941421,1.1532535902386967,-0.11539864021219828,-0.6828168296701794,0.7626976284195812,3.0,1.1914379855160337,-0.9320143892374165,-0.15107647365097865,-0.6201892226844657,0.33809616377248186,0.6780776863749062,1.4938670923934996,-0.46588886538635693,1.4851667847292527,1.1507914064214602,1.520930736527715,0.3669727680941946,1.0,0.0,0.0,0.0,-0.6691190076465395,0.0,1.0,1.0,0.0,0.0,0.0,0.0,1.0,0.0,0.0,0.0,0.0,0.0,0.0,0.0,0.0,1.0,1.0,1.0,0.0,0.0,1.0
-0.42966440714069,0.0,0.15993750961253883,-0.14714972001373974,1.0617867539482457,1.1697805251007627,1.1863122018077836,1.7855109940078144,-0.9614863916702531,-1.5679065665042957,-1.1576502182663548,1.3548216997962514,1.036019304133083,3.0,-0.6589728319256667,0.24198831185855807,0.39676790813610396,-1.3960855268088614,0.33809616377248186,0.6780776863749062,1.4938670923934996,-0.08688432875715296,1.4851667847292527,0.2983229624701303,-0.4567500973473325,0.668311624811287,0.0,0.0,1.0,0.0,-0.5811876017434752,0.0,1.0,1.0,0.0,0.0,0.0,0.0,1.0,0.0,0.0,0.0,0.0,0.0,1.0,0.0,1.0,0.0,0.0,1.0,0.0,1.0,0.0
-0.9771736638126857,0.0,0.9383756099853472,-1.0109093429124179,0.08504925188071055,0.2546249253678617,0.7926600716368035,0.3796721288811475,-0.9614863916702531,1.1532535902386967,-1.2342450281422335,-0.6828168296701794,-1.1505541015749308,3.0,0.26623257679518353,0.24198831185855807,-0.8358819508848319,2.4833959938131165,1.754054456494842,-0.32430988298461916,-0.6791456840737199,-1.0715529321192256,-0.8781534100649921,0.8843950176866698,1.520930736527715,0.06563210334757824,0.0,0.0,1.0,0.0,-0.16344751272490987,0.0,1.0,1.0,0.0,0.0,0.0,0.0,1.0,0.0,0.0,0.0,0.0,0.0,1.0,0.0,1.0,0.0,0.0,0.0,0.0,0.0,0.0
0.22734670086570485,0.0,1.116870970580386,0.09963874367159682,-1.8684257522543597,0.2546249253678617,-0.043850704976529056,0.3796721288811475,0.8459113011114247,0.24620020465769926,-0.8993359787216488,1.7623494056895375,1.5826626555600865,4.0,0.26623257679518353,-0.9320143892374165,-0.2880375690977493,0.1557070814399298,0.33809616377248186,-0.5247873968565242,-0.058284890797371494,-0.46522293653818064,0.6073621409485332,-0.6393923258763324,0.5320903195901912,0.517638806399078,0.0,0.0,0.0,0.0,-0.038021999622391035,0.0,1.0,0.0,0.0,1.0,0.0,0.0,1.0,0.0,0.0,0.0,0.0,1.0,0.0,0.0,0.0,1.0,0.0,1.0,0.0,0.0,0.0
0.9938596602064987,0.0,0.11531366946377912,2.0739464531542895,-0.8916882501868245,-0.6605306743650393,1.5799643319787637,-1.0261667362455194,-0.05778754527941421,-0.6608531809232983,1.5252762414226755,2.1698771115828235,-0.057267398720923963,3.0,0.26623257679518353,-0.9320143892374165,-0.6989208554380613,0.1557070814399298,0.33809616377248186,-0.9257424246003343,-0.058284890797371494,0.4472084035888862,1.5977058416242167,-1.0412703065962452,-0.4567500973473325,1.2709772847514702,1.0,0.0,0.0,0.0,-0.6142572548130427,0.0,0.0,1.0,0.0,0.0,0.0,0.0,1.0,0.0,0.0,0.0,0.0,0.0,0.0,0.0,0.0,1.0,0.0,0.0,1.0,0.0,1.0
0.33684855220010396,0.0,-0.4623171502396105,-0.8875151110697495,-0.8916882501868245,0.2546249253678617,1.6291708482501361,0.3796721288811475,-0.9614863916702531,-1.5679065665042957,1.5869737121300345,0.5397662880096791,0.4893759527060795,3.0,1.1914379855160337,0.24198831185855807,-0.5619597599912906,1.707499689688721,-1.0778621289498782,-0.5247873968565242,-0.6791456840737199,0.12539174949888754,-0.8781534100649921,-0.2877490927464089,-0.4567500973473325,0.517638806399078,0.0,0.0,0.0,1.0,-0.09907897382246204,0.0,1.0,1.0,0.0,0.0,0.0,0.0,0.0,0.0,1.0,0.0,0.0,0.0,0.0,0.0,1.0,0.0,0.0,1.0,0.0,1.0,0.0
0.5558522548689022,0.0,0.8069831917695547,0.4698214391996017,0.08504925188071055,-0.6605306743650393,1.432344783164646,1.7855109940078144,-0.05778754527941421,-1.5679065665042957,-1.2110557737761418,0.9472939939029652,0.7626976284195812,3.0,0.26623257679518353,1.4159910129545328,-0.15107647365097865,-0.6201892226844657,-1.0778621289498782,-1.3266974523441444,-0.6791456840737199,-0.7675907415402167,-0.8781534100649921,-2.045965258396027,-1.4455905142848562,-1.742399228925451,0.0,1.0,0.0,1.0,-0.5524085275442487,0.0,1.0,0.0,0.0,1.0,0.0,0.0,1.0,0.0,0.0,0.0,0.0,0.0,0.0,0.0,1.0,0.0,0.0,1.0,0.0,0.0,1.0
-0.2106607044718917,0.0,0.9358965077548606,-0.8875151110697495,-0.8916882501868245,-0.6605306743650393,1.1863122018077836,0.3796721288811475,-0.05778754527941421,1.1532535902386967,1.4235246040829763,-0.27528912377689324,-0.3305890744344257,3.0,0.26623257679518353,0.24198831185855807,0.5337290035828746,2.4833959938131165,0.33809616377248186,0.07664514475919097,-0.3687152874355457,-0.6100725110601959,-0.4139298003732655,-0.5075261134526111,0.5320903195901912,1.2709880467950734,0.0,0.0,0.0,0.0,0.39455113962557004,0.0,0.0,0.0,0.0,1.0,0.0,0.0,1.0,0.0,0.0,0.0,1.0,0.0,0.0,0.0,0.0,0.0,0.0,1.0,0.0,0.0,1.0
0.11784484953130571,0.0,1.3226364557107781,-0.8875151110697495,0.08504925188071055,-1.5756862740979403,1.6783773645215088,0.3796721288811475,-0.9614863916702531,-0.6608531809232983,-1.0096606131300243,0.9472939939029652,-0.6039107501479274,3.0,1.1914379855160337,2.5899937140505074,0.2598068126893333,0.1557070814399298,0.33809616377248186,0.8785552002468112,0.2521455058408027,-1.1265207150532894,0.050293809318461155,0.7169458590533727,-0.4567500973473325,0.997045172088266,0.0,0.0,0.0,1.0,-0.2615526170328207,0.0,0.0,0.0,0.0,0.0,0.0,0.0,1.0,1.0,0.0,0.0,0.0,0.0,0.0,0.0,0.0,0.0,0.0,1.0,0.0,0.0,0.0
-0.3201625558062908,1.0,-1.409334202285511,-0.02375548817107146,1.0617867539482457,1.1697805251007627,1.333931750621901,0.3796721288811475,-0.05778754527941421,-1.5679065665042957,-1.1390988147734815,0.5397662880096791,0.4893759527060795,3.0,0.26623257679518353,0.24198831185855807,-0.014115378204207997,0.1557070814399298,-1.0778621289498782,0.07664514475919097,-0.6791456840737199,1.8910797294993578,-0.8781534100649921,0.005286934861860867,-0.4567500973473325,-1.3119153323939476,0.0,0.0,0.0,0.0,-0.46608313196336376,1.0,0.0,1.0,0.0,0.0,0.0,0.0,1.0,0.0,1.0,0.0,0.0,0.0,0.0,0.0,1.0,0.0,0.0,1.0,0.0,0.0,1.0
0.008342998196906572,1.0,-1.0721762989393266,0.09963874367159682,1.0617867539482457,1.1697805251007627,-0.3882963188761366,0.3796721288811475,-0.05778754527941421,-1.5679065665042957,-1.3099965924047996,-0.6828168296701794,-0.057267398720923963,3.0,-0.6589728319256667,-0.9320143892374165,-0.15107647365097865,0.9316033855643254,-2.4938204216722384,0.6780776863749062,-0.6791456840737199,-1.2264569214273733,-0.8781534100649921,1.1507914064214602,-1.4455905142848562,-0.8383826587741743,0.0,0.0,0.0,0.0,-0.5602143586284225,0.0,1.0,0.0,0.0,1.0,0.0,0.0,1.0,0.0,0.0,0.0,1.0,0.0,0.0,0.0,0.0,1.0,0.0,1.0,0.0,1.0,0.0
0.22734670086570485,0.0,-0.0904518156666129,1.3335810620982798,0.08504925188071055,0.2546249253678617,0.841866587908176,0.3796721288811475,-0.05778754527941421,1.1532535902386967,0.6851225286923966,-0.27528912377689324,0.7626976284195812,3.0,1.1914379855160337,0.24198831185855807,-0.5619597599912906,2.4833959938131165,0.33809616377248186,-0.9257424246003343,-0.058284890797371494,-1.1727217375131984,1.5977058416242167,-1.1668571755712178,1.520930736527715,-0.2357109720869905,1.0,0.0,0.0,1.0,-0.6760008530436661,1.0,0.0,1.0,0.0,0.0,0.0,0.0,1.0,0.0,0.0,0.0,0.0,0.0,0.0,0.0,0.0,0.0,0.0,1.0,0.0,1.0,0.0
0.6653541062033014,0.0,-1.1391120591624662,-0.02375548817107146,0.08504925188071055,-1.5756862740979403,-0.6835354165043717,0.3796721288811475,-0.9614863916702531,0.24620020465769926,1.4988545455388862,0.5397662880096791,-0.6039107501479274,3.0,0.26623257679518353,-0.9320143892374165,-0.5619597599912906,-0.6201892226844657,-1.0778621289498782,-0.7252649107284292,-0.3687152874355457,-0.7185416220876909,0.050293809318461155,-0.7273031341588134,-0.9511703058160944,0.2665217950441287,0.0,0.0,0.0,0.0,-0.6466461973604553,0.0,0.0,1.0,0.0,0.0,0.0,0.0,1.0,0.0,0.0,0.0,0.0,0.0,1.0,0.0,0.0,1.0,0.0,1.0,0.0,0.0,0.0
0.4463504035345031,0.0,-0.8812854271918545,-0.5173324155417446,0.08504925188071055,-0.6605306743650393,0.9402796204509211,1.7855109940078144,-0.05778754527941421,-0.6608531809232983,0.17102378644292188,0.1322385821163929,-0.8772324258614291,3.0,-1.584178240646517,-0.9320143892374165,-0.014115378204207997,0.1557070814399298,-2.4938204216722384,-0.7252649107284292,-0.3687152874355457,-0.2540033966541571,0.050293809318461155,-1.1668571755712178,-2.43443093122238,0.2665217950441287,0.0,0.0,0.0,0.0,-0.08707455177634642,0.0,1.0,1.0,0.0,0.0,0.0,0.0,1.0,0.0,0.0,0.0,0.0,0.0,0.0,0.0,0.0,1.0,0.0,1.0,0.0,0.0,1.0
0.4463504035345031,0.0,-0.016078748752013372,-0.6407266473844129,-1.8684257522543597,0.2546249253678617,0.743453555365431,0.3796721288811475,0.8459113011114247,0.24620020465769926,1.706855130155951,-1.0903445355634656,-0.6039107501479274,3.0,1.1914379855160337,0.24198831185855807,1.6294177671570398,0.1557070814399298,1.754054456494842,2.2818977973501466,3.3564494722225446,1.4768534415150563,1.2209446511497717,1.1774310452949392,1.520930736527715,0.17521272342515481,1.0,0.0,0.0,1.0,0.499320767897014,0.0,1.0,0.0,1.0,0.0,0.0,0.0,0.0,0.0,0.0,0.0,0.0,0.0,0.0,0.0,0.0,0.0,1.0,1.0,0.0,0.0,0.0
-0.7581699611438873,0.0,0.7177355114720353,0.09963874367159682,0.08504925188071055,-1.5756862740979403,-0.09305722124790157,0.3796721288811475,0.8459113011114247,0.24620020465769926,-1.626635320203615,2.373640964529467,-0.3305890744344257,3.0,-0.6589728319256667,-0.9320143892374165,-0.2880375690977493,0.1557070814399298,0.33809616377248186,0.07664514475919097,-0.6791456840737199,0.9438210476769423,-0.8781534100649921,0.4155373735134381,-0.9511703058160944,1.2709880467950734,0.0,0.0,0.0,0.0,-0.25235173555860346,0.0,1.0,0.0,0.0,1.0,0.0,0.0,0.0,0.0,0.0,0.0,1.0,0.0,0.0,0.0,0.0,1.0,0.0,0.0,0.0,0.0,0.0
-1.1961773664814839,1.0,0.29132992782833134,1.3335810620982798,-0.8916882501868245,1.1697805251007627,0.15297536010896096,0.3796721288811475,-0.9614863916702531,-0.6608531809232983,-1.0433904376625214,-1.0903445355634656,-1.1505541015749308,3.0,0.26623257679518353,-0.9320143892374165,-0.6989208554380613,0.1557070814399298,0.33809616377248186,-0.32430988298461916,-0.3687152874355457,-1.4308098085794705,-0.25918859714269,0.4657721211034274,0.5320903195901912,-1.1397221181677746,0.0,0.0,1.0,0.0,-0.7345150186329837,0.0,1.0,0.0,0.0,1.0,0.0,0.0,0.0,1.0,0.0,0.0,0.0,0.0,0.0,0.0,1.0,0.0,1.0,0.0,0.0,0.0,0.0
0.9938596602064987,1.0,-1.3423984420623716,1.456975293940948,-0.8916882501868245,1.1697805251007627,0.005355811294843447,0.3796721288811475,-0.05778754527941421,-0.6608531809232983,-0.48783211942518573,0.5397662880096791,1.855984331273588,4.0,1.1914379855160337,0.24198831185855807,0.2598068126893333,-0.6201892226844657,1.754054456494842,0.4776001725030011,0.2521455058408027,0.5387410335903913,0.2359832531951518,0.2145983831534821,1.520930736527715,0.6013471740137043,0.0,0.0,0.0,1.0,-0.5461025772262489,0.0,1.0,0.0,0.0,1.0,0.0,0.0,0.0,0.0,0.0,0.0,0.0,0.0,0.0,0.0,1.0,0.0,0.0,0.0,1.0,0.0,0.0
0.33684855220010396,0.0,0.9706039389816736,-1.0109093429124179,0.08504925188071055,0.2546249253678617,-0.6835354165043717,0.3796721288811475,-0.05778754527941421,1.1532535902386967,-0.7382760665789758,0.5397662880096791,0.4893759527060795,3.0,1.1914379855160337,0.24198831185855807,0.12284571724256264,0.1557070814399298,0.33809616377248186,-0.32430988298461916,-0.6791456840737199,-0.39165405890965505,-0.8781534100649921,-0.6934912848193976,1.520930736527715,0.06563210334757824,0.0,0.0,0.0,1.0,1.2239946111739928,0.0,1.0,1.0,0.0,0.0,0.0,0.0,0.0,0.0,0.0,0.0,0.0,0.0,0.0,0.0,0.0,0.0,0.0,1.0,0.0,0.0,1.0
-0.3201625558062908,0.0,0.01862868247479974,-0.14714972001373974,-0.8916882501868245,-0.6605306743650393,1.2847252343505287,1.7855109940078144,-0.05778754527941421,0.24620020465769926,1.0983128792154846,-0.6828168296701794,1.5826626555600865,4.0,0.26623257679518353,1.4159910129545328,-0.15107647365097865,1.707499689688721,0.33809616377248186,0.6780776863749062,0.5625759024789769,-0.05252159853163233,0.47231527267457635,1.1507914064214602,0.037670111121429345,0.668311624811287,1.0,0.0,0.0,0.0,-0.32895675691244713,0.0,1.0,0.0,0.0,0.0,0.0,1.0,1.0,0.0,0.0,0.0,0.0,0.0,0.0,0.0,1.0,0.0,0.0,1.0,0.0,0.0,1.0
2.3078818762192883,0.0,-1.1217583435490597,-0.8875151110697495,0.08504925188071055,-0.6605306743650393,-0.6835354165043717,0.3796721288811475,1.7496101475022634,-0.6608531809232983,1.1614157592783643,0.5397662880096791,1.855984331273588,4.0,1.1914379855160337,0.24198831185855807,2.3827037921142784,-2.171981830933257,-1.0778621289498782,1.8809427696063366,3.666879868860719,-0.15048325560136347,2.1802609596687366,-0.5653621715331908,-0.4567500973473325,-0.04736752425555362,1.0,0.0,0.0,1.0,2.57376768658336,0.0,0.0,0.0,0.0,1.0,0.0,0.0,1.0,0.0,0.0,1.0,0.0,0.0,0.0,0.0,0.0,0.0,0.0,0.0,1.0,0.0,0.0
-0.2106607044718917,0.0,-1.5308102115793571,1.7037637576262845,1.0617867539482457,-0.6605306743650393,1.235518718079156,-2.432005601372186,-0.9614863916702531,0.24620020465769926,-0.6488920315678588,-1.0903445355634656,0.21605427699257776,3.0,-0.6589728319256667,0.24198831185855807,-0.6989208554380613,-0.6201892226844657,1.754054456494842,-0.32430988298461916,-0.6791456840737199,-0.47721989222803773,-0.8781534100649921,0.4657721211034274,0.037670111121429345,0.6683092141052549,0.0,0.0,0.0,0.0,-0.728043422880906,0.0,1.0,0.0,0.0,1.0,0.0,0.0,1.0,0.0,1.0,0.0,0.0,0.0,0.0,0.0,1.0,0.0,0.0,1.0,0.0,0.0,0.0
1.103361511540898,0.0,0.49213720849775006,-0.6407266473844129,0.08504925188071055,0.2546249253678617,1.2847252343505287,-1.0261667362455194,0.8459113011114247,-0.6608531809232983,0.6967874263432186,2.1698771115828235,-0.8772324258614291,3.0,0.26623257679518353,0.24198831185855807,2.314223244390893,0.9316033855643254,0.33809616377248186,2.2818977973501466,3.666879868860719,1.2088384894487565,1.382413732781677,0.6216730618999451,0.037670111121429345,-0.23570412350711775,0.0,0.0,0.0,1.0,0.4851638287943534,0.0,1.0,1.0,0.0,0.0,0.0,0.0,0.0,0.0,0.0,0.0,1.0,0.0,0.0,0.0,0.0,0.0,1.0,0.0,1.0,0.0,0.0
0.33684855220010396,0.0,-0.1301174513543993,0.3464272073569334,0.08504925188071055,-0.6605306743650393,-0.9295679978612341,0.3796721288811475,-0.05778754527941421,-1.5679065665042957,-0.5010429673670804,-0.27528912377689324,-0.8772324258614291,3.0,-0.6589728319256667,0.24198831185855807,0.5337290035828746,0.1557070814399298,0.33809616377248186,0.07664514475919097,1.4938670923934996,-1.187868673916947,2.3714118577770944,-0.5075261134526111,-1.4455905142848562,-0.020463642799437232,0.0,1.0,0.0,1.0,-0.5855764863730674,0.0,1.0,1.0,0.0,0.0,0.0,0.0,0.0,0.0,0.0,0.0,0.0,0.0,0.0,0.0,0.0,0.0,0.0,1.0,0.0,1.0,0.0
1.869874470881692,0.0,-0.9209510628796409,-0.270543951856408,1.0617867539482457,1.1697805251007627,0.10376884383758846,0.3796721288811475,-0.05778754527941421,1.1532535902386967,0.19435358174456563,0.5397662880096791,-0.057267398720923963,3.0,-0.6589728319256667,0.24198831185855807,0.39676790813610396,-0.6201892226844657,-1.0778621289498782,0.07664514475919097,-0.3687152874355457,3.238052147199764,-0.4139298003732655,-0.40496350378971674,0.5320903195901912,-1.3119153323939476,0.0,0.0,0.0,1.0,-0.26605427530011405,0.0,1.0,0.0,0.0,1.0,0.0,0.0,0.0,0.0,0.0,0.0,0.0,0.0,1.0,0.0,1.0,0.0,0.0,0.0,1.0,0.0,1.0
-0.6486681098094882,0.0,0.7995458850780948,-0.270543951856408,1.0617867539482457,-1.5756862740979403,0.10376884383758846,0.3796721288811475,0.8459113011114247,-1.5679065665042957,-0.8483196191162472,-0.27528912377689324,-0.3305890744344257,3.0,1.1914379855160337,1.4159910129545328,-0.2880375690977493,0.1557070814399298,0.33809616377248186,-0.7252649107284292,-0.058284890797371494,1.1372718125573211,0.9787410287019146,-0.9910355590062562,-0.9511703058160944,0.2665217950441287,1.0,0.0,0.0,0.0,-0.05005229326774402,1.0,0.0,0.0,1.0,0.0,0.0,0.0,0.0,0.0,0.0,0.0,0.0,0.0,0.0,0.0,1.0,0.0,0.0,1.0,0.0,0.0,0.0
-0.9771736638126857,0.0,1.0276232902828666,-1.0109093429124179,0.08504925188071055,0.2546249253678617,0.05456232756621595,0.3796721288811475,-0.9614863916702531,-1.5679065665042957,-0.22403678339394897,-0.6828168296701794,2.675949358414093,4.0,0.26623257679518353,0.24198831185855807,-1.1098041417783733,0.1557070814399298,0.33809616377248186,-0.7252649107284292,-0.3687152874355457,0.3145092420401251,0.050293809318461155,0.5913589900784001,-0.4567500973473325,0.2665217950441287,0.0,0.0,0.0,0.0,0.316832855516666,0.0,1.0,0.0,0.0,1.0,0.0,0.0,0.0,0.0,0.0,0.0,0.0,0.0,1.0,0.0,1.0,0.0,0.0,0.0,0.0,1.0,0.0
0.11784484953130571,0.0,-0.19705321157753888,-0.8875151110697495,1.0617867539482457,-0.6605306743650393,0.5466274902799411,-2.432005601372186,-0.05778754527941421,1.1532535902386967,-1.4151212121977486,-0.27528912377689324,1.3093409798465847,4.0,-1.584178240646517,1.4159910129545328,1.2185344808167278,0.9316033855643254,-1.0778621289498782,-0.5247873968565242,-0.6791456840737199,3.0720449138585457,-0.8781534100649921,-1.3761686238628392,-0.9511703058160944,-0.23570720537576498,1.0,0.0,0.0,1.0,0.3206618522037891,0.0,1.0,0.0,1.0,0.0,0.0,0.0,0.0,0.0,0.0,0.0,0.0,0.0,0.0,1.0,1.0,0.0,1.0,1.0,0.0,0.0,1.0
-1.1961773664814839,0.0,-0.5713976483810231,0.09963874367159682,0.08504925188071055,0.2546249253678617,-0.9787745141326066,0.3796721288811475,-0.05778754527941421,1.1532535902386967,-0.7291409057680912,-0.6828168296701794,-0.6039107501479274,3.0,-1.584178240646517,-0.9320143892374165,-0.8358819508848319,0.9316033855643254,0.33809616377248186,-0.32430988298461916,-0.3687152874355457,-0.9392069630323855,-0.25918859714269,0.8843950176866698,0.037670111121429345,0.06563210334757824,1.0,0.0,0.0,0.0,-0.5336277624667275,0.0,1.0,0.0,0.0,1.0,0.0,0.0,1.0,0.0,0.0,0.0,0.0,0.0,0.0,0.0,0.0,1.0,0.0,0.0,0.0,1.0,0.0
2.3078818762192883,0.0,1.02514418805238,0.7166099028849382,1.0617867539482457,-1.5756862740979403,1.038692652993666,0.3796721288811475,1.7496101475022634,0.24620020465769926,1.027480247697241,-0.27528912377689324,-0.3305890744344257,3.0,-0.6589728319256667,-0.9320143892374165,1.6294177671570398,0.1557070814399298,0.33809616377248186,-0.9257424246003343,-0.058284890797371494,-0.04463844447607097,1.5977058416242167,-1.7529292307877573,-0.9511703058160944,1.2709772847514702,0.0,0.0,0.0,1.0,-0.1853736930785371,1.0,0.0,1.0,0.0,0.0,0.0,0.0,1.0,0.0,0.0,0.0,0.0,1.0,0.0,0.0,1.0,0.0,1.0,0.0,1.0,0.0,0.0
-2.072192177156677,0.0,1.55815116760701,0.59321567104227,0.08504925188071055,-0.6605306743650393,-1.6184592256604493,0.3796721288811475,-0.9614863916702531,0.24620020465769926,-0.8847197214242335,-0.6828168296701794,0.21605427699257776,3.0,0.26623257679518353,-0.9320143892374165,-1.520687428118685,0.9316033855643254,-2.4938204216722384,-1.3266974523441444,-0.6791456840737199,-1.546415861857077,-0.8781534100649921,-2.045965258396027,-0.9511703058160944,-1.742399228925451,0.0,0.0,0.0,0.0,-0.735354736825372,0.0,0.0,0.0,0.0,1.0,0.0,0.0,0.0,0.0,0.0,0.0,0.0,0.0,1.0,0.0,0.0,1.0,0.0,0.0,0.0,0.0,0.0
-0.6486681098094882,1.0,-1.09944642347468,1.0867925984129432,2.038524256015781,1.1697805251007627,1.137105685536411,1.7855109940078144,-0.9614863916702531,-1.5679065665042957,1.0093504670110238,-1.0903445355634656,0.4893759527060795,3.0,0.26623257679518353,-0.9320143892374165,-1.2467652372251439,0.9316033855643254,0.33809616377248186,-1.1262199384722393,-0.6791456840737199,-0.8770584852255189,-0.8781534100649921,-0.8738211479629483,0.037670111121429345,-1.742399228925451,0.0,1.0,1.0,0.0,-0.7014242705919409,0.0,1.0,0.0,0.0,0.0,0.0,0.0,1.0,1.0,0.0,0.0,0.0,0.0,0.0,0.0,1.0,0.0,0.0,1.0,0.0,1.0,0.0
-0.8676718124782865,1.0,-1.1217583435490597,0.4698214391996017,0.08504925188071055,-1.5756862740979403,-0.4867093514188816,-1.0261667362455194,-0.9614863916702531,-1.5679065665042957,-1.5678892091428493,0.5397662880096791,-0.057267398720923963,3.0,1.1914379855160337,2.5899937140505074,-0.9728430463316026,0.1557070814399298,0.33809616377248186,-0.9257424246003343,-0.058284890797371494,-1.3026520146844347,1.5977058416242167,-0.6393923258763324,-0.9511703058160944,1.2709772847514702,0.0,1.0,1.0,0.0,-0.6944657830136151,0.0,1.0,0.0,0.0,0.0,0.0,0.0,1.0,1.0,0.0,0.0,0.0,0.0,0.0,0.0,0.0,0.0,1.0,0.0,0.0,0.0,0.0
0.8843578088720997,0.0,-0.5292529104627501,-0.8875151110697495,1.0617867539482457,0.2546249253678617,0.05456232756621595,0.3796721288811475,-0.05778754527941421,0.24620020465769926,0.7521605549507344,0.5397662880096791,1.855984331273588,4.0,-0.6589728319256667,1.4159910129545328,-0.15107647365097865,0.1557070814399298,1.754054456494842,0.27712265863109603,0.8730062991171511,-0.742165770921107,1.1850626330093488,0.5114400734579629,0.5320903195901912,0.8943151081711811,1.0,0.0,0.0,1.0,0.26871168093525405,0.0,0.0,1.0,0.0,0.0,0.0,0.0,0.0,0.0,0.0,0.0,0.0,0.0,0.0,0.0,1.0,0.0,0.0,1.0,0.0,0.0,1.0
-0.10115885313749257,0.0,-0.9234301651101275,-0.8875151110697495,1.0617867539482457,1.1697805251007627,0.349801425194451,0.3796721288811475,-0.05778754527941421,-0.6608531809232983,0.7392307888799439,0.5397662880096791,1.855984331273588,4.0,1.1914379855160337,0.24198831185855807,0.5337290035828746,-0.6201892226844657,0.33809616377248186,-1.1262199384722393,-0.6791456840737199,3.3348166687312504,-0.8781534100649921,-1.8261882376898246,1.026510528058953,-1.742399228925451,0.0,0.0,0.0,1.0,0.642918492303825,0.0,1.0,0.0,0.0,0.0,1.0,0.0,0.0,0.0,0.0,0.0,0.0,0.0,1.0,0.0,1.0,0.0,1.0,1.0,0.0,0.0,1.0
0.6653541062033014,0.0,1.5358392475326301,-0.8875151110697495,1.0617867539482457,-1.5756862740979403,1.2847252343505287,0.3796721288811475,-0.05778754527941421,1.1532535902386967,0.6932739029544167,-0.6828168296701794,1.3093409798465847,4.0,0.26623257679518353,0.24198831185855807,-0.5619597599912906,1.707499689688721,0.33809616377248186,0.07664514475919097,1.4938670923934996,-0.52374351328286,2.3714118577770944,1.0309130314908046,0.037670111121429345,1.2709880467950734,1.0,0.0,0.0,1.0,0.37654450655639654,1.0,0.0,1.0,0.0,0.0,0.0,0.0,1.0,0.0,0.0,0.0,0.0,0.0,0.0,0.0,1.0,0.0,0.0,1.0,0.0,0.0,1.0
-1.0866755151470848,0.0,1.2259514687217987,-0.5173324155417446,-0.8916882501868245,1.1697805251007627,-0.6343289002329991,0.3796721288811475,-0.9614863916702531,1.1532535902386967,0.7747876455746178,-1.0903445355634656,-0.3305890744344257,3.0,0.26623257679518353,-0.9320143892374165,-0.6989208554380613,0.1557070814399298,-1.0778621289498782,-0.32430988298461916,-0.6791456840737199,-0.7695582779467545,-0.8781534100649921,0.4657721211034274,1.026510528058953,0.6683092141052549,0.0,0.0,1.0,0.0,-0.5518319604755314,1.0,0.0,1.0,0.0,0.0,0.0,0.0,0.0,0.0,1.0,0.0,0.0,0.0,0.0,0.0,0.0,1.0,1.0,0.0,0.0,0.0,0.0
-0.8676718124782865,0.0,-0.5664394439200499,1.3335810620982798,-1.8684257522543597,1.1697805251007627,-1.2740136117608418,0.3796721288811475,-0.9614863916702531,1.1532535902386967,-1.0273687710095853,-0.6828168296701794,-0.6039107501479274,3.0,-0.6589728319256667,-0.9320143892374165,-0.014115378204207997,0.1557070814399298,1.754054456494842,0.8785552002468112,0.2521455058408027,0.5154751782953346,0.050293809318461155,1.1774310452949392,1.520930736527715,0.4491562918855226,0.0,0.0,0.0,0.0,-0.6853146287691007,1.0,0.0,0.0,0.0,1.0,0.0,0.0,1.0,0.0,1.0,0.0,0.0,0.0,0.0,0.0,1.0,0.0,0.0,0.0,0.0,1.0,0.0
-0.5391662584750891,0.0,1.2780126155620184,0.09963874367159682,1.0617867539482457,1.1697805251007627,0.645040522822686,0.3796721288811475,-0.05778754527941421,1.1532535902386967,1.653027951839508,2.1698771115828235,-0.6039107501479274,3.0,0.26623257679518353,-0.9320143892374165,-0.9728430463316026,-0.6201892226844657,1.754054456494842,-1.3266974523441444,-0.6791456840737199,-0.9542994798749513,-0.8781534100649921,-2.045965258396027,2.015350944996477,-1.742399228925451,1.0,0.0,0.0,0.0,-0.5356598589886404,1.0,0.0,0.0,1.0,0.0,0.0,0.0,1.0,0.0,0.0,0.0,0.0,0.0,0.0,0.0,0.0,1.0,0.0,1.0,0.0,1.0,0.0
0.5558522548689022,0.0,-1.1093628323966265,0.09963874367159682,1.0617867539482457,0.2546249253678617,-1.3724266443035866,0.3796721288811475,-0.9614863916702531,0.24620020465769926,-1.145704238744429,0.1322385821163929,1.855984331273588,4.0,-0.6589728319256667,1.4159910129545328,-0.15107647365097865,-1.3960855268088614,-1.0778621289498782,-0.12383236911271409,0.2521455058408027,-0.2723496616925026,0.7134703945923563,-0.1279112595055347,-0.4567500973473325,-0.23570594980117132,0.0,0.0,0.0,1.0,-0.6322973380307251,0.0,0.0,0.0,0.0,0.0,0.0,1.0,1.0,0.0,0.0,0.0,0.0,0.0,1.0,0.0,1.0,0.0,0.0,1.0,0.0,1.0,0.0
1.103361511540898,0.0,-1.4762699625086508,-0.02375548817107146,1.0617867539482457,-0.6605306743650393,-0.09305722124790157,0.3796721288811475,-0.9614863916702531,0.24620020465769926,-1.251109940408482,0.5397662880096791,-0.8772324258614291,3.0,0.26623257679518353,-0.9320143892374165,-0.5619597599912906,-0.6201892226844657,0.33809616377248186,-0.9257424246003343,-0.058284890797371494,-1.0152660009127925,1.5977058416242167,-1.1668571755712178,0.037670111121429345,1.2709772847514702,0.0,0.0,0.0,0.0,-0.66732277947092,0.0,1.0,1.0,0.0,0.0,0.0,0.0,0.0,0.0,1.0,0.0,0.0,0.0,0.0,0.0,0.0,1.0,0.0,0.0,1.0,0.0,0.0
0.9938596602064987,0.0,-0.23919794949581194,-0.8875151110697495,-0.8916882501868245,1.1697805251007627,0.7926600716368035,0.3796721288811475,0.8459113011114247,1.1532535902386967,0.7976958180696053,0.1322385821163929,-0.3305890744344257,3.0,0.26623257679518353,0.24198831185855807,0.12284571724256264,0.9316033855643254,-1.0778621289498782,0.4776001725030011,0.5625759024789769,0.5104817172122192,0.6073621409485332,0.3884878940419056,1.026510528058953,0.9361680887192979,0.0,0.0,0.0,1.0,0.9773865272438754,0.0,1.0,1.0,0.0,0.0,0.0,0.0,1.0,0.0,0.0,0.0,1.0,0.0,0.0,0.0,0.0,0.0,0.0,0.0,1.0,0.0,0.0
-0.9771736638126857,0.0,-1.2952954996831252,-1.0109093429124179,-0.8916882501868245,0.2546249253678617,-1.1263940629467242,0.3796721288811475,-0.9614863916702531,1.1532535902386967,-0.5367403649973064,-0.6828168296701794,-0.057267398720923963,3.0,-0.6589728319256667,0.24198831185855807,-1.1098041417783733,-0.6201892226844657,0.33809616377248186,-0.7252649107284292,-0.058284890797371494,-1.0483924342830535,0.9787410287019146,0.5913589900784001,0.5320903195901912,0.2665217950441287,0.0,0.0,1.0,0.0,0.04207647161634625,0.0,0.0,1.0,0.0,0.0,0.0,0.0,1.0,1.0,0.0,0.0,0.0,0.0,0.0,0.0,0.0,0.0,0.0,0.0,0.0,0.0,0.0
-0.8676718124782865,0.0,-0.18961590488607893,2.4441291486822943,-1.8684257522543597,1.1697805251007627,1.333931750621901,-2.432005601372186,-0.05778754527941421,0.24620020465769926,0.9598800576966949,2.1698771115828235,0.4893759527060795,3.0,1.1914379855160337,1.4159910129545328,-0.014115378204207997,0.1557070814399298,0.33809616377248186,0.07664514475919097,-0.3687152874355457,-0.4413933738423139,-0.4139298003732655,0.005286934861860867,1.520930736527715,-1.742399228925451,0.0,0.0,0.0,0.0,-0.66589466719302,0.0,1.0,1.0,0.0,0.0,0.0,0.0,1.0,0.0,0.0,0.0,0.0,0.0,0.0,0.0,0.0,0.0,0.0,0.0,0.0,0.0,1.0
0.5558522548689022,0.0,0.8416906229963679,-0.14714972001373974,0.08504925188071055,1.1697805251007627,0.743453555365431,0.3796721288811475,-0.9614863916702531,0.24620020465769926,-0.09684723671932495,0.5397662880096791,-0.6039107501479274,3.0,1.1914379855160337,-0.9320143892374165,-0.42499866454451996,0.1557070814399298,0.33809616377248186,-1.3266974523441444,-0.6791456840737199,0.655367166553371,-0.8781534100649921,-2.045965258396027,1.520930736527715,-1.742399228925451,0.0,0.0,0.0,0.0,-0.5242700834213749,0.0,1.0,1.0,0.0,0.0,0.0,0.0,1.0,0.0,1.0,0.0,0.0,0.0,0.0,0.0,0.0,1.0,0.0,1.0,0.0,1.0,0.0
-0.5391662584750891,1.0,-0.963095800797914,-0.8875151110697495,1.0617867539482457,0.2546249253678617,0.7926600716368035,-1.0261667362455194,-0.05778754527941421,-0.6608531809232983,1.6686279956857877,1.7623494056895375,-0.8772324258614291,3.0,0.26623257679518353,-0.9320143892374165,-0.5619597599912906,0.1557070814399298,-1.0778621289498782,-0.9257424246003343,-0.058284890797371494,1.250465688876566,1.5977058416242167,-1.1668571755712178,-0.4567500973473325,1.2709772847514702,1.0,0.0,0.0,0.0,1.2524533703350431,0.0,1.0,0.0,1.0,0.0,0.0,0.0,1.0,0.0,0.0,0.0,0.0,0.0,0.0,0.0,0.0,1.0,1.0,1.0,0.0,0.0,0.0
0.9938596602064987,0.0,1.280491717792505,-0.7641208792270812,0.08504925188071055,-1.5756862740979403,-1.0279810304039791,1.7855109940078144,1.7496101475022634,-1.5679065665042957,-0.9239306424432613,-0.27528912377689324,-0.8772324258614291,3.0,1.1914379855160337,0.24198831185855807,1.903339958050581,1.707499689688721,0.33809616377248186,2.2818977973501466,-0.058284890797371494,2.6414926578664,-0.5067745223116108,0.5237352913995684,-0.9511703058160944,0.9537918188430146,1.0,0.0,0.0,1.0,1.254885300663351,0.0,1.0,0.0,0.0,0.0,0.0,1.0,0.0,0.0,0.0,0.0,0.0,0.0,0.0,0.0,0.0,0.0,0.0,0.0,1.0,0.0,0.0
-1.0866755151470848,0.0,-0.18465770042510563,1.7037637576262845,-1.8684257522543597,-0.6605306743650393,-1.4708396768463317,-1.0261667362455194,-0.05778754527941421,0.24620020465769926,-1.0252606569763043,-0.6828168296701794,1.5826626555600865,4.0,1.1914379855160337,0.24198831185855807,-0.2880375690977493,1.707499689688721,0.33809616377248186,0.4776001725030011,0.8730062991171511,1.0103810907760746,0.9787410287019146,1.1188238397732855,0.5320903195901912,0.9361680887192979,1.0,0.0,0.0,0.0,-0.7064406375177452,0.0,1.0,0.0,0.0,1.0,0.0,0.0,0.0,0.0,0.0,0.0,0.0,0.0,0.0,1.0,1.0,0.0,0.0,0.0,0.0,1.0,0.0
-0.8676718124782865,0.0,-1.1168001390880864,-0.3939381836990763,-1.8684257522543597,1.1697805251007627,1.038692652993666,-1.0261667362455194,-0.9614863916702531,-0.6608531809232983,0.15753185662992308,-0.6828168296701794,-1.1505541015749308,3.0,1.1914379855160337,-0.9320143892374165,-1.3837263326719145,0.1557070814399298,0.33809616377248186,-1.1262199384722393,-0.6791456840737199,-0.9812295262524999,-0.8781534100649921,-0.2877490927464089,1.026510528058953,-1.742399228925451,0.0,0.0,1.0,0.0,-0.5493039356357705,0.0,1.0,0.0,0.0,1.0,0.0,0.0,1.0,1.0,0.0,0.0,0.0,0.0,0.0,0.0,1.0,0.0,0.0,0.0,0.0,0.0,0.0
0.6653541062033014,0.0,0.0508570114711262,-0.3939381836990763,0.08504925188071055,-1.5756862740979403,0.743453555365431,-1.0261667362455194,2.6533089938931025,0.24620020465769926,1.1560752037273856,1.7623494056895375,-0.6039107501479274,3.0,1.1914379855160337,-0.9320143892374165,1.3554955762634984,-0.6201892226844657,0.33809616377248186,1.8809427696063366,1.1834366957553253,0.37344276134128296,0.4325956055351773,0.5114400734579629,0.037670111121429345,0.5176430439677455,0.0,0.0,0.0,1.0,0.9220952237309781,0.0,1.0,0.0,0.0,1.0,0.0,0.0,0.0,0.0,0.0,1.0,0.0,0.0,0.0,0.0,1.0,0.0,0.0,1.0,0.0,0.0,0.0
1.2128633628752972,0.0,1.0449770058962733,0.09963874367159682,0.08504925188071055,1.1697805251007627,1.235518718079156,-1.0261667362455194,2.6533089938931025,-0.6608531809232983,-0.10260941507695985,0.5397662880096791,-0.8772324258614291,3.0,1.1914379855160337,-0.9320143892374165,2.3827037921142784,0.1557070814399298,0.33809616377248186,2.2818977973501466,3.0460190755843706,0.6574823735251606,1.059475569517867,0.532751784556746,1.026510528058953,-0.37267640581787537,0.0,0.0,0.0,1.0,0.3120066262771226,0.0,1.0,1.0,0.0,0.0,0.0,0.0,1.0,0.0,0.0,0.0,0.0,1.0,0.0,0.0,1.0,0.0,0.0,0.0,1.0,0.0,0.0
-0.8676718124782865,1.0,-0.8515362004260147,1.827157989468953,-0.8916882501868245,1.1697805251007627,0.349801425194451,-1.0261667362455194,-0.9614863916702531,1.1532535902386967,0.061823479518962915,-0.6828168296701794,2.4026276827005915,4.0,-0.6589728319256667,-0.9320143892374165,-1.3837263326719145,0.1557070814399298,-1.0778621289498782,-1.1262199384722393,-0.3687152874355457,-0.7176456542957328,0.9787410287019146,-0.2877490927464089,0.5320903195901912,-1.742399228925451,0.0,0.0,1.0,0.0,-0.7374493014996254,1.0,0.0,1.0,0.0,0.0,0.0,0.0,1.0,0.0,0.0,0.0,0.0,0.0,1.0,0.0,0.0,1.0,1.0,0.0,0.0,0.0,0.0
0.9938596602064987,1.0,1.1193500728108727,0.09963874367159682,0.08504925188071055,0.2546249253678617,-0.09305722124790157,0.3796721288811475,0.8459113011114247,-0.6608531809232983,-0.042457894660673574,0.9472939939029652,1.5826626555600865,4.0,0.26623257679518353,2.5899937140505074,0.39676790813610396,-0.6201892226844657,0.33809616377248186,0.27712265863109603,-0.6791456840737199,0.1633852396328532,-0.8781534100649921,-0.1705346817031011,0.037670111121429345,0.8943151081711811,1.0,0.0,0.0,1.0,-0.3851718221158613,0.0,1.0,1.0,0.0,0.0,0.0,0.0,0.0,0.0,0.0,0.0,0.0,0.0,0.0,0.0,1.0,0.0,0.0,0.0,1.0,0.0,1.0
-1.0866755151470848,0.0,0.8144204984610147,0.7166099028849382,0.08504925188071055,1.1697805251007627,0.5466274902799411,-1.0261667362455194,-0.9614863916702531,-1.5679065665042957,1.339481124622838,-1.0903445355634656,1.036019304133083,3.0,1.1914379855160337,0.24198831185855807,-0.42499866454451996,-0.6201892226844657,-1.0778621289498782,0.07664514475919097,1.4938670923934996,1.3744391399266878,2.3714118577770944,0.6890376659478233,0.037670111121429345,0.8405041502635701,0.0,1.0,0.0,0.0,-0.6127595766794158,1.0,0.0,1.0,0.0,0.0,0.0,0.0,0.0,0.0,0.0,0.0,0.0,0.0,1.0,0.0,1.0,0.0,0.0,0.0,0.0,1.0,0.0
0.22734670086570485,0.0,0.08060623823696601,1.2101868302556114,1.0617867539482457,1.1697805251007627,-1.2248070954894692,0.3796721288811475,-0.05778754527941421,1.1532535902386967,-1.289055993007541,2.1698771115828235,-0.3305890744344257,3.0,-0.6589728319256667,2.5899937140505074,-0.5619597599912906,-0.6201892226844657,0.33809616377248186,-0.9257424246003343,-0.058284890797371494,0.5931552253391282,1.5977058416242167,-1.1668571755712178,1.026510528058953,1.2709772847514702,0.0,0.0,0.0,1.0,-0.6768849225490329,0.0,1.0,0.0,0.0,0.0,1.0,0.0,1.0,0.0,0.0,0.0,0.0,0.0,1.0,0.0,0.0,0.0,0.0,1.0,0.0,1.0,0.0
1.979376322216091,0.0,0.08308534046745267,-0.8875151110697495,1.0617867539482457,-0.6605306743650393,1.5799643319787637,-1.0261667362455194,-0.9614863916702531,1.1532535902386967,-0.8907629816529725,2.1698771115828235,1.3093409798465847,4.0,-0.6589728319256667,0.24198831185855807,1.0815733853699572,-0.6201892226844657,1.754054456494842,-0.32430988298461916,-0.6791456840737199,-0.517844836689052,-0.8781534100649921,-1.1668571755712178,0.5320903195901912,-0.5370450074100981,0.0,0.0,0.0,1.0,-0.24706452145992241,0.0,1.0,0.0,0.0,0.0,0.0,1.0,1.0,0.0,0.0,0.0,0.0,0.0,1.0,0.0,1.0,0.0,0.0,0.0,1.0,0.0,0.0
-0.9771736638126857,0.0,0.9160636899109673,-0.7641208792270812,0.08504925188071055,-0.6605306743650393,0.5958340065513135,0.3796721288811475,-0.9614863916702531,-0.6608531809232983,-1.4926998086224916,-0.6828168296701794,1.036019304133083,3.0,1.1914379855160337,0.24198831185855807,-1.3837263326719145,0.1557070814399298,0.33809616377248186,-1.1262199384722393,-0.6791456840737199,0.2542534473506531,-0.8781534100649921,-0.2877490927464089,0.037670111121429345,-1.742399228925451,1.0,0.0,1.0,0.0,-0.3546903742871663,0.0,1.0,0.0,0.0,1.0,0.0,0.0,0.0,0.0,0.0,0.0,0.0,0.0,0.0,1.0,1.0,0.0,0.0,0.0,0.0,0.0,0.0
-0.7581699611438873,1.0,0.35330748359049763,-0.02375548817107146,0.08504925188071055,-0.6605306743650393,1.137105685536411,0.3796721288811475,-0.9614863916702531,1.1532535902386967,0.23974830392788446,-0.6828168296701794,-0.6039107501479274,3.0,0.26623257679518353,-0.9320143892374165,-1.3837263326719145,0.1557070814399298,-1.0778621289498782,-1.1262199384722393,-0.6791456840737199,-1.7079198963337363,-0.8781534100649921,-0.2877490927464089,0.037670111121429345,-1.742399228925451,1.0,0.0,1.0,0.0,-0.7309048217565534,0.0,1.0,0.0,0.0,1.0,0.0,0.0,1.0,0.0,0.0,0.0,0.0,0.0,0.0,1.0,0.0,1.0,0.0,0.0,0.0,0.0,0.0
-1.6341847718190805,1.0,-1.020115152099107,-0.270543951856408,-1.8684257522543597,1.1697805251007627,0.448214457737196,0.3796721288811475,-0.9614863916702531,-0.6608531809232983,1.655417147743893,-0.6828168296701794,2.1293060069870897,4.0,-1.584178240646517,-0.9320143892374165,-1.3837263326719145,-0.6201892226844657,0.33809616377248186,-1.1262199384722393,-0.6791456840737199,-0.6880787171611118,-0.8781534100649921,-0.2877490927464089,-0.4567500973473325,-1.742399228925451,0.0,0.0,0.0,0.0,-0.6061623188738997,0.0,1.0,1.0,0.0,0.0,0.0,0.0,1.0,0.0,0.0,0.0,0.0,0.0,1.0,0.0,0.0,1.0,1.0,0.0,0.0,0.0,0.0
-0.10115885313749257,0.0,1.1490992995767126,0.09963874367159682,1.0617867539482457,-0.6605306743650393,-0.14226373751927407,-1.0261667362455194,-0.05778754527941421,0.24620020465769926,-1.159898873235188,-0.6828168296701794,-0.6039107501479274,3.0,-1.584178240646517,0.24198831185855807,-0.15107647365097865,0.9316033855643254,0.33809616377248186,0.6780776863749062,-0.3687152874355457,-0.5245819864407802,-0.5405362393801,1.1507914064214602,-0.9511703058160944,0.9696504815283791,1.0,0.0,0.0,1.0,-0.47780155523972867,0.0,1.0,0.0,0.0,0.0,0.0,1.0,0.0,0.0,0.0,0.0,0.0,0.0,0.0,0.0,1.0,0.0,1.0,1.0,0.0,0.0,1.0
-0.6486681098094882,0.0,-1.218443330538039,1.3335810620982798,0.08504925188071055,-0.6605306743650393,1.137105685536411,0.3796721288811475,-0.05778754527941421,0.24620020465769926,0.6058574410410288,-0.6828168296701794,-1.1505541015749308,3.0,-1.584178240646517,0.24198831185855807,-0.15107647365097865,-0.6201892226844657,0.33809616377248186,0.6780776863749062,-0.6791456840737199,0.8607214313680521,-0.8781534100649921,1.1507914064214602,-0.9511703058160944,0.668311624811287,0.0,0.0,0.0,0.0,-0.6739311251046807,0.0,1.0,1.0,0.0,0.0,0.0,0.0,1.0,0.0,1.0,0.0,0.0,0.0,0.0,0.0,0.0,0.0,0.0,1.0,0.0,1.0,0.0
-0.3201625558062908,0.0,1.6796271769008557,-0.6407266473844129,0.08504925188071055,0.2546249253678617,-0.09305722124790157,0.3796721288811475,0.8459113011114247,1.1532535902386967,1.4238056859540804,-0.27528912377689324,-0.6039107501479274,3.0,1.1914379855160337,2.5899937140505074,-0.2880375690977493,0.1557070814399298,0.33809616377248186,-0.32430988298461916,-0.3687152874355457,1.1691337925582934,-0.25918859714269,-0.2877490927464089,1.520930736527715,0.06563210334757824,1.0,0.0,0.0,0.0,0.40816994946409424,0.0,1.0,1.0,0.0,0.0,0.0,0.0,1.0,0.0,0.0,0.0,0.0,0.0,0.0,0.0,1.0,0.0,1.0,1.0,0.0,0.0,0.0
-0.8676718124782865,0.0,-0.5218156037712901,-0.270543951856408,0.08504925188071055,1.1697805251007627,-0.3390898026047641,0.3796721288811475,-0.9614863916702531,-1.5679065665042957,0.7126685520606025,0.1322385821163929,-0.3305890744344257,3.0,-0.6589728319256667,-0.9320143892374165,-0.014115378204207997,-0.6201892226844657,0.33809616377248186,-0.7252649107284292,-0.3687152874355457,-1.0538259720352,0.050293809318461155,-1.1668571755712178,-0.4567500973473325,0.2665217950441287,0.0,0.0,1.0,0.0,-0.6379843859358011,0.0,1.0,1.0,0.0,0.0,0.0,0.0,1.0,0.0,1.0,0.0,0.0,0.0,0.0,0.0,0.0,1.0,0.0,0.0,0.0,0.0,0.0
0.008342998196906572,0.0,-0.04830707774833983,-0.270543951856408,1.0617867539482457,1.1697805251007627,0.5958340065513135,0.3796721288811475,-0.05778754527941421,-1.5679065665042957,-0.1019067103991995,0.9472939939029652,1.855984331273588,4.0,0.26623257679518353,0.24198831185855807,0.6706900990296453,-0.6201892226844657,0.33809616377248186,-0.32430988298461916,-0.6791456840737199,0.9354149218671645,-0.8781534100649921,-1.0117204550727221,0.037670111121429345,0.06563210334757824,0.0,0.0,0.0,1.0,-0.4655243054198377,0.0,1.0,0.0,0.0,1.0,0.0,0.0,1.0,0.0,0.0,0.0,0.0,0.0,1.0,0.0,1.0,0.0,1.0,1.0,0.0,1.0,0.0
-0.2106607044718917,0.0,-1.446520735742811,0.8400041347276065,-0.8916882501868245,1.1697805251007627,-1.0771875466753518,-1.0261667362455194,-0.05778754527941421,-0.6608531809232983,1.5564763291152353,-1.0903445355634656,-1.1505541015749308,3.0,1.1914379855160337,-0.9320143892374165,-0.9728430463316026,-0.6201892226844657,0.33809616377248186,-0.7252649107284292,-0.6791456840737199,-0.9976505715493057,-0.8781534100649921,0.0638941403835146,1.026510528058953,0.2665217950441287,0.0,0.0,0.0,0.0,-0.6231462628438098,0.0,1.0,0.0,0.0,0.0,1.0,0.0,0.0,0.0,0.0,0.0,1.0,0.0,0.0,0.0,1.0,0.0,1.0,1.0,0.0,1.0,0.0
0.8843578088720997,0.0,-0.6110632840688096,1.950552221311621,-0.8916882501868245,-0.6605306743650393,1.333931750621901,-1.0261667362455194,-0.05778754527941421,1.1532535902386967,1.3456649257871292,-1.0903445355634656,-0.6039107501479274,3.0,1.1914379855160337,1.4159910129545328,-0.15107647365097865,-0.6201892226844657,-1.0778621289498782,0.4776001725030011,0.2521455058408027,-0.5527714425689931,0.2359832531951518,0.8311157399397118,0.5320903195901912,0.9361680887192979,0.0,0.0,0.0,1.0,-0.6569821002680657,0.0,1.0,1.0,0.0,0.0,0.0,0.0,0.0,0.0,0.0,0.0,1.0,0.0,0.0,0.0,1.0,0.0,0.0,1.0,0.0,0.0,1.0
-0.10115885313749257,0.0,1.01770688136092,-0.8875151110697495,-1.8684257522543597,-0.6605306743650393,1.3831382668932737,-1.0261667362455194,-0.05778754527941421,1.1532535902386967,-1.4180725718443419,-0.6828168296701794,1.5826626555600865,4.0,1.1914379855160337,-0.9320143892374165,-0.15107647365097865,-0.6201892226844657,-1.0778621289498782,0.6780776863749062,-0.6791456840737199,-0.23969619473149067,-0.8781534100649921,1.1507914064214602,0.5320903195901912,-1.4410603722083588,0.0,0.0,0.0,0.0,0.006270178271897751,1.0,0.0,0.0,0.0,0.0,0.0,0.0,1.0,1.0,0.0,0.0,0.0,0.0,0.0,0.0,0.0,1.0,0.0,1.0,0.0,1.0,0.0
0.33684855220010396,0.0,0.8292951118439346,-1.0109093429124179,1.0617867539482457,-1.5756862740979403,1.5799643319787637,0.3796721288811475,1.7496101475022634,-1.5679065665042957,0.6574359643886387,-0.27528912377689324,-1.1505541015749308,3.0,-1.584178240646517,0.24198831185855807,1.4924566717102692,0.1557070814399298,0.33809616377248186,2.2818977973501466,2.7355886789461965,-0.06059978542610117,1.1644304725786054,0.8589136239816028,-2.43443093122238,-0.6322029151384359,0.0,0.0,0.0,1.0,4.424828868815006,0.0,1.0,1.0,0.0,0.0,0.0,0.0,1.0,0.0,0.0,1.0,0.0,0.0,0.0,0.0,0.0,0.0,0.0,1.0,0.0,0.0,0.0
-1.1961773664814839,0.0,-0.7945168491248218,-1.0109093429124179,-0.8916882501868245,-0.6605306743650393,1.1863122018077836,-1.0261667362455194,-0.9614863916702531,0.24620020465769926,0.08360732452953387,-0.6828168296701794,-0.6039107501479274,3.0,0.26623257679518353,0.24198831185855807,-1.3837263326719145,0.1557070814399298,-1.0778621289498782,-1.1262199384722393,-0.3687152874355457,-0.2750375650683771,0.9787410287019146,-0.2877490927464089,-0.4567500973473325,-1.742399228925451,0.0,0.0,1.0,0.0,0.11255070793880115,0.0,1.0,1.0,0.0,0.0,0.0,0.0,0.0,0.0,0.0,0.0,0.0,0.0,1.0,0.0,1.0,0.0,1.0,0.0,0.0,1.0,0.0
-1.0866755151470848,0.0,-0.7226228844407089,-0.8875151110697495,-0.8916882501868245,-1.5756862740979403,1.137105685536411,1.7855109940078144,-0.05778754527941421,0.24620020465769926,1.782606694418517,-1.0903445355634656,-0.3305890744344257,3.0,-0.6589728319256667,-0.9320143892374165,-0.2880375690977493,1.707499689688721,-1.0778621289498782,0.27712265863109603,-0.6791456840737199,-0.1778733356407222,-0.8781534100649921,0.767180606643362,-1.4455905142848562,0.8943151081711811,1.0,0.0,0.0,0.0,0.5472970615226969,0.0,1.0,0.0,0.0,1.0,0.0,0.0,0.0,0.0,0.0,0.0,0.0,0.0,0.0,0.0,0.0,1.0,0.0,0.0,0.0,0.0,1.0
1.2128633628752972,0.0,-1.6993891632524494,1.5803695257836163,0.08504925188071055,1.1697805251007627,-0.3882963188761366,0.3796721288811475,1.7496101475022634,1.1532535902386967,-1.6690786827403403,0.1322385821163929,-1.1505541015749308,3.0,-0.6589728319256667,0.24198831185855807,1.7663788626038104,0.1557070814399298,0.33809616377248186,2.2818977973501466,0.5625759024789769,-0.001296969577384981,-0.23227708353737248,1.0484951931473008,1.026510528058953,0.5861295703574277,0.0,0.0,0.0,1.0,-0.3343890428508568,1.0,0.0,0.0,0.0,1.0,0.0,0.0,0.0,0.0,0.0,1.0,0.0,0.0,0.0,0.0,0.0,0.0,0.0,0.0,1.0,0.0,0.0
0.7748559575377005,0.0,-1.5679967450366568,-1.0109093429124179,1.0617867539482457,-0.6605306743650393,0.5958340065513135,1.7855109940078144,-0.05778754527941421,-1.5679065665042957,-0.6955516221711463,-0.27528912377689324,-0.057267398720923963,3.0,1.1914379855160337,0.24198831185855807,-0.15107647365097865,1.707499689688721,0.33809616377248186,-0.9257424246003343,-0.058284890797371494,-0.96230666433861,1.5977058416242167,-1.4066139254325294,-0.4567500973473325,-1.742399228925451,0.0,0.0,0.0,1.0,0.7645150087192208,0.0,1.0,1.0,0.0,0.0,0.0,0.0,1.0,0.0,0.0,0.0,0.0,0.0,0.0,0.0,1.0,0.0,0.0,1.0,0.0,0.0,1.0
-0.3201625558062908,1.0,0.40784773266120394,0.8400041347276065,1.0617867539482457,1.1697805251007627,0.9402796204509211,-2.432005601372186,-0.9614863916702531,-1.5679065665042957,0.020644985402206186,-0.6828168296701794,2.1293060069870897,4.0,-0.6589728319256667,0.24198831185855807,-0.8358819508848319,-0.6201892226844657,0.33809616377248186,-0.32430988298461916,0.2521455058408027,-0.8359134028342163,0.9787410287019146,0.8843950176866698,-0.4567500973473325,-0.5370450074100981,0.0,1.0,1.0,0.0,-0.7137638219606849,0.0,0.0,0.0,0.0,0.0,0.0,1.0,1.0,0.0,0.0,0.0,0.0,0.0,1.0,0.0,1.0,0.0,1.0,1.0,0.0,0.0,0.0
2.08887817355049,1.0,0.8912726676061008,1.827157989468953,-0.8916882501868245,-1.5756862740979403,1.5307578157073911,0.3796721288811475,-0.9614863916702531,1.1532535902386967,-0.5694864029809389,-0.6828168296701794,0.21605427699257776,3.0,1.1914379855160337,-0.9320143892374165,-0.8358819508848319,0.1557070814399298,0.33809616377248186,-0.5247873968565242,-0.3687152874355457,-0.5830356269360395,-0.13539563455822945,0.2983229624701303,0.5320903195901912,-0.23570720537576498,0.0,0.0,0.0,0.0,-0.7337734646799872,0.0,1.0,1.0,0.0,0.0,0.0,0.0,1.0,0.0,1.0,0.0,0.0,0.0,0.0,0.0,0.0,1.0,0.0,0.0,1.0,0.0,0.0
-0.10115885313749257,0.0,-1.1589448770063595,0.9633983665702748,-0.8916882501868245,0.2546249253678617,-1.6184592256604493,-1.0261667362455194,-0.05778754527941421,-0.6608531809232983,0.35260267517619726,-0.27528912377689324,0.21605427699257776,3.0,0.26623257679518353,1.4159910129545328,0.12284571724256264,-1.3960855268088614,-2.4938204216722384,-0.5247873968565242,-0.3687152874355457,-0.594175258548168,-0.13539563455822945,-0.9639860795347235,-0.9511703058160944,-0.23570720537576498,1.0,0.0,0.0,1.0,-0.6080595694846364,0.0,1.0,0.0,1.0,0.0,0.0,0.0,1.0,0.0,0.0,0.0,0.0,0.0,0.0,0.0,1.0,0.0,0.0,1.0,0.0,0.0,1.0
0.4463504035345031,0.0,-1.1539866725453862,-0.14714972001373974,0.08504925188071055,0.2546249253678617,-0.5851223839616266,0.3796721288811475,-0.05778754527941421,-0.6608531809232983,1.760682308472394,0.9472939939029652,1.5826626555600865,4.0,0.26623257679518353,0.24198831185855807,0.39676790813610396,0.1557070814399298,0.33809616377248186,-0.32430988298461916,-0.3687152874355457,-1.061204807509794,-0.25918859714269,-0.8738211479629483,0.037670111121429345,0.6683092141052549,1.0,0.0,0.0,1.0,-0.494948937619081,0.0,1.0,0.0,1.0,0.0,0.0,0.0,0.0,0.0,0.0,0.0,0.0,0.0,0.0,0.0,1.0,0.0,0.0,1.0,0.0,1.0,0.0
0.5558522548689022,0.0,1.4713825895399772,-0.3939381836990763,0.08504925188071055,0.2546249253678617,0.841866587908176,0.3796721288811475,0.8459113011114247,-1.5679065665042957,0.07433162278309721,2.373640964529467,-0.6039107501479274,3.0,-0.6589728319256667,0.24198831185855807,0.9446122899231866,0.1557070814399298,1.754054456494842,1.2795102279906212,0.8730062991171511,-0.48622500329634005,0.4481997604827983,0.360014757756082,-0.4567500973473325,-0.1198050106197401,0.0,0.0,0.0,1.0,0.38597655244977314,0.0,1.0,0.0,0.0,1.0,0.0,0.0,1.0,0.0,0.0,0.0,0.0,1.0,0.0,0.0,1.0,0.0,0.0,1.0,0.0,0.0,0.0
-0.6486681098094882,0.0,0.6855071824757089,0.09963874367159682,-0.8916882501868245,0.2546249253678617,0.9894861367222936,0.3796721288811475,-0.05778754527941421,1.1532535902386967,0.8154039759491662,-0.27528912377689324,-1.1505541015749308,3.0,1.1914379855160337,0.24198831185855807,-0.42499866454451996,-0.6201892226844657,0.33809616377248186,-0.32430988298461916,-0.3687152874355457,-0.14307669958702832,-0.25918859714269,-0.0923917410075624,1.520930736527715,-0.5370450074100981,1.0,0.0,0.0,0.0,-0.42643467093581683,0.0,1.0,0.0,0.0,1.0,0.0,0.0,0.0,0.0,0.0,0.0,0.0,0.0,0.0,0.0,0.0,0.0,1.0,1.0,0.0,0.0,1.0
-0.3201625558062908,0.0,-0.16730398481169909,-0.7641208792270812,-1.8684257522543597,1.1697805251007627,0.448214457737196,-1.0261667362455194,-0.05778754527941421,1.1532535902386967,0.30664578925067015,0.1322385821163929,-0.8772324258614291,3.0,0.26623257679518353,-0.9320143892374165,-0.2880375690977493,0.1557070814399298,-1.0778621289498782,-0.5247873968565242,-0.6791456840737199,0.49416290043242506,-0.8781534100649921,-0.6393923258763324,1.026510528058953,-0.23570720537576498,1.0,0.0,0.0,0.0,0.4597993129020866,0.0,1.0,0.0,0.0,1.0,0.0,0.0,0.0,0.0,0.0,0.0,0.0,0.0,0.0,0.0,1.0,0.0,1.0,1.0,0.0,0.0,1.0
-0.6486681098094882,0.0,-0.821786973660175,-0.6407266473844129,0.08504925188071055,-1.5756862740979403,-0.19147025379064658,1.7855109940078144,-0.9614863916702531,0.24620020465769926,0.24143479515450933,2.1698771115828235,-0.8772324258614291,3.0,-0.6589728319256667,0.24198831185855807,-0.9728430463316026,-2.171981830933257,-1.0778621289498782,-0.9257424246003343,-0.058284890797371494,0.664334601698117,1.5977058416242167,-0.6393923258763324,-1.4455905142848562,1.2709772847514702,0.0,0.0,0.0,0.0,-0.30402343434080226,0.0,1.0,0.0,0.0,1.0,0.0,0.0,0.0,0.0,1.0,0.0,0.0,0.0,0.0,0.0,0.0,0.0,0.0,1.0,0.0,1.0,0.0
-1.1961773664814839,0.0,0.7276519203939819,-0.3939381836990763,0.08504925188071055,0.2546249253678617,-0.2406767700620191,1.7855109940078144,-0.9614863916702531,1.1532535902386967,-1.0134552183899304,-1.0903445355634656,0.7626976284195812,3.0,-1.584178240646517,0.24198831185855807,-0.42499866454451996,0.1557070814399298,0.33809616377248186,0.07664514475919097,1.4938670923934996,-0.6215955980584471,2.3714118577770944,0.6890376659478233,0.037670111121429345,1.2709880467950734,0.0,0.0,1.0,0.0,-0.5723666183844657,1.0,0.0,0.0,0.0,0.0,1.0,0.0,1.0,0.0,1.0,0.0,0.0,0.0,0.0,0.0,1.0,0.0,0.0,0.0,0.0,0.0,0.0
0.8843578088720997,0.0,1.2259514687217987,-1.0109093429124179,1.0617867539482457,-0.6605306743650393,-1.0771875466753518,0.3796721288811475,-0.05778754527941421,0.24620020465769926,0.027812573115361793,0.5397662880096791,-0.8772324258614291,3.0,0.26623257679518353,-0.9320143892374165,0.12284571724256264,0.1557070814399298,0.33809616377248186,-0.5247873968565242,-0.6791456840737199,-0.8211858173203684,-0.8781534100649921,-0.9639860795347235,0.037670111121429345,-0.23570720537576498,0.0,0.0,0.0,0.0,0.8781430725695226,1.0,0.0,0.0,0.0,1.0,0.0,0.0,1.0,0.0,0.0,0.0,0.0,0.0,0.0,0.0,0.0,1.0,0.0,1.0,0.0,0.0,1.0
-0.42966440714069,0.0,-1.4514789402037842,0.09963874367159682,1.0617867539482457,-0.6605306743650393,-1.1263940629467242,0.3796721288811475,-0.05778754527941421,0.24620020465769926,-0.5485458035836803,-0.6828168296701794,-0.3305890744344257,3.0,-0.6589728319256667,-0.9320143892374165,-0.15107647365097865,-0.6201892226844657,-1.0778621289498782,0.6780776863749062,-0.6791456840737199,-0.6025599901273713,-0.8781534100649921,1.1507914064214602,-0.9511703058160944,-0.537043802057082,1.0,0.0,0.0,0.0,-0.4883007206029459,0.0,1.0,0.0,1.0,0.0,0.0,0.0,1.0,0.0,0.0,0.0,0.0,0.0,0.0,0.0,0.0,1.0,0.0,1.0,0.0,0.0,1.0
-0.9771736638126857,0.0,-0.04830707774833983,-1.0109093429124179,-0.8916882501868245,0.2546249253678617,-1.1756005792180968,-1.0261667362455194,-0.05778754527941421,1.1532535902386967,0.6945387713743854,-0.6828168296701794,-0.8772324258614291,3.0,0.26623257679518353,0.24198831185855807,-0.5619597599912906,-0.6201892226844657,0.33809616377248186,0.07664514475919097,-0.6791456840737199,-0.037848318268026745,-0.8781534100649921,1.0309130314908046,1.026510528058953,1.2709880467950734,1.0,0.0,0.0,0.0,1.3236520114361428,1.0,0.0,1.0,0.0,0.0,0.0,0.0,1.0,0.0,0.0,0.0,0.0,0.0,0.0,0.0,1.0,0.0,1.0,0.0,0.0,0.0,1.0
-0.8676718124782865,1.0,-0.14003386027634593,1.827157989468953,0.08504925188071055,0.2546249253678617,-1.0279810304039791,1.7855109940078144,-0.9614863916702531,-1.5679065665042957,-0.5159403065355999,-0.6828168296701794,0.4893759527060795,3.0,1.1914379855160337,-0.9320143892374165,-1.3837263326719145,0.1557070814399298,0.33809616377248186,-1.1262199384722393,-0.6791456840737199,-1.6968653986228386,-0.8781534100649921,-0.2877490927464089,0.037670111121429345,-1.742399228925451,1.0,1.0,1.0,0.0,-0.7709292206406541,1.0,0.0,0.0,0.0,0.0,0.0,1.0,1.0,0.0,0.0,0.0,0.0,0.0,0.0,1.0,0.0,1.0,0.0,0.0,0.0,0.0,0.0
0.22734670086570485,0.0,1.1119127661194128,1.456975293940948,1.0617867539482457,-1.5756862740979403,-1.6676657419318217,-2.432005601372186,-0.05778754527941421,0.24620020465769926,-1.4512402326346308,1.3548216997962514,1.036019304133083,3.0,0.26623257679518353,0.24198831185855807,-0.15107647365097865,-1.3960855268088614,0.33809616377248186,-0.7252649107284292,-0.3687152874355457,-0.4981700819662899,0.050293809318461155,-1.0869382589507808,-0.4567500973473325,0.2665217950441287,1.0,0.0,0.0,1.0,-0.6361357425721164,0.0,0.0,1.0,0.0,0.0,0.0,0.0,0.0,0.0,0.0,0.0,0.0,0.0,0.0,0.0,1.0,0.0,0.0,1.0,0.0,0.0,1.0
-1.0866755151470848,0.0,1.367260295859538,-0.8875151110697495,1.0617867539482457,-0.6605306743650393,-1.2248070954894692,0.3796721288811475,-0.9614863916702531,-0.6608531809232983,-1.158071841073011,-0.6828168296701794,-1.1505541015749308,3.0,0.26623257679518353,0.24198831185855807,-0.6989208554380613,0.1557070814399298,-1.0778621289498782,-0.32430988298461916,-0.3687152874355457,-0.9084867939828315,-0.25918859714269,0.4657721211034274,-0.9511703058160944,0.06563210334757824,0.0,0.0,1.0,0.0,-0.33730465959968847,0.0,1.0,0.0,0.0,0.0,0.0,1.0,1.0,0.0,0.0,0.0,0.0,0.0,1.0,0.0,1.0,0.0,0.0,0.0,0.0,0.0,0.0
-0.3201625558062908,0.0,-0.16730398481169909,1.5803695257836163,1.0617867539482457,0.2546249253678617,0.9894861367222936,-1.0261667362455194,-0.05778754527941421,1.1532535902386967,1.7121956857069296,-0.6828168296701794,-0.057267398720923963,3.0,-0.6589728319256667,-0.9320143892374165,0.6706900990296453,0.1557070814399298,0.33809616377248186,1.6804652557344315,1.1834366957553253,2.246215801502026,0.5145174190101878,1.056769151573887,0.5320903195901912,0.26652715216328815,0.0,0.0,0.0,0.0,-0.6428774927480765,1.0,0.0,0.0,0.0,0.0,1.0,0.0,1.0,0.0,0.0,0.0,0.0,0.0,1.0,0.0,1.0,0.0,1.0,1.0,0.0,0.0,1.0
-0.9771736638126857,1.0,1.6672316657484225,0.4698214391996017,-0.8916882501868245,1.1697805251007627,0.8910731041795485,0.3796721288811475,-0.05778754527941421,0.24620020465769926,1.2703349843312193,0.1322385821163929,-1.1505541015749308,3.0,1.1914379855160337,-0.9320143892374165,-0.6989208554380613,-2.171981830933257,0.33809616377248186,-0.9257424246003343,-0.058284890797371494,1.2282461501916775,1.5977058416242167,-1.0412703065962452,1.520930736527715,-1.742399228925451,1.0,0.0,0.0,0.0,-0.3609882607300792,0.0,1.0,0.0,1.0,0.0,0.0,0.0,0.0,0.0,0.0,0.0,0.0,0.0,0.0,0.0,0.0,1.0,1.0,0.0,0.0,0.0,0.0
1.103361511540898,0.0,0.9086263832195074,0.59321567104227,1.0617867539482457,0.2546249253678617,-0.09305722124790157,0.3796721288811475,-0.05778754527941421,-0.6608531809232983,-1.7129274546325863,2.1698771115828235,0.7626976284195812,3.0,0.26623257679518353,0.24198831185855807,0.6706900990296453,0.9316033855643254,1.754054456494842,0.27712265863109603,-0.3687152874355457,1.9953448197537271,-0.46551020145012406,-0.3911735730787394,0.5320903195901912,0.8943151081711811,0.0,0.0,0.0,1.0,-0.5717220459691816,0.0,0.0,0.0,0.0,0.0,0.0,1.0,1.0,0.0,0.0,0.0,0.0,0.0,1.0,0.0,1.0,0.0,0.0,0.0,1.0,0.0,1.0
2.08887817355049,0.0,1.5879003943728498,0.2230329755142651,2.038524256015781,1.1697805251007627,1.137105685536411,-1.0261667362455194,-0.05778754527941421,-1.5679065665042957,0.8453391952217573,0.5397662880096791,0.21605427699257776,3.0,0.26623257679518353,0.24198831185855807,-0.6989208554380613,0.1557070814399298,0.33809616377248186,-1.3266974523441444,-0.6791456840737199,-0.6474183040761092,-0.8781534100649921,-2.045965258396027,0.037670111121429345,-1.742399228925451,1.0,0.0,0.0,1.0,-0.5196476910243075,0.0,1.0,0.0,1.0,0.0,0.0,0.0,0.0,0.0,0.0,0.0,0.0,0.0,0.0,0.0,1.0,0.0,0.0,0.0,1.0,0.0,1.0
0.22734670086570485,0.0,0.15993750961253883,-0.02375548817107146,-0.8916882501868245,-1.5756862740979403,1.038692652993666,0.3796721288811475,-0.05778754527941421,-1.5679065665042957,-0.28081532135698556,-0.6828168296701794,2.675949358414093,4.0,1.1914379855160337,0.24198831185855807,-0.15107647365097865,0.1557070814399298,0.33809616377248186,0.6780776863749062,1.4938670923934996,-0.8532041280610646,1.4851667847292527,1.1507914064214602,-0.9511703058160944,-1.742399228925451,0.0,0.0,0.0,1.0,-0.4781910404064287,0.0,1.0,0.0,0.0,1.0,0.0,0.0,1.0,0.0,0.0,0.0,1.0,0.0,0.0,0.0,1.0,0.0,0.0,1.0,0.0,0.0,1.0
0.11784484953130571,0.0,1.4664243850790037,-0.14714972001373974,0.08504925188071055,1.1697805251007627,-0.3882963188761366,-1.0261667362455194,-0.05778754527941421,-0.6608531809232983,0.5343221048450247,-0.6828168296701794,0.21605427699257776,3.0,0.26623257679518353,0.24198831185855807,1.2185344808167278,0.1557070814399298,0.33809616377248186,2.2818977973501466,-0.6791456840737199,-0.991811798634945,-0.8781534100649921,1.3030179142699119,0.5320903195901912,-0.0850346883000021,0.0,0.0,0.0,1.0,-0.6508684423559856,1.0,0.0,0.0,0.0,1.0,0.0,0.0,0.0,0.0,0.0,0.0,0.0,0.0,1.0,0.0,0.0,0.0,1.0,1.0,0.0,0.0,0.0
2.3078818762192883,0.0,-0.48958727477496367,1.456975293940948,0.08504925188071055,1.1697805251007627,0.3005949089230785,0.3796721288811475,1.7496101475022634,1.1532535902386967,-0.3586749996528327,0.5397662880096791,-0.6039107501479274,3.0,0.26623257679518353,0.24198831185855807,2.3827037921142784,-0.6201892226844657,-1.0778621289498782,-1.1262199384722393,-0.6791456840737199,0.11713970822874045,-0.8781534100649921,-1.928750847352719,1.026510528058953,-1.742399228925451,1.0,0.0,0.0,1.0,-0.293529913690146,0.0,1.0,1.0,0.0,0.0,0.0,0.0,0.0,0.0,0.0,1.0,0.0,0.0,0.0,0.0,1.0,0.0,1.0,0.0,1.0,0.0,0.0
-0.5391662584750891,1.0,-1.3994177933635645,-0.5173324155417446,-0.8916882501868245,-1.5756862740979403,-0.9295679978612341,1.7855109940078144,-0.9614863916702531,0.24620020465769926,0.14122910810588288,0.1322385821163929,-0.3305890744344257,3.0,-1.584178240646517,-0.9320143892374165,-0.42499866454451996,-0.6201892226844657,0.33809616377248186,-0.5247873968565242,-0.6791456840737199,-0.7239174288394403,-0.8781534100649921,-0.48310644448525547,-1.4455905142848562,-0.9890532171506079,0.0,0.0,1.0,0.0,-0.5463471814372199,1.0,0.0,1.0,0.0,0.0,0.0,0.0,0.0,0.0,0.0,0.0,0.0,0.0,1.0,0.0,0.0,1.0,1.0,1.0,0.0,0.0,0.0
0.11784484953130571,0.0,1.0003531657475135,-0.02375548817107146,-0.8916882501868245,-0.6605306743650393,0.251388392651706,0.3796721288811475,-0.9614863916702531,1.1532535902386967,-0.0028253508349896273,-0.27528912377689324,1.036019304133083,3.0,1.1914379855160337,1.4159910129545328,-0.15107647365097865,-2.171981830933257,1.754054456494842,-0.32430988298461916,-0.6791456840737199,1.3717512365508129,-0.8781534100649921,-0.44758692598728334,1.520930736527715,-0.5370450074100981,0.0,0.0,0.0,1.0,-0.5017859389108629,0.0,1.0,1.0,0.0,0.0,0.0,0.0,1.0,0.0,0.0,0.0,0.0,0.0,1.0,0.0,0.0,0.0,0.0,1.0,0.0,1.0,0.0
1.3223652142096962,0.0,0.648320649018409,-0.8875151110697495,-1.8684257522543597,-0.6605306743650393,-1.1756005792180968,0.3796721288811475,2.6533089938931025,1.1532535902386967,-0.0808255700663889,0.1322385821163929,-0.057267398720923963,3.0,1.1914379855160337,-0.9320143892374165,2.314223244390893,0.1557070814399298,0.33809616377248186,-0.32430988298461916,0.5625759024789769,0.5662320145069504,1.5977058416242167,-1.439683821965124,1.026510528058953,0.6683092141052549,0.0,0.0,0.0,1.0,3.1677796050721874,1.0,0.0,1.0,0.0,0.0,0.0,0.0,1.0,0.0,0.0,0.0,0.0,1.0,0.0,0.0,1.0,0.0,0.0,0.0,1.0,0.0,0.0
0.5558522548689022,0.0,-0.9507002896454807,0.3464272073569334,1.0617867539482457,-0.6605306743650393,0.5466274902799411,0.3796721288811475,-0.05778754527941421,1.1532535902386967,-1.6040082295797315,0.1322385821163929,-0.8772324258614291,3.0,0.26623257679518353,1.4159910129545328,0.39676790813610396,0.9316033855643254,0.33809616377248186,-1.3266974523441444,-0.6791456840737199,-0.7702546217114382,-0.8781534100649921,-2.045965258396027,0.5320903195901912,-1.742399228925451,1.0,0.0,0.0,1.0,-0.5550559597651048,0.0,1.0,0.0,1.0,0.0,0.0,0.0,1.0,0.0,0.0,0.0,0.0,0.0,0.0,0.0,0.0,0.0,1.0,1.0,0.0,0.0,1.0
-1.0866755151470848,1.0,1.3251155579412648,1.5803695257836163,0.08504925188071055,-1.5756862740979403,-0.3882963188761366,-1.0261667362455194,-0.9614863916702531,-0.6608531809232983,0.7367010520400066,-0.6828168296701794,-0.8772324258614291,3.0,-1.584178240646517,-0.9320143892374165,-1.3837263326719145,-0.6201892226844657,0.33809616377248186,-1.1262199384722393,-0.6791456840737199,-0.9407947142749219,-0.8781534100649921,-0.2877490927464089,-1.940010722753618,-1.742399228925451,0.0,0.0,1.0,0.0,-0.7207352585224338,1.0,0.0,0.0,0.0,0.0,0.0,0.0,0.0,1.0,0.0,0.0,0.0,0.0,0.0,0.0,1.0,0.0,0.0,0.0,0.0,0.0,0.0
-0.2106607044718917,0.0,-0.29869640302749156,1.0867925984129432,1.0617867539482457,-0.6605306743650393,0.251388392651706,0.3796721288811475,-0.05778754527941421,-1.5679065665042957,0.23356450276359336,-1.0903445355634656,0.21605427699257776,3.0,1.1914379855160337,0.24198831185855807,-0.6989208554380613,-0.6201892226844657,-2.4938204216722384,-0.32430988298461916,-0.6791456840737199,-0.5715364832843192,-0.8781534100649921,0.4657721211034274,-1.4455905142848562,0.06563210334757824,1.0,1.0,0.0,0.0,-0.6162930924699863,0.0,1.0,0.0,0.0,1.0,0.0,0.0,1.0,0.0,0.0,0.0,0.0,0.0,0.0,0.0,1.0,0.0,0.0,1.0,0.0,0.0,1.0
-0.9771736638126857,0.0,0.7450056360073884,0.8400041347276065,0.08504925188071055,0.2546249253678617,-0.8311549653184892,0.3796721288811475,-0.9614863916702531,0.24620020465769926,-1.7133490774392426,-0.6828168296701794,-0.3305890744344257,3.0,0.26623257679518353,-0.9320143892374165,-0.8358819508848319,0.1557070814399298,-1.0778621289498782,-0.32430988298461916,-0.3687152874355457,-0.9819561529234048,-0.25918859714269,0.8843950176866698,0.037670111121429345,0.06563210334757824,0.0,0.0,1.0,0.0,-0.7197173335028255,0.0,0.0,0.0,0.0,1.0,0.0,0.0,1.0,0.0,0.0,0.0,0.0,0.0,1.0,0.0,0.0,1.0,0.0,0.0,0.0,0.0,0.0
-0.6486681098094882,0.0,0.43015965273558376,-0.7641208792270812,-0.8916882501868245,0.2546249253678617,-0.8803614815898617,0.3796721288811475,-0.9614863916702531,-1.5679065665042957,-1.4501159051502142,-0.6828168296701794,-0.6039107501479274,3.0,1.1914379855160337,0.24198831185855807,-0.9728430463316026,0.1557070814399298,1.754054456494842,-0.5247873968565242,-0.058284890797371494,-0.15676981652989325,0.6073621409485332,0.767180606643362,0.5320903195901912,-0.23570720537576498,0.0,0.0,1.0,0.0,-0.32224738884356924,0.0,0.0,0.0,0.0,1.0,0.0,0.0,1.0,0.0,0.0,0.0,0.0,0.0,1.0,0.0,0.0,0.0,1.0,1.0,0.0,1.0,0.0
-0.10115885313749257,0.0,1.3598229891680778,-0.02375548817107146,1.0617867539482457,-1.5756862740979403,0.005355811294843447,1.7855109940078144,-0.9614863916702531,-0.6608531809232983,-0.7132597800507072,-0.6828168296701794,1.855984331273588,4.0,-0.6589728319256667,-0.9320143892374165,-0.8358819508848319,0.1557070814399298,0.33809616377248186,-0.32430988298461916,-0.6791456840737199,-0.38306182320820575,-0.8781534100649921,0.8843950176866698,-1.4455905142848562,0.6683092141052549,0.0,0.0,0.0,1.0,-0.6235480335613776,0.0,0.0,1.0,0.0,0.0,0.0,0.0,1.0,0.0,1.0,0.0,0.0,0.0,0.0,0.0,1.0,0.0,0.0,1.0,0.0,0.0,0.0
-0.3201625558062908,0.0,0.3334746657466044,-1.0109093429124179,0.08504925188071055,-1.5756862740979403,-1.6676657419318217,0.3796721288811475,0.8459113011114247,1.1532535902386967,-1.0601148089932177,-0.6828168296701794,1.5826626555600865,4.0,-1.584178240646517,-0.9320143892374165,0.39676790813610396,0.1557070814399298,-1.0778621289498782,1.4799877418625262,-0.058284890797371494,1.2425001938763227,-0.38298155972715037,1.2360382508165935,-1.4455905142848562,-0.020462412846325703,1.0,0.0,0.0,0.0,2.2717943802853817,0.0,1.0,0.0,1.0,0.0,0.0,0.0,1.0,0.0,0.0,0.0,0.0,0.0,0.0,0.0,0.0,1.0,0.0,1.0,0.0,0.0,0.0
-0.3201625558062908,0.0,1.082163539353573,0.4698214391996017,1.0617867539482457,1.1697805251007627,-1.3232201280322142,0.3796721288811475,0.8459113011114247,0.24620020465769926,1.2087780545594122,-0.6828168296701794,0.7626976284195812,3.0,0.26623257679518353,0.24198831185855807,-0.2880375690977493,-0.6201892226844657,-1.0778621289498782,0.27712265863109603,-0.3687152874355457,0.7142621043865127,-0.46551020145012406,0.767180606643362,0.5320903195901912,0.8943151081711811,1.0,0.0,0.0,0.0,-0.4153629704414258,0.0,1.0,0.0,0.0,1.0,0.0,0.0,1.0,0.0,0.0,0.0,0.0,0.0,0.0,0.0,0.0,0.0,0.0,1.0,0.0,0.0,0.0
-1.1961773664814839,0.0,-1.6002250740329833,-1.0109093429124179,0.08504925188071055,0.2546249253678617,1.432344783164646,0.3796721288811475,-0.9614863916702531,-1.5679065665042957,0.8000850139739905,-1.0903445355634656,-0.6039107501479274,3.0,1.1914379855160337,-0.9320143892374165,-0.42499866454451996,2.4833959938131165,-1.0778621289498782,0.07664514475919097,1.4938670923934996,-0.33194744288315403,2.3714118577770944,0.6890376659478233,-0.4567500973473325,1.2709880467950734,0.0,0.0,1.0,0.0,0.0920604013428451,0.0,1.0,0.0,0.0,1.0,0.0,0.0,1.0,0.0,1.0,0.0,0.0,0.0,0.0,0.0,0.0,1.0,0.0,0.0,0.0,0.0,0.0
-0.8676718124782865,0.0,-1.652286220873203,-1.0109093429124179,0.08504925188071055,-1.5756862740979403,1.137105685536411,0.3796721288811475,-0.05778754527941421,-1.5679065665042957,-1.1367096188690964,-1.0903445355634656,-0.8772324258614291,3.0,-1.584178240646517,0.24198831185855807,-0.6989208554380613,1.707499689688721,-1.0778621289498782,-0.32430988298461916,-0.6791456840737199,-0.8312107955238504,-0.8781534100649921,0.4657721211034274,-2.9288511396911416,0.06563210334757824,0.0,0.0,0.0,0.0,0.8700711336074793,0.0,1.0,1.0,0.0,0.0,0.0,0.0,1.0,0.0,0.0,0.0,0.0,0.0,0.0,0.0,1.0,0.0,0.0,0.0,0.0,0.0,1.0
-0.5391662584750891,0.0,0.8516070319183144,0.7166099028849382,1.0617867539482457,0.2546249253678617,-1.5692527093890767,0.3796721288811475,-0.05778754527941421,1.1532535902386967,0.3132512132216175,0.9472939939029652,0.7626976284195812,3.0,-0.6589728319256667,0.24198831185855807,-0.2880375690977493,2.4833959938131165,0.33809616377248186,-0.32430988298461916,-0.3687152874355457,-0.3322753418582637,-0.25918859714269,-0.2877490927464089,0.5320903195901912,-1.1397221181677746,0.0,0.0,0.0,0.0,-0.5392971706450507,0.0,0.0,0.0,0.0,1.0,0.0,0.0,0.0,0.0,0.0,0.0,0.0,0.0,0.0,0.0,0.0,0.0,0.0,1.0,0.0,0.0,1.0
-0.6486681098094882,0.0,0.7995458850780948,-1.0109093429124179,0.08504925188071055,1.1697805251007627,-0.8803614815898617,-2.432005601372186,-0.05778754527941421,-1.5679065665042957,-1.2005152036097364,-0.6828168296701794,1.5826626555600865,4.0,-0.6589728319256667,-0.9320143892374165,-0.15107647365097865,2.4833959938131165,0.33809616377248186,0.6780776863749062,1.8042974890316739,1.5796157642851176,1.822783955414145,1.1507914064214602,-0.4567500973473325,0.668311624811287,0.0,0.0,0.0,0.0,0.7552012329937863,1.0,0.0,1.0,0.0,0.0,0.0,0.0,1.0,0.0,0.0,0.0,0.0,0.0,1.0,0.0,1.0,0.0,0.0,1.0,0.0,0.0,1.0
-0.9771736638126857,1.0,1.4912154073838704,0.9633983665702748,0.08504925188071055,0.2546249253678617,-1.6676657419318217,-1.0261667362455194,-0.9614863916702531,1.1532535902386967,0.6276412860515997,0.9472939939029652,-0.8772324258614291,3.0,-1.584178240646517,0.24198831185855807,-0.6989208554380613,-0.6201892226844657,-1.0778621289498782,-0.5247873968565242,-0.6791456840737199,-0.7803192001204495,-0.8781534100649921,-0.036575354796463615,-0.4567500973473325,-0.9890532171506079,0.0,0.0,1.0,0.0,-0.7163753316248753,0.0,1.0,0.0,0.0,0.0,0.0,1.0,1.0,0.0,1.0,0.0,0.0,0.0,0.0,0.0,0.0,0.0,0.0,0.0,0.0,0.0,0.0
0.11784484953130571,0.0,1.4912154073838704,-1.0109093429124179,0.08504925188071055,-1.5756862740979403,-0.3390898026047641,-1.0261667362455194,-0.9614863916702531,-1.5679065665042957,-0.3991507890918291,0.5397662880096791,-0.3305890744344257,3.0,-1.584178240646517,-0.9320143892374165,1.2185344808167278,0.1557070814399298,-1.0778621289498782,-1.1262199384722393,-0.6791456840737199,0.2564643468928326,-0.8781534100649921,-1.8785160997627302,-2.9288511396911416,-1.742399228925451,1.0,0.0,0.0,0.0,0.08926626862521472,0.0,1.0,1.0,0.0,0.0,0.0,0.0,1.0,0.0,0.0,0.0,0.0,0.0,0.0,1.0,0.0,1.0,0.0,1.0,0.0,0.0,0.0
-0.2106607044718917,0.0,1.0449770058962733,-0.270543951856408,1.0617867539482457,0.2546249253678617,-0.5359158676902541,0.3796721288811475,-0.05778754527941421,1.1532535902386967,-0.10218779227030364,-0.6828168296701794,-1.1505541015749308,3.0,1.1914379855160337,-0.9320143892374165,-0.15107647365097865,-0.6201892226844657,0.33809616377248186,0.6780776863749062,-0.6791456840737199,-0.7212039419730985,-0.8781534100649921,1.1507914064214602,1.520930736527715,0.668311624811287,1.0,0.0,0.0,0.0,-0.39411869152483936,0.0,1.0,1.0,0.0,0.0,0.0,0.0,0.0,0.0,0.0,0.0,0.0,0.0,0.0,0.0,1.0,0.0,1.0,1.0,0.0,0.0,1.0
-1.0866755151470848,0.0,0.37561940366487745,-0.02375548817107146,0.08504925188071055,1.1697805251007627,-1.0771875466753518,0.3796721288811475,-0.05778754527941421,1.1532535902386967,-1.294958712300728,-0.6828168296701794,-0.3305890744344257,3.0,-1.584178240646517,-0.9320143892374165,-0.5619597599912906,1.707499689688721,0.33809616377248186,0.07664514475919097,-0.6791456840737199,-1.1819449422503219,-0.8781534100649921,1.0309130314908046,0.5320903195901912,1.2709880467950734,1.0,0.0,0.0,0.0,-0.5431391031317924,0.0,1.0,0.0,1.0,0.0,0.0,0.0,1.0,0.0,0.0,0.0,0.0,0.0,0.0,0.0,0.0,1.0,0.0,0.0,0.0,1.0,0.0
-0.5391662584750891,0.0,1.4143632382387843,-0.5173324155417446,1.0617867539482457,1.1697805251007627,-0.4867093514188816,-1.0261667362455194,-0.05778754527941421,1.1532535902386967,-0.5867729380538436,2.1698771115828235,2.4026276827005915,4.0,-0.6589728319256667,-0.9320143892374165,-0.42499866454451996,-1.3960855268088614,0.33809616377248186,-1.1262199384722393,-0.6791456840737199,0.9485961367178759,-0.8781534100649921,-1.655250554918334,1.026510528058953,-1.742399228925451,0.0,0.0,0.0,0.0,0.2036187372541614,0.0,1.0,1.0,0.0,0.0,0.0,0.0,1.0,0.0,0.0,0.0,1.0,0.0,0.0,0.0,0.0,1.0,0.0,1.0,0.0,0.0,0.0
-0.6486681098094882,1.0,-0.1202010424324527,2.0739464531542895,1.0617867539482457,-1.5756862740979403,-0.14226373751927407,0.3796721288811475,-0.05778754527941421,1.1532535902386967,0.9503232740791541,-0.6828168296701794,-1.1505541015749308,3.0,0.26623257679518353,-0.9320143892374165,-0.15107647365097865,0.9316033855643254,0.33809616377248186,0.6780776863749062,-0.6791456840737199,-0.5480592348625497,-0.8781534100649921,1.1507914064214602,0.037670111121429345,0.3669727680941946,1.0,0.0,0.0,0.0,-0.6688520784480593,1.0,0.0,0.0,1.0,0.0,0.0,0.0,1.0,0.0,0.0,0.0,0.0,0.0,0.0,0.0,1.0,0.0,1.0,1.0,0.0,0.0,1.0
1.7603726195472926,1.0,0.9061472809890208,1.827157989468953,1.0617867539482457,-1.5756862740979403,0.005355811294843447,0.3796721288811475,0.8459113011114247,-1.5679065665042957,-1.1903962562499875,1.3548216997962514,-0.6039107501479274,3.0,-0.6589728319256667,-0.9320143892374165,0.5337290035828746,-0.6201892226844657,-1.0778621289498782,-0.9257424246003343,-0.058284890797371494,1.4772726780940166,1.5977058416242167,-1.6064112169836224,-2.43443093122238,1.2709772847514702,1.0,1.0,0.0,0.0,-0.5385318887396108,0.0,1.0,1.0,0.0,0.0,0.0,0.0,1.0,0.0,0.0,0.0,0.0,0.0,0.0,0.0,0.0,1.0,1.0,0.0,1.0,0.0,0.0
1.869874470881692,0.0,-1.6051832784939566,-0.02375548817107146,-0.8916882501868245,-1.5756862740979403,0.05456232756621595,0.3796721288811475,-0.05778754527941421,0.24620020465769926,1.146940042916501,0.1322385821163929,-1.1505541015749308,3.0,0.26623257679518353,1.4159910129545328,-0.2880375690977493,2.4833959938131165,-1.0778621289498782,-0.5247873968565242,-0.058284890797371494,-0.3072924055788727,0.6073621409485332,-0.6393923258763324,-0.9511703058160944,0.517638806399078,0.0,0.0,0.0,1.0,-0.6181460436406254,0.0,1.0,1.0,0.0,0.0,0.0,0.0,0.0,0.0,0.0,0.0,0.0,0.0,1.0,0.0,1.0,0.0,0.0,0.0,1.0,0.0,0.0
-0.42966440714069,0.0,1.2408260821047186,-0.270543951856408,-0.8916882501868245,1.1697805251007627,-1.4708396768463317,0.3796721288811475,-0.05778754527941421,0.24620020465769926,0.5292626311651502,-0.6828168296701794,1.3093409798465847,4.0,0.26623257679518353,2.5899937140505074,-0.2880375690977493,-0.6201892226844657,0.33809616377248186,0.4776001725030011,-0.058284890797371494,-0.6017930250980204,-0.13539563455822945,1.1188238397732855,1.026510528058953,0.6013471740137043,0.0,0.0,0.0,0.0,-0.33482098607290595,1.0,0.0,1.0,0.0,0.0,0.0,0.0,1.0,0.0,0.0,0.0,0.0,0.0,0.0,0.0,0.0,0.0,0.0,1.0,0.0,0.0,1.0
0.6653541062033014,0.0,-0.5664394439200499,0.2230329755142651,0.08504925188071055,-1.5756862740979403,-1.7660787744745667,0.3796721288811475,0.8459113011114247,0.24620020465769926,0.3597702628893529,-0.6828168296701794,0.4893759527060795,3.0,-0.6589728319256667,0.24198831185855807,-0.15107647365097865,-1.3960855268088614,0.33809616377248186,0.6780776863749062,-0.6791456840737199,-0.007234702414608907,-0.8781534100649921,1.1507914064214602,-0.9511703058160944,0.9696504815283791,0.0,0.0,0.0,1.0,-0.4094346782733317,0.0,1.0,1.0,0.0,0.0,0.0,0.0,1.0,0.0,0.0,0.0,0.0,0.0,0.0,0.0,1.0,0.0,0.0,1.0,0.0,0.0,1.0
0.11784484953130571,0.0,1.5903794966033364,-1.0109093429124179,1.0617867539482457,1.1697805251007627,1.0878991692650386,0.3796721288811475,-0.9614863916702531,-0.6608531809232983,-1.2773910953567191,-1.0903445355634656,-1.1505541015749308,3.0,-0.6589728319256667,0.24198831185855807,-0.5619597599912906,-0.6201892226844657,0.33809616377248186,-0.12383236911271409,-0.3687152874355457,-0.8530717323574641,-0.347612141845876,0.5913589900784001,0.037670111121429345,-0.7379370428425979,0.0,0.0,0.0,1.0,0.13055734100797464,1.0,0.0,0.0,0.0,0.0,1.0,0.0,1.0,1.0,0.0,0.0,0.0,0.0,0.0,0.0,1.0,0.0,1.0,1.0,0.0,1.0,0.0
1.979376322216091,0.0,-1.5208938026574104,2.0739464531542895,1.0617867539482457,0.2546249253678617,0.251388392651706,1.7855109940078144,2.6533089938931025,-0.6608531809232983,1.615925144853761,0.5397662880096791,0.7626976284195812,3.0,-1.584178240646517,0.24198831185855807,2.3827037921142784,-2.171981830933257,0.33809616377248186,0.6780776863749062,-0.3687152874355457,0.41466751082016273,-0.5405362393801,-1.0691784997017946,-0.9511703058160944,0.9696504815283791,0.0,0.0,0.0,1.0,-0.3464574564854242,0.0,1.0,0.0,0.0,0.0,0.0,0.0,1.0,0.0,0.0,1.0,0.0,0.0,0.0,0.0,1.0,0.0,1.0,0.0,1.0,0.0,0.0
-0.6486681098094882,0.0,1.173890321881579,-0.8875151110697495,-1.8684257522543597,1.1697805251007627,-0.3390898026047641,-2.432005601372186,-0.9614863916702531,1.1532535902386967,0.4529489031603758,-0.6828168296701794,-1.1505541015749308,3.0,0.26623257679518353,2.5899937140505074,-1.3837263326719145,0.9316033855643254,0.33809616377248186,-1.1262199384722393,-0.6791456840737199,-1.8904876710399934,-0.8781534100649921,-0.2877490927464089,1.520930736527715,-1.742399228925451,0.0,0.0,1.0,0.0,-0.5643538145063934,0.0,1.0,0.0,0.0,1.0,0.0,0.0,0.0,0.0,1.0,0.0,0.0,0.0,0.0,0.0,0.0,0.0,1.0,1.0,0.0,0.0,0.0
0.22734670086570485,0.0,-1.694430958791476,0.7166099028849382,1.0617867539482457,-0.6605306743650393,0.5466274902799411,0.3796721288811475,1.7496101475022634,-1.5679065665042957,1.5157194578051347,-1.0903445355634656,-0.8772324258614291,3.0,-1.584178240646517,-0.9320143892374165,1.3554955762634984,0.1557070814399298,0.33809616377248186,2.2818977973501466,2.7355886789461965,2.690124101025779,1.0671645734051007,1.1507914064214602,-1.940010722753618,-0.53704319937967,1.0,1.0,0.0,0.0,-0.28029659068025775,0.0,1.0,0.0,1.0,0.0,0.0,0.0,1.0,0.0,0.0,0.0,0.0,0.0,0.0,0.0,0.0,1.0,0.0,1.0,0.0,0.0,0.0
0.5558522548689022,0.0,-1.1589448770063595,1.7037637576262845,-0.8916882501868245,1.1697805251007627,-1.4216331605749593,-1.0261667362455194,-0.05778754527941421,0.24620020465769926,0.06997485378098302,-0.6828168296701794,-0.8772324258614291,3.0,1.1914379855160337,-0.9320143892374165,1.2185344808167278,-0.6201892226844657,0.33809616377248186,2.2818977973501466,0.2521455058408027,0.9784213758811586,-0.347612141845876,1.3030179142699119,1.520930736527715,-0.3863736956864473,0.0,0.0,0.0,0.0,-0.6859503309217891,0.0,0.0,1.0,0.0,0.0,0.0,0.0,1.0,0.0,0.0,0.0,0.0,0.0,1.0,0.0,0.0,1.0,0.0,1.0,0.0,1.0,0.0
-0.6486681098094882,0.0,-0.2615098695701918,0.09963874367159682,0.08504925188071055,0.2546249253678617,-1.2740136117608418,0.3796721288811475,0.8459113011114247,0.24620020465769926,1.7636336681189875,0.5397662880096791,1.3093409798465847,4.0,0.26623257679518353,0.24198831185855807,0.2598068126893333,-0.6201892226844657,1.754054456494842,0.8785552002468112,0.5625759024789769,-0.905723181560614,0.3597762157796122,0.7169458590533727,1.026510528058953,0.17521185178415083,0.0,0.0,0.0,0.0,-0.17535785622834435,0.0,0.0,0.0,0.0,1.0,0.0,0.0,0.0,0.0,0.0,0.0,0.0,1.0,0.0,0.0,1.0,0.0,0.0,1.0,0.0,0.0,0.0
1.869874470881692,0.0,-1.6002250740329833,0.09963874367159682,0.08504925188071055,0.2546249253678617,0.5466274902799411,0.3796721288811475,-0.05778754527941421,-1.5679065665042957,1.5297735513603419,1.3548216997962514,1.036019304133083,3.0,1.1914379855160337,-0.9320143892374165,-0.2880375690977493,0.1557070814399298,0.33809616377248186,-0.32430988298461916,-0.3687152874355457,-1.1361281537363797,-0.25918859714269,-0.2877490927464089,0.037670111121429345,-0.5370450074100981,0.0,0.0,0.0,0.0,-0.5474008611152489,0.0,1.0,0.0,0.0,1.0,0.0,0.0,0.0,0.0,0.0,0.0,1.0,0.0,0.0,0.0,0.0,1.0,1.0,0.0,1.0,1.0,0.0
-1.4151810691502822,0.0,-0.07805630451417965,-1.0109093429124179,-0.8916882501868245,-0.6605306743650393,-1.0279810304039791,-1.0261667362455194,-0.05778754527941421,0.24620020465769926,-0.027138932685497864,-0.6828168296701794,-0.8772324258614291,3.0,-0.6589728319256667,-0.9320143892374165,-0.9728430463316026,-0.6201892226844657,-1.0778621289498782,-0.5247873968565242,-0.3687152874355457,-1.1227063155943164,-0.13539563455822945,0.767180606643362,-0.9511703058160944,0.517638806399078,0.0,0.0,0.0,0.0,0.6353639853265282,0.0,1.0,1.0,0.0,0.0,0.0,0.0,1.0,0.0,0.0,0.0,0.0,0.0,0.0,0.0,0.0,1.0,0.0,0.0,0.0,1.0,0.0
-1.5246829204846812,0.0,-0.5738767506115098,0.3464272073569334,-0.8916882501868245,1.1697805251007627,0.5958340065513135,0.3796721288811475,-0.9614863916702531,1.1532535902386967,-0.09010127181282555,-0.6828168296701794,-0.6039107501479274,3.0,0.26623257679518353,-0.9320143892374165,-0.8358819508848319,2.4833959938131165,1.754054456494842,-0.32430988298461916,-0.3687152874355457,-0.5292310160675641,-0.25918859714269,0.8843950176866698,2.015350944996477,-0.5370450074100981,0.0,0.0,0.0,0.0,-0.6715975637141324,0.0,1.0,0.0,0.0,0.0,1.0,0.0,1.0,0.0,1.0,0.0,0.0,0.0,0.0,0.0,0.0,1.0,0.0,0.0,0.0,0.0,0.0
0.33684855220010396,0.0,-0.27390538072262505,0.2230329755142651,0.08504925188071055,1.1697805251007627,0.349801425194451,0.3796721288811475,-0.05778754527941421,0.24620020465769926,1.7618066359568105,-0.6828168296701794,-1.1505541015749308,3.0,-1.584178240646517,0.24198831185855807,-0.15107647365097865,-0.6201892226844657,1.754054456494842,0.6780776863749062,2.114727885669848,2.767198143141033,2.1604011260990372,1.1507914064214602,0.5320903195901912,0.9696504815283791,0.0,0.0,0.0,1.0,-0.4708538548627253,1.0,0.0,0.0,0.0,0.0,0.0,1.0,0.0,0.0,1.0,0.0,0.0,0.0,0.0,0.0,1.0,0.0,0.0,1.0,0.0,0.0,1.0
0.33684855220010396,0.0,-0.8887227338833145,-0.8875151110697495,-0.8916882501868245,-0.6605306743650393,1.2847252343505287,0.3796721288811475,-0.05778754527941421,-0.6608531809232983,-1.4131536391000195,0.1322385821163929,-0.3305890744344257,3.0,0.26623257679518353,0.24198831185855807,0.5337290035828746,0.9316033855643254,0.33809616377248186,0.8785552002468112,0.8730062991171511,-0.5229050401249397,0.6692586222407634,0.37158196937219784,-0.4567500973473325,0.4491562918855226,1.0,0.0,0.0,1.0,0.37695845214419355,0.0,1.0,0.0,1.0,0.0,0.0,0.0,0.0,0.0,0.0,0.0,0.0,0.0,0.0,0.0,1.0,0.0,0.0,1.0,0.0,0.0,1.0
-1.3056792178158831,0.0,-1.2234015349990124,-0.8875151110697495,0.08504925188071055,0.2546249253678617,0.7926600716368035,0.3796721288811475,-0.9614863916702531,-0.6608531809232983,0.7507551455952137,0.5397662880096791,-0.3305890744344257,3.0,0.26623257679518353,-0.9320143892374165,-0.6989208554380613,0.1557070814399298,0.33809616377248186,-0.9257424246003343,-0.3687152874355457,-1.4040817125264953,0.3597762157796122,-1.0412703065962452,0.037670111121429345,-1.742399228925451,0.0,0.0,1.0,0.0,-0.34537659856173175,0.0,1.0,0.0,0.0,0.0,0.0,0.0,0.0,1.0,0.0,0.0,0.0,0.0,0.0,0.0,1.0,0.0,0.0,0.0,0.0,0.0,0.0
-0.7581699611438873,0.0,0.26901800775395146,-1.0109093429124179,-0.8916882501868245,1.1697805251007627,0.4974209740085685,0.3796721288811475,-0.9614863916702531,-0.6608531809232983,-1.4385915484349443,-0.6828168296701794,-0.6039107501479274,3.0,0.26623257679518353,-0.9320143892374165,0.12284571724256264,2.4833959938131165,-1.0778621289498782,1.0790327141187162,-0.3687152874355457,0.45808359336896093,-0.5924773425623912,1.1999722781878834,0.037670111121429345,0.26652681734250366,0.0,0.0,0.0,0.0,0.36557494847977356,0.0,1.0,0.0,0.0,1.0,0.0,0.0,1.0,0.0,1.0,0.0,0.0,0.0,0.0,0.0,1.0,0.0,0.0,0.0,0.0,1.0,0.0
-1.3056792178158831,0.0,0.43263875496607046,-0.8875151110697495,-1.8684257522543597,1.1697805251007627,-0.4375028351475091,0.3796721288811475,-0.9614863916702531,0.24620020465769926,-0.9859091950217245,1.3548216997962514,1.036019304133083,3.0,0.26623257679518353,0.24198831185855807,-0.5619597599912906,-0.6201892226844657,-1.0778621289498782,-0.9257424246003343,-0.6791456840737199,0.663437858183642,-0.8781534100649921,-1.1668571755712178,0.5320903195901912,1.2709772847514702,0.0,0.0,0.0,0.0,0.025104702516665526,0.0,1.0,0.0,0.0,0.0,1.0,0.0,1.0,0.0,1.0,0.0,0.0,0.0,0.0,0.0,0.0,0.0,1.0,0.0,0.0,1.0,0.0
1.103361511540898,0.0,0.9358965077548606,1.950552221311621,0.08504925188071055,-1.5756862740979403,0.8910731041795485,0.3796721288811475,0.8459113011114247,0.24620020465769926,-0.17273934191744314,-0.27528912377689324,2.1293060069870897,4.0,-0.6589728319256667,-0.9320143892374165,1.903339958050581,0.1557070814399298,0.33809616377248186,2.081420283478242,3.0460190755843706,0.4257672407588481,1.5977058416242167,0.2532404966842428,-0.9511703058160944,0.7392159070558133,0.0,0.0,0.0,0.0,-0.591857314618681,0.0,1.0,0.0,0.0,1.0,0.0,0.0,1.0,0.0,0.0,0.0,0.0,0.0,0.0,0.0,0.0,1.0,0.0,0.0,1.0,0.0,0.0
-0.42966440714069,0.0,1.2656171044095852,-1.0109093429124179,-0.8916882501868245,-0.6605306743650393,-0.3390898026047641,-1.0261667362455194,-0.9614863916702531,0.24620020465769926,0.8609392390680372,-0.6828168296701794,-0.8772324258614291,3.0,0.26623257679518353,2.5899937140505074,-1.3837263326719145,-0.6201892226844657,-1.0778621289498782,-1.1262199384722393,-0.6791456840737199,-1.102250121816828,-0.8781534100649921,-0.2877490927464089,-0.4567500973473325,1.270962218019569,0.0,0.0,1.0,0.0,-0.17462404359543135,0.0,0.0,0.0,0.0,1.0,0.0,0.0,1.0,0.0,1.0,0.0,0.0,0.0,0.0,0.0,0.0,0.0,0.0,1.0,0.0,0.0,0.0
0.11784484953130571,0.0,1.2854499222534783,-1.0109093429124179,1.0617867539482457,1.1697805251007627,0.9894861367222936,0.3796721288811475,-0.05778754527941421,-0.6608531809232983,-0.9384063588051246,-1.0903445355634656,-0.057267398720923963,3.0,-1.584178240646517,1.4159910129545328,0.6706900990296453,0.1557070814399298,0.33809616377248186,1.6804652557344315,0.8730062991171511,-1.0415006882986662,0.28240561416432447,1.056769151573887,-0.4567500973473325,0.8692050664899097,1.0,0.0,0.0,1.0,0.5804127085464642,0.0,1.0,1.0,0.0,0.0,0.0,0.0,1.0,0.0,0.0,0.0,0.0,0.0,0.0,0.0,1.0,0.0,0.0,1.0,0.0,1.0,0.0
-0.6486681098094882,0.0,0.8714398497622077,-0.8875151110697495,-0.8916882501868245,-1.5756862740979403,-0.5851223839616266,0.3796721288811475,-0.9614863916702531,0.24620020465769926,-1.1130987416963485,-1.0903445355634656,1.036019304133083,3.0,0.26623257679518353,0.24198831185855807,-1.1098041417783733,-1.3960855268088614,0.33809616377248186,-0.9257424246003343,-0.3687152874355457,0.48750334905060033,0.3597762157796122,-0.2877490927464089,-0.4567500973473325,1.2709772847514702,1.0,0.0,1.0,0.0,-0.1632405399310113,0.0,1.0,1.0,0.0,0.0,0.0,0.0,1.0,0.0,0.0,0.0,0.0,0.0,0.0,1.0,1.0,0.0,0.0,1.0,0.0,1.0,0.0
0.11784484953130571,0.0,-0.7300601911321688,-0.3939381836990763,1.0617867539482457,-1.5756862740979403,0.3005949089230785,-1.0261667362455194,-0.05778754527941421,0.24620020465769926,-0.004090219254958264,-0.27528912377689324,-1.1505541015749308,3.0,1.1914379855160337,0.24198831185855807,-0.15107647365097865,-1.3960855268088614,0.33809616377248186,0.27712265863109603,1.4938670923934996,-0.7855570333145054,2.010349050239085,0.5114400734579629,0.037670111121429345,-0.6123787987411802,0.0,0.0,0.0,1.0,-0.3260394261032105,1.0,0.0,1.0,0.0,0.0,0.0,0.0,1.0,0.0,0.0,0.0,1.0,0.0,0.0,0.0,1.0,0.0,0.0,1.0,0.0,0.0,1.0
0.5558522548689022,0.0,-0.608584181838323,1.0867925984129432,1.0617867539482457,1.1697805251007627,-1.5200461931177043,0.3796721288811475,-0.05778754527941421,-1.5679065665042957,-0.4390644147886172,1.3548216997962514,0.4893759527060795,3.0,0.26623257679518353,0.24198831185855807,-0.2880375690977493,0.1557070814399298,-1.0778621289498782,-0.5247873968565242,-0.3687152874355457,1.944274655612109,-0.13539563455822945,-0.6393923258763324,-0.4567500973473325,0.517638806399078,0.0,1.0,0.0,1.0,-0.6212277596087254,0.0,1.0,1.0,0.0,0.0,0.0,0.0,1.0,0.0,0.0,0.0,0.0,0.0,1.0,0.0,0.0,0.0,1.0,1.0,0.0,0.0,1.0
0.4463504035345031,0.0,-0.39786049224695763,-1.0109093429124179,0.08504925188071055,1.1697805251007627,0.4974209740085685,0.3796721288811475,-0.9614863916702531,1.1532535902386967,0.9976855693602019,0.1322385821163929,1.855984331273588,4.0,-1.584178240646517,0.24198831185855807,0.12284571724256264,0.1557070814399298,0.33809616377248186,-0.32430988298461916,-0.3687152874355457,-0.4103287016540667,-0.25918859714269,-0.6934912848193976,0.5320903195901912,0.06563210334757824,0.0,0.0,0.0,1.0,0.06567137012078049,0.0,1.0,1.0,0.0,0.0,0.0,0.0,1.0,0.0,0.0,0.0,0.0,0.0,1.0,0.0,1.0,0.0,0.0,1.0,0.0,0.0,0.0
1.103361511540898,0.0,0.8912726676061008,-1.0109093429124179,-1.8684257522543597,0.2546249253678617,1.5799643319787637,0.3796721288811475,0.8459113011114247,-0.6608531809232983,0.4100839178169942,-1.0903445355634656,0.7626976284195812,3.0,-1.584178240646517,1.4159910129545328,0.39676790813610396,0.1557070814399298,-2.4938204216722384,1.2795102279906212,0.8730062991171511,-0.738068752094616,0.4481997604827983,1.0016094287299777,-1.940010722753618,0.11199416342393315,0.0,0.0,0.0,1.0,2.914134446149519,0.0,0.0,0.0,0.0,1.0,0.0,0.0,0.0,0.0,0.0,0.0,0.0,1.0,0.0,0.0,1.0,0.0,0.0,0.0,1.0,0.0,0.0
-0.2106607044718917,0.0,1.7044181992057224,0.2230329755142651,1.0617867539482457,1.1697805251007627,-1.1263940629467242,0.3796721288811475,-0.9614863916702531,0.24620020465769926,0.8318472654087585,1.7623494056895375,-1.1505541015749308,3.0,0.26623257679518353,0.24198831185855807,-0.8358819508848319,0.1557070814399298,0.33809616377248186,-0.9257424246003343,-0.058284890797371494,-0.5175733503793943,1.5977058416242167,-0.8738211479629483,1.026510528058953,1.2709772847514702,0.0,0.0,0.0,0.0,-0.6603891908753187,0.0,1.0,0.0,0.0,1.0,0.0,0.0,1.0,0.0,1.0,0.0,0.0,0.0,0.0,0.0,1.0,0.0,1.0,1.0,0.0,0.0,0.0
-1.6341847718190805,0.0,-0.5490857283066433,-1.0109093429124179,-0.8916882501868245,1.1697805251007627,-0.14226373751927407,0.3796721288811475,-0.9614863916702531,0.24620020465769926,0.465316505488958,-1.0903445355634656,-0.8772324258614291,3.0,1.1914379855160337,-0.9320143892374165,-0.9728430463316026,-0.6201892226844657,1.754054456494842,-0.7252649107284292,-0.3687152874355457,0.12098019897715148,0.050293809318461155,0.0638941403835146,2.015350944996477,0.2665217950441287,0.0,0.0,0.0,0.0,0.24977367029353711,0.0,1.0,1.0,0.0,0.0,0.0,0.0,1.0,0.0,0.0,0.0,0.0,0.0,1.0,0.0,0.0,1.0,0.0,0.0,0.0,1.0,0.0
-0.2106607044718917,0.0,1.4689034873094906,-0.02375548817107146,1.0617867539482457,-0.6605306743650393,-0.8803614815898617,0.3796721288811475,-0.05778754527941421,0.24620020465769926,0.6162574702718819,-0.6828168296701794,1.036019304133083,3.0,-0.6589728319256667,-0.9320143892374165,-0.15107647365097865,1.707499689688721,0.33809616377248186,0.6780776863749062,-0.6791456840737199,1.664732704521148,-0.8781534100649921,1.1507914064214602,-0.4567500973473325,0.3669727680941946,0.0,0.0,0.0,0.0,-0.48148190782941563,0.0,1.0,0.0,0.0,1.0,0.0,0.0,1.0,0.0,0.0,0.0,0.0,0.0,1.0,0.0,0.0,1.0,0.0,1.0,0.0,0.0,1.0
-0.42966440714069,0.0,-0.7474139067455754,0.7166099028849382,-0.8916882501868245,-0.6605306743650393,1.432344783164646,0.3796721288811475,-0.05778754527941421,1.1532535902386967,1.031555934828251,-1.0903445355634656,-0.6039107501479274,3.0,-1.584178240646517,0.24198831185855807,-0.15107647365097865,2.4833959938131165,0.33809616377248186,0.4776001725030011,1.8042974890316739,-1.0220709574747509,2.092877691962059,0.8311157399397118,-0.4567500973473325,0.6013471740137043,0.0,0.0,0.0,0.0,-0.6087236071983941,0.0,1.0,0.0,0.0,1.0,0.0,0.0,0.0,0.0,0.0,0.0,0.0,0.0,0.0,0.0,1.0,0.0,1.0,1.0,0.0,1.0,0.0
-0.5391662584750891,0.0,-1.3275238286794517,2.4441291486822943,1.0617867539482457,0.2546249253678617,-0.8311549653184892,-1.0261667362455194,-0.9614863916702531,-0.6608531809232983,0.2256942103726774,-0.6828168296701794,-0.6039107501479274,3.0,0.26623257679518353,-0.9320143892374165,-0.6989208554380613,0.1557070814399298,0.33809616377248186,-0.12383236911271409,0.5625759024789769,-0.3588497483173919,1.2440116628114726,0.9681195970033181,0.037670111121429345,-0.7379370428425979,0.0,0.0,1.0,0.0,-0.7393079171888343,0.0,1.0,1.0,0.0,0.0,0.0,0.0,0.0,0.0,1.0,0.0,0.0,0.0,0.0,0.0,0.0,1.0,0.0,1.0,0.0,0.0,0.0
0.33684855220010396,0.0,-0.643291613065136,-1.0109093429124179,1.0617867539482457,-1.5756862740979403,0.841866587908176,0.3796721288811475,-0.9614863916702531,1.1532535902386967,-1.4409807443393294,2.1698771115828235,1.036019304133083,3.0,0.26623257679518353,1.4159910129545328,-0.42499866454451996,0.1557070814399298,-1.0778621289498782,-1.1262199384722393,-0.6791456840737199,-0.7453462030559407,-0.8781534100649921,-1.655250554918334,-0.4567500973473325,-1.742399228925451,0.0,0.0,0.0,1.0,-0.05106128563799943,0.0,1.0,1.0,0.0,0.0,0.0,0.0,1.0,0.0,1.0,0.0,0.0,0.0,0.0,0.0,1.0,0.0,0.0,1.0,0.0,0.0,0.0
-0.5391662584750891,0.0,-1.409334202285511,-1.0109093429124179,1.0617867539482457,-0.6605306743650393,0.10376884383758846,-1.0261667362455194,-0.9614863916702531,-0.6608531809232983,0.5215328797097863,-1.0903445355634656,-0.3305890744344257,3.0,-0.6589728319256667,0.24198831185855807,-1.1098041417783733,-0.6201892226844657,0.33809616377248186,-0.9257424246003343,-0.058284890797371494,-0.3946455682790576,1.5977058416242167,-0.2877490927464089,-0.9511703058160944,1.2709772847514702,1.0,0.0,1.0,0.0,-0.09359419478415062,0.0,1.0,0.0,0.0,1.0,0.0,0.0,1.0,0.0,0.0,0.0,0.0,0.0,0.0,1.0,1.0,0.0,0.0,1.0,0.0,0.0,0.0
0.22734670086570485,0.0,-1.701868265482936,1.827157989468953,-1.8684257522543597,-1.5756862740979403,-0.6835354165043717,0.3796721288811475,-0.05778754527941421,1.1532535902386967,-1.261088346832679,1.7623494056895375,-0.6039107501479274,3.0,-1.584178240646517,-0.9320143892374165,0.9446122899231866,-0.6201892226844657,0.33809616377248186,0.07664514475919097,-0.3687152874355457,0.7777245904825197,-0.4139298003732655,-0.7504375573910453,-0.9511703058160944,1.2709880467950734,0.0,0.0,0.0,0.0,-0.6959967903376246,0.0,1.0,1.0,0.0,0.0,0.0,0.0,1.0,0.0,0.0,0.0,0.0,0.0,1.0,0.0,0.0,1.0,0.0,1.0,0.0,1.0,0.0
0.11784484953130571,0.0,-1.4911445758915707,0.09963874367159682,0.08504925188071055,-0.6605306743650393,1.6291708482501361,-2.432005601372186,0.8459113011114247,0.24620020465769926,-1.5371107442569458,0.1322385821163929,-0.8772324258614291,3.0,-1.584178240646517,0.24198831185855807,1.2185344808167278,0.1557070814399298,0.33809616377248186,2.2818977973501466,-0.3687152874355457,-0.5119344298451217,-0.6826908375632125,0.9681195970033181,-0.9511703058160944,0.9361695768114255,0.0,0.0,0.0,1.0,-0.052585358029434204,0.0,1.0,0.0,0.0,1.0,0.0,0.0,0.0,0.0,0.0,0.0,0.0,1.0,0.0,0.0,1.0,0.0,0.0,1.0,0.0,0.0,0.0
-0.5391662584750891,0.0,-0.003683237599580119,-1.0109093429124179,1.0617867539482457,0.2546249253678617,-0.8803614815898617,0.3796721288811475,0.8459113011114247,1.1532535902386967,1.3659028205066273,-0.6828168296701794,1.036019304133083,3.0,0.26623257679518353,1.4159910129545328,0.39676790813610396,0.1557070814399298,0.33809616377248186,1.4799877418625262,0.8730062991171511,1.466372527041052,0.3597762157796122,1.2360382508165935,1.026510528058953,0.4100217911734559,1.0,0.0,0.0,0.0,2.4375795881981173,0.0,1.0,0.0,1.0,0.0,0.0,0.0,0.0,0.0,0.0,0.0,0.0,0.0,0.0,0.0,1.0,0.0,0.0,1.0,0.0,0.0,0.0
0.008342998196906572,0.0,-1.5903086651110367,0.09963874367159682,0.08504925188071055,0.2546249253678617,-1.1756005792180968,1.7855109940078144,0.8459113011114247,1.1532535902386967,0.1627318712453497,-0.6828168296701794,2.675949358414093,4.0,-1.584178240646517,0.24198831185855807,0.6706900990296453,-0.6201892226844657,0.33809616377248186,1.8809427696063366,1.1834366957553253,-0.41452829263917457,0.4325956055351773,1.2636181122385481,0.037670111121429345,0.32930618789331245,0.0,0.0,0.0,1.0,-0.02221680445195659,0.0,1.0,1.0,0.0,0.0,0.0,0.0,0.0,0.0,0.0,0.0,0.0,1.0,0.0,0.0,1.0,0.0,1.0,1.0,0.0,0.0,0.0
-1.3056792178158831,0.0,1.436675158313164,-0.14714972001373974,-0.8916882501868245,-1.5756862740979403,0.9402796204509211,0.3796721288811475,-0.05778754527941421,0.24620020465769926,-0.08841478058620071,-1.0903445355634656,1.855984331273588,4.0,-0.6589728319256667,0.24198831185855807,-0.6989208554380613,0.1557070814399298,-1.0778621289498782,-0.32430988298461916,-0.6791456840737199,-0.845717205924268,-0.8781534100649921,0.4657721211034274,-1.4455905142848562,0.06563210334757824,1.0,0.0,0.0,0.0,-0.4594875989311301,0.0,1.0,0.0,0.0,0.0,1.0,0.0,0.0,0.0,0.0,0.0,0.0,0.0,0.0,0.0,0.0,0.0,1.0,0.0,0.0,1.0,0.0
1.6508707682128936,0.0,-0.5391693193846967,2.4441291486822943,1.0617867539482457,-1.5756862740979403,-1.2740136117608418,0.3796721288811475,-0.9614863916702531,1.1532535902386967,0.7694470900236391,-0.27528912377689324,-0.057267398720923963,3.0,-0.6589728319256667,1.4159910129545328,0.6706900990296453,0.1557070814399298,-1.0778621289498782,0.4776001725030011,-0.6791456840737199,0.9462650040528665,-0.8781534100649921,-0.18432461241407844,-0.9511703058160944,0.9361680887192979,1.0,0.0,0.0,1.0,-0.7259581719823781,0.0,0.0,1.0,0.0,0.0,0.0,0.0,1.0,0.0,0.0,0.0,0.0,0.0,0.0,1.0,0.0,0.0,0.0,0.0,1.0,1.0,0.0
0.7748559575377005,0.0,0.5813848887952695,-1.0109093429124179,0.08504925188071055,-0.6605306743650393,-1.1756005792180968,0.3796721288811475,-0.9614863916702531,1.1532535902386967,-0.12523650570084324,1.3548216997962514,-0.8772324258614291,3.0,0.26623257679518353,-0.9320143892374165,-0.6989208554380613,-0.6201892226844657,0.33809616377248186,-0.5247873968565242,-0.3687152874355457,-0.7203335576716073,-0.13539563455822945,-0.036575354796463615,0.5320903195901912,0.517638806399078,0.0,0.0,0.0,0.0,-0.04174750991256486,0.0,1.0,0.0,0.0,1.0,0.0,0.0,1.0,0.0,0.0,0.0,0.0,0.0,1.0,0.0,0.0,1.0,1.0,1.0,0.0,0.0,0.0
-1.7436866231534796,0.0,-0.7474139067455754,-0.5173324155417446,-1.8684257522543597,0.2546249253678617,-0.3882963188761366,0.3796721288811475,-0.9614863916702531,-1.5679065665042957,1.5692655542504736,-0.6828168296701794,-1.1505541015749308,3.0,1.1914379855160337,-0.9320143892374165,-1.2467652372251439,2.4833959938131165,0.33809616377248186,-0.9257424246003343,-0.3687152874355457,-0.27194064368809,0.3597762157796122,0.2983229624701303,0.037670111121429345,1.2709772847514702,1.0,0.0,0.0,0.0,-0.551728474078582,0.0,1.0,0.0,0.0,1.0,0.0,0.0,1.0,0.0,0.0,0.0,0.0,0.0,0.0,1.0,0.0,1.0,1.0,0.0,0.0,0.0,0.0
0.22734670086570485,0.0,-1.729138390018289,-0.02375548817107146,0.08504925188071055,1.1697805251007627,1.038692652993666,0.3796721288811475,2.6533089938931025,1.1532535902386967,0.13898045313704974,-0.27528912377689324,-0.6039107501479274,3.0,0.26623257679518353,-0.9320143892374165,1.3554955762634984,0.1557070814399298,-1.0778621289498782,-0.12383236911271409,-0.3687152874355457,0.3800319631022517,-0.347612141845876,-1.0869382589507808,1.026510528058953,-1.742399228925451,0.0,0.0,0.0,0.0,0.40848040865494206,0.0,0.0,1.0,0.0,0.0,0.0,0.0,1.0,0.0,0.0,1.0,0.0,0.0,0.0,0.0,0.0,1.0,0.0,1.0,0.0,0.0,0.0
-1.5246829204846812,1.0,-0.4077769011689042,-0.02375548817107146,0.08504925188071055,1.1697805251007627,-1.6184592256604493,0.3796721288811475,-0.9614863916702531,-1.5679065665042957,1.7768445160608821,-0.6828168296701794,1.036019304133083,3.0,-1.584178240646517,0.24198831185855807,-1.3837263326719145,0.1557070814399298,-1.0778621289498782,-1.1262199384722393,-0.3687152874355457,-0.9241560086310703,0.9787410287019146,-0.2877490927464089,-1.4455905142848562,-1.742399228925451,1.0,0.0,0.0,0.0,-0.6868817084943326,1.0,0.0,0.0,1.0,0.0,0.0,0.0,1.0,0.0,0.0,0.0,0.0,0.0,0.0,1.0,1.0,0.0,0.0,0.0,0.0,0.0,0.0
-0.10115885313749257,0.0,-0.608584181838323,-0.7641208792270812,0.08504925188071055,-1.5756862740979403,1.3831382668932737,-1.0261667362455194,0.8459113011114247,1.1532535902386967,-0.22740976584719866,-1.0903445355634656,1.036019304133083,3.0,0.26623257679518353,1.4159910129545328,-0.15107647365097865,-0.6201892226844657,0.33809616377248186,0.4776001725030011,0.2521455058408027,0.3017333106897087,0.2359832531951518,0.8311157399397118,0.037670111121429345,0.6013471740137043,1.0,0.0,0.0,1.0,0.38854892860251217,0.0,1.0,0.0,0.0,1.0,0.0,0.0,0.0,0.0,0.0,0.0,0.0,0.0,0.0,0.0,1.0,0.0,0.0,1.0,0.0,0.0,1.0
-0.10115885313749257,0.0,-0.28382178964457166,-0.6407266473844129,-0.8916882501868245,1.1697805251007627,1.5307578157073911,0.3796721288811475,-0.05778754527941421,-0.6608531809232983,-0.7197246630861025,1.7623494056895375,-0.6039107501479274,3.0,-0.6589728319256667,2.5899937140505074,0.9446122899231866,0.1557070814399298,0.33809616377248186,-0.5247873968565242,-0.6791456840737199,-0.8611626097959538,-0.8781534100649921,-1.3056637149646089,0.037670111121429345,-0.23570720537576498,0.0,0.0,0.0,1.0,-0.16083965552178817,1.0,0.0,1.0,0.0,0.0,0.0,0.0,0.0,0.0,0.0,0.0,1.0,0.0,0.0,0.0,0.0,0.0,0.0,1.0,0.0,0.0,1.0
2.08887817355049,0.0,-0.33588293648479134,-1.0109093429124179,1.0617867539482457,0.2546249253678617,-0.4375028351475091,0.3796721288811475,-0.05778754527941421,0.24620020465769926,1.6756550424633911,-0.6828168296701794,1.5826626555600865,4.0,-1.584178240646517,0.24198831185855807,0.2598068126893333,-0.6201892226844657,-1.0778621289498782,1.2795102279906212,-0.3687152874355457,-0.47146830845275894,-0.6128827759554341,1.2192933349532638,-0.9511703058160944,1.039190859598625,0.0,0.0,0.0,1.0,1.1597295586684944,0.0,0.0,1.0,0.0,0.0,0.0,0.0,1.0,0.0,0.0,0.0,0.0,0.0,0.0,0.0,0.0,0.0,0.0,0.0,1.0,0.0,1.0
-0.8676718124782865,1.0,0.7177355114720353,-1.0109093429124179,1.0617867539482457,-1.5756862740979403,-1.4708396768463317,0.3796721288811475,-0.9614863916702531,1.1532535902386967,1.6599144576815592,2.373640964529467,-0.3305890744344257,3.0,-0.6589728319256667,2.5899937140505074,-0.9728430463316026,0.1557070814399298,1.754054456494842,-0.9257424246003343,-0.058284890797371494,1.3860867212221442,1.5977058416242167,-0.6393923258763324,0.037670111121429345,1.2709772847514702,0.0,0.0,0.0,0.0,0.6881420477706575,0.0,1.0,0.0,0.0,1.0,0.0,0.0,1.0,0.0,0.0,0.0,0.0,0.0,1.0,0.0,1.0,0.0,1.0,0.0,0.0,1.0,0.0
0.5558522548689022,0.0,-1.2457134550733922,-0.8875151110697495,0.08504925188071055,-1.5756862740979403,-0.4867093514188816,0.3796721288811475,2.6533089938931025,0.24620020465769926,0.4214677335967119,0.9472939939029652,-1.1505541015749308,3.0,-1.584178240646517,-0.9320143892374165,1.7663788626038104,-0.6201892226844657,-1.0778621289498782,2.2818977973501466,0.5625759024789769,0.2869383689921588,-0.23227708353737248,1.0484951931473008,-1.940010722753618,-0.9205655350609055,0.0,0.0,0.0,1.0,3.1096202499866954,0.0,1.0,1.0,0.0,0.0,0.0,0.0,1.0,0.0,0.0,1.0,0.0,0.0,0.0,0.0,1.0,0.0,0.0,1.0,0.0,0.0,0.0
2.08887817355049,1.0,-1.2209224327685257,-0.270543951856408,-0.8916882501868245,1.1697805251007627,0.3005949089230785,0.3796721288811475,-0.9614863916702531,0.24620020465769926,-1.4963538729468453,2.1698771115828235,-1.1505541015749308,3.0,1.1914379855160337,0.24198831185855807,0.39676790813610396,0.9316033855643254,-2.4938204216722384,0.6780776863749062,2.114727885669848,-0.8054280185257381,2.1604011260990372,0.2983229624701303,0.5320903195901912,0.9696504815283791,0.0,0.0,0.0,1.0,-0.6164850869695896,0.0,1.0,0.0,0.0,0.0,0.0,1.0,1.0,0.0,1.0,0.0,0.0,0.0,0.0,0.0,1.0,0.0,0.0,0.0,1.0,0.0,0.0
0.4463504035345031,0.0,-0.5466066260761566,2.320734916839626,1.0617867539482457,-1.5756862740979403,-0.2898832863333916,-1.0261667362455194,1.7496101475022634,-0.6608531809232983,-1.2189260661670578,-1.0903445355634656,2.1293060069870897,4.0,0.26623257679518353,0.24198831185855807,1.3554955762634984,0.1557070814399298,0.33809616377248186,2.2818977973501466,-0.6791456840737199,2.496918758240591,-0.8781534100649921,1.1507914064214602,-0.9511703058160944,-0.6877127030728926,0.0,0.0,0.0,1.0,-0.5074791181416516,0.0,1.0,1.0,0.0,0.0,0.0,0.0,0.0,0.0,0.0,0.0,1.0,0.0,0.0,0.0,1.0,0.0,0.0,1.0,0.0,0.0,0.0
-0.3201625558062908,0.0,-0.24415615395678525,2.320734916839626,0.08504925188071055,1.1697805251007627,1.432344783164646,-1.0261667362455194,-0.05778754527941421,0.24620020465769926,-0.7498004232942456,-0.6828168296701794,1.5826626555600865,4.0,1.1914379855160337,1.4159910129545328,-0.42499866454451996,-0.6201892226844657,0.33809616377248186,0.27712265863109603,-0.3687152874355457,-0.0889951809011671,-0.46551020145012406,1.079752369425516,1.520930736527715,0.8943151081711811,1.0,0.0,0.0,0.0,-0.6543156099233304,0.0,1.0,0.0,1.0,0.0,0.0,0.0,0.0,0.0,0.0,0.0,0.0,0.0,0.0,0.0,1.0,0.0,0.0,1.0,0.0,0.0,1.0
-0.10115885313749257,0.0,-1.2432343528429055,0.7166099028849382,1.0617867539482457,1.1697805251007627,1.0878991692650386,-2.432005601372186,-0.05778754527941421,1.1532535902386967,-0.5448917392593264,-0.6828168296701794,2.4026276827005915,4.0,-1.584178240646517,0.24198831185855807,0.5337290035828746,0.9316033855643254,-1.0778621289498782,1.6804652557344315,2.7355886789461965,-0.6365181530231449,1.6750764432395044,1.2506900521970068,0.037670111121429345,0.6683124283810359,1.0,0.0,0.0,1.0,-0.5882333006024382,0.0,0.0,0.0,1.0,0.0,0.0,0.0,1.0,0.0,0.0,0.0,0.0,0.0,0.0,0.0,0.0,0.0,0.0,1.0,0.0,0.0,1.0
0.4463504035345031,0.0,0.31612095013319785,-0.7641208792270812,0.08504925188071055,0.2546249253678617,-0.4375028351475091,-1.0261667362455194,-0.05778754527941421,-0.6608531809232983,-0.29318292368556775,-0.27528912377689324,-1.1505541015749308,3.0,0.26623257679518353,0.24198831185855807,0.39676790813610396,1.707499689688721,0.33809616377248186,-0.32430988298461916,-0.6791456840737199,0.8442254438641646,-0.8781534100649921,-0.8738211479629483,0.037670111121429345,0.6683092141052549,1.0,0.0,0.0,1.0,0.589416025081051,0.0,1.0,1.0,0.0,0.0,0.0,0.0,1.0,0.0,0.0,0.0,0.0,0.0,0.0,0.0,0.0,0.0,0.0,1.0,0.0,0.0,0.0
-0.5391662584750891,0.0,-0.6779990442919491,-0.8875151110697495,0.08504925188071055,1.1697805251007627,0.5958340065513135,0.3796721288811475,-0.9614863916702531,-1.5679065665042957,-0.4251508621689622,-0.6828168296701794,-0.3305890744344257,3.0,1.1914379855160337,-0.9320143892374165,-0.9728430463316026,0.9316033855643254,0.33809616377248186,-0.5247873968565242,-0.3687152874355457,-0.7176456542957328,-0.13539563455822945,0.767180606643362,0.5320903195901912,-0.23570720537576498,0.0,0.0,1.0,0.0,-0.2932194544992982,0.0,1.0,0.0,0.0,0.0,0.0,1.0,1.0,0.0,0.0,0.0,0.0,0.0,1.0,0.0,0.0,1.0,0.0,1.0,0.0,0.0,0.0
-0.2106607044718917,0.0,0.8516070319183144,2.0739464531542895,1.0617867539482457,0.2546249253678617,-1.7168722582031943,0.3796721288811475,0.8459113011114247,1.1532535902386967,0.3273053067768245,-0.6828168296701794,0.21605427699257776,3.0,0.26623257679518353,-0.9320143892374165,-0.2880375690977493,-0.6201892226844657,0.33809616377248186,0.4776001725030011,-0.3687152874355457,3.1534013324039227,-0.5067745223116108,1.1188238397732855,1.026510528058953,-1.742399228925451,0.0,0.0,0.0,0.0,-0.5948018121865795,0.0,1.0,1.0,0.0,0.0,0.0,0.0,0.0,1.0,0.0,0.0,0.0,0.0,0.0,0.0,0.0,1.0,1.0,1.0,0.0,0.0,0.0
0.11784484953130571,0.0,-1.1341538547014929,0.09963874367159682,-0.8916882501868245,-1.5756862740979403,1.6783773645215088,0.3796721288811475,-0.05778754527941421,1.1532535902386967,-1.1708610662082495,-0.6828168296701794,-1.1505541015749308,3.0,0.26623257679518353,0.24198831185855807,-0.15107647365097865,-1.3960855268088614,0.33809616377248186,0.6780776863749062,-0.3687152874355457,-0.6629300574976354,-0.5405362393801,1.1507914064214602,0.037670111121429345,0.3669727680941946,1.0,0.0,0.0,1.0,-0.4964291066905978,0.0,1.0,1.0,0.0,0.0,0.0,0.0,0.0,0.0,0.0,0.0,0.0,0.0,0.0,0.0,1.0,0.0,0.0,1.0,0.0,0.0,1.0
1.4318670655440953,1.0,0.187207634147892,-1.0109093429124179,1.0617867539482457,-0.6605306743650393,1.3831382668932737,0.3796721288811475,-0.05778754527941421,0.24620020465769926,-0.008165906385968315,1.7623494056895375,-0.8772324258614291,3.0,1.1914379855160337,1.4159910129545328,0.12284571724256264,0.1557070814399298,0.33809616377248186,-0.12383236911271409,-0.6791456840737199,-0.08228739563780413,-0.8781534100649921,-0.42299649010407175,0.5320903195901912,-0.23570594980117132,1.0,0.0,0.0,1.0,1.290743337206274,1.0,0.0,1.0,0.0,0.0,0.0,0.0,1.0,0.0,0.0,0.0,0.0,0.0,0.0,0.0,0.0,0.0,0.0,0.0,1.0,0.0,1.0
-0.10115885313749257,0.0,0.7871503739256616,0.2230329755142651,1.0617867539482457,-0.6605306743650393,1.6783773645215088,-1.0261667362455194,-0.05778754527941421,1.1532535902386967,0.007855760266967748,0.5397662880096791,-0.6039107501479274,3.0,-1.584178240646517,0.24198831185855807,-0.42499866454451996,-0.6201892226844657,-1.0778621289498782,-0.12383236911271409,-0.6791456840737199,-0.1141493756387768,-0.8781534100649921,0.2983229624701303,-0.9511703058160944,-0.23570594980117132,1.0,0.0,0.0,1.0,-0.45383034256456983,0.0,1.0,0.0,1.0,0.0,0.0,0.0,0.0,0.0,0.0,0.0,0.0,0.0,0.0,0.0,1.0,0.0,0.0,1.0,0.0,0.0,1.0
0.8843578088720997,0.0,-1.06225989001738,1.3335810620982798,0.08504925188071055,1.1697805251007627,-0.7819484490471167,0.3796721288811475,-0.05778754527941421,0.24620020465769926,1.2676647065557298,2.1698771115828235,-0.057267398720923963,3.0,0.26623257679518353,-0.9320143892374165,-0.42499866454451996,0.1557070814399298,0.33809616377248186,-0.32430988298461916,-0.6791456840737199,-0.8696136909249977,-0.8781534100649921,-0.0923917410075624,1.026510528058953,0.06563210334757824,1.0,0.0,0.0,0.0,-0.654623520188145,0.0,1.0,1.0,0.0,0.0,0.0,0.0,0.0,0.0,0.0,0.0,0.0,0.0,0.0,0.0,0.0,1.0,0.0,1.0,0.0,1.0,0.0
0.33684855220010396,0.0,1.287929024483965,-0.8875151110697495,1.0617867539482457,0.2546249253678617,-0.6835354165043717,-1.0261667362455194,-0.9614863916702531,0.24620020465769926,-1.628602893301344,-0.27528912377689324,-0.3305890744344257,3.0,1.1914379855160337,-0.9320143892374165,-0.42499866454451996,-0.6201892226844657,0.33809616377248186,-0.9257424246003343,-0.058284890797371494,-0.3861375712711951,1.5977058416242167,-1.264535851440641,1.026510528058953,1.2709772847514702,0.0,0.0,0.0,0.0,-0.21663952075683615,0.0,1.0,1.0,0.0,0.0,0.0,0.0,1.0,0.0,0.0,0.0,0.0,0.0,1.0,0.0,0.0,1.0,0.0,1.0,0.0,0.0,0.0
-0.2106607044718917,0.0,0.982999450134107,1.0867925984129432,1.0617867539482457,0.2546249253678617,0.6942470390940585,0.3796721288811475,-0.05778754527941421,0.24620020465769926,1.444886826286891,-0.6828168296701794,-0.3305890744344257,3.0,1.1914379855160337,1.4159910129545328,-0.15107647365097865,-0.6201892226844657,1.754054456494842,0.6780776863749062,-0.6791456840737199,-0.7093687527430732,-0.8781534100649921,1.1507914064214602,1.520930736527715,-1.1397215154912665,0.0,0.0,0.0,0.0,-0.6121100633722474,1.0,0.0,1.0,0.0,0.0,0.0,0.0,1.0,0.0,0.0,0.0,0.0,0.0,0.0,0.0,1.0,0.0,1.0,1.0,0.0,0.0,1.0
0.33684855220010396,0.0,0.9706039389816736,-0.8875151110697495,1.0617867539482457,0.2546249253678617,1.5799643319787637,0.3796721288811475,-0.9614863916702531,0.24620020465769926,-0.247928742437801,-0.27528912377689324,-0.3305890744344257,3.0,-0.6589728319256667,2.5899937140505074,1.2185344808167278,-0.6201892226844657,0.33809616377248186,-0.32430988298461916,-0.6791456840737199,-1.1100795471734288,-0.8781534100649921,-1.208719465229542,0.037670111121429345,0.06563210334757824,0.0,0.0,0.0,1.0,-0.3838735382268613,0.0,1.0,0.0,0.0,1.0,0.0,0.0,0.0,0.0,0.0,0.0,0.0,0.0,1.0,0.0,1.0,0.0,0.0,1.0,0.0,0.0,0.0
-0.2106607044718917,0.0,-1.2779417840697187,-1.0109093429124179,1.0617867539482457,0.2546249253678617,-0.19147025379064658,-2.432005601372186,-0.9614863916702531,1.1532535902386967,-0.7534544876185995,-0.6828168296701794,-0.8772324258614291,3.0,1.1914379855160337,0.24198831185855807,-0.9728430463316026,1.707499689688721,0.33809616377248186,-0.5247873968565242,-0.3687152874355457,-0.23561498222221594,-0.13539563455822945,0.767180606643362,1.520930736527715,0.517638806399078,0.0,0.0,0.0,0.0,0.12621091233610518,0.0,1.0,1.0,0.0,0.0,0.0,0.0,0.0,0.0,0.0,0.0,0.0,0.0,1.0,0.0,1.0,0.0,0.0,1.0,0.0,1.0,0.0
-0.8676718124782865,0.0,1.4267587493912175,0.4698214391996017,-0.8916882501868245,1.1697805251007627,-0.9787745141326066,-1.0261667362455194,-0.05778754527941421,-0.6608531809232983,1.3162918702567463,0.5397662880096791,-0.6039107501479274,3.0,-1.584178240646517,0.24198831185855807,-0.15107647365097865,-0.6201892226844657,0.33809616377248186,-0.5247873968565242,-0.6791456840737199,0.7064815468784224,-0.8781534100649921,-0.767262592469032,-0.4567500973473325,0.517638806399078,0.0,0.0,0.0,0.0,-0.6195120640803559,0.0,1.0,0.0,0.0,0.0,1.0,0.0,1.0,0.0,1.0,0.0,0.0,0.0,0.0,0.0,1.0,0.0,1.0,0.0,0.0,1.0,0.0
-0.8676718124782865,0.0,-0.8292242803516349,2.320734916839626,1.0617867539482457,1.1697805251007627,0.349801425194451,-1.0261667362455194,-0.9614863916702531,-1.5679065665042957,-0.8185249407792082,-0.6828168296701794,-0.3305890744344257,3.0,-0.6589728319256667,-0.9320143892374165,-0.8358819508848319,0.1557070814399298,-2.4938204216722384,-0.32430988298461916,-0.6791456840737199,0.48832699368001775,-0.8781534100649921,0.8843950176866698,-1.4455905142848562,0.6683092141052549,0.0,1.0,0.0,0.0,-0.7169855445172315,0.0,1.0,0.0,0.0,1.0,0.0,0.0,0.0,0.0,0.0,0.0,0.0,0.0,1.0,0.0,0.0,1.0,0.0,0.0,0.0,1.0,0.0
1.4318670655440953,1.0,-0.9730122097198606,2.320734916839626,0.08504925188071055,1.1697805251007627,-1.3232201280322142,-1.0261667362455194,0.8459113011114247,-1.5679065665042957,0.3194350143859086,0.5397662880096791,-0.6039107501479274,3.0,-0.6589728319256667,0.24198831185855807,1.2185344808167278,0.1557070814399298,0.33809616377248186,-0.7252649107284292,-0.058284890797371494,1.6474827291518443,0.9787410287019146,-1.5436177824961361,-0.4567500973473325,0.2665217950441287,1.0,1.0,0.0,1.0,-0.5656313362342499,0.0,1.0,0.0,1.0,0.0,0.0,0.0,1.0,0.0,0.0,0.0,0.0,0.0,0.0,0.0,0.0,0.0,1.0,0.0,1.0,0.0,0.0
0.22734670086570485,0.0,-0.19953231380802552,1.827157989468953,-1.8684257522543597,-0.6605306743650393,-0.2898832863333916,-1.0261667362455194,1.7496101475022634,1.1532535902386967,-0.7708815636270562,-1.0903445355634656,-1.1505541015749308,3.0,-1.584178240646517,0.24198831185855807,1.3554955762634984,-0.6201892226844657,-1.0778621289498782,2.2818977973501466,2.114727885669848,2.140924182587961,0.7134703945923563,1.1507914064214602,-0.9511703058160944,-0.3863736956864473,1.0,0.0,0.0,1.0,-0.499215336810643,0.0,1.0,0.0,1.0,0.0,0.0,0.0,0.0,0.0,0.0,0.0,0.0,0.0,0.0,0.0,1.0,0.0,0.0,1.0,0.0,0.0,0.0
-0.6486681098094882,0.0,-1.183735899311226,-0.5173324155417446,0.08504925188071055,-0.6605306743650393,0.3990079414658235,0.3796721288811475,-0.05778754527941421,-1.5679065665042957,-1.4793484197450448,-1.0903445355634656,1.036019304133083,3.0,-0.6589728319256667,-0.9320143892374165,-0.15107647365097865,-0.6201892226844657,0.33809616377248186,0.4776001725030011,-0.3687152874355457,1.0508626270112034,-0.5067745223116108,0.8311157399397118,-1.4455905142848562,-0.4031155701030766,0.0,0.0,0.0,0.0,0.2302147412701245,0.0,0.0,0.0,0.0,1.0,0.0,0.0,1.0,0.0,0.0,0.0,1.0,0.0,0.0,0.0,0.0,1.0,0.0,1.0,0.0,0.0,0.0
-1.1961773664814839,0.0,0.9036681787585341,-0.5173324155417446,0.08504925188071055,1.1697805251007627,-1.7660787744745667,-1.0261667362455194,-0.9614863916702531,0.24620020465769926,0.9929071775514315,-1.0903445355634656,0.7626976284195812,3.0,1.1914379855160337,-0.9320143892374165,-0.8358819508848319,-0.6201892226844657,0.33809616377248186,-0.5247873968565242,-0.6791456840737199,0.37585292217053123,-0.8781534100649921,0.2983229624701303,1.520930736527715,-0.23570720537576498,1.0,0.0,1.0,0.0,-0.49108544546630817,0.0,1.0,0.0,0.0,0.0,1.0,0.0,0.0,0.0,0.0,0.0,0.0,0.0,0.0,1.0,0.0,1.0,0.0,0.0,0.0,1.0,0.0
-0.10115885313749257,0.0,0.20208224753081191,1.7037637576262845,-0.8916882501868245,0.2546249253678617,-1.2248070954894692,1.7855109940078144,-0.05778754527941421,1.1532535902386967,-0.2843288447457873,0.5397662880096791,0.4893759527060795,3.0,0.26623257679518353,0.24198831185855807,0.8076511944764159,0.1557070814399298,0.33809616377248186,-0.32430988298461916,-0.6791456840737199,-0.5973835231676329,-0.8781534100649921,-1.0691784997017946,1.026510528058953,-0.5370450074100981,0.0,0.0,0.0,1.0,-0.7315102171787066,1.0,0.0,0.0,0.0,1.0,0.0,0.0,1.0,0.0,1.0,0.0,0.0,0.0,0.0,0.0,1.0,0.0,0.0,1.0,0.0,0.0,0.0
0.22734670086570485,0.0,-0.4697544569310705,-0.3939381836990763,-1.8684257522543597,1.1697805251007627,-1.1756005792180968,-1.0261667362455194,0.8459113011114247,-1.5679065665042957,1.0040099114600451,0.5397662880096791,-0.057267398720923963,3.0,-1.584178240646517,0.24198831185855807,-0.2880375690977493,1.707499689688721,0.33809616377248186,0.07664514475919097,-0.3687152874355457,0.9493795638483895,-0.4139298003732655,0.4155373735134381,-0.9511703058160944,1.2709880467950734,0.0,0.0,0.0,1.0,0.08820183711373644,0.0,1.0,0.0,0.0,1.0,0.0,0.0,1.0,0.0,0.0,0.0,0.0,0.0,0.0,0.0,1.0,0.0,0.0,1.0,0.0,0.0,0.0
-1.0866755151470848,0.0,-1.6051832784939566,-0.6407266473844129,0.08504925188071055,-0.6605306743650393,1.038692652993666,1.7855109940078144,-0.05778754527941421,-0.6608531809232983,-1.2844181421343226,-0.6828168296701794,1.3093409798465847,4.0,-0.6589728319256667,0.24198831185855807,-0.6989208554380613,-2.171981830933257,0.33809616377248186,-0.12383236911271409,-0.6791456840737199,-0.4588613580972991,-0.8781534100649921,0.9681195970033181,-0.9511703058160944,-0.7379370428425979,0.0,0.0,0.0,0.0,-0.03528995874293017,0.0,1.0,1.0,0.0,0.0,0.0,0.0,1.0,0.0,0.0,0.0,1.0,0.0,0.0,0.0,1.0,0.0,1.0,0.0,0.0,0.0,1.0
1.3223652142096962,0.0,0.5466774575684564,-0.8875151110697495,0.08504925188071055,1.1697805251007627,-0.14226373751927407,-1.0261667362455194,-0.05778754527941421,-0.6608531809232983,-0.1503933331646639,-0.27528912377689324,-0.3305890744344257,3.0,1.1914379855160337,-0.9320143892374165,0.8076511944764159,0.1557070814399298,-1.0778621289498782,0.4776001725030011,-0.6791456840737199,-0.6432259382865074,-0.8781534100649921,-0.2877490927464089,0.5320903195901912,0.26652625930811075,1.0,0.0,0.0,1.0,0.31755726029531095,1.0,0.0,0.0,0.0,1.0,0.0,0.0,1.0,0.0,0.0,0.0,0.0,0.0,0.0,0.0,1.0,0.0,0.0,0.0,1.0,0.0,1.0
-0.3201625558062908,0.0,-0.4325679234737707,-0.14714972001373974,0.08504925188071055,-0.6605306743650393,0.7926600716368035,1.7855109940078144,-0.05778754527941421,0.24620020465769926,-0.5741242538541572,-0.27528912377689324,-0.8772324258614291,3.0,-1.584178240646517,-0.9320143892374165,-0.6989208554380613,0.1557070814399298,1.754054456494842,-0.5247873968565242,-0.3687152874355457,1.0463473388642923,-0.13539563455822945,-0.036575354796463615,-0.4567500973473325,0.517638806399078,0.0,0.0,0.0,0.0,-0.49419003737478634,0.0,1.0,0.0,0.0,1.0,0.0,0.0,1.0,0.0,1.0,0.0,0.0,0.0,0.0,0.0,1.0,0.0,0.0,1.0,0.0,1.0,0.0
