Income_Distance,OverTime_Yes,Income_Rel_Role,Age,DailyRate,TotalWorkingYears,TotalSatisfaction,Loyalty,MonthlyRate,YearsAtCompany,HourlyRate,Stability,StockOptionLevel,DistanceFromHome,JobLevel,PercentSalaryHike,PromotionStagnation,NumCompaniesWorked,EnvironmentSatisfaction,JobSatisfaction,TrainingTimesLastYear,JobInvolvement,MaritalStatus_Single,RelationshipSatisfaction,YearsSinceLastPromotion,Attrition
2996.5,1.0,0.8655052573522083,41.0,1102.0,8.0,2.0,0.6666666666666666,19479.0,6.0,94.0,0.6666655555574075,0.0,1.0,2.0,11.0,0.0,8.0,2.0,4.0,0.0,3.0,1.0,1.0,0.0,1.0
570.0,0.0,1.583346722025385,49.0,279.0,10.0,3.0,0.9090909090909091,24907.0,10.0,61.0,0.6999993000007,1.0,8.0,2.0,23.0,0.09090909090909091,1.0,3.0,2.0,3.0,2.0,0.0,4.0,1.0,0.0
696.6666666666666,1.0,0.6456256776081878,37.0,1373.0,7.0,3.0,0.0,2396.0,0.0,92.0,0.0,0.0,2.0,1.0,15.0,0.0,6.0,4.0,3.0,3.0,2.0,1.0,2.0,0.0,1.0
727.25,1.0,0.8978470983180984,33.0,1392.0,8.0,3.25,0.8888888888888888,23159.0,8.0,56.0,0.8749989062513672,0.0,3.0,1.0,11.0,0.3333333333333333,1.0,4.0,3.0,3.0,3.0,0.0,3.0,3.0,0.0
1156.0,0.0,1.0713061482991364,27.0,591.0,6.0,2.5,0.2857142857142857,16632.0,2.0,40.0,0.9999950000249999,1.0,2.0,1.0,12.0,0.6666666666666666,8.5,1.0,2.0,3.0,3.0,0.0,4.0,2.0,0.0
1022.6666666666666,0.0,0.9477414253119234,32.0,1005.0,8.0,3.25,0.7777777777777778,11864.0,7.0,79.0,0.9999985714306123,0.0,2.0,1.0,13.0,0.375,0.0,4.0,4.0,2.0,3.0,1.0,3.0,3.0,0.0
667.5,1.0,0.8247945259396465,59.0,1324.0,12.0,1.75,0.07692307692307693,9964.0,1.0,81.0,0.0,3.0,3.0,1.0,20.0,0.0,4.0,3.0,1.0,3.0,4.0,0.0,1.0,0.0,0.0
107.72,0.0,0.8318994975114113,30.0,1358.0,1.0,3.0,0.5,13335.0,1.0,67.0,0.0,1.0,24.0,1.0,22.0,0.0,1.0,4.0,3.0,2.0,3.0,0.0,2.0,0.0,0.0
396.9166666666667,0.0,1.3058012185725967,38.0,216.0,10.0,3.0,0.8181818181818182,8787.0,9.0,44.0,0.7777769135812072,0.0,23.0,3.0,21.0,0.1,0.0,4.0,3.0,2.0,2.0,1.0,2.0,1.0,0.0
187.03571428571428,0.0,0.6955989649872043,36.0,1299.0,17.0,2.5,0.3888888888888889,16577.0,7.0,94.0,0.9999985714306123,2.0,27.0,2.0,13.0,0.875,6.0,3.0,3.0,3.0,3.0,0.0,2.0,7.0,0.0
142.7058823529412,0.0,0.7494200449174466,35.0,809.0,6.0,2.25,0.7142857142857143,16479.0,5.0,84.0,0.7999984000032001,1.0,16.0,1.0,13.0,0.0,0.0,1.0,2.0,5.0,4.0,0.0,3.0,0.0,0.0
262.0625,1.0,1.29526720871346,29.0,153.0,10.0,3.5,0.8181818181818182,12682.0,9.0,49.0,0.5555549382722909,0.0,15.0,2.0,12.0,0.0,0.0,4.0,3.0,3.0,2.0,1.0,4.0,0.0,0.0
107.81481481481481,0.0,0.8984643874884787,31.0,670.0,5.0,2.5,0.8333333333333334,15170.0,5.0,31.0,0.39999920000160005,1.0,26.0,1.0,17.0,0.6666666666666666,1.0,1.0,3.0,1.0,3.0,0.0,4.0,4.0,0.0
133.05,0.0,0.8220143196724342,34.0,1346.0,3.0,3.0,0.5,8758.0,2.0,93.0,0.9999950000249999,1.0,19.0,1.0,11.0,0.3333333333333333,0.0,2.0,4.0,2.0,3.0,0.0,3.0,1.0,0.0
81.12,1.0,0.6264731455451698,28.0,103.0,6.0,2.75,0.5714285714285714,12947.0,4.0,50.0,0.49999875000312505,0.0,24.0,1.0,14.0,0.0,5.0,3.0,3.0,4.0,2.0,1.0,2.0,0.0,1.0
453.6363636363636,0.0,1.3680344490189498,29.0,1389.0,10.0,2.25,0.9090909090909091,10195.0,10.0,51.0,0.8999991000009,1.0,21.0,3.0,11.0,0.7272727272727273,1.0,2.0,1.0,1.0,4.0,0.0,3.0,8.0,0.0
549.6666666666666,1.0,1.0179098419570605,32.0,334.0,7.0,2.25,0.75,15053.0,6.0,80.0,0.33333277777870374,2.0,5.0,1.0,12.0,0.0,0.0,1.0,2.0,5.0,4.0,0.0,4.0,0.0,0.0
172.64705882352942,1.0,0.9066561549186751,22.0,1123.0,1.0,3.0,0.5,7324.0,1.0,96.0,0.0,2.0,16.0,1.0,13.0,0.0,1.0,4.0,4.0,2.0,4.0,0.0,2.0,0.0,0.0
5142.333333333333,0.0,0.8978751303115323,53.0,1219.0,28.5,2.75,0.78125,22021.0,18.0,78.0,0.3199998720000512,0.0,2.0,4.0,16.0,0.11538461538461539,2.0,1.0,4.0,3.0,2.0,0.0,3.0,3.0,0.0
1314.6666666666667,1.0,1.2172942439898866,38.0,371.0,6.0,3.5,0.42857142857142855,4306.0,3.0,45.0,0.6666644444518518,0.0,2.0,1.0,11.0,0.25,5.0,4.0,4.0,3.0,3.0,1.0,3.0,1.0,0.0
334.25,0.0,0.5498182540095198,24.0,673.0,5.0,2.5,0.6666666666666666,8232.0,4.0,96.0,0.49999875000312505,1.0,11.0,2.0,18.0,0.2,0.0,1.0,3.0,5.0,4.0,0.0,4.0,1.0,0.0
340.7,0.0,1.2974105102817974,36.0,1218.0,10.0,2.25,0.45454545454545453,6986.0,5.0,82.0,0.5999988000024,0.0,9.0,1.0,23.0,0.0,7.0,3.0,1.0,4.0,2.0,1.0,2.0,0.0,1.0
1499.25,0.0,0.7480564191959984,34.0,419.0,13.0,2.25,0.8571428571428571,21293.0,12.0,53.0,0.49999958333368055,0.0,7.0,3.0,11.0,0.15384615384615385,0.0,1.0,2.0,4.0,3.0,1.0,3.0,2.0,0.0
77.0,0.0,0.3802501289542445,21.0,391.0,0.0,3.5,0.0,19281.0,0.0,96.0,0.0,0.0,15.0,1.0,14.0,0.0,1.0,3.0,4.0,6.0,3.0,1.0,4.0,0.0,0.0
422.85714285714283,0.0,0.9135879721627952,34.0,699.0,8.0,2.25,0.4444444444444444,17102.0,4.0,83.0,0.49999875000312505,0.0,6.0,1.0,11.0,0.2,2.0,2.0,1.0,2.0,3.0,1.0,3.0,1.0,1.0
3182.3333333333335,0.0,1.1113001710098138,53.0,1282.0,26.0,3.0,0.5185185185185185,10735.0,14.0,58.0,0.9285707653065962,1.0,5.0,5.0,11.0,0.26666666666666666,4.0,3.0,3.0,3.0,3.0,0.0,4.0,4.0,0.0
230.52941176470588,1.0,1.2095781293601333,32.0,1125.0,10.0,2.0,0.9090909090909091,4681.0,10.0,72.0,0.1999998000002,0.0,16.0,1.0,22.0,0.5454545454545454,1.0,2.0,1.0,5.0,1.0,1.0,2.0,6.0,1.0
758.3333333333334,0.0,0.985662169435812,42.0,691.0,10.0,3.0,0.8181818181818182,21173.0,9.0,48.0,0.7777769135812072,1.0,8.0,2.0,11.0,0.4,0.0,3.0,2.0,2.0,3.0,0.0,4.0,4.0,0.0
1281.0,0.0,1.3611797199138571,44.0,477.0,24.0,3.0,0.88,2094.0,18.0,42.0,0.27272714876038695,1.0,7.0,3.0,14.0,0.21739130434782608,3.0,1.0,4.0,4.0,2.0,0.0,4.0,5.0,0.0
6315.666666666667,0.0,1.1027445448896482,46.0,705.0,22.0,2.25,0.08695652173913043,22822.0,2.0,83.0,0.9999950000249999,0.0,2.0,5.0,12.0,0.6666666666666666,3.0,2.0,1.0,2.0,3.0,1.0,4.0,2.0,0.0
832.0,0.0,0.7710438714402089,33.0,924.0,7.0,3.5,0.125,6670.0,1.0,78.0,0.9999900000999989,0.0,2.0,1.0,11.0,0.0,4.0,3.0,4.0,3.0,3.0,1.0,4.0,0.0,0.0
587.7272727272727,1.0,0.8587067612454221,44.0,1459.0,9.0,4.0,0.4,19121.0,4.0,41.0,0.49999875000312505,0.0,10.0,2.0,13.0,0.2,2.0,4.0,4.0,5.0,3.0,0.0,4.0,1.0,0.0
220.6,0.0,0.6814594472744795,30.0,125.0,10.0,2.75,0.9090909090909091,16117.0,10.0,83.0,0.0,0.0,9.0,1.0,13.0,0.09090909090909091,1.0,4.0,3.0,5.0,2.0,1.0,1.0,1.0,0.0
347.6666666666667,0.0,0.7943640517897944,39.0,895.0,19.0,3.75,0.05,3335.0,1.0,56.0,0.0,1.0,5.0,2.0,14.0,0.0,3.0,4.0,4.0,6.0,3.0,0.0,3.0,0.0,1.0
1146.5,1.0,0.7077220338409762,24.0,813.0,6.0,2.25,0.2857142857142857,3020.0,2.0,61.0,0.0,1.0,1.0,1.0,16.0,0.6666666666666666,2.0,2.0,4.0,2.0,3.0,0.0,1.0,2.0,1.0
881.6666666666666,0.0,0.8163649278279032,43.0,1273.0,6.0,3.25,0.7142857142857143,21923.0,5.0,72.0,0.5999988000024,2.0,2.0,1.0,12.0,0.16666666666666666,1.0,4.0,3.0,3.0,4.0,0.0,4.0,1.0,0.0
670.75,1.0,1.0217060167555216,50.0,869.0,3.0,2.5,0.75,3810.0,3.0,86.0,0.6666644444518518,0.0,3.0,1.0,14.0,0.0,1.0,1.0,3.0,2.0,2.0,0.0,3.0,0.0,1.0
671.3333333333334,0.0,0.766945925361767,35.0,890.0,2.0,3.0,0.6666666666666666,9687.0,2.0,97.0,0.9999950000249999,0.0,2.0,1.0,13.0,0.6666666666666666,1.0,4.0,4.0,3.0,3.0,0.0,1.0,2.0,0.0
569.8333333333334,1.0,1.0552558367650666,36.0,852.0,6.0,2.75,0.14285714285714285,13072.0,1.0,82.0,0.9999900000999989,1.0,5.0,1.0,14.0,0.0,8.5,2.0,1.0,3.0,2.0,0.0,4.0,0.0,0.0
2688.0,0.0,0.7763985088479012,33.0,1141.0,10.0,2.0,0.45454545454545453,3193.0,5.0,42.0,0.5999988000024,2.0,1.0,2.0,19.0,0.16666666666666666,2.0,3.0,1.0,3.0,4.0,0.0,1.0,1.0,0.0
390.2,0.0,0.6026869363701313,35.0,464.0,1.0,3.25,0.5,10910.0,1.0,75.0,0.0,1.0,4.0,1.0,12.0,0.0,1.0,3.0,4.0,3.0,3.0,0.0,3.0,0.0,0.0
780.3333333333334,0.0,0.7231625412826639,27.0,1240.0,1.0,3.0,0.5,19715.0,1.0,33.0,0.0,1.0,2.0,1.0,13.0,0.0,1.0,4.0,1.0,6.0,3.0,0.0,4.0,0.0,0.0
88.1923076923077,0.0,0.7083347745241984,26.0,1357.0,1.0,2.25,0.5,10558.0,1.0,48.0,0.0,0.0,25.0,1.0,12.0,0.0,1.0,1.0,3.0,2.0,1.0,1.0,3.0,0.0,1.0
969.5555555555555,0.0,1.2602033832229884,27.0,994.0,9.0,3.5,0.9,2975.0,9.0,37.0,0.8888879012356653,0.0,8.0,3.0,15.0,0.1,1.0,4.0,3.0,0.0,3.0,1.0,4.0,1.0,0.0
2005.5,0.0,1.239045259754278,30.0,721.0,12.0,3.5,0.9230769230769231,10781.0,12.0,58.0,0.6666661111115741,0.0,1.0,2.0,23.0,0.23076923076923078,1.0,3.0,4.0,2.0,3.0,1.0,4.0,3.0,0.0
1503.4615384615386,0.0,1.2190063959634643,41.0,1360.0,23.0,3.0,0.9166666666666666,16280.0,18.0,49.0,0.6818178719009673,0.0,12.0,5.0,12.0,0.6521739130434783,1.0,2.0,3.0,0.0,3.0,0.0,4.0,15.0,1.0
190.33333333333334,0.0,0.6597076615359398,34.0,1065.0,10.0,2.75,0.8181818181818182,10034.0,9.0,72.0,0.5555549382722909,0.0,23.0,2.0,20.0,0.8,0.0,2.0,3.0,2.0,3.0,1.0,3.0,8.0,0.0
151.1,0.0,0.9327239364445835,37.0,408.0,8.0,2.0,0.1111111111111111,10227.0,1.0,73.0,0.0,0.0,19.0,1.0,21.0,0.0,4.0,2.0,2.0,1.0,3.0,0.0,1.0,0.0,0.0
962.0,1.0,0.833588577580001,46.0,1211.0,14.0,2.75,0.6,20445.0,9.0,98.0,0.666665925926749,0.0,5.0,2.0,21.0,0.0,4.0,1.0,4.0,4.0,3.0,1.0,3.0,0.0,0.0
252.11111111111111,0.0,0.7009208911449656,35.0,1229.0,1.0,3.75,0.5,4892.0,1.0,36.0,0.0,0.0,8.0,1.0,19.0,0.0,1.0,4.0,4.0,2.0,4.0,0.0,4.0,0.0,0.0
2690.5,1.0,1.6622544359854825,48.0,626.0,23.0,2.75,0.041666666666666664,19294.0,1.0,98.0,0.0,0.0,1.0,3.0,13.0,0.0,8.5,1.0,3.0,2.0,2.0,1.0,4.0,0.0,1.0
573.5,1.0,1.0629655294974996,28.0,1434.0,2.0,2.75,0.6666666666666666,11179.0,2.0,50.0,0.9999950000249999,0.0,5.0,1.0,13.0,0.6666666666666666,1.0,3.0,3.0,3.0,3.0,1.0,3.0,2.0,1.0
2727.0,1.0,0.787663219355739,44.0,1488.0,9.0,2.0,0.4,4009.0,4.0,75.0,0.7499981250046875,1.0,1.0,2.0,21.0,0.2,5.0,2.0,1.0,2.0,3.0,0.0,3.0,1.0,0.0
823.6666666666666,1.0,1.3128318063650042,35.0,1097.0,10.0,2.5,0.36363636363636365,8302.0,4.0,79.0,0.0,1.0,11.0,3.0,13.0,0.4,2.0,3.0,1.0,3.0,2.0,0.0,3.0,2.0,0.0
173.20833333333334,1.0,0.6003513023215634,26.0,1443.0,5.0,3.0,0.3333333333333333,21436.0,2.0,47.0,0.9999950000249999,1.0,23.0,2.0,19.0,0.0,7.0,3.0,4.0,2.0,2.0,0.0,3.0,0.0,0.0
6729.0,1.0,0.8393649566066156,33.0,515.0,15.0,2.75,0.9375,15146.0,15.0,98.0,0.9333327111115259,0.0,1.0,3.0,12.0,0.5,1.0,1.0,4.0,1.0,3.0,1.0,3.0,8.0,0.0
477.3157894736842,0.0,1.3097392255843778,35.0,853.0,9.0,2.25,0.9,11031.0,9.0,71.0,0.8888879012356653,1.0,18.0,3.0,22.0,0.1,1.0,2.0,1.0,3.0,3.0,0.0,4.0,1.0,0.0
167.25,1.0,1.239971995176682,35.0,1142.0,4.0,2.5,0.4,16002.0,2.0,30.0,0.9999950000249999,1.0,23.0,1.0,15.0,0.6666666666666666,3.0,3.0,1.0,3.0,3.0,0.0,3.0,2.0,0.0
739.375,0.0,1.8272133411734117,31.0,655.0,10.0,3.5,0.6363636363636364,9528.0,7.0,48.0,0.9999985714306123,1.0,7.0,2.0,22.0,0.125,3.0,4.0,4.0,3.0,3.0,0.0,4.0,1.0,0.0
2996.5,0.0,0.8215060574118803,37.0,1115.0,7.0,2.75,0.875,2689.0,7.0,51.0,0.7142846938790088,1.0,1.0,2.0,18.0,0.0,1.0,1.0,3.0,2.0,2.0,0.0,3.0,0.0,0.0
3081.0,1.0,0.8446721718291351,32.0,427.0,9.0,2.5,0.9,10877.0,9.0,33.0,0.8888879012356653,1.0,1.0,2.0,22.0,0.7,1.0,1.0,4.0,3.0,3.0,0.0,2.0,7.0,0.0
80.2,0.0,0.743241808768086,38.0,653.0,10.0,3.75,0.9090909090909091,5456.0,10.0,50.0,0.2999997000003,0.0,29.0,2.0,11.0,0.8181818181818182,1.0,4.0,4.0,2.0,3.0,1.0,4.0,9.0,0.0
2342.5,1.0,1.1687991742315333,50.0,989.0,28.5,2.75,0.9,16701.0,18.0,43.0,0.11111106995886298,1.0,7.0,5.0,12.0,0.4642857142857143,5.0,2.0,3.0,2.0,2.0,0.0,4.0,13.0,0.0
293.7307692307692,0.0,1.1029306942097137,59.0,1435.0,28.0,2.0,0.7241379310344828,2354.0,18.0,99.0,0.7619043990931433,0.0,25.0,3.0,11.0,0.3181818181818182,7.0,1.0,1.0,3.0,3.0,1.0,4.0,7.0,0.0
1121.7777777777778,0.0,1.3409904812890614,36.0,1223.0,17.0,2.75,0.9444444444444444,8202.0,17.0,59.0,0.8235289273359251,3.0,8.0,3.0,13.0,0.6666666666666666,1.0,3.0,3.0,2.0,3.0,0.0,2.0,12.0,0.0
1639.5555555555557,1.0,0.858821898157579,55.0,836.0,21.0,3.25,0.22727272727272727,19730.0,5.0,33.0,0.0,3.0,8.0,4.0,14.0,0.0,2.0,4.0,3.0,2.0,3.0,0.0,3.0,0.0,0.0
541.5833333333334,0.0,0.8908673230635425,36.0,1195.0,6.0,2.5,0.8571428571428571,22656.0,6.0,95.0,0.8333319444467593,0.0,11.0,2.0,13.0,0.0,1.0,2.0,2.0,3.0,2.0,1.0,3.0,0.0,0.0
1215.5,0.0,3.0012599463888585,45.0,1339.0,25.0,2.25,0.038461538461538464,18787.0,1.0,59.0,0.0,1.0,7.0,3.0,17.0,0.0,2.0,2.0,1.0,2.0,3.0,0.0,3.0,0.0,0.0
1097.0,0.0,0.677166219907153,35.0,664.0,5.0,2.25,0.5,5868.0,3.0,79.0,0.6666644444518518,1.0,1.0,1.0,13.0,0.25,4.0,2.0,1.0,2.0,3.0,0.0,4.0,1.0,0.0
338.8,1.0,1.0456878546241724,36.0,318.0,2.0,2.5,0.3333333333333333,21777.0,1.0,79.0,0.0,1.0,9.0,1.0,17.0,0.0,0.0,4.0,3.0,0.0,2.0,0.0,1.0,0.0,1.0
2736.5,0.0,0.790407187299956,59.0,1225.0,20.0,2.5,0.19047619047619047,24668.0,4.0,57.0,0.7499981250046875,0.0,1.0,2.0,11.0,0.2,7.0,1.0,3.0,2.0,2.0,1.0,4.0,1.0,0.0
901.0,0.0,0.8342663137689309,29.0,1328.0,6.0,3.0,0.7142857142857143,4956.0,5.0,76.0,0.7999984000032001,1.0,2.0,1.0,23.0,0.0,0.0,3.0,2.0,3.0,3.0,0.0,4.0,0.0,0.0
1250.5,0.0,0.771920107560524,31.0,1082.0,1.0,2.5,0.5,18775.0,1.0,87.0,0.9999900000999989,0.0,1.0,1.0,17.0,0.5,1.0,3.0,2.0,4.0,3.0,1.0,2.0,1.0,0.0
3110.0,0.0,1.9197693198826304,32.0,548.0,10.0,2.25,0.9090909090909091,7346.0,10.0,66.0,0.3999996000004,2.0,1.0,2.0,17.0,0.0,1.0,2.0,2.0,3.0,3.0,0.0,2.0,0.0,0.0
434.0,0.0,0.9384740710878825,36.0,132.0,5.0,2.75,0.16666666666666666,22002.0,1.0,55.0,0.0,0.0,6.0,1.0,12.0,0.0,3.0,2.0,4.0,3.0,4.0,0.0,2.0,0.0,0.0
491.55555555555554,0.0,0.6064313028516868,31.0,746.0,11.0,3.5,0.9166666666666666,20682.0,11.0,61.0,0.6363630578517656,0.0,8.0,2.0,23.0,0.08333333333333333,1.0,3.0,4.0,2.0,3.0,1.0,4.0,1.0,0.0
2156.0,0.0,0.6227363039717541,35.0,776.0,16.0,2.25,0.8823529411764706,23016.0,15.0,32.0,0.8666660888892741,0.0,1.0,2.0,14.0,0.125,0.0,3.0,1.0,2.0,2.0,1.0,2.0,2.0,0.0
1892.142857142857,1.0,0.8260803128440053,45.0,193.0,17.0,2.75,0.0,15067.0,0.0,52.0,0.0,0.0,6.0,3.0,14.0,0.0,4.0,4.0,1.0,3.0,3.0,0.0,2.0,0.0,0.0
1708.0,0.0,0.8522130158324264,37.0,397.0,16.0,2.25,0.29411764705882354,25258.0,5.0,30.0,0.39999920000160005,0.0,7.0,3.0,13.0,0.0,4.0,1.0,3.0,3.0,3.0,1.0,1.0,0.0,0.0
836.8333333333334,1.0,1.1853862952251668,46.0,945.0,16.0,2.75,0.23529411764705882,10425.0,4.0,80.0,0.49999875000312505,1.0,5.0,2.0,22.0,0.0,8.0,2.0,2.0,2.0,3.0,0.0,4.0,0.0,0.0
2563.0,1.0,1.5834819250811343,30.0,852.0,10.0,3.25,0.9090909090909091,15998.0,10.0,55.0,0.7999992000008,2.0,1.0,2.0,12.0,0.2727272727272727,1.0,4.0,4.0,1.0,2.0,0.0,3.0,3.0,0.0
1429.5,0.0,0.8824148690585918,35.0,1214.0,6.0,2.25,0.8571428571428571,26278.0,6.0,30.0,0.6666655555574075,0.0,1.0,1.0,18.0,0.0,1.0,2.0,3.0,3.0,2.0,1.0,1.0,0.0,0.0
5119.5,0.0,1.4787098832019456,55.0,111.0,24.0,3.0,0.04,18092.0,1.0,70.0,0.0,1.0,1.0,3.0,14.0,0.5,3.0,1.0,4.0,4.0,3.0,0.0,4.0,1.0,0.0
761.2857142857143,1.0,1.6447669944782215,38.0,573.0,17.0,3.25,0.7222222222222222,15717.0,13.0,79.0,0.8461531952667729,3.0,6.0,2.0,12.0,0.07142857142857142,7.0,2.0,4.0,3.0,1.0,0.0,4.0,1.0,0.0
2162.5,0.0,0.592860620441579,34.0,1153.0,5.0,2.25,0.8333333333333334,17736.0,5.0,94.0,0.39999920000160005,0.0,1.0,2.0,15.0,0.16666666666666666,1.0,1.0,2.0,2.0,3.0,0.0,3.0,1.0,0.0
907.5,0.0,0.99518337674124,56.0,1400.0,28.5,2.75,0.15789473684210525,21698.0,6.0,49.0,0.6666655555574075,0.0,7.0,3.0,11.0,0.0,4.0,4.0,4.0,3.0,1.0,1.0,1.0,0.0,0.0
774.0,0.0,0.8842345773038842,23.0,541.0,3.0,2.5,0.0,9518.0,0.0,62.0,0.0,1.0,2.0,1.0,13.0,0.0,3.0,3.0,1.0,3.0,3.0,0.0,3.0,0.0,0.0
207.5,0.0,0.6409920004961672,51.0,432.0,10.0,3.25,0.36363636363636365,18725.0,4.0,96.0,0.49999875000312505,2.0,9.0,1.0,23.0,0.0,3.0,4.0,4.0,4.0,3.0,0.0,2.0,0.0,0.0
1384.0,0.0,0.5514849919088929,30.0,288.0,11.0,2.75,0.9166666666666666,15830.0,11.0,99.0,0.9090900826453795,3.0,2.0,2.0,19.0,0.8333333333333334,1.0,3.0,4.0,3.0,2.0,0.0,1.0,10.0,0.0
961.9,0.0,1.3891698766011833,46.0,669.0,9.0,3.5,0.9,13596.0,9.0,64.0,0.8888879012356653,0.0,9.0,3.0,16.0,0.4,1.0,3.0,4.0,3.0,2.0,1.0,4.0,4.0,1.0
6751.5,0.0,1.7935216391487911,40.0,530.0,22.0,2.75,0.9565217391304348,14115.0,18.0,78.0,0.13636357438019348,1.0,1.0,4.0,22.0,0.4782608695652174,1.0,3.0,2.0,3.0,2.0,0.0,4.0,11.0,0.0
247.3181818181818,1.0,0.7857857676044327,51.0,632.0,11.0,3.0,0.8333333333333334,8423.0,10.0,71.0,0.6999993000007,0.0,21.0,2.0,22.0,0.09090909090909091,0.0,3.0,4.0,2.0,3.0,1.0,4.0,1.0,0.0
1041.8,1.0,0.7522804748118893,30.0,1334.0,11.0,2.25,0.9166666666666666,19760.0,11.0,63.0,0.7272720661163036,3.0,4.0,2.0,12.0,0.16666666666666666,1.0,3.0,2.0,4.0,2.0,0.0,2.0,2.0,0.0
5336.5,1.0,1.4176298937002925,46.0,638.0,21.0,2.25,0.45454545454545453,3142.0,10.0,40.0,0.8999991000009,1.0,1.0,3.0,13.0,0.8181818181818182,2.0,3.0,1.0,5.0,2.0,0.0,3.0,9.0,0.0
715.7142857142857,0.0,0.7235410210803543,32.0,1093.0,12.0,2.25,0.8461538461538461,24301.0,11.0,87.0,0.7272720661163036,0.0,6.0,2.0,16.0,0.4166666666666667,1.0,2.0,3.0,0.0,3.0,1.0,1.0,5.0,0.0
4516.333333333333,0.0,0.8450405555850077,54.0,1217.0,16.0,1.5,0.23529411764705882,24001.0,4.0,60.0,0.7499981250046875,1.0,2.0,3.0,12.0,0.0,8.5,1.0,3.0,5.0,3.0,0.0,1.0,0.0,0.0
1249.75,0.0,0.7219524080600183,24.0,1353.0,4.0,1.75,0.6,17519.0,3.0,33.0,0.6666644444518518,1.0,3.0,2.0,21.0,0.0,0.0,1.0,3.0,2.0,3.0,0.0,1.0,0.0,0.0
844.2,0.0,0.6095941417126098,28.0,120.0,5.0,2.75,0.8333333333333334,8863.0,5.0,43.0,0.7999984000032001,0.0,4.0,2.0,15.0,0.0,1.0,2.0,3.0,3.0,3.0,0.0,2.0,0.0,0.0
1261.090909090909,0.0,2.0033854380093166,58.0,682.0,28.5,3.0,0.9487179487179487,24409.0,18.0,37.0,0.270270197224271,0.0,10.0,4.0,13.0,0.02631578947368421,0.0,4.0,3.0,1.0,3.0,1.0,3.0,1.0,0.0
85.08333333333333,0.0,0.6307979108497221,44.0,489.0,17.0,2.75,0.16666666666666666,25043.0,3.0,67.0,0.6666644444518518,1.0,23.0,2.0,12.0,0.25,4.0,2.0,2.0,3.0,3.0,0.0,3.0,1.0,0.0
296.14285714285717,1.0,0.48940565425249366,37.0,807.0,7.0,2.75,0.375,23648.0,3.0,63.0,0.6666644444518518,0.0,6.0,1.0,22.0,0.0,4.0,3.0,1.0,3.0,3.0,0.0,4.0,0.0,1.0
1478.0,0.0,0.9123533938220347,32.0,827.0,1.0,3.0,0.5,15178.0,1.0,71.0,0.0,0.0,1.0,1.0,13.0,0.0,1.0,4.0,1.0,2.0,3.0,1.0,4.0,0.0,0.0
418.0,1.0,0.9038759486514628,20.0,871.0,1.0,3.25,0.5,19783.0,1.0,66.0,0.0,0.0,6.0,1.0,18.0,0.5,1.0,4.0,4.0,5.0,2.0,1.0,2.0,1.0,1.0
687.0,0.0,1.4842718101793522,34.0,665.0,16.0,2.5,0.9411764705882353,12482.0,16.0,41.0,0.8124994921878174,0.0,6.0,2.0,14.0,0.11764705882352941,1.0,1.0,3.0,3.0,3.0,1.0,3.0,2.0,0.0
1721.0,0.0,0.6857699935514485,37.0,1040.0,17.0,3.75,0.05555555555555555,15850.0,1.0,100.0,0.0,1.0,2.0,2.0,14.0,0.0,5.0,3.0,4.0,2.0,2.0,0.0,4.0,0.0,0.0
6281.333333333333,0.0,1.096749786451709,59.0,1420.0,28.5,3.5,0.0967741935483871,21922.0,3.0,32.0,0.6666644444518518,1.0,2.0,5.0,21.0,0.5,8.5,3.0,4.0,3.0,2.0,0.0,4.0,2.0,0.0
9086.0,1.0,1.1333734575312393,50.0,1115.0,28.0,1.5,0.27586206896551724,9755.0,8.0,73.0,0.37499953125058594,0.0,1.0,5.0,19.0,0.0,3.0,1.0,2.0,1.0,3.0,0.0,1.0,0.0,0.0
957.3333333333334,1.0,0.8295448353464182,25.0,240.0,6.0,3.25,0.8571428571428571,26959.0,6.0,46.0,0.6666655555574075,0.0,5.0,2.0,11.0,0.0,1.0,3.0,3.0,1.0,2.0,1.0,4.0,0.0,1.0
361.125,0.0,0.8916742066142958,25.0,1280.0,2.0,3.5,0.6666666666666666,26897.0,2.0,64.0,0.9999950000249999,2.0,7.0,1.0,11.0,0.6666666666666666,1.0,4.0,4.0,2.0,2.0,0.0,3.0,2.0,0.0
179.4375,0.0,0.8868857992407211,22.0,534.0,1.0,3.0,0.0,23785.0,0.0,59.0,0.0,0.0,15.0,1.0,15.0,0.0,1.0,2.0,4.0,5.0,3.0,1.0,3.0,0.0,0.0
3742.0,0.0,0.9940543543945459,51.0,1456.0,23.0,1.75,0.5416666666666666,25796.0,13.0,30.0,0.9230762130182977,0.0,1.0,3.0,20.0,0.8571428571428571,3.0,1.0,1.0,1.0,2.0,1.0,3.0,12.0,0.0
759.25,1.0,1.8763303185608289,34.0,658.0,9.0,2.75,0.9,22887.0,9.0,66.0,0.7777769135812072,0.0,7.0,2.0,24.0,0.0,1.0,1.0,3.0,3.0,1.0,1.0,4.0,0.0,1.0
641.7777777777778,1.0,1.0085162544913615,54.0,142.0,23.0,3.5,0.20833333333333334,13871.0,5.0,30.0,0.5999988000024,0.0,26.0,4.0,12.0,0.6666666666666666,2.0,4.0,4.0,3.0,4.0,1.0,3.0,4.0,0.0
146.0,0.0,0.856921353916322,24.0,1127.0,6.0,2.75,0.7142857142857143,13257.0,5.0,52.0,0.5999988000024,1.0,18.0,1.0,12.0,0.16666666666666666,0.0,2.0,3.0,2.0,3.0,0.0,3.0,1.0,0.0
643.5714285714286,0.0,1.3904438562815515,34.0,1031.0,12.0,2.75,0.07692307692307693,15000.0,1.0,45.0,0.0,1.0,6.0,2.0,15.0,0.0,6.0,3.0,2.0,3.0,2.0,0.0,3.0,0.0,0.0
1857.0,0.0,1.0727470468233278,37.0,1189.0,12.0,2.75,0.38461538461538464,14506.0,5.0,87.0,0.5999988000024,0.0,3.0,3.0,12.0,0.16666666666666666,2.0,3.0,4.0,3.0,3.0,1.0,1.0,1.0,0.0
1938.5,0.0,0.6769420911812687,34.0,1354.0,14.0,2.75,0.7333333333333333,5615.0,11.0,45.0,0.9090900826453795,0.0,5.0,3.0,12.0,0.4166666666666667,2.0,3.0,1.0,6.0,2.0,1.0,4.0,5.0,0.0
811.5,0.0,1.4063557810939102,36.0,1467.0,10.0,3.0,0.8181818181818182,22952.0,9.0,92.0,0.7777769135812072,1.0,11.0,3.0,14.0,0.2,0.0,2.0,4.0,6.0,3.0,0.0,3.0,2.0,0.0
708.75,0.0,0.8757649741718719,36.0,922.0,7.0,2.25,0.125,2561.0,1.0,39.0,0.0,1.0,3.0,1.0,22.0,0.0,5.0,1.0,4.0,2.0,3.0,0.0,1.0,0.0,0.0
628.1111111111111,1.0,0.9870398868835987,43.0,394.0,25.0,3.75,0.9615384615384616,19494.0,18.0,92.0,0.4799998080000768,2.0,26.0,4.0,12.0,0.15384615384615385,1.0,3.0,4.0,3.0,3.0,0.0,4.0,4.0,0.0
108.875,0.0,0.8064883011018189,30.0,1312.0,10.0,2.25,0.9090909090909091,22310.0,10.0,96.0,0.6999993000007,3.0,23.0,1.0,25.0,0.0,1.0,1.0,3.0,2.0,1.0,0.0,3.0,0.0,0.0
267.2173913043478,0.0,0.8876014202714286,33.0,750.0,8.0,2.5,0.7777777777777778,15480.0,7.0,95.0,0.9999985714306123,1.0,22.0,2.0,13.0,0.0,0.0,3.0,2.0,2.0,3.0,0.0,1.0,0.0,0.0
330.8666666666667,1.0,1.5318030762986328,56.0,441.0,7.0,2.0,0.625,4510.0,5.0,72.0,0.7999984000032001,3.0,14.0,1.0,18.0,0.6666666666666666,8.5,2.0,2.0,2.0,3.0,0.0,1.0,4.0,1.0
2791.0,0.0,1.218507442207122,51.0,684.0,23.0,2.5,0.8333333333333334,6462.0,18.0,51.0,0.899999550000225,0.0,6.0,5.0,13.0,0.7142857142857143,7.0,1.0,3.0,5.0,3.0,1.0,3.0,15.0,0.0
881.7142857142857,1.0,0.8913563237740413,31.0,249.0,12.0,2.25,0.5384615384615384,20739.0,7.0,76.0,0.9999985714306123,0.0,6.0,2.0,18.0,0.875,4.0,2.0,3.0,3.0,1.0,0.0,2.0,7.0,1.0
338.2857142857143,0.0,0.7308703777302362,26.0,841.0,5.0,2.5,0.8333333333333334,23300.0,5.0,46.0,0.7999984000032001,0.0,6.0,1.0,19.0,0.6666666666666666,1.0,3.0,2.0,3.0,2.0,0.0,3.0,4.0,0.0
429.6666666666667,0.0,1.3696804519664028,58.0,147.0,28.5,3.5,0.975609756097561,3465.0,18.0,94.0,0.24999993750001562,1.0,23.0,3.0,12.0,0.36585365853658536,1.0,4.0,4.0,3.0,3.0,0.0,4.0,15.0,1.0
72.82608695652173,1.0,0.6378522467631379,19.0,528.0,0.0,3.25,0.0,26820.0,0.0,50.0,0.0,0.0,22.0,1.0,19.0,0.0,1.0,4.0,3.0,2.0,3.0,1.0,4.0,0.0,1.0
841.0,0.0,0.7793844902418458,22.0,594.0,3.0,3.25,0.5,19299.0,2.0,100.0,0.49999750001249993,1.0,2.0,1.0,14.0,0.6666666666666666,0.0,3.0,4.0,2.0,3.0,0.0,3.0,2.0,0.0
312.7142857142857,0.0,0.9001885998704853,49.0,470.0,16.0,2.25,0.8823529411764706,5549.0,15.0,96.0,0.7333328444447704,0.0,20.0,2.0,14.0,0.3125,1.0,3.0,1.0,2.0,3.0,0.0,3.0,5.0,0.0
163.41379310344828,0.0,1.4626666892160427,43.0,957.0,18.0,3.0,0.15789473684210525,16090.0,3.0,72.0,0.6666644444518518,0.0,28.0,1.0,12.0,0.25,4.0,2.0,3.0,2.0,4.0,1.0,4.0,1.0,0.0
708.3076923076923,0.0,1.3298135173868069,50.0,809.0,16.0,3.5,0.11764705882352941,6645.0,2.0,77.0,0.9999950000249999,0.0,12.0,3.0,11.0,0.6666666666666666,4.0,3.0,4.0,3.0,3.0,1.0,4.0,2.0,0.0
217.0952380952381,1.0,0.658407887246574,31.0,542.0,4.0,2.75,0.4,24788.0,2.0,71.0,0.9999950000249999,1.0,20.0,2.0,11.0,0.6666666666666666,3.0,2.0,3.0,2.0,1.0,0.0,3.0,2.0,1.0
818.9,1.0,1.1826501839574892,41.0,802.0,12.0,3.0,0.6923076923076923,21196.0,9.0,96.0,0.7777769135812072,1.0,9.0,3.0,13.0,0.0,3.0,3.0,3.0,2.0,3.0,0.0,3.0,0.0,0.0
113.15384615384616,0.0,0.6945641267780204,26.0,1355.0,8.0,3.25,0.8888888888888888,8916.0,8.0,61.0,0.8749989062513672,1.0,25.0,1.0,23.0,0.5555555555555556,1.0,3.0,3.0,3.0,3.0,0.0,4.0,5.0,0.0
705.8571428571429,0.0,0.677300422104472,36.0,216.0,7.0,2.75,0.375,2819.0,3.0,84.0,0.6666644444518518,2.0,6.0,2.0,20.0,0.0,6.0,2.0,2.0,0.0,3.0,0.0,4.0,0.0,0.0
1183.3333333333333,0.0,1.4598764410873561,51.0,1150.0,18.0,3.0,0.21052631578947367,25150.0,4.0,53.0,0.49999875000312505,0.0,8.0,3.0,15.0,0.0,2.0,1.0,4.0,2.0,1.0,1.0,4.0,0.0,1.0
1180.4,0.0,0.8523630950930641,39.0,1329.0,17.0,3.5,0.8333333333333334,14590.0,15.0,47.0,0.7333328444447704,1.0,4.0,2.0,14.0,0.3125,4.0,4.0,3.0,1.0,2.0,0.0,3.0,5.0,0.0
297.8965517241379,0.0,1.2476388984257847,25.0,959.0,6.0,2.75,0.2857142857142857,24835.0,2.0,41.0,0.9999950000249999,0.0,28.0,2.0,18.0,0.6666666666666666,2.0,1.0,3.0,3.0,2.0,0.0,4.0,2.0,0.0
634.7,1.0,1.4984359322434044,30.0,1240.0,12.0,3.0,0.8461538461538461,13982.0,11.0,48.0,0.8181810743808415,0.0,9.0,2.0,19.0,0.3333333333333333,0.0,3.0,4.0,2.0,3.0,0.0,4.0,4.0,0.0
420.0,0.0,1.297429591365736,32.0,1033.0,10.0,1.75,0.45454545454545453,10224.0,5.0,41.0,0.7999984000032001,0.0,9.0,1.0,22.0,0.0,7.0,1.0,1.0,2.0,3.0,1.0,1.0,0.0,1.0
115.06666666666666,0.0,1.0654411080763408,45.0,1316.0,9.0,2.75,0.6,9752.0,6.0,83.0,0.8333319444467593,0.0,29.0,1.0,13.0,0.0,5.0,3.0,4.0,2.0,3.0,1.0,2.0,0.0,0.0
1079.25,1.0,1.3324186742658064,38.0,364.0,19.0,3.0,0.15,2302.0,3.0,32.0,0.6666644444518518,0.0,3.0,2.0,20.0,0.5,3.0,4.0,3.0,2.0,3.0,1.0,2.0,2.0,0.0
138.52631578947367,0.0,0.8123525482204315,30.0,438.0,5.0,2.25,0.8333333333333334,23910.0,5.0,75.0,0.7999984000032001,0.0,18.0,1.0,14.0,0.0,1.0,1.0,3.0,4.0,3.0,1.0,3.0,0.0,0.0
466.8,0.0,0.6741495980844499,32.0,689.0,9.0,4.0,0.8,22812.0,8.0,35.0,0.8749989062513672,3.0,9.0,2.0,17.0,0.0,0.0,4.0,4.0,2.0,1.0,0.0,4.0,0.0,0.0
534.0,0.0,0.9888972509491878,30.0,201.0,8.0,3.0,0.3333333333333333,10415.0,3.0,84.0,0.6666644444518518,1.0,5.0,1.0,14.0,0.5,5.0,4.0,1.0,3.0,3.0,0.0,4.0,2.0,0.0
906.6666666666666,0.0,0.8402401163130482,30.0,1427.0,6.0,3.25,0.7142857142857143,11162.0,5.0,35.0,0.5999988000024,0.0,2.0,1.0,13.0,0.16666666666666666,0.0,2.0,4.0,3.0,2.0,1.0,4.0,1.0,0.0
1561.909090909091,0.0,0.9999606283711958,41.0,857.0,21.0,2.25,0.3181818181818182,12888.0,7.0,91.0,0.8571416326548106,1.0,10.0,4.0,13.0,0.875,4.0,4.0,1.0,2.0,2.0,0.0,2.0,7.0,0.0
223.8,0.0,0.6913446251134565,41.0,933.0,7.0,2.75,0.625,6961.0,5.0,94.0,0.0,1.0,9.0,1.0,21.0,0.16666666666666666,2.0,3.0,1.0,2.0,3.0,0.0,4.0,1.0,0.0
370.75,0.0,0.4581162104750921,19.0,1181.0,1.0,2.75,0.5,16102.0,1.0,79.0,0.0,0.0,3.0,1.0,14.0,0.0,1.0,2.0,2.0,3.0,3.0,1.0,4.0,0.0,0.0
207.59259259259258,0.0,1.7299528999906983,40.0,1395.0,20.0,2.0,0.9523809523809523,8504.0,18.0,54.0,0.3499998250000875,1.0,26.0,2.0,11.0,0.09523809523809523,1.0,2.0,2.0,2.0,3.0,0.0,1.0,2.0,0.0
3647.5,0.0,1.0535392712138094,35.0,662.0,10.0,2.25,0.9090909090909091,11439.0,10.0,94.0,0.7999992000008,2.0,1.0,3.0,13.0,0.0,1.0,3.0,2.0,3.0,3.0,0.0,1.0,0.0,0.0
329.42857142857144,1.0,0.8781416603198782,53.0,1436.0,13.0,2.5,0.5,16047.0,7.0,34.0,0.9999985714306123,1.0,6.0,2.0,20.0,0.5,2.0,2.0,3.0,3.0,3.0,0.0,4.0,4.0,0.0
234.8,0.0,0.7253249239349401,45.0,194.0,20.0,2.0,0.8095238095238095,10901.0,17.0,60.0,0.5294114532873805,1.0,9.0,2.0,18.0,0.0,8.0,2.0,2.0,2.0,3.0,0.0,3.0,0.0,0.0
999.7777777777778,0.0,1.2994854506349358,32.0,967.0,9.0,3.25,0.9,15589.0,9.0,43.0,0.8888879012356653,0.0,8.0,3.0,14.0,0.3,1.0,2.0,4.0,2.0,3.0,1.0,4.0,3.0,0.0
2159.5,0.0,0.5920381548409663,29.0,1496.0,10.0,2.75,0.9090909090909091,26283.0,10.0,41.0,0.6999993000007,1.0,1.0,2.0,13.0,0.0,1.0,4.0,3.0,1.0,3.0,0.0,1.0,0.0,0.0
766.5,0.0,0.8405598438260722,51.0,1169.0,10.0,2.75,0.09090909090909091,13983.0,1.0,34.0,0.0,0.0,7.0,2.0,17.0,0.0,2.0,2.0,3.0,2.0,2.0,0.0,3.0,0.0,0.0
334.6,1.0,1.0327247820461867,58.0,1145.0,9.0,2.0,0.1,11873.0,1.0,75.0,0.0,1.0,9.0,1.0,20.0,0.0,4.0,2.0,2.0,3.0,2.0,0.0,2.0,0.0,0.0
2171.0,0.0,1.5676722123407676,40.0,630.0,15.0,2.5,0.75,8552.0,12.0,67.0,0.9166659027784144,1.0,4.0,3.0,11.0,0.15384615384615385,7.0,3.0,4.0,2.0,2.0,0.0,1.0,2.0,0.0
743.6666666666666,0.0,0.8495811119573495,34.0,303.0,6.0,3.25,0.5714285714285714,11314.0,4.0,75.0,0.7499981250046875,1.0,2.0,1.0,18.0,0.2,6.0,3.0,3.0,3.0,3.0,0.0,4.0,1.0,0.0
116.15,0.0,0.7169813713966802,22.0,1256.0,2.0,2.75,0.6666666666666666,11992.0,2.0,80.0,0.9999950000249999,2.0,19.0,1.0,24.0,0.6666666666666666,1.0,3.0,4.0,6.0,3.0,0.0,1.0,2.0,0.0
202.4,0.0,0.6246966404248303,27.0,691.0,6.0,2.75,0.2857142857142857,5970.0,2.0,57.0,0.9999950000249999,1.0,9.0,1.0,18.0,0.6666666666666666,6.0,4.0,2.0,1.0,3.0,0.0,4.0,2.0,0.0
123.31818181818181,0.0,0.8373527596208322,28.0,440.0,5.0,2.75,0.8333333333333334,6672.0,5.0,42.0,0.39999920000160005,1.0,21.0,1.0,11.0,0.0,1.0,3.0,4.0,2.0,3.0,0.0,3.0,0.0,0.0
377.56,1.0,1.2537251538121483,57.0,334.0,12.0,2.5,0.38461538461538464,23402.0,5.0,83.0,0.5999988000024,1.0,24.0,3.0,16.0,0.16666666666666666,3.0,3.0,4.0,2.0,4.0,0.0,2.0,1.0,0.0
641.5,1.0,0.7919820055978827,27.0,1450.0,1.0,3.0,0.5,25326.0,1.0,79.0,0.9999900000999989,1.0,3.0,1.0,15.0,0.0,1.0,3.0,3.0,2.0,2.0,0.0,4.0,0.0,0.0
1660.5,0.0,1.1597238508191867,50.0,1452.0,21.0,2.5,0.22727272727272727,17053.0,5.0,53.0,0.7999984000032001,0.0,11.0,5.0,15.0,0.6666666666666666,3.0,3.0,2.0,5.0,3.0,1.0,2.0,4.0,0.0
163.4,0.0,0.7564878783010173,41.0,465.0,13.0,2.0,0.6428571428571429,4609.0,9.0,56.0,0.8888879012356653,1.0,14.0,1.0,12.0,0.1,4.0,1.0,3.0,2.0,3.0,0.0,1.0,1.0,0.0
1569.8333333333333,0.0,1.360286003504163,30.0,1339.0,12.0,3.0,0.7692307692307693,8053.0,10.0,41.0,0.8999991000009,1.0,5.0,3.0,12.0,0.6363636363636364,2.0,2.0,4.0,2.0,3.0,0.0,3.0,7.0,0.0
4343.0,0.0,1.2544266086035845,38.0,702.0,12.0,3.0,0.6153846153846154,12930.0,8.0,59.0,0.37499953125058594,0.0,1.0,2.0,22.0,0.0,4.0,1.0,4.0,2.0,2.0,1.0,3.0,0.0,0.0
434.0,0.0,0.9376622498076257,32.0,120.0,8.0,2.5,0.5555555555555556,12430.0,5.0,43.0,0.7999984000032001,0.0,6.0,1.0,20.0,0.16666666666666666,3.0,3.0,3.0,2.0,3.0,1.0,1.0,1.0,0.0
169.88888888888889,1.0,0.9438351415114283,27.0,1157.0,6.0,2.75,0.7142857142857143,13364.0,5.0,51.0,0.39999920000160005,1.0,17.0,1.0,16.0,0.16666666666666666,0.0,3.0,2.0,3.0,3.0,0.0,4.0,1.0,0.0
1162.5,0.0,0.8853769992383854,19.0,602.0,1.0,2.25,0.0,20989.0,0.0,100.0,0.0,0.0,1.0,1.0,21.0,0.0,0.0,3.0,1.0,5.0,1.0,1.0,1.0,0.0,1.0
522.0,0.0,0.6450078539932517,36.0,1480.0,13.0,2.75,0.5714285714285714,15062.0,8.0,30.0,0.8749989062513672,0.0,3.0,1.0,12.0,0.7777777777777778,4.0,4.0,2.0,3.0,3.0,1.0,3.0,7.0,0.0
307.2,0.0,0.9489770725417956,30.0,111.0,12.0,2.5,0.9230769230769231,11012.0,12.0,66.0,0.7499993750005208,2.0,9.0,2.0,11.0,0.46153846153846156,1.0,3.0,1.0,4.0,3.0,0.0,3.0,6.0,0.0
1001.2,1.0,0.722963343618414,45.0,1268.0,9.0,2.25,0.5,6319.0,5.0,30.0,0.7999984000032001,1.0,4.0,2.0,11.0,0.0,4.0,3.0,1.0,3.0,3.0,0.0,1.0,0.0,0.0
473.0,1.0,1.3138999991543985,56.0,713.0,19.0,2.5,0.1,13939.0,2.0,67.0,0.9999950000249999,1.0,8.0,1.0,18.0,0.6666666666666666,4.0,3.0,1.0,3.0,3.0,0.0,3.0,2.0,0.0
833.3333333333334,0.0,0.7716114629753338,33.0,134.0,4.0,3.0,0.6,10515.0,3.0,90.0,0.3333322222259259,0.0,2.0,1.0,14.0,0.0,0.0,3.0,4.0,2.0,3.0,1.0,1.0,0.0,0.0
367.3333333333333,0.0,0.34042081182977174,19.0,303.0,1.0,2.75,0.5,9241.0,1.0,47.0,0.0,0.0,2.0,1.0,22.0,0.5,1.0,2.0,4.0,3.0,2.0,1.0,3.0,1.0,1.0
5226.5,0.0,1.5096156274157573,46.0,526.0,24.0,2.25,0.96,2137.0,18.0,92.0,0.5416664409723163,3.0,1.0,3.0,25.0,0.6,1.0,2.0,1.0,2.0,3.0,0.0,3.0,15.0,0.0
228.8,0.0,0.7067902154868582,38.0,1380.0,2.0,3.25,0.6666666666666666,6319.0,2.0,75.0,0.9999950000249999,0.0,9.0,1.0,12.0,0.6666666666666666,1.0,3.0,4.0,3.0,3.0,1.0,3.0,2.0,0.0
302.2307692307692,1.0,1.2126645752120346,31.0,140.0,7.0,3.25,0.5,6984.0,4.0,95.0,0.49999875000312505,1.0,12.0,1.0,23.0,0.0,8.0,3.0,4.0,0.0,3.0,0.0,3.0,0.0,0.0
82.53571428571429,0.0,0.7132776363743986,34.0,629.0,9.0,3.25,0.3,5711.0,3.0,95.0,0.6666644444518518,0.0,27.0,1.0,15.0,0.25,2.0,4.0,2.0,3.0,3.0,1.0,4.0,1.0,0.0
149.52380952380952,1.0,1.1957349581111958,41.0,1356.0,4.0,2.5,0.8,21728.0,4.0,70.0,0.7499981250046875,0.0,20.0,1.0,22.0,0.0,1.0,2.0,2.0,5.0,3.0,1.0,4.0,0.0,1.0
1845.0,0.0,1.1398845695570397,50.0,328.0,5.0,3.0,0.5,3425.0,3.0,86.0,0.6666644444518518,1.0,1.0,1.0,15.0,0.0,2.0,3.0,3.0,2.0,2.0,0.0,4.0,0.0,0.0
317.85714285714283,0.0,0.6099953204543413,53.0,1084.0,5.0,2.75,0.6666666666666666,26250.0,4.0,57.0,0.49999875000312505,2.0,13.0,2.0,11.0,0.2,1.0,4.0,1.0,3.0,4.0,0.0,3.0,1.0,0.0
183.73333333333332,0.0,0.850624476784008,33.0,931.0,8.0,3.25,0.8888888888888888,4673.0,8.0,72.0,0.8749989062513672,1.0,14.0,1.0,13.0,0.1111111111111111,1.0,4.0,2.0,5.0,3.0,0.0,4.0,1.0,0.0
3806.6,0.0,1.1077498771776364,40.0,989.0,21.0,3.0,0.9090909090909091,6499.0,18.0,46.0,0.3999998000001,1.0,4.0,5.0,14.0,0.42857142857142855,1.0,4.0,3.0,2.0,3.0,0.0,2.0,9.0,0.0
1248.1333333333334,0.0,1.1676765282797634,55.0,692.0,28.5,3.0,0.6486486486486487,13339.0,18.0,61.0,0.6249997395834419,0.0,14.0,5.0,11.0,0.08,8.0,3.0,2.0,3.0,4.0,1.0,4.0,2.0,0.0
3182.3333333333335,0.0,1.3086798481747408,34.0,1069.0,10.0,3.0,0.9090909090909091,14074.0,10.0,45.0,0.8999991000009,0.0,2.0,2.0,17.0,0.09090909090909091,1.0,4.0,3.0,2.0,2.0,0.0,3.0,1.0,0.0
3433.5,0.0,1.824203968900948,51.0,313.0,21.0,3.0,0.3181818181818182,7192.0,7.0,98.0,0.9999985714306123,0.0,3.0,4.0,18.0,0.125,3.0,4.0,2.0,6.0,3.0,1.0,3.0,1.0,0.0
9999.5,0.0,1.1639725631101534,52.0,699.0,28.5,2.5,0.9428571428571428,5678.0,18.0,65.0,0.5454543801653393,1.0,1.0,5.0,14.0,0.3235294117647059,0.0,3.0,3.0,5.0,2.0,0.0,1.0,11.0,0.0
227.9,0.0,0.7034010096483143,27.0,894.0,7.0,3.0,0.875,11781.0,7.0,99.0,0.9999985714306123,0.0,9.0,1.0,16.0,0.0,1.0,4.0,2.0,2.0,3.0,1.0,4.0,0.0,0.0
246.5,1.0,0.8109510822040187,35.0,556.0,8.0,2.25,0.1111111111111111,15497.0,1.0,50.0,0.0,0.0,23.0,2.0,13.0,0.0,3.0,2.0,3.0,1.0,2.0,0.0,1.0,0.0,1.0
261.125,0.0,0.6447585384621889,43.0,1344.0,7.0,4.0,0.625,5228.0,5.0,37.0,0.7999984000032001,3.0,7.0,1.0,14.0,0.3333333333333333,4.0,4.0,4.0,3.0,4.0,0.0,4.0,2.0,0.0
5597.333333333333,0.0,0.9773202299987847,45.0,1195.0,22.0,3.0,0.8695652173913043,20462.0,18.0,65.0,0.3999998000001,1.0,2.0,4.0,23.0,0.5238095238095238,8.5,1.0,4.0,1.0,2.0,0.0,4.0,11.0,0.0
162.0,1.0,1.100009301617636,37.0,290.0,8.0,1.5,0.8888888888888888,22977.0,8.0,65.0,0.8749989062513672,1.0,21.0,1.0,12.0,0.1111111111111111,1.0,2.0,1.0,3.0,4.0,0.0,1.0,1.0,0.0
1475.0,0.0,1.3669347480460434,35.0,138.0,10.0,2.75,0.5454545454545454,15986.0,6.0,37.0,0.33333277777870374,0.0,2.0,2.0,11.0,0.14285714285714285,5.0,2.0,2.0,5.0,3.0,1.0,4.0,1.0,0.0
239.3181818181818,0.0,0.7217135645375522,42.0,926.0,11.0,2.75,0.4166666666666667,16439.0,5.0,36.0,0.5999988000024,1.0,21.0,2.0,16.0,0.0,2.0,3.0,3.0,5.0,3.0,0.0,2.0,0.0,0.0
2184.3333333333335,0.0,0.8982695134690559,38.0,1261.0,14.0,3.0,0.06666666666666667,7259.0,1.0,88.0,0.0,0.0,2.0,2.0,14.0,0.0,8.5,4.0,3.0,3.0,3.0,0.0,2.0,0.0,0.0
208.7,0.0,0.858242854239243,38.0,1084.0,9.0,2.5,0.7,4185.0,7.0,54.0,0.9999985714306123,1.0,29.0,2.0,18.0,0.125,3.0,4.0,4.0,3.0,3.0,0.0,1.0,1.0,0.0
2149.0,0.0,0.5891595252388223,27.0,472.0,6.0,2.5,0.2857142857142857,9679.0,2.0,60.0,0.9999950000249999,1.0,1.0,2.0,19.0,0.6666666666666666,5.0,3.0,1.0,1.0,2.0,0.0,3.0,2.0,0.0
358.10526315789474,1.0,0.9326759910946828,49.0,1002.0,7.0,3.0,0.875,23793.0,7.0,92.0,0.9999985714306123,2.0,18.0,2.0,15.0,0.125,1.0,4.0,4.0,0.0,3.0,0.0,1.0,1.0,0.0
346.8181818181818,1.0,1.1774790925003593,34.0,878.0,5.0,3.75,0.8333333333333334,5972.0,5.0,43.0,0.5999988000024,1.0,10.0,1.0,17.0,0.3333333333333333,1.0,4.0,3.0,4.0,3.0,0.0,4.0,2.0,0.0
137.05,1.0,0.8467272642698769,40.0,905.0,15.0,3.5,0.4375,16523.0,7.0,99.0,0.2857138775516035,1.0,19.0,2.0,15.0,0.375,8.0,3.0,4.0,2.0,3.0,0.0,3.0,3.0,0.0
222.43333333333334,1.0,0.8863341404161952,38.0,1180.0,17.0,2.0,0.05555555555555555,11354.0,1.0,70.0,0.0,0.0,29.0,2.0,19.0,0.0,7.0,2.0,1.0,2.0,3.0,0.0,2.0,0.0,1.0
272.82142857142856,0.0,1.103219532940684,29.0,121.0,10.0,3.0,0.9090909090909091,24525.0,10.0,35.0,0.3999996000004,3.0,27.0,3.0,22.0,0.09090909090909091,1.0,2.0,4.0,3.0,3.0,0.0,4.0,1.0,1.0
388.0,1.0,0.7185245943226308,22.0,1136.0,4.0,2.25,0.8,12392.0,4.0,60.0,0.49999875000312505,1.0,5.0,1.0,16.0,0.4,1.0,4.0,2.0,2.0,4.0,0.0,1.0,2.0,0.0
113.3157894736842,0.0,0.6650871214786738,36.0,635.0,8.0,2.5,0.8888888888888888,7703.0,8.0,73.0,0.12499984375019532,0.0,18.0,1.0,13.0,0.1111111111111111,1.0,2.0,4.0,2.0,3.0,1.0,1.0,1.0,0.0
487.6,0.0,0.6476495232533145,40.0,1151.0,5.0,3.25,0.5,14242.0,3.0,63.0,0.6666644444518518,1.0,9.0,2.0,14.0,0.0,8.5,4.0,4.0,5.0,2.0,0.0,4.0,0.0,0.0
4698.0,0.0,1.2480137244643443,46.0,644.0,17.0,2.75,0.2222222222222222,12368.0,4.0,97.0,0.49999875000312505,1.0,1.0,3.0,16.0,0.0,7.0,4.0,1.0,3.0,3.0,0.0,3.0,0.0,0.0
2080.0,0.0,1.5019614010450468,32.0,1045.0,14.0,3.25,0.9333333333333333,25812.0,14.0,32.0,0.5714281632655976,0.0,4.0,3.0,11.0,0.6,1.0,4.0,4.0,2.0,1.0,0.0,3.0,9.0,1.0
4237.0,0.0,1.1615955832651885,30.0,829.0,12.0,3.0,0.8461538461538461,20925.0,11.0,88.0,0.7272720661163036,0.0,1.0,3.0,22.0,0.4166666666666667,1.0,3.0,3.0,2.0,2.0,1.0,3.0,5.0,0.0
475.2857142857143,0.0,1.4414496869067897,27.0,1242.0,7.0,3.5,0.875,12916.0,7.0,90.0,0.9999985714306123,0.0,20.0,2.0,14.0,0.0,1.0,4.0,3.0,2.0,3.0,1.0,4.0,0.0,0.0
1387.7777777777778,0.0,0.778991552089213,51.0,1469.0,16.0,2.25,0.5882352941176471,15736.0,10.0,81.0,0.8999991000009,2.0,8.0,3.0,16.0,0.36363636363636365,5.0,2.0,2.0,5.0,2.0,0.0,4.0,4.0,0.0
664.25,1.0,0.8200686628501848,30.0,1005.0,8.0,2.75,0.5555555555555556,8556.0,5.0,88.0,0.39999920000160005,0.0,3.0,1.0,11.0,0.0,5.0,4.0,1.0,5.0,3.0,1.0,3.0,0.0,1.0
1941.5714285714287,1.0,0.7910171061168105,41.0,896.0,16.0,3.5,0.058823529411764705,14674.0,1.0,75.0,0.0,0.0,6.0,3.0,18.0,0.0,3.0,4.0,4.0,3.0,3.0,1.0,3.0,0.0,0.0
248.0,0.0,0.967032071288234,30.0,334.0,9.0,2.25,0.6,22967.0,6.0,52.0,0.4999991666680556,0.0,26.0,2.0,15.0,0.0,5.0,3.0,1.0,5.0,2.0,1.0,3.0,0.0,1.0
1029.0,0.0,0.6351905563212948,29.0,992.0,7.0,3.0,0.75,19757.0,6.0,85.0,0.33333277777870374,0.0,1.0,1.0,14.0,0.14285714285714285,0.0,3.0,3.0,1.0,3.0,1.0,4.0,1.0,1.0
1266.4285714285713,0.0,1.2802776750254174,45.0,1052.0,23.0,3.75,0.7916666666666666,16840.0,18.0,57.0,0.36842085872586383,0.0,6.0,3.0,12.0,0.6,6.0,4.0,4.0,2.0,2.0,1.0,4.0,12.0,0.0
1485.0,0.0,0.857851030981498,54.0,1147.0,16.0,3.0,0.35294117647058826,17011.0,6.0,52.0,0.33333277777870374,1.0,3.0,2.0,14.0,0.0,2.0,4.0,1.0,4.0,3.0,0.0,4.0,0.0,0.0
985.6666666666666,0.0,1.8269044293659438,36.0,1396.0,16.0,3.5,0.7647058823529411,9945.0,13.0,62.0,0.8461531952667729,0.0,5.0,2.0,16.0,0.21428571428571427,8.0,4.0,2.0,3.0,3.0,1.0,4.0,3.0,0.0
524.4,0.0,0.8092661023685301,33.0,147.0,7.0,3.0,0.375,13248.0,3.0,47.0,0.6666644444518518,0.0,4.0,1.0,21.0,0.25,6.0,3.0,2.0,3.0,2.0,0.0,4.0,1.0,0.0
1015.4166666666666,1.0,0.7599689401286678,37.0,663.0,10.0,3.0,0.9090909090909091,10056.0,10.0,47.0,0.7999992000008,3.0,11.0,3.0,14.0,0.0,1.0,2.0,4.0,1.0,3.0,0.0,3.0,0.0,0.0
2652.25,0.0,1.532145048431433,38.0,119.0,17.0,2.25,0.8888888888888888,9647.0,16.0,76.0,0.6249996093752441,2.0,3.0,3.0,12.0,0.29411764705882354,0.0,1.0,3.0,6.0,3.0,0.0,3.0,5.0,0.0
2172.5,0.0,0.5956021724436209,31.0,979.0,6.0,3.25,0.7142857142857143,4381.0,5.0,90.0,0.7999984000032001,1.0,1.0,2.0,12.0,0.16666666666666666,0.0,3.0,3.0,2.0,1.0,0.0,4.0,1.0,0.0
544.25,0.0,0.6719192619589207,59.0,142.0,7.0,2.75,0.125,8456.0,1.0,70.0,0.0,1.0,3.0,1.0,17.0,0.0,3.0,3.0,4.0,6.0,2.0,0.0,1.0,0.0,0.0
558.6,0.0,1.0635948210205637,37.0,319.0,13.0,2.75,0.6428571428571429,2539.0,9.0,41.0,0.8888879012356653,1.0,4.0,1.0,17.0,0.5,4.0,1.0,4.0,2.0,3.0,0.0,3.0,5.0,0.0
3959.0,0.0,1.143512535911027,29.0,1413.0,11.0,3.25,0.9166666666666666,6599.0,11.0,42.0,0.9090900826453795,1.0,1.0,3.0,14.0,0.3333333333333333,1.0,2.0,4.0,5.0,3.0,0.0,4.0,4.0,0.0
4394.5,0.0,1.2693018032485497,35.0,944.0,10.0,2.75,0.9090909090909091,9096.0,10.0,92.0,0.6999993000007,0.0,1.0,3.0,14.0,0.0,1.0,3.0,3.0,3.0,3.0,1.0,1.0,0.0,0.0
125.73684210526316,1.0,0.737351914019229,29.0,896.0,4.0,3.0,0.8,14961.0,4.0,86.0,0.7499981250046875,0.0,18.0,1.0,13.0,0.0,1.0,3.0,4.0,3.0,2.0,1.0,3.0,0.0,1.0
1070.6666666666667,0.0,0.9922247255873201,52.0,1323.0,6.0,2.75,0.2857142857142857,3300.0,2.0,89.0,0.9999950000249999,0.0,2.0,1.0,15.0,0.6666666666666666,7.0,3.0,4.0,3.0,2.0,1.0,2.0,2.0,0.0
3846.4,0.0,1.1193319832858877,42.0,532.0,22.0,3.5,0.9565217391304348,4933.0,18.0,58.0,0.772726921487763,0.0,4.0,5.0,11.0,0.4782608695652174,1.0,3.0,4.0,3.0,3.0,0.0,4.0,11.0,0.0
323.85714285714283,0.0,0.5352062798795963,59.0,818.0,7.0,2.75,0.25,25657.0,2.0,52.0,0.9999950000249999,0.0,6.0,1.0,17.0,0.6666666666666666,8.0,2.0,3.0,2.0,3.0,0.0,4.0,2.0,0.0
9758.5,0.0,1.1359194216821273,50.0,854.0,28.5,3.25,0.21212121212121213,24118.0,7.0,68.0,0.0,1.0,1.0,5.0,11.0,0.0,3.0,4.0,4.0,3.0,3.0,0.0,3.0,0.0,0.0
162.4,1.0,0.752509162992127,33.0,813.0,8.0,2.75,0.5555555555555556,22149.0,5.0,58.0,0.7999984000032001,1.0,14.0,1.0,13.0,0.0,5.0,3.0,4.0,2.0,3.0,0.0,3.0,0.0,1.0
944.9411764705883,1.0,0.9349495101655835,43.0,1034.0,22.0,3.5,0.7391304347826086,7744.0,17.0,80.0,0.7647054325262161,1.0,16.0,4.0,22.0,0.05555555555555555,5.0,4.0,4.0,3.0,3.0,0.0,3.0,1.0,0.0
902.3333333333334,0.0,0.8362242628159637,33.0,465.0,13.0,1.75,0.6428571428571429,21509.0,9.0,39.0,0.7777769135812072,0.0,2.0,1.0,20.0,0.1,7.0,1.0,1.0,3.0,3.0,0.0,1.0,1.0,1.0
6356.0,1.0,1.109786931015771,52.0,771.0,28.5,3.0,0.9705882352941176,21030.0,18.0,79.0,0.2121211478420764,0.0,2.0,5.0,18.0,0.4411764705882353,1.0,1.0,3.0,2.0,2.0,1.0,4.0,15.0,0.0
786.2,0.0,1.4969535415079969,32.0,1401.0,6.0,2.25,0.5714285714285714,20990.0,4.0,56.0,0.7499981250046875,1.0,4.0,1.0,11.0,0.2,2.0,3.0,2.0,5.0,3.0,0.0,1.0,1.0,0.0
1865.0,1.0,1.152241041855761,32.0,515.0,4.0,3.0,0.6,9571.0,3.0,62.0,0.6666644444518518,0.0,1.0,1.0,14.0,0.25,0.0,4.0,3.0,2.0,2.0,1.0,4.0,1.0,1.0
1116.0,0.0,0.6894911542686484,39.0,1431.0,7.0,3.0,0.375,15417.0,3.0,96.0,0.6666644444518518,3.0,1.0,1.0,14.0,0.25,7.0,3.0,3.0,1.0,3.0,0.0,3.0,1.0,0.0
165.37037037037038,0.0,0.6448324668909745,32.0,976.0,4.0,2.75,0.6,12069.0,3.0,100.0,0.6666644444518518,0.0,26.0,2.0,18.0,0.5,0.0,3.0,4.0,2.0,3.0,0.0,1.0,2.0,0.0
153.6,0.0,0.9481561657040902,41.0,1411.0,17.0,1.75,0.05555555555555555,19877.0,1.0,36.0,0.0,2.0,19.0,2.0,16.0,0.0,2.0,3.0,1.0,2.0,3.0,0.0,1.0,0.0,0.0
132.76,0.0,1.0243913782460532,40.0,1300.0,9.0,2.25,0.9,24447.0,9.0,62.0,0.8888879012356653,2.0,24.0,2.0,17.0,0.4,1.0,1.0,4.0,3.0,3.0,0.0,1.0,4.0,0.0
9601.0,0.0,1.1175859371389152,45.0,252.0,25.0,3.25,0.9230769230769231,15970.0,18.0,70.0,0.0,1.0,1.0,5.0,11.0,0.04,0.0,3.0,4.0,2.0,4.0,0.0,3.0,1.0,0.0
3418.75,0.0,0.8528990772473969,31.0,1327.0,9.0,2.25,0.2,13523.0,2.0,73.0,0.9999950000249999,1.0,3.0,3.0,12.0,0.6666666666666666,8.5,2.0,3.0,3.0,3.0,0.0,1.0,2.0,0.0
485.1666666666667,0.0,0.8984643874884787,33.0,832.0,2.0,3.0,0.6666666666666666,14776.0,2.0,63.0,0.9999950000249999,1.0,5.0,1.0,13.0,0.0,1.0,3.0,4.0,2.0,2.0,0.0,3.0,0.0,0.0
1985.6666666666667,0.0,0.8165712638082048,34.0,470.0,13.0,2.5,0.7857142857142857,23687.0,11.0,84.0,0.8181810743808415,1.0,2.0,2.0,13.0,0.4166666666666667,6.0,4.0,1.0,3.0,2.0,0.0,2.0,5.0,0.0
1960.0,0.0,1.2098867739453234,37.0,1017.0,17.0,1.75,0.16666666666666666,18697.0,3.0,83.0,0.3333322222259259,1.0,1.0,1.0,14.0,0.0,2.0,3.0,1.0,2.0,2.0,0.0,1.0,0.0,0.0
804.25,0.0,0.8819572790569061,45.0,1199.0,9.0,2.75,0.3,5118.0,3.0,77.0,0.6666644444518518,1.0,7.0,2.0,17.0,0.0,4.0,1.0,3.0,1.0,4.0,0.0,4.0,0.0,0.0
913.4545454545455,0.0,1.3773557258258926,37.0,504.0,17.0,2.25,0.05555555555555555,22573.0,1.0,61.0,0.0,2.0,10.0,3.0,11.0,0.0,6.0,1.0,3.0,5.0,3.0,0.0,2.0,0.0,1.0
3646.0,0.0,1.4528282373553638,39.0,505.0,20.0,3.25,0.9047619047619048,6420.0,18.0,64.0,0.31578930747931183,0.0,2.0,3.0,25.0,0.55,0.0,3.0,3.0,1.0,3.0,1.0,4.0,11.0,0.0
146.25,0.0,0.7222283293449124,29.0,665.0,6.0,2.75,0.8571428571428571,22673.0,6.0,60.0,0.8333319444467593,0.0,15.0,1.0,19.0,0.14285714285714285,1.0,3.0,4.0,1.0,3.0,1.0,1.0,1.0,0.0
363.6111111111111,1.0,2.020078810069424,42.0,916.0,10.0,2.75,0.2727272727272727,23016.0,3.0,82.0,0.6666644444518518,0.0,17.0,2.0,13.0,0.0,3.0,4.0,1.0,1.0,4.0,1.0,3.0,0.0,0.0
330.04761904761904,0.0,1.0009706221772328,29.0,1247.0,10.0,3.75,0.2727272727272727,10732.0,3.0,45.0,0.6666644444518518,1.0,20.0,2.0,14.0,0.0,2.0,4.0,4.0,2.0,3.0,0.0,4.0,0.0,0.0
2449.0,0.0,0.6714060853000817,25.0,685.0,5.0,2.75,0.6666666666666666,7505.0,4.0,62.0,0.49999875000312505,2.0,1.0,2.0,12.0,0.2,0.0,1.0,3.0,3.0,3.0,0.0,4.0,1.0,0.0
864.3333333333334,1.0,0.801008316764608,42.0,269.0,10.0,2.75,0.8181818181818182,8007.0,9.0,56.0,0.666665925926749,1.0,2.0,1.0,11.0,0.7,0.0,4.0,1.0,4.0,2.0,0.0,3.0,7.0,0.0
6478.666666666667,0.0,1.212208151033302,40.0,1416.0,22.0,2.75,0.9130434782608695,5949.0,18.0,49.0,0.3333331746032502,1.0,2.0,5.0,19.0,0.13636363636363635,0.0,1.0,3.0,5.0,3.0,0.0,4.0,3.0,0.0
1361.5,0.0,0.8404392054727335,51.0,833.0,1.0,2.75,0.5,23231.0,1.0,96.0,0.0,0.0,1.0,1.0,11.0,0.0,1.0,3.0,4.0,0.0,3.0,0.0,2.0,0.0,0.0
115.96666666666667,0.0,1.0747041781812847,31.0,307.0,6.0,2.75,0.7142857142857143,11652.0,5.0,71.0,0.7999984000032001,0.0,29.0,1.0,11.0,0.16666666666666666,0.0,3.0,2.0,2.0,2.0,1.0,2.0,1.0,1.0
349.25,0.0,0.8630995900656826,32.0,1311.0,5.0,2.0,0.8333333333333334,26062.0,5.0,100.0,0.19999960000080003,0.0,7.0,1.0,20.0,0.0,1.0,2.0,2.0,3.0,4.0,0.0,3.0,0.0,0.0
1749.6666666666667,0.0,0.7580572494312934,38.0,1327.0,13.0,3.75,0.5714285714285714,19682.0,8.0,39.0,0.8749989062513672,1.0,2.0,2.0,18.0,0.7777777777777778,3.0,4.0,4.0,0.0,2.0,0.0,4.0,7.0,0.0
725.3333333333334,0.0,0.6721920930504386,32.0,128.0,9.0,3.0,0.6,19737.0,6.0,84.0,0.33333277777870374,0.0,2.0,2.0,13.0,0.0,4.0,4.0,1.0,5.0,2.0,1.0,4.0,0.0,0.0
5624.0,1.0,0.9819763530573782,46.0,488.0,28.0,2.25,0.2413793103448276,14977.0,7.0,75.0,0.9999985714306123,1.0,2.0,4.0,12.0,0.875,3.0,3.0,2.0,2.0,1.0,0.0,2.0,7.0,0.0
1161.6666666666667,0.0,1.076557649026093,28.0,529.0,5.0,2.0,0.0,14935.0,0.0,79.0,0.0,0.0,2.0,1.0,11.0,0.0,2.0,1.0,3.0,5.0,3.0,1.0,3.0,0.0,1.0
2214.6666666666665,0.0,0.9595222642830088,29.0,1210.0,10.0,2.0,0.0,3687.0,0.0,78.0,0.0,2.0,2.0,2.0,19.0,0.0,2.0,1.0,2.0,2.0,2.0,0.0,2.0,0.0,0.0
232.58333333333334,0.0,0.7414232237079577,31.0,1463.0,10.0,2.75,0.8181818181818182,14408.0,9.0,64.0,0.0,1.0,23.0,2.0,21.0,0.7,0.0,2.0,4.0,2.0,2.0,0.0,2.0,7.0,0.0
666.6666666666666,0.0,0.5312957532840973,25.0,675.0,6.0,2.5,0.8571428571428571,18384.0,6.0,85.0,0.4999991666680556,2.0,5.0,2.0,12.0,0.14285714285714285,1.0,2.0,1.0,2.0,4.0,0.0,4.0,1.0,0.0
642.6666666666666,1.0,1.792591871580544,45.0,1385.0,21.0,3.0,0.9090909090909091,7501.0,18.0,79.0,0.3499998250000875,0.0,20.0,4.0,14.0,0.19047619047619047,0.0,3.0,4.0,2.0,3.0,0.0,2.0,4.0,0.0
458.57142857142856,0.0,0.9916069019723841,36.0,1403.0,16.0,3.5,0.8823529411764706,20251.0,15.0,47.0,0.8666660888892741,1.0,6.0,1.0,11.0,0.625,0.0,4.0,4.0,4.0,3.0,0.0,3.0,10.0,0.0
9522.5,1.0,1.1084482956364254,55.0,452.0,28.5,2.75,0.9473684210526315,18938.0,18.0,81.0,0.27777770061730533,0.0,1.0,5.0,14.0,0.10810810810810811,0.0,4.0,1.0,2.0,3.0,1.0,3.0,4.0,0.0
394.96666666666664,1.0,0.6896300265159362,47.0,666.0,10.0,2.25,0.9090909090909091,10268.0,10.0,88.0,0.6999993000007,1.0,29.0,3.0,12.0,0.8181818181818182,1.0,1.0,2.0,2.0,3.0,0.0,4.0,9.0,1.0
207.0,0.0,0.6388942913435764,28.0,1158.0,5.0,3.5,0.8333333333333334,2613.0,5.0,94.0,0.39999920000160005,1.0,9.0,1.0,23.0,0.0,1.0,4.0,4.0,3.0,3.0,0.0,4.0,0.0,0.0
928.8571428571429,0.0,0.9390147143841245,37.0,228.0,7.0,3.25,0.625,22825.0,5.0,98.0,0.7999984000032001,1.0,6.0,2.0,14.0,0.0,4.0,3.0,4.0,5.0,3.0,0.0,2.0,0.0,0.0
807.5,0.0,0.9969220101641313,21.0,996.0,3.0,3.0,0.75,10531.0,3.0,100.0,0.6666644444518518,0.0,3.0,1.0,17.0,0.25,1.0,4.0,3.0,4.0,2.0,1.0,1.0,1.0,0.0
6801.5,1.0,0.8484084934403173,37.0,728.0,15.0,2.25,0.3125,11677.0,5.0,80.0,0.39999920000160005,2.0,1.0,3.0,18.0,0.0,2.0,1.0,4.0,2.0,3.0,0.0,1.0,0.0,0.0
521.5652173913044,0.0,0.6981856526361018,35.0,1315.0,10.0,2.0,0.6363636363636364,19100.0,7.0,71.0,0.9999985714306123,1.0,22.0,3.0,18.0,0.75,7.0,2.0,2.0,6.0,4.0,0.0,2.0,6.0,0.0
700.625,1.0,0.8094705435439892,38.0,322.0,8.0,2.0,0.8888888888888888,19191.0,8.0,44.0,0.0,1.0,7.0,2.0,24.0,0.7777777777777778,1.0,1.0,1.0,3.0,4.0,0.0,3.0,7.0,0.0
3198.5,0.0,0.8768854078531284,26.0,1479.0,6.0,1.75,0.8571428571428571,26767.0,6.0,84.0,0.8333319444467593,1.0,1.0,2.0,20.0,0.14285714285714285,1.0,3.0,2.0,6.0,3.0,0.0,1.0,1.0,0.0
3828.8,0.0,1.193996338926813,50.0,797.0,28.0,1.5,0.3448275862068966,15815.0,10.0,96.0,0.3999996000004,2.0,4.0,5.0,14.0,0.09090909090909091,3.0,1.0,2.0,4.0,3.0,0.0,1.0,1.0,0.0
4396.0,1.0,1.0967003564400897,53.0,1070.0,21.0,3.0,0.22727272727272727,21016.0,5.0,45.0,0.5999988000024,3.0,3.0,4.0,16.0,0.16666666666666666,3.0,3.0,3.0,5.0,3.0,0.0,4.0,1.0,0.0
2453.5,0.0,0.708665826435389,42.0,635.0,20.0,2.75,0.9523809523809523,24532.0,18.0,99.0,0.7999996000002,0.0,1.0,2.0,25.0,0.5238095238095238,1.0,2.0,3.0,3.0,3.0,0.0,3.0,11.0,0.0
1518.0,0.0,0.6576857904191484,29.0,442.0,10.0,2.25,0.9090909090909091,20260.0,10.0,44.0,0.6999993000007,0.0,2.0,2.0,18.0,0.0,1.0,2.0,4.0,3.0,3.0,1.0,1.0,0.0,0.0
257.85714285714283,1.0,1.6727574374393956,55.0,147.0,12.0,3.25,0.7692307692307693,15972.0,10.0,37.0,0.6999993000007,1.0,20.0,2.0,19.0,0.0,3.0,2.0,4.0,4.0,3.0,0.0,4.0,0.0,0.0
395.0833333333333,1.0,0.6297182915799763,26.0,496.0,5.0,2.0,0.8333333333333334,22722.0,5.0,60.0,0.5999988000024,1.0,11.0,2.0,13.0,0.5,1.0,1.0,1.0,3.0,3.0,0.0,3.0,3.0,0.0
1057.5,0.0,0.6527832976771324,37.0,1372.0,17.0,3.25,0.9444444444444444,15881.0,17.0,42.0,0.7058819377165072,0.0,1.0,1.0,12.0,0.2777777777777778,1.0,4.0,4.0,3.0,3.0,1.0,2.0,5.0,0.0
126.44,1.0,0.9764702234064505,44.0,920.0,19.0,3.0,0.05,19920.0,1.0,43.0,0.0,1.0,24.0,1.0,22.0,0.0,3.0,4.0,3.0,0.0,3.0,0.0,4.0,0.0,1.0
239.375,0.0,0.7630735256542847,38.0,688.0,10.0,3.25,0.18181818181818182,18899.0,2.0,82.0,0.9999950000249999,1.0,23.0,2.0,14.0,0.3333333333333333,8.5,4.0,4.0,2.0,3.0,0.0,2.0,1.0,0.0
139.58823529411765,1.0,0.7330477191216409,26.0,1449.0,5.0,2.5,0.5,14180.0,3.0,45.0,0.6666644444518518,1.0,16.0,1.0,13.0,0.0,2.0,1.0,2.0,2.0,3.0,0.0,4.0,0.0,1.0
367.77777777777777,0.0,1.021613576979342,28.0,1117.0,5.0,3.75,0.8333333333333334,4488.0,5.0,66.0,0.5999988000024,0.0,8.0,1.0,21.0,0.0,1.0,4.0,4.0,3.0,3.0,1.0,4.0,0.0,0.0
1696.8181818181818,1.0,1.1641214827658255,49.0,636.0,22.0,2.75,0.13043478260869565,25594.0,3.0,35.0,0.6666644444518518,0.0,10.0,5.0,11.0,0.25,8.5,3.0,1.0,4.0,3.0,1.0,4.0,1.0,0.0
1121.25,0.0,1.384270964577749,36.0,506.0,10.0,3.0,0.7272727272727273,26285.0,8.0,30.0,0.0,0.0,3.0,2.0,12.0,0.7777777777777778,4.0,3.0,2.0,2.0,3.0,1.0,4.0,7.0,0.0
464.8333333333333,0.0,1.062071591774562,31.0,444.0,2.0,2.75,0.6666666666666666,3909.0,2.0,84.0,0.9999950000249999,1.0,5.0,1.0,11.0,0.6666666666666666,1.0,4.0,2.0,5.0,3.0,0.0,3.0,2.0,0.0
1165.6,1.0,0.8416760620471666,26.0,950.0,8.0,3.25,0.8888888888888888,8450.0,8.0,48.0,0.8749989062513672,0.0,4.0,2.0,12.0,0.7777777777777778,1.0,4.0,4.0,0.0,2.0,1.0,2.0,7.0,1.0
232.6,1.0,0.7179073051522505,37.0,889.0,4.0,2.75,0.8,11411.0,4.0,53.0,0.49999875000312505,3.0,9.0,1.0,12.0,0.2,1.0,2.0,4.0,3.0,3.0,0.0,3.0,1.0,0.0
500.9259259259259,0.0,1.9532719181859866,42.0,555.0,23.0,3.25,0.8333333333333334,14864.0,18.0,77.0,0.19999990000005,1.0,26.0,4.0,14.0,0.19047619047619047,5.0,3.0,2.0,2.0,3.0,0.0,4.0,4.0,0.0
355.0,0.0,0.438654766604606,18.0,230.0,0.0,3.0,0.0,25233.0,0.0,54.0,0.0,0.0,3.0,1.0,13.0,0.0,1.0,3.0,3.0,2.0,3.0,1.0,3.0,0.0,1.0
471.7647058823529,0.0,1.1582433111905073,35.0,1232.0,12.0,2.5,0.8461538461538461,5100.0,11.0,96.0,0.8181810743808415,2.0,16.0,3.0,15.0,0.5,0.0,3.0,2.0,3.0,3.0,0.0,3.0,6.0,0.0
194.10526315789474,0.0,1.1392667459421035,36.0,566.0,4.0,3.5,0.2,7122.0,1.0,81.0,0.0,2.0,18.0,1.0,18.0,0.0,4.0,3.0,4.0,2.0,4.0,0.0,4.0,0.0,0.0
1827.3333333333333,0.0,0.7514594037597077,51.0,1302.0,13.0,3.25,0.2857142857142857,16321.0,4.0,84.0,0.24999937500156252,1.0,2.0,2.0,18.0,0.2,5.0,4.0,2.0,3.0,1.0,0.0,4.0,1.0,0.0
5338.333333333333,0.0,0.9320976347921949,41.0,334.0,22.0,2.75,0.9565217391304348,15896.0,18.0,88.0,0.4545452479339782,0.0,2.0,4.0,19.0,0.0,1.0,4.0,2.0,2.0,3.0,1.0,2.0,0.0,0.0
109.0909090909091,0.0,0.456968773800457,18.0,812.0,0.0,2.75,0.0,9724.0,0.0,69.0,0.0,0.0,10.0,1.0,12.0,0.0,1.0,4.0,3.0,2.0,2.0,1.0,1.0,0.0,0.0
333.0,0.0,0.7519163148353186,28.0,1476.0,9.0,2.25,0.8,4824.0,8.0,68.0,0.37499953125058594,0.0,16.0,2.0,19.0,0.0,0.0,2.0,1.0,2.0,4.0,1.0,3.0,0.0,0.0
866.125,0.0,1.0006817834462625,31.0,218.0,10.0,2.5,0.7272727272727273,12241.0,8.0,100.0,0.8749989062513672,1.0,7.0,2.0,11.0,0.7777777777777778,4.0,2.0,4.0,3.0,4.0,0.0,2.0,7.0,0.0
4806.5,0.0,1.2768365190800066,39.0,1132.0,19.0,2.5,0.9,10942.0,18.0,48.0,0.5555552469137517,3.0,1.0,3.0,17.0,0.15789473684210525,0.0,3.0,4.0,5.0,4.0,0.0,1.0,3.0,0.0
226.96,0.0,1.7527655955736159,36.0,1105.0,11.0,2.5,0.75,6927.0,9.0,47.0,0.8888879012356653,1.0,24.0,2.0,15.0,0.0,7.0,2.0,2.0,3.0,3.0,0.0,3.0,0.0,0.0
685.5,0.0,0.791995800320292,32.0,906.0,13.0,3.0,0.9285714285714286,16985.0,13.0,91.0,0.6153841420121985,1.0,7.0,2.0,14.0,0.2857142857142857,1.0,4.0,3.0,3.0,2.0,0.0,3.0,4.0,0.0
463.88461538461536,0.0,0.7522351569053641,38.0,849.0,19.0,2.25,0.5,26707.0,10.0,81.0,0.7999992000008,1.0,25.0,3.0,17.0,0.0,3.0,1.0,2.0,2.0,2.0,0.0,3.0,0.0,0.0
2830.0,1.0,0.7517834908969976,58.0,390.0,12.0,3.5,0.38461538461538464,17056.0,5.0,32.0,0.5999988000024,1.0,1.0,2.0,13.0,0.16666666666666666,2.0,4.0,3.0,2.0,1.0,0.0,4.0,1.0,0.0
803.5,1.0,1.4879755452016337,31.0,691.0,6.0,3.25,0.7142857142857143,10077.0,5.0,86.0,0.39999920000160005,1.0,5.0,1.0,12.0,0.0,0.0,3.0,4.0,4.0,3.0,0.0,3.0,0.0,0.0
2136.6666666666665,0.0,1.5133093312872572,31.0,106.0,9.0,2.25,0.2,17822.0,2.0,62.0,0.9999950000249999,0.0,2.0,2.0,12.0,0.3333333333333333,3.0,1.0,1.0,1.0,2.0,0.0,4.0,1.0,0.0
651.25,0.0,1.6094305169084488,45.0,1249.0,24.0,1.5,0.96,20308.0,18.0,97.0,0.3749998437500651,1.0,7.0,3.0,18.0,0.36,1.0,1.0,1.0,2.0,3.0,0.0,1.0,9.0,0.0
898.3333333333334,1.0,0.8317971570874099,31.0,192.0,3.0,2.5,0.5,7747.0,2.0,32.0,0.9999950000249999,1.0,2.0,1.0,18.0,0.6666666666666666,0.0,3.0,4.0,2.0,3.0,0.0,2.0,2.0,0.0
1979.6666666666667,0.0,0.6913178711246762,33.0,553.0,12.0,2.75,0.7692307692307693,23364.0,10.0,74.0,0.5999994000006,2.0,5.0,3.0,11.0,0.7272727272727273,6.0,4.0,2.0,2.0,3.0,0.0,2.0,8.0,0.0
1551.6363636363637,1.0,0.9933838545509324,39.0,117.0,21.0,2.75,0.9545454545454546,5355.0,18.0,99.0,0.4285712244898931,0.0,10.0,4.0,14.0,0.5,1.0,3.0,1.0,3.0,3.0,0.0,4.0,11.0,0.0
223.1818181818182,0.0,0.7583784873340196,43.0,185.0,9.0,2.75,0.8,10675.0,8.0,33.0,0.8749989062513672,0.0,10.0,1.0,19.0,0.1111111111111111,0.0,3.0,4.0,5.0,3.0,1.0,1.0,1.0,0.0
6982.0,1.0,1.8547534747147834,49.0,1091.0,25.0,3.25,0.2692307692307692,17810.0,7.0,90.0,0.14285693877580175,0.0,1.0,4.0,12.0,0.0,7.0,3.0,3.0,2.0,2.0,1.0,4.0,0.0,0.0
549.0,0.0,1.5250128954244497,52.0,723.0,11.0,2.0,0.6666666666666666,17747.0,8.0,85.0,0.24999968750039064,0.0,8.0,2.0,15.0,0.7777777777777778,2.0,3.0,2.0,3.0,2.0,0.0,1.0,7.0,1.0
413.0,1.0,0.7648212821011509,27.0,1220.0,4.0,2.25,0.8,20938.0,4.0,85.0,0.7499981250046875,0.0,5.0,1.0,12.0,0.2,1.0,3.0,2.0,2.0,3.0,1.0,2.0,1.0,0.0
580.8888888888889,1.0,0.7550244427561063,32.0,588.0,13.0,3.0,0.9285714285714286,24624.0,13.0,65.0,0.9230762130182977,0.0,8.0,2.0,11.0,0.7857142857142857,1.0,3.0,2.0,2.0,2.0,0.0,4.0,11.0,0.0
1492.6666666666667,1.0,0.6467099186422808,27.0,1377.0,5.0,2.75,0.8333333333333334,5242.0,5.0,74.0,0.7999984000032001,0.0,2.0,2.0,11.0,0.0,1.0,4.0,3.0,3.0,3.0,1.0,1.0,0.0,0.0
943.375,0.0,1.0899329513160547,31.0,691.0,13.0,3.75,0.5,7143.0,7.0,73.0,0.9999985714306123,3.0,7.0,2.0,12.0,0.125,4.0,4.0,4.0,3.0,3.0,0.0,4.0,1.0,0.0
1685.0,0.0,1.560198378136125,32.0,1018.0,10.0,2.5,0.6363636363636364,10557.0,7.0,74.0,0.9999985714306123,0.0,2.0,2.0,16.0,0.0,7.0,1.0,4.0,0.0,4.0,1.0,3.0,0.0,0.0
1154.6666666666667,1.0,1.0691448430986226,28.0,1157.0,5.0,2.75,0.5,24737.0,3.0,84.0,0.6666644444518518,0.0,2.0,1.0,13.0,0.5,5.0,1.0,4.0,4.0,1.0,0.0,4.0,2.0,1.0
199.13793103448276,0.0,1.782422479473021,30.0,1275.0,11.0,3.75,0.8333333333333334,11934.0,10.0,64.0,0.7999992000008,2.0,28.0,2.0,13.0,0.09090909090909091,1.0,4.0,4.0,2.0,3.0,0.0,4.0,1.0,0.0
1117.875,0.0,1.225884977713073,31.0,798.0,10.0,2.5,0.9090909090909091,14034.0,10.0,48.0,0.8999991000009,1.0,7.0,3.0,24.0,0.7272727272727273,1.0,3.0,3.0,2.0,2.0,0.0,1.0,8.0,0.0
2409.0,0.0,1.1216600448151846,39.0,672.0,21.0,2.75,0.9545454545454546,21141.0,18.0,54.0,0.4285712244898931,1.0,7.0,5.0,15.0,0.5909090909090909,1.0,3.0,4.0,2.0,2.0,0.0,1.0,13.0,0.0
1309.5,1.0,0.7564686364109573,39.0,1162.0,12.0,2.5,0.07692307692307693,17778.0,1.0,41.0,0.0,0.0,3.0,2.0,18.0,0.0,4.0,4.0,3.0,3.0,3.0,0.0,1.0,0.0,1.0
425.6363636363636,0.0,0.6761714692012413,33.0,508.0,9.0,2.75,0.7,4317.0,7.0,46.0,0.9999985714306123,0.0,10.0,2.0,14.0,0.0,3.0,2.0,4.0,6.0,2.0,1.0,3.0,0.0,0.0
3050.0,0.0,1.141356717632714,47.0,1482.0,21.0,3.0,0.13636363636363635,16375.0,3.0,42.0,0.6666644444518518,1.0,5.0,5.0,11.0,0.25,4.0,4.0,3.0,2.0,3.0,0.0,2.0,1.0,0.0
477.90909090909093,0.0,1.6239493718594464,43.0,559.0,9.0,3.0,0.9,6227.0,9.0,82.0,0.7777769135812072,1.0,10.0,2.0,11.0,0.0,1.0,3.0,3.0,3.0,2.0,0.0,2.0,0.0,0.0
3174.5,1.0,0.9169185514649041,27.0,210.0,6.0,3.0,0.7142857142857143,22107.0,5.0,73.0,0.7999984000032001,1.0,1.0,2.0,13.0,0.16666666666666666,0.0,3.0,2.0,0.0,3.0,0.0,4.0,1.0,0.0
231.85714285714286,0.0,1.50279048529076,54.0,928.0,20.0,3.25,0.19047619047619047,16885.0,4.0,31.0,0.7499981250046875,0.0,20.0,2.0,12.0,0.0,3.0,4.0,3.0,4.0,3.0,1.0,4.0,0.0,0.0
1248.125,0.0,1.3262470241354276,43.0,1001.0,10.0,1.75,0.09090909090909091,9262.0,1.0,43.0,0.0,1.0,7.0,3.0,16.0,0.0,8.0,3.0,1.0,1.0,3.0,0.0,1.0,0.0,0.0
410.77777777777777,0.0,1.1410590314479236,45.0,549.0,12.0,3.0,0.7692307692307693,9278.0,10.0,75.0,0.8999991000009,2.0,8.0,2.0,14.0,0.8181818181818182,8.5,4.0,4.0,3.0,3.0,0.0,1.0,9.0,0.0
3728.5,1.0,1.0769352084223955,40.0,1124.0,6.0,2.75,0.5714285714285714,13273.0,4.0,57.0,0.7499981250046875,3.0,1.0,2.0,22.0,0.0,2.0,2.0,4.0,2.0,1.0,0.0,3.0,0.0,0.0
235.44444444444446,1.0,0.6545841200247607,29.0,318.0,7.0,2.25,0.875,4759.0,7.0,77.0,0.9999985714306123,0.0,8.0,1.0,11.0,0.0,1.0,2.0,1.0,4.0,1.0,0.0,4.0,0.0,1.0
398.3,0.0,1.230395729145173,29.0,738.0,4.0,3.0,0.6,7621.0,3.0,30.0,0.6666644444518518,0.0,9.0,1.0,17.0,0.5,0.0,2.0,4.0,2.0,2.0,1.0,3.0,2.0,0.0
1019.6666666666666,0.0,0.8835576780378458,30.0,570.0,10.0,3.25,0.9090909090909091,5431.0,10.0,30.0,0.8999991000009,3.0,5.0,2.0,13.0,0.09090909090909091,1.0,4.0,3.0,2.0,2.0,0.0,3.0,1.0,0.0
690.4444444444445,0.0,0.8974219371244155,27.0,1130.0,8.0,2.0,0.8888888888888888,3415.0,8.0,56.0,0.8749989062513672,1.0,8.0,2.0,18.0,0.0,1.0,2.0,2.0,3.0,3.0,0.0,1.0,0.0,0.0
1057.8333333333333,0.0,0.8700315278480235,37.0,1192.0,8.0,3.25,0.6666666666666666,23177.0,6.0,61.0,0.33333277777870374,2.0,5.0,2.0,16.0,0.0,7.0,4.0,4.0,2.0,3.0,0.0,3.0,0.0,0.0
719.375,1.0,0.7178697169372972,38.0,343.0,12.0,3.0,0.8461538461538461,15682.0,11.0,92.0,0.9090900826453795,1.0,15.0,3.0,14.0,0.16666666666666666,0.0,3.0,4.0,3.0,2.0,0.0,2.0,2.0,0.0
892.875,1.0,0.9791452975292945,31.0,1232.0,11.0,3.0,0.9166666666666666,25713.0,11.0,39.0,0.8181810743808415,0.0,7.0,3.0,14.0,0.3333333333333333,1.0,3.0,4.0,2.0,3.0,1.0,3.0,4.0,0.0
751.6363636363636,1.0,1.1940593138308122,29.0,144.0,7.0,2.5,0.875,11866.0,7.0,39.0,0.9999985714306123,2.0,10.0,2.0,14.0,0.125,1.0,4.0,2.0,2.0,2.0,0.0,1.0,1.0,0.0
1349.1666666666667,0.0,1.1096431728264928,35.0,1296.0,17.0,3.0,0.8888888888888888,18264.0,16.0,62.0,0.3749997656251465,0.0,5.0,3.0,13.0,0.0,0.0,3.0,2.0,5.0,3.0,1.0,4.0,0.0,0.0
107.55555555555556,0.0,0.8963038753921477,23.0,1309.0,4.0,3.0,0.8,16092.0,4.0,83.0,0.49999875000312505,2.0,26.0,1.0,12.0,0.0,1.0,3.0,4.0,2.0,3.0,0.0,3.0,0.0,0.0
861.7142857142857,1.0,0.8268520838158623,41.0,483.0,8.0,3.25,0.5555555555555556,10110.0,5.0,95.0,0.7999984000032001,0.0,6.0,2.0,15.0,0.16666666666666666,6.0,4.0,2.0,3.0,2.0,1.0,4.0,1.0,0.0
595.2,0.0,1.1332825590251332,47.0,1309.0,5.0,2.25,0.0,25751.0,0.0,99.0,0.0,0.0,4.0,2.0,19.0,0.0,3.0,2.0,3.0,3.0,3.0,1.0,1.0,0.0,0.0
666.3333333333334,0.0,0.9974085589279978,42.0,810.0,16.0,2.5,0.058823529411764705,15901.0,1.0,44.0,0.0,0.0,23.0,4.0,14.0,0.0,2.0,1.0,4.0,2.0,3.0,1.0,2.0,0.0,0.0
1549.6666666666667,0.0,0.671405630140233,29.0,746.0,4.0,2.5,0.8,16928.0,4.0,61.0,0.7499981250046875,1.0,2.0,2.0,14.0,0.0,1.0,4.0,3.0,3.0,3.0,0.0,1.0,0.0,0.0
898.6666666666666,1.0,0.6364870447972614,42.0,544.0,4.0,3.0,0.6,24017.0,3.0,52.0,0.6666644444518518,1.0,2.0,1.0,11.0,0.25,0.0,3.0,3.0,5.0,3.0,0.0,3.0,1.0,0.0
790.0,0.0,0.7321209836992368,32.0,1062.0,8.0,2.75,0.8888888888888888,3956.0,8.0,75.0,0.0,1.0,2.0,1.0,13.0,0.0,1.0,3.0,2.0,4.0,3.0,0.0,3.0,0.0,0.0
416.8,0.0,0.7277520340581708,48.0,530.0,15.0,1.75,0.0,23978.0,0.0,91.0,0.0,1.0,29.0,3.0,21.0,0.0,3.0,1.0,3.0,3.0,3.0,0.0,2.0,0.0,0.0
853.4285714285714,1.0,1.8438427519258578,37.0,1319.0,13.0,2.0,0.5,17001.0,7.0,51.0,0.9999985714306123,2.0,6.0,2.0,13.0,0.75,4.0,3.0,1.0,2.0,4.0,0.0,1.0,6.0,0.0
182.15384615384616,1.0,0.6839701149374368,30.0,641.0,4.0,3.25,0.4,6069.0,2.0,85.0,0.9999950000249999,1.0,25.0,2.0,12.0,0.6666666666666666,7.0,4.0,3.0,2.0,3.0,0.0,2.0,2.0,0.0
2648.0,0.0,0.7648449596090932,26.0,933.0,8.0,2.75,0.8888888888888888,20156.0,8.0,57.0,0.8749989062513672,1.0,1.0,2.0,17.0,0.7777777777777778,1.0,3.0,3.0,3.0,3.0,0.0,2.0,7.0,0.0
2260.3333333333335,0.0,0.9006791257548659,42.0,1332.0,14.0,2.5,0.06666666666666667,17078.0,1.0,98.0,0.0,0.0,2.0,2.0,23.0,0.0,3.0,1.0,4.0,6.0,2.0,1.0,2.0,0.0,0.0
1087.0,1.0,0.8278750952018279,21.0,756.0,3.0,2.25,0.75,9150.0,3.0,99.0,0.6666644444518518,0.0,1.0,1.0,11.0,0.25,1.0,1.0,2.0,3.0,2.0,1.0,3.0,1.0,1.0
3326.5,0.0,0.9608220385723747,36.0,845.0,7.0,3.25,0.125,15276.0,1.0,45.0,0.0,0.0,1.0,2.0,15.0,0.0,4.0,4.0,4.0,6.0,3.0,1.0,2.0,0.0,0.0
2424.75,0.0,1.4007234258399912,36.0,541.0,16.0,2.25,0.7647058823529411,7246.0,13.0,48.0,0.6923071597637233,1.0,3.0,3.0,11.0,0.07142857142857142,4.0,1.0,4.0,2.0,2.0,0.0,1.0,1.0,0.0
3377.5,0.0,0.8972257033585191,57.0,593.0,15.0,3.25,0.1875,2967.0,3.0,88.0,0.6666644444518518,0.0,1.0,2.0,11.0,0.25,2.0,4.0,3.0,2.0,3.0,0.0,3.0,1.0,0.0
201.1818181818182,1.0,0.6836218299267557,40.0,1171.0,10.0,3.25,0.6363636363636364,22495.0,7.0,46.0,0.9999985714306123,1.0,10.0,1.0,13.0,0.125,3.0,4.0,3.0,3.0,4.0,0.0,3.0,1.0,0.0
261.0,0.0,0.993907083015994,21.0,895.0,3.0,2.5,0.75,2851.0,3.0,39.0,0.6666644444518518,0.0,9.0,1.0,24.0,0.5,1.0,1.0,4.0,3.0,3.0,1.0,3.0,2.0,0.0
475.1666666666667,1.0,1.0856816450875857,33.0,350.0,1.0,3.0,0.5,9150.0,1.0,34.0,0.0,0.0,5.0,1.0,13.0,0.0,1.0,4.0,3.0,2.0,3.0,1.0,2.0,0.0,1.0
313.8181818181818,0.0,1.0663635593796479,37.0,921.0,17.0,2.25,0.2777777777777778,17663.0,5.0,98.0,0.7999984000032001,1.0,10.0,1.0,20.0,0.0,6.0,3.0,1.0,3.0,3.0,0.0,2.0,0.0,0.0
657.25,0.0,0.7207540213368375,46.0,1144.0,7.0,3.25,0.125,16044.0,1.0,30.0,0.0,0.0,7.0,2.0,14.0,0.0,2.0,3.0,3.0,2.0,3.0,0.0,3.0,0.0,0.0
1871.0,0.0,1.3510431641131166,41.0,143.0,8.0,2.25,0.8888888888888888,9558.0,8.0,56.0,0.8749989062513672,0.0,4.0,2.0,18.0,0.7777777777777778,1.0,1.0,2.0,5.0,3.0,1.0,3.0,7.0,1.0
954.1818181818181,0.0,1.3941200566174712,50.0,1046.0,20.0,3.75,0.19047619047619047,2755.0,4.0,100.0,0.7499981250046875,0.0,10.0,3.0,15.0,0.2,6.0,4.0,4.0,2.0,2.0,1.0,4.0,1.0,0.0
277.39130434782606,1.0,0.9213955517949423,40.0,575.0,8.0,2.5,0.6666666666666666,6110.0,6.0,68.0,0.6666655555574075,2.0,22.0,2.0,12.0,0.14285714285714285,2.0,3.0,3.0,6.0,2.0,0.0,1.0,1.0,1.0
265.7,1.0,0.8200686628501848,31.0,408.0,3.0,3.0,0.5,7551.0,2.0,42.0,0.9999950000249999,0.0,9.0,1.0,16.0,0.6666666666666666,0.0,3.0,2.0,5.0,2.0,1.0,4.0,2.0,0.0
208.92307692307693,0.0,1.0342726580350343,21.0,156.0,1.0,3.0,0.5,25422.0,1.0,90.0,0.0,0.0,12.0,1.0,15.0,0.0,1.0,3.0,2.0,0.0,4.0,1.0,4.0,0.0,1.0
91.70833333333333,0.0,0.6793267320034839,29.0,1283.0,6.0,3.75,0.42857142857142855,18168.0,3.0,54.0,0.6666644444518518,0.0,23.0,1.0,16.0,0.25,8.5,4.0,4.0,4.0,3.0,1.0,4.0,1.0,0.0
654.0,0.0,0.8686685566194989,35.0,755.0,10.0,2.75,0.09090909090909091,19394.0,1.0,97.0,0.9999900000999989,0.0,9.0,2.0,19.0,0.0,8.5,3.0,2.0,5.0,2.0,1.0,3.0,0.0,0.0
1908.0,0.0,1.1788074572980116,27.0,1469.0,5.0,2.75,0.8333333333333334,17881.0,5.0,82.0,0.39999920000160005,1.0,1.0,1.0,11.0,0.0,1.0,4.0,2.0,2.0,3.0,0.0,2.0,0.0,0.0
525.3,0.0,0.7586349268932338,28.0,304.0,7.0,3.25,0.875,20750.0,7.0,92.0,0.7142846938790088,0.0,9.0,2.0,16.0,0.0,1.0,2.0,4.0,1.0,3.0,1.0,4.0,0.0,0.0
1370.625,0.0,1.4564144836900315,49.0,1261.0,26.0,2.75,0.18518518518518517,12066.0,5.0,31.0,0.39999920000160005,0.0,7.0,3.0,24.0,0.0,8.0,2.0,3.0,2.0,2.0,1.0,3.0,0.0,0.0
329.06666666666666,0.0,0.7128539880344569,51.0,1178.0,18.0,3.0,0.3684210526315789,14862.0,7.0,87.0,0.9999985714306123,1.0,14.0,2.0,11.0,0.0,4.0,3.0,4.0,2.0,3.0,0.0,3.0,0.0,0.0
847.6666666666666,0.0,0.7848831801385096,36.0,329.0,6.0,3.0,0.2857142857142857,11868.0,2.0,96.0,0.9999950000249999,1.0,2.0,1.0,13.0,0.6666666666666666,4.0,4.0,3.0,3.0,3.0,0.0,2.0,2.0,0.0
265.2,1.0,0.7660003145329739,34.0,1362.0,9.0,2.25,0.5,4652.0,5.0,67.0,0.39999920000160005,0.0,19.0,2.0,13.0,0.0,8.0,1.0,4.0,3.0,4.0,1.0,2.0,0.0,1.0
5553.0,1.0,0.9695794254138729,55.0,1311.0,28.5,3.25,0.16129032258064516,23258.0,5.0,97.0,0.7999984000032001,0.0,2.0,4.0,13.0,0.16666666666666666,2.0,3.0,4.0,2.0,3.0,1.0,3.0,1.0,0.0
387.27272727272725,1.0,0.6152264969665289,24.0,1371.0,5.0,3.75,0.8333333333333334,5915.0,5.0,77.0,0.39999920000160005,1.0,10.0,2.0,12.0,0.0,1.0,4.0,3.0,2.0,3.0,0.0,4.0,0.0,0.0
825.3333333333334,0.0,0.9428789032749428,30.0,202.0,1.0,2.25,0.5,17434.0,1.0,72.0,0.0,1.0,2.0,1.0,18.0,0.0,1.0,3.0,2.0,3.0,3.0,0.0,1.0,0.0,0.0
775.5,0.0,0.9574155032597942,26.0,575.0,7.0,2.5,0.75,6582.0,6.0,73.0,0.6666655555574075,0.0,3.0,1.0,22.0,0.0,0.0,3.0,1.0,2.0,3.0,1.0,3.0,0.0,1.0
187.0,0.0,0.6925984491666596,22.0,253.0,2.0,2.5,0.6666666666666666,24440.0,2.0,43.0,0.49999750001249993,1.0,11.0,1.0,13.0,0.3333333333333333,1.0,1.0,2.0,1.0,3.0,0.0,4.0,1.0,0.0
2532.0,0.0,1.0970095002248246,36.0,164.0,10.0,2.5,0.9090909090909091,3809.0,10.0,61.0,0.8999991000009,2.0,2.0,3.0,13.0,0.8181818181818182,1.0,2.0,3.0,2.0,2.0,0.0,2.0,9.0,0.0
457.0,1.0,0.7052528771594551,30.0,464.0,3.0,3.25,0.25,3427.0,1.0,40.0,0.0,0.0,4.0,1.0,23.0,0.0,8.5,3.0,4.0,4.0,3.0,1.0,3.0,0.0,1.0
202.26666666666668,0.0,0.9372384238580104,37.0,1107.0,18.0,2.5,0.9473684210526315,26914.0,18.0,95.0,0.3888886728396262,1.0,14.0,1.0,12.0,0.631578947368421,1.0,4.0,1.0,2.0,3.0,0.0,3.0,12.0,0.0
1905.0,0.0,0.8253566737473503,40.0,759.0,8.0,3.0,0.5555555555555556,22553.0,5.0,46.0,0.7999984000032001,2.0,2.0,2.0,12.0,0.16666666666666666,7.0,4.0,2.0,5.0,3.0,0.0,3.0,1.0,0.0
1288.0,0.0,0.7957568160376515,42.0,201.0,8.0,2.0,0.5555555555555556,20490.0,5.0,95.0,0.39999920000160005,1.0,1.0,1.0,16.0,0.16666666666666666,3.0,2.0,1.0,5.0,3.0,0.0,2.0,1.0,0.0
381.54545454545456,1.0,0.5753146876285102,37.0,1305.0,18.0,2.75,0.05263157894736842,21123.0,1.0,49.0,0.0,0.0,10.0,2.0,12.0,0.0,2.0,3.0,2.0,2.0,3.0,1.0,4.0,0.0,0.0
1102.7692307692307,0.0,0.8941251313651687,43.0,982.0,25.0,2.25,0.9615384615384616,4345.0,18.0,59.0,0.399999840000064,1.0,12.0,4.0,11.0,0.11538461538461539,1.0,1.0,2.0,3.0,2.0,0.0,3.0,3.0,0.0
1149.3333333333333,0.0,1.0651279121497759,40.0,555.0,20.0,2.5,0.047619047619047616,13436.0,1.0,78.0,0.0,1.0,2.0,2.0,22.0,0.0,6.0,2.0,3.0,3.0,2.0,0.0,2.0,0.0,0.0
3234.3333333333335,0.0,1.210337074447019,54.0,821.0,24.0,1.75,0.16,8509.0,4.0,86.0,0.49999875000312505,1.0,5.0,5.0,11.0,0.2,4.0,1.0,1.0,4.0,3.0,0.0,3.0,1.0,0.0
1307.6,0.0,0.9442138115415881,34.0,1381.0,6.0,2.5,0.42857142857142855,12740.0,3.0,72.0,0.6666644444518518,1.0,4.0,2.0,15.0,0.25,8.5,3.0,3.0,3.0,3.0,0.0,1.0,1.0,0.0
538.25,0.0,0.590256146039639,31.0,480.0,13.0,1.5,0.9285714285714286,4156.0,13.0,31.0,0.7692301775152481,1.0,7.0,2.0,12.0,0.21428571428571427,1.0,2.0,1.0,5.0,3.0,0.0,2.0,3.0,0.0
102.63636363636364,0.0,0.6975228612628172,43.0,313.0,8.0,3.0,0.3333333333333333,15238.0,3.0,61.0,0.6666644444518518,1.0,21.0,1.0,20.0,0.25,7.0,4.0,4.0,1.0,3.0,0.0,1.0,1.0,0.0
502.44444444444446,1.0,0.6006298490876719,43.0,1473.0,8.0,3.25,0.5555555555555556,2227.0,5.0,74.0,0.39999920000160005,0.0,8.0,2.0,14.0,0.0,4.0,3.0,3.0,3.0,3.0,0.0,4.0,0.0,0.0
897.4,1.0,0.6480096929316467,25.0,891.0,5.0,2.75,0.8333333333333334,12090.0,5.0,99.0,0.7999984000032001,0.0,4.0,2.0,11.0,0.16666666666666666,1.0,2.0,4.0,3.0,2.0,1.0,2.0,1.0,0.0
171.1153846153846,1.0,1.373159759510904,37.0,1063.0,15.0,2.25,0.8125,23866.0,13.0,72.0,0.8461531952667729,2.0,25.0,2.0,15.0,0.7142857142857143,3.0,2.0,3.0,2.0,3.0,0.0,1.0,10.0,0.0
1109.0,0.0,0.6851663889640959,31.0,329.0,4.0,2.75,0.8,16193.0,4.0,98.0,0.49999875000312505,1.0,1.0,1.0,12.0,0.6,1.0,4.0,1.0,3.0,2.0,0.0,3.0,3.0,0.0
9598.5,1.0,1.117294929447753,39.0,1218.0,21.0,2.75,0.9545454545454546,8213.0,18.0,52.0,0.38095219954657167,1.0,1.0,5.0,14.0,0.045454545454545456,1.0,2.0,3.0,3.0,3.0,0.0,3.0,1.0,0.0
1887.4285714285713,0.0,1.90806865678915,56.0,906.0,28.5,2.5,0.1891891891891892,18256.0,7.0,86.0,0.9999985714306123,3.0,6.0,4.0,11.0,0.875,8.5,3.0,1.0,0.0,4.0,0.0,4.0,7.0,0.0
505.9230769230769,0.0,0.949846166795507,30.0,1082.0,6.0,2.5,0.7142857142857143,19558.0,5.0,83.0,0.7999984000032001,0.0,12.0,2.0,11.0,0.6666666666666666,0.0,2.0,3.0,6.0,3.0,1.0,2.0,4.0,0.0
4196.0,0.0,1.2119673151509647,41.0,645.0,10.0,2.25,0.9090909090909091,19566.0,10.0,49.0,0.6999993000007,1.0,1.0,3.0,16.0,0.0,1.0,2.0,1.0,2.0,4.0,0.0,3.0,0.0,0.0
253.22222222222223,0.0,1.4080200184392917,28.0,1300.0,10.0,2.75,0.9090909090909091,13535.0,10.0,79.0,0.0,1.0,17.0,2.0,12.0,0.09090909090909091,1.0,3.0,1.0,2.0,3.0,0.0,4.0,1.0,0.0
1007.75,0.0,1.2452234959036386,25.0,688.0,6.0,2.0,0.2857142857142857,9396.0,2.0,91.0,0.9999950000249999,1.0,3.0,1.0,13.0,0.0,5.0,1.0,1.0,5.0,3.0,0.0,3.0,0.0,1.0
1992.25,1.0,1.0923713952136282,52.0,319.0,28.0,3.25,0.1724137931034483,19609.0,5.0,39.0,0.7999984000032001,0.0,3.0,3.0,14.0,0.0,2.0,4.0,3.0,4.0,2.0,0.0,3.0,0.0,0.0
241.27272727272728,0.0,0.8191427290946144,45.0,192.0,8.0,2.75,0.2222222222222222,9655.0,2.0,69.0,0.9999950000249999,2.0,10.0,1.0,21.0,0.0,3.0,1.0,4.0,3.0,3.0,0.0,4.0,0.0,0.0
3311.0,0.0,0.9635264654377013,52.0,1490.0,28.5,3.25,0.15625,10310.0,5.0,30.0,0.39999920000160005,0.0,4.0,4.0,13.0,0.16666666666666666,2.0,4.0,4.0,2.0,3.0,0.0,4.0,1.0,0.0
151.86666666666667,0.0,1.4061847301262484,42.0,532.0,19.0,2.25,0.25,12932.0,5.0,92.0,0.7999984000032001,1.0,29.0,2.0,11.0,0.0,2.0,1.0,3.0,3.0,3.0,0.0,2.0,0.0,0.0
2030.3333333333333,0.0,0.8349396622218861,30.0,317.0,11.0,3.25,0.4166666666666667,24793.0,5.0,43.0,0.7999984000032001,0.0,2.0,2.0,20.0,0.0,2.0,3.0,4.0,2.0,1.0,1.0,3.0,0.0,0.0
2445.75,0.0,1.1387712970555157,60.0,422.0,28.5,1.75,0.8529411764705882,3854.0,18.0,41.0,0.27586197384069866,0.0,7.0,5.0,11.0,0.36666666666666664,5.0,1.0,1.0,5.0,3.0,0.0,4.0,11.0,0.0
253.1578947368421,0.0,0.659343256491097,46.0,1485.0,19.0,2.75,0.5,26314.0,10.0,87.0,0.6999993000007,1.0,18.0,2.0,14.0,0.0,2.0,3.0,3.0,5.0,3.0,0.0,3.0,0.0,0.0
155.9655172413793,0.0,0.600762673025993,42.0,1368.0,7.0,4.0,0.75,4386.0,6.0,88.0,0.8333319444467593,3.0,28.0,2.0,11.0,0.0,0.0,4.0,4.0,4.0,2.0,0.0,4.0,0.0,0.0
1601.0,1.0,1.2193450114242192,24.0,1448.0,6.0,2.0,0.7142857142857143,21972.0,5.0,62.0,0.5999988000024,0.0,1.0,1.0,16.0,0.16666666666666666,1.0,1.0,2.0,4.0,3.0,1.0,2.0,1.0,1.0
335.85714285714283,0.0,0.8952779893373953,34.0,296.0,3.0,3.25,0.5,12253.0,2.0,33.0,0.9999950000249999,1.0,6.0,1.0,16.0,0.3333333333333333,0.0,4.0,3.0,3.0,1.0,0.0,4.0,1.0,1.0
567.3333333333334,1.0,0.5257678963105912,38.0,1490.0,1.0,3.5,0.5,12106.0,1.0,42.0,0.0,1.0,2.0,1.0,23.0,0.0,1.0,4.0,4.0,3.0,3.0,0.0,3.0,0.0,0.0
6013.666666666667,0.0,1.0500139512510764,40.0,1398.0,21.0,3.25,0.9090909090909091,13022.0,18.0,79.0,0.7499996250001875,0.0,2.0,5.0,14.0,0.047619047619047616,0.0,3.0,3.0,2.0,3.0,0.0,4.0,1.0,0.0
120.25,0.0,0.8907482728587254,26.0,1349.0,3.0,2.0,0.75,3032.0,3.0,90.0,0.6666644444518518,2.0,23.0,1.0,22.0,0.0,1.0,1.0,4.0,3.0,3.0,0.0,2.0,0.0,0.0
524.25,0.0,0.647788060260464,30.0,1400.0,9.0,2.75,0.5,16734.0,5.0,53.0,0.5999988000024,1.0,3.0,1.0,15.0,0.16666666666666666,4.0,3.0,4.0,3.0,3.0,0.0,3.0,1.0,0.0
2983.75,0.0,0.7443766352429749,29.0,986.0,10.0,2.75,0.9090909090909091,21526.0,10.0,93.0,0.1999998000002,0.0,3.0,3.0,18.0,0.0,1.0,2.0,3.0,2.0,2.0,0.0,3.0,0.0,0.0
97.92307692307692,0.0,0.7858091138940799,29.0,408.0,6.0,2.75,0.2857142857142857,18300.0,2.0,71.0,0.9999950000249999,0.0,25.0,1.0,16.0,0.3333333333333333,5.0,3.0,2.0,2.0,2.0,0.0,2.0,1.0,1.0
854.6666666666666,0.0,0.6053237325149029,19.0,489.0,1.0,3.0,0.5,18437.0,1.0,52.0,0.0,0.0,2.0,1.0,12.0,0.0,1.0,1.0,4.0,3.0,2.0,1.0,3.0,0.0,1.0
365.7391304347826,0.0,1.2148557024606668,30.0,1398.0,10.0,2.5,0.8181818181818182,2890.0,9.0,69.0,0.8888879012356653,0.0,22.0,3.0,11.0,0.7,0.0,3.0,1.0,3.0,3.0,0.0,3.0,7.0,0.0
470.6,0.0,0.8216893167652956,57.0,210.0,28.5,2.5,0.030303030303030304,22102.0,1.0,56.0,0.0,1.0,29.0,4.0,12.0,0.0,3.0,1.0,4.0,3.0,2.0,0.0,3.0,0.0,0.0
568.2,0.0,0.9921034207098192,50.0,1099.0,28.0,2.5,0.9310344827586207,9314.0,18.0,88.0,0.37037023319620993,1.0,29.0,4.0,15.0,0.5357142857142857,0.0,2.0,3.0,2.0,2.0,0.0,2.0,15.0,0.0
854.6666666666666,0.0,0.7920498743480351,30.0,1116.0,12.0,3.0,0.8461538461538461,7181.0,11.0,49.0,0.6363630578517656,0.0,2.0,1.0,14.0,0.5,0.0,3.0,4.0,2.0,3.0,1.0,3.0,6.0,0.0
354.0,0.0,1.4826092060700433,60.0,1499.0,22.0,3.0,0.782608695652174,2845.0,18.0,80.0,0.7222218209878772,0.0,28.0,3.0,19.0,0.6842105263157895,4.0,3.0,1.0,5.0,2.0,0.0,4.0,13.0,0.0
1690.0,0.0,0.6949834325176428,47.0,983.0,20.0,2.75,0.23809523809523808,7389.0,5.0,65.0,0.0,3.0,2.0,2.0,13.0,0.0,5.0,1.0,4.0,2.0,3.0,0.0,3.0,0.0,0.0
5953.666666666667,0.0,1.1139766302534373,46.0,1009.0,26.0,2.0,0.1111111111111111,2288.0,3.0,51.0,0.6666644444518518,0.0,2.0,4.0,13.0,0.0,6.0,1.0,3.0,2.0,3.0,0.0,3.0,0.0,0.0
183.91304347826087,0.0,1.3066969455897772,35.0,144.0,6.0,3.25,0.7142857142857143,19225.0,5.0,46.0,0.7999984000032001,0.0,22.0,1.0,15.0,0.6666666666666666,0.0,4.0,3.0,2.0,1.0,1.0,3.0,4.0,0.0
420.0,0.0,1.1676866322291626,54.0,548.0,19.0,3.0,0.05,23428.0,1.0,42.0,0.0,0.0,8.0,2.0,11.0,0.0,7.0,3.0,3.0,3.0,3.0,1.0,3.0,0.0,0.0
922.6666666666666,0.0,0.8543282118062896,34.0,1303.0,14.0,3.25,0.4666666666666667,8416.0,7.0,62.0,0.4285708163274053,1.0,2.0,1.0,12.0,0.625,3.0,4.0,3.0,3.0,2.0,0.0,3.0,5.0,0.0
824.6363636363636,1.0,1.3100280643153481,46.0,1125.0,15.0,3.25,0.1875,11563.0,3.0,94.0,0.6666644444518518,1.0,10.0,3.0,19.0,0.25,2.0,3.0,4.0,3.0,2.0,0.0,3.0,1.0,0.0
1064.8,0.0,1.459602285887152,31.0,1274.0,13.0,3.25,0.9285714285714286,14394.0,13.0,33.0,0.6153841420121985,1.0,9.0,3.0,25.0,0.0,1.0,3.0,2.0,6.0,3.0,0.0,4.0,0.0,0.0
850.625,1.0,0.7921229353432265,33.0,1277.0,15.0,3.25,0.4375,24619.0,7.0,56.0,0.8571416326548106,0.0,15.0,3.0,12.0,0.875,7.0,2.0,3.0,2.0,3.0,0.0,4.0,7.0,1.0
309.8181818181818,0.0,1.0527714398510544,33.0,587.0,8.0,2.25,0.4444444444444444,6705.0,4.0,38.0,0.7499981250046875,3.0,10.0,1.0,13.0,0.2,7.0,1.0,4.0,2.0,1.0,0.0,1.0,1.0,1.0
372.875,0.0,1.135948210205636,30.0,413.0,4.0,2.5,0.6,18398.0,3.0,57.0,0.6666644444518518,0.0,7.0,1.0,14.0,0.25,0.0,4.0,2.0,3.0,3.0,1.0,1.0,1.0,0.0
448.94117647058823,1.0,1.0137122972660575,35.0,1276.0,10.0,3.25,0.7272727272727273,14295.0,8.0,72.0,0.8749989062513672,0.0,16.0,3.0,12.0,0.0,4.0,4.0,3.0,2.0,3.0,0.0,3.0,0.0,0.0
467.8095238095238,0.0,1.304862370065743,31.0,534.0,12.0,2.0,0.07692307692307693,22908.0,1.0,66.0,0.0,0.0,20.0,3.0,12.0,0.0,3.0,1.0,3.0,2.0,3.0,0.0,1.0,0.0,1.0
414.5833333333333,1.0,2.349052706132326,34.0,988.0,11.0,2.25,0.25,11533.0,3.0,43.0,0.6666644444518518,3.0,23.0,3.0,15.0,0.0,8.5,2.0,1.0,2.0,3.0,0.0,3.0,0.0,1.0
348.8333333333333,0.0,0.6465524130305919,42.0,1474.0,8.0,3.0,0.2222222222222222,9260.0,2.0,97.0,0.9999950000249999,1.0,5.0,1.0,17.0,0.6666666666666666,4.0,2.0,3.0,4.0,3.0,0.0,4.0,2.0,0.0
907.2727272727273,0.0,1.4413052675413045,36.0,635.0,10.0,3.0,0.9090909090909091,15318.0,10.0,32.0,0.2999997000003,0.0,10.0,3.0,14.0,0.8181818181818182,1.0,2.0,4.0,3.0,3.0,1.0,4.0,9.0,0.0
778.8,0.0,1.2029025782805183,22.0,1368.0,4.0,3.0,0.4,9129.0,2.0,99.0,0.9999950000249999,0.0,4.0,1.0,16.0,0.3333333333333333,5.0,3.0,3.0,3.0,2.0,1.0,3.0,1.0,1.0
1350.3333333333333,0.0,0.5850428495801427,48.0,163.0,14.0,2.5,0.6,19658.0,9.0,37.0,0.7777769135812072,1.0,2.0,2.0,14.0,0.6,2.0,2.0,4.0,2.0,3.0,0.0,1.0,6.0,0.0
886.0526315789474,0.0,0.9798228961427787,55.0,1117.0,28.5,2.5,0.2631578947368421,9873.0,10.0,83.0,0.8999991000009,0.0,18.0,4.0,23.0,0.6363636363636364,3.0,1.0,2.0,2.0,3.0,1.0,4.0,7.0,0.0
566.3636363636364,0.0,0.8997326469721771,41.0,267.0,16.0,3.75,0.8235294117647058,13430.0,14.0,56.0,0.21428556122459913,0.0,10.0,2.0,14.0,0.06666666666666667,7.0,4.0,4.0,3.0,3.0,1.0,4.0,1.0,0.0
2358.5,0.0,0.6812261469932198,35.0,619.0,15.0,2.75,0.6875,18659.0,11.0,85.0,0.8181810743808415,0.0,1.0,2.0,11.0,0.5,8.5,2.0,3.0,2.0,3.0,0.0,3.0,6.0,0.0
1891.0,0.0,1.8144961925514869,40.0,302.0,22.0,2.75,0.8695652173913043,20364.0,18.0,75.0,0.299999850000075,0.0,6.0,4.0,15.0,0.23809523809523808,7.0,2.0,3.0,3.0,3.0,1.0,3.0,5.0,0.0
417.22222222222223,0.0,1.1599638370424616,39.0,443.0,8.0,2.5,0.8888888888888888,17872.0,8.0,48.0,0.37499953125058594,1.0,8.0,1.0,11.0,0.0,1.0,3.0,3.0,3.0,3.0,0.0,1.0,0.0,0.0
2194.0,1.0,0.9505682636229326,31.0,828.0,10.0,3.25,0.5454545454545454,8346.0,6.0,77.0,0.8333319444467593,0.0,2.0,2.0,13.0,0.0,4.0,2.0,4.0,2.0,3.0,1.0,3.0,0.0,0.0
296.24,1.0,1.0151967063561464,42.0,319.0,10.0,2.75,0.9090909090909091,6950.0,10.0,56.0,0.8999991000009,1.0,24.0,3.0,21.0,0.45454545454545453,1.0,4.0,1.0,5.0,3.0,0.0,4.0,5.0,0.0
1601.6666666666667,0.0,0.6939350511559087,45.0,561.0,9.0,3.0,0.8,16177.0,8.0,61.0,0.8749989062513672,1.0,2.0,2.0,19.0,0.3333333333333333,0.0,4.0,2.0,3.0,3.0,0.0,2.0,3.0,0.0
152.27777777777777,1.0,0.6471109012571563,26.0,426.0,8.0,2.25,0.7777777777777778,22808.0,7.0,58.0,0.9999985714306123,1.0,17.0,1.0,11.0,0.125,0.0,2.0,3.0,2.0,3.0,0.0,2.0,1.0,1.0
213.1,0.0,0.5842247316351467,29.0,232.0,8.0,3.5,0.3333333333333333,22645.0,3.0,34.0,0.6666644444518518,2.0,19.0,2.0,12.0,0.25,4.0,4.0,4.0,2.0,3.0,0.0,2.0,1.0,0.0
8092.0,0.0,1.00938344908021,33.0,922.0,10.0,2.5,0.5454545454545454,22578.0,6.0,95.0,0.16666638888935187,1.0,1.0,4.0,19.0,0.0,4.0,1.0,3.0,2.0,4.0,0.0,3.0,0.0,0.0
1444.625,0.0,0.6726351773520697,31.0,688.0,10.0,3.0,0.45454545454545453,25291.0,5.0,44.0,0.7999984000032001,1.0,7.0,3.0,21.0,0.0,8.5,3.0,4.0,3.0,2.0,0.0,3.0,0.0,0.0
313.0,1.0,0.7151561309977151,18.0,1306.0,0.0,2.75,0.0,8059.0,0.0,69.0,0.0,0.0,5.0,1.0,14.0,0.0,1.0,2.0,2.0,3.0,3.0,1.0,4.0,0.0,1.0
376.9655172413793,0.0,1.5787925034831205,40.0,1094.0,20.0,2.5,0.047619047619047616,11373.0,1.0,58.0,0.0,1.0,28.0,3.0,15.0,0.0,3.0,3.0,1.0,2.0,1.0,0.0,3.0,0.0,0.0
2270.3333333333335,1.0,0.9046638439044966,41.0,509.0,10.0,2.0,0.7272727272727273,2112.0,8.0,62.0,0.8749989062513672,0.0,2.0,2.0,17.0,0.0,2.0,1.0,3.0,3.0,2.0,1.0,1.0,0.0,0.0
143.53333333333333,0.0,0.6218697877788435,26.0,775.0,8.0,2.0,0.0,4267.0,0.0,45.0,0.0,2.0,29.0,2.0,12.0,0.0,5.0,1.0,3.0,5.0,3.0,0.0,1.0,0.0,0.0
2429.5,0.0,0.7017336968921041,35.0,195.0,5.0,2.75,0.8333333333333334,6698.0,5.0,80.0,0.7999984000032001,0.0,1.0,2.0,16.0,0.0,1.0,1.0,3.0,3.0,3.0,1.0,4.0,0.0,0.0
242.5909090909091,0.0,0.7707661535939823,34.0,258.0,10.0,3.75,0.9090909090909091,19921.0,10.0,74.0,0.6999993000007,0.0,21.0,2.0,12.0,0.45454545454545453,1.0,4.0,4.0,3.0,4.0,1.0,4.0,5.0,0.0
93.6,1.0,0.7228536294751958,26.0,471.0,1.0,2.5,0.5,23213.0,1.0,66.0,0.0,0.0,24.0,1.0,18.0,0.0,1.0,3.0,4.0,3.0,1.0,1.0,2.0,0.0,1.0
3745.5,0.0,1.026848302364825,37.0,799.0,12.0,3.5,0.46153846153846156,23848.0,6.0,59.0,0.8333319444467593,0.0,1.0,3.0,17.0,0.14285714285714285,4.0,2.0,4.0,3.0,3.0,1.0,4.0,1.0,0.0
554.0526315789474,0.0,1.398237598705423,46.0,1034.0,28.0,2.5,0.06896551724137931,8984.0,2.0,86.0,0.9999950000249999,0.0,18.0,3.0,11.0,0.3333333333333333,5.0,1.0,3.0,3.0,3.0,0.0,4.0,1.0,0.0
5531.666666666667,0.0,0.965854526966998,41.0,1276.0,22.0,2.0,0.782608695652174,5626.0,18.0,91.0,0.8888883950620028,1.0,2.0,4.0,16.0,0.5789473684210527,7.0,2.0,1.0,2.0,3.0,0.0,2.0,11.0,0.0
883.4,0.0,1.2758006746953792,37.0,142.0,9.0,2.5,0.9,24666.0,9.0,69.0,0.5555549382722909,1.0,9.0,3.0,13.0,0.7,1.0,1.0,2.0,6.0,3.0,0.0,4.0,7.0,0.0
796.7142857142857,1.0,1.7213108516053748,52.0,956.0,18.0,2.5,0.5263157894736842,22087.0,10.0,78.0,0.8999991000009,2.0,6.0,2.0,12.0,0.5454545454545454,3.0,4.0,1.0,3.0,3.0,0.0,2.0,6.0,0.0
392.25,0.0,0.6797819533383688,32.0,1474.0,6.0,3.5,0.5714285714285714,23914.0,4.0,60.0,0.49999875000312505,0.0,11.0,2.0,12.0,0.2,8.0,4.0,3.0,2.0,4.0,0.0,4.0,1.0,1.0
96.0,0.0,0.913937547600914,24.0,535.0,3.0,3.5,0.5,5530.0,2.0,38.0,0.9999950000249999,2.0,24.0,1.0,13.0,0.6666666666666666,0.0,4.0,4.0,3.0,3.0,0.0,3.0,2.0,0.0
893.0909090909091,0.0,1.304862370065743,38.0,1495.0,18.0,3.0,0.05263157894736842,22174.0,1.0,76.0,0.0,1.0,10.0,2.0,19.0,0.0,3.0,3.0,3.0,4.0,3.0,0.0,3.0,0.0,0.0
3223.5,0.0,0.8837392878582334,37.0,446.0,8.0,2.0,0.6666666666666666,15701.0,6.0,65.0,0.8333319444467593,1.0,1.0,2.0,12.0,0.5714285714285714,6.0,2.0,2.0,2.0,3.0,0.0,2.0,4.0,0.0
1026.421052631579,1.0,1.216324519523125,49.0,1245.0,28.5,3.25,0.96875,2125.0,18.0,58.0,0.29032248699274615,1.0,18.0,5.0,17.0,0.0,1.0,4.0,3.0,5.0,2.0,0.0,3.0,0.0,0.0
113.54166666666667,1.0,0.8410564946431138,24.0,691.0,6.0,2.75,0.8571428571428571,21630.0,6.0,89.0,0.8333319444467593,2.0,23.0,1.0,11.0,0.14285714285714285,1.0,2.0,4.0,3.0,4.0,0.0,2.0,1.0,0.0
216.27586206896552,0.0,0.9057982603225514,26.0,703.0,6.0,2.75,0.7142857142857143,7428.0,5.0,66.0,0.5999988000024,2.0,28.0,2.0,20.0,0.16666666666666666,1.0,1.0,2.0,5.0,3.0,0.0,4.0,1.0,0.0
118.16666666666667,0.0,0.657055414484505,24.0,823.0,1.0,3.25,0.5,9100.0,1.0,94.0,0.0,1.0,17.0,1.0,21.0,0.0,1.0,4.0,2.0,2.0,2.0,0.0,4.0,0.0,0.0
4550.0,0.0,1.059267995830031,50.0,1246.0,28.5,2.25,0.9696969696969697,7999.0,18.0,99.0,0.15624995117189025,1.0,3.0,5.0,11.0,0.30303030303030304,1.0,1.0,2.0,2.0,3.0,0.0,3.0,10.0,0.0
149.71428571428572,0.0,0.7981721249047982,25.0,622.0,7.0,2.75,0.875,26376.0,7.0,40.0,0.571427755103207,0.0,13.0,1.0,11.0,0.0,1.0,2.0,3.0,1.0,3.0,0.0,3.0,0.0,0.0
360.75,1.0,0.8915194763527415,24.0,1287.0,6.0,2.75,0.8571428571428571,14168.0,6.0,55.0,0.4999991666680556,1.0,7.0,1.0,16.0,0.14285714285714285,1.0,1.0,3.0,4.0,3.0,0.0,4.0,1.0,1.0
156.3846153846154,0.0,0.7741812642802742,30.0,448.0,1.0,2.5,0.5,14470.0,1.0,74.0,0.0,1.0,12.0,1.0,18.0,0.0,1.0,2.0,1.0,2.0,2.0,0.0,3.0,0.0,1.0
1811.0,1.0,1.1179106875586637,34.0,254.0,6.0,3.25,0.8571428571428571,22794.0,6.0,83.0,0.8333319444467593,1.0,1.0,1.0,13.0,0.14285714285714285,1.0,2.0,4.0,3.0,2.0,0.0,4.0,1.0,0.0
302.35714285714283,0.0,0.6113271740984311,31.0,1365.0,9.0,1.75,0.3,11512.0,3.0,46.0,0.3333322222259259,0.0,13.0,2.0,17.0,0.25,2.0,2.0,1.0,2.0,3.0,0.0,3.0,1.0,1.0
141.57692307692307,0.0,1.1371043632898272,35.0,538.0,9.0,3.0,0.3,14004.0,3.0,54.0,0.6666644444518518,0.0,25.0,2.0,14.0,0.0,4.0,1.0,4.0,3.0,2.0,1.0,4.0,0.0,0.0
780.0,0.0,0.7885297355486496,31.0,525.0,13.0,3.25,0.5,6219.0,7.0,66.0,0.9999985714306123,2.0,6.0,2.0,22.0,0.625,4.0,1.0,4.0,4.0,4.0,0.0,4.0,5.0,0.0
312.42857142857144,0.0,0.675005707810822,27.0,798.0,6.0,2.25,0.7142857142857143,5013.0,5.0,66.0,0.5999988000024,2.0,6.0,1.0,12.0,0.0,0.0,1.0,3.0,5.0,2.0,0.0,3.0,0.0,0.0
3200.6666666666665,1.0,1.3867147473879367,37.0,558.0,17.0,3.0,0.16666666666666666,3010.0,3.0,75.0,0.0,1.0,2.0,2.0,11.0,0.25,4.0,4.0,3.0,3.0,3.0,0.0,3.0,1.0,0.0
1418.0,0.0,0.8753160435992187,20.0,959.0,1.0,3.5,0.5,11757.0,1.0,83.0,0.0,0.0,1.0,1.0,13.0,0.0,1.0,4.0,2.0,0.0,2.0,1.0,4.0,0.0,0.0
1363.0,0.0,0.5431170837946684,42.0,622.0,10.0,3.0,0.9090909090909091,5718.0,10.0,81.0,0.1999998000002,2.0,2.0,2.0,13.0,0.18181818181818182,1.0,3.0,4.0,4.0,3.0,0.0,2.0,2.0,0.0
2375.285714285714,1.0,1.0370130133376576,43.0,782.0,21.0,2.75,0.045454545454545456,2671.0,1.0,50.0,0.0,1.0,6.0,4.0,14.0,0.0,4.0,2.0,4.0,3.0,2.0,0.0,3.0,0.0,0.0
1309.5,0.0,0.8083401686129597,38.0,362.0,8.0,2.5,0.0,14561.0,0.0,43.0,0.0,0.0,1.0,1.0,17.0,0.0,3.0,3.0,1.0,3.0,3.0,1.0,4.0,0.0,0.0
567.9,1.0,1.754310154610956,43.0,1001.0,10.0,3.0,0.7272727272727273,19627.0,8.0,72.0,0.8749989062513672,1.0,9.0,2.0,13.0,0.4444444444444444,3.0,4.0,3.0,3.0,3.0,0.0,2.0,4.0,0.0
7701.0,0.0,0.8964200918557219,48.0,1236.0,21.0,1.75,0.13636363636363635,17997.0,3.0,40.0,0.6666644444518518,1.0,1.0,4.0,11.0,0.0,7.0,4.0,1.0,3.0,2.0,0.0,1.0,0.0,0.0
2992.5,0.0,1.4129729091660272,44.0,1112.0,10.0,2.5,0.18181818181818182,26894.0,2.0,50.0,0.9999950000249999,0.0,1.0,2.0,11.0,0.0,4.0,1.0,3.0,1.0,2.0,1.0,2.0,0.0,0.0
171.93333333333334,1.0,0.9821020563594821,34.0,204.0,8.0,3.25,0.8888888888888888,2912.0,8.0,31.0,0.24999968750039064,2.0,14.0,1.0,18.0,0.0,1.0,3.0,3.0,3.0,3.0,0.0,4.0,0.0,0.0
1013.6666666666666,0.0,1.158035034272658,27.0,1420.0,5.0,2.25,0.6666666666666666,16346.0,4.0,85.0,0.7499981250046875,1.0,2.0,1.0,11.0,0.0,0.0,3.0,1.0,3.0,3.0,0.0,2.0,0.0,1.0
149.8695652173913,0.0,1.3126428027418127,21.0,1343.0,3.0,3.0,0.75,24444.0,3.0,49.0,0.6666644444518518,0.0,22.0,1.0,11.0,0.25,1.0,3.0,3.0,2.0,3.0,1.0,3.0,1.0,0.0
4878.25,1.0,1.1356866155291976,44.0,1315.0,26.0,3.25,0.07407407407407407,9358.0,2.0,35.0,0.9999950000249999,1.0,3.0,5.0,12.0,0.0,4.0,4.0,4.0,2.0,3.0,0.0,1.0,0.0,0.0
396.14285714285717,0.0,0.8558714347322403,22.0,604.0,3.0,2.75,0.5,12145.0,2.0,69.0,0.9999950000249999,0.0,6.0,1.0,20.0,0.6666666666666666,0.0,1.0,3.0,3.0,3.0,0.0,4.0,2.0,0.0
789.3333333333334,0.0,1.025955172406155,33.0,1216.0,6.0,3.25,0.7142857142857143,20431.0,5.0,39.0,0.0,0.0,8.0,2.0,12.0,0.16666666666666666,0.0,3.0,3.0,3.0,3.0,0.0,4.0,1.0,0.0
632.2,1.0,1.951251067572024,32.0,646.0,6.0,2.75,0.8571428571428571,18089.0,6.0,92.0,0.6666655555574075,1.0,9.0,2.0,12.0,0.0,1.0,1.0,4.0,2.0,3.0,0.0,4.0,0.0,0.0
520.75,0.0,0.6429066709510481,30.0,160.0,1.0,3.0,0.5,22653.0,1.0,71.0,0.0,1.0,3.0,1.0,20.0,0.0,1.0,3.0,3.0,2.0,3.0,0.0,3.0,0.0,0.0
4190.5,0.0,1.2103787021306287,53.0,238.0,18.0,3.25,0.7368421052631579,7507.0,14.0,34.0,0.49999964285739795,0.0,1.0,2.0,20.0,0.5333333333333333,7.0,4.0,1.0,2.0,3.0,1.0,4.0,8.0,0.0
1345.5,0.0,0.8305625787466493,34.0,1397.0,10.0,3.0,0.9090909090909091,7660.0,10.0,42.0,0.8999991000009,1.0,1.0,1.0,12.0,0.7272727272727273,1.0,2.0,4.0,4.0,3.0,0.0,4.0,8.0,0.0
158.74074074074073,0.0,0.6189814004691414,45.0,306.0,5.0,2.25,0.16666666666666666,5630.0,1.0,100.0,0.9999900000999989,2.0,26.0,2.0,14.0,0.0,2.0,1.0,1.0,4.0,3.0,0.0,4.0,0.0,1.0
379.85714285714283,1.0,0.8213964960574982,26.0,991.0,3.0,3.25,0.75,17759.0,3.0,71.0,0.6666644444518518,1.0,6.0,1.0,13.0,0.0,1.0,3.0,4.0,2.0,3.0,0.0,3.0,0.0,0.0
2358.5,0.0,1.2931900793632036,37.0,482.0,10.0,3.0,0.9090909090909091,9606.0,10.0,36.0,0.6999993000007,1.0,3.0,3.0,15.0,0.6363636363636364,1.0,3.0,3.0,2.0,3.0,0.0,3.0,7.0,0.0
1390.25,0.0,0.8031160914626447,29.0,1176.0,6.0,2.0,0.8571428571428571,3487.0,6.0,62.0,0.0,1.0,3.0,2.0,14.0,0.14285714285714285,1.0,2.0,3.0,5.0,3.0,0.0,1.0,1.0,0.0
949.4285714285714,0.0,2.0512519131736275,35.0,1017.0,17.0,2.75,0.9444444444444444,19368.0,17.0,82.0,0.6470584429067983,0.0,6.0,2.0,13.0,0.6111111111111112,1.0,2.0,4.0,3.0,1.0,1.0,2.0,11.0,0.0
1103.5714285714287,0.0,1.0260649235299129,33.0,1296.0,15.0,2.75,0.8125,5335.0,13.0,30.0,0.8461531952667729,1.0,6.0,2.0,23.0,0.2857142857142857,3.0,3.0,4.0,2.0,3.0,0.0,3.0,4.0,0.0
536.25,0.0,2.532019122941628,54.0,397.0,16.0,3.0,0.5294117647058824,6729.0,9.0,88.0,0.7777769135812072,1.0,19.0,3.0,15.0,0.7,2.0,3.0,2.0,1.0,3.0,0.0,3.0,7.0,0.0
884.7,1.0,1.2127255281032714,36.0,913.0,13.0,2.5,0.21428571428571427,13934.0,3.0,48.0,0.6666644444518518,1.0,9.0,2.0,11.0,0.0,2.0,2.0,2.0,2.0,2.0,0.0,3.0,0.0,0.0
511.25,0.0,0.631178176713823,27.0,1115.0,5.0,3.0,0.6666666666666666,15174.0,4.0,54.0,0.49999875000312505,0.0,3.0,1.0,13.0,0.2,0.0,1.0,4.0,0.0,2.0,1.0,4.0,1.0,0.0
91.72727272727273,1.0,0.3114223864568447,20.0,1362.0,1.0,3.5,0.5,26999.0,1.0,32.0,0.0,0.0,10.0,1.0,11.0,0.5,1.0,4.0,3.0,5.0,3.0,1.0,4.0,1.0,1.0
837.0,1.0,1.033342071216567,33.0,1076.0,10.0,1.5,0.9090909090909091,3164.0,10.0,70.0,0.7999992000008,0.0,3.0,1.0,11.0,0.8181818181818182,1.0,1.0,1.0,3.0,3.0,1.0,1.0,9.0,1.0
320.25,0.0,0.39571602536654954,35.0,727.0,1.0,3.0,0.5,16900.0,1.0,41.0,0.0,2.0,3.0,1.0,18.0,0.0,1.0,3.0,3.0,3.0,2.0,0.0,3.0,0.0,0.0
563.8,0.0,0.8700690856509864,23.0,885.0,5.0,1.75,0.5,8544.0,3.0,58.0,0.6666644444518518,1.0,4.0,1.0,16.0,0.0,2.0,1.0,1.0,3.0,4.0,0.0,1.0,0.0,0.0
539.0,0.0,0.7005783419682233,25.0,810.0,4.0,3.0,0.6,15678.0,3.0,57.0,0.6666644444518518,1.0,8.0,2.0,22.0,0.25,0.0,4.0,2.0,4.0,4.0,0.0,3.0,1.0,0.0
503.5,0.0,0.5817212041739854,38.0,243.0,8.0,3.0,0.7777777777777778,7791.0,7.0,46.0,0.9999985714306123,0.0,7.0,2.0,20.0,0.0,0.0,4.0,4.0,2.0,2.0,1.0,1.0,0.0,0.0
1360.0,0.0,0.8395132717171632,29.0,806.0,10.0,3.25,0.9090909090909091,18959.0,10.0,76.0,0.6999993000007,1.0,1.0,1.0,18.0,0.18181818181818182,1.0,2.0,4.0,5.0,1.0,0.0,4.0,2.0,0.0
2706.6666666666665,0.0,1.1726852477390173,48.0,817.0,12.0,2.75,0.15384615384615385,18597.0,2.0,56.0,0.9999950000249999,0.0,2.0,2.0,12.0,0.6666666666666666,3.0,2.0,2.0,3.0,4.0,0.0,4.0,2.0,0.0
1161.75,1.0,0.6711167914092627,27.0,1410.0,6.0,3.25,0.8571428571428571,16673.0,6.0,71.0,0.8333319444467593,2.0,3.0,2.0,20.0,0.0,1.0,4.0,4.0,3.0,4.0,0.0,2.0,0.0,0.0
425.45454545454544,0.0,1.4444566586898249,37.0,1225.0,4.0,3.0,0.2,15232.0,1.0,80.0,0.0,0.0,10.0,1.0,17.0,0.0,3.0,4.0,4.0,2.0,4.0,1.0,1.0,0.0,0.0
111.06896551724138,1.0,0.9950049318545324,50.0,1207.0,20.0,3.25,0.9523809523809523,3297.0,18.0,74.0,0.3999998000001,3.0,28.0,1.0,11.0,0.14285714285714285,1.0,4.0,3.0,3.0,4.0,0.0,3.0,3.0,0.0
862.1,0.0,1.1450751722655506,34.0,1442.0,9.0,3.0,0.8,17654.0,8.0,46.0,0.8749989062513672,0.0,9.0,3.0,14.0,0.7777777777777778,1.0,4.0,2.0,3.0,2.0,1.0,2.0,7.0,0.0
1144.25,0.0,0.6610074358253057,24.0,693.0,4.0,2.0,0.4,24785.0,2.0,65.0,0.9999950000249999,0.0,3.0,2.0,14.0,0.6666666666666666,8.5,1.0,3.0,3.0,3.0,1.0,1.0,2.0,1.0
1517.6666666666667,0.0,0.6047473911756237,39.0,408.0,20.0,2.75,0.9523809523809523,20978.0,18.0,80.0,0.3499998250000875,0.0,2.0,2.0,11.0,0.5238095238095238,1.0,4.0,3.0,4.0,2.0,1.0,1.0,11.0,0.0
490.54545454545456,0.0,0.7792868961576032,32.0,929.0,10.0,3.5,0.9090909090909091,21703.0,10.0,55.0,0.6999993000007,0.0,10.0,2.0,12.0,0.0,1.0,4.0,4.0,2.0,3.0,1.0,4.0,0.0,0.0
755.1111111111111,1.0,0.9814740078367441,50.0,562.0,18.0,2.25,0.21052631578947367,23452.0,4.0,50.0,0.7499981250046875,1.0,8.0,2.0,14.0,0.2,3.0,2.0,3.0,4.0,3.0,0.0,1.0,1.0,1.0
3812.5,0.0,1.0127825296978104,38.0,827.0,10.0,2.75,0.8181818181818182,19383.0,9.0,33.0,0.7777769135812072,0.0,1.0,2.0,13.0,0.1,0.0,2.0,4.0,4.0,4.0,1.0,3.0,1.0,0.0
3706.0,0.0,1.016019171956759,27.0,608.0,9.0,2.75,0.9,6009.0,9.0,68.0,0.7777769135812072,0.0,1.0,3.0,11.0,0.0,1.0,3.0,1.0,3.0,3.0,0.0,4.0,0.0,0.0
2789.75,0.0,0.6959781208777844,32.0,1018.0,10.0,3.5,0.6363636363636364,19373.0,7.0,39.0,0.9999985714306123,0.0,3.0,3.0,15.0,0.875,3.0,3.0,4.0,6.0,3.0,1.0,4.0,7.0,0.0
330.6666666666667,0.0,0.7163200528060992,47.0,703.0,20.0,3.0,0.3333333333333333,11825.0,7.0,42.0,0.9999985714306123,0.0,14.0,2.0,12.0,0.125,2.0,4.0,1.0,2.0,3.0,1.0,4.0,1.0,0.0
1745.8333333333333,1.0,1.5127928534564294,40.0,580.0,20.0,2.75,0.8571428571428571,23772.0,18.0,48.0,0.7222218209878772,1.0,5.0,3.0,21.0,0.05263157894736842,5.0,4.0,1.0,2.0,2.0,0.0,3.0,1.0,0.0
1851.75,0.0,0.9239376183066134,53.0,970.0,28.5,3.0,0.15151515151515152,13514.0,5.0,59.0,0.19999960000080003,0.0,7.0,4.0,19.0,0.16666666666666666,3.0,3.0,3.0,3.0,4.0,0.0,3.0,1.0,0.0
1740.090909090909,0.0,1.1140356433067375,41.0,427.0,23.0,2.5,0.875,8861.0,18.0,73.0,0.28571414965992875,3.0,10.0,5.0,15.0,0.5454545454545454,3.0,2.0,4.0,2.0,2.0,0.0,2.0,12.0,0.0
317.94117647058823,0.0,0.780586670446969,60.0,1179.0,10.0,2.25,0.18181818181818182,11924.0,2.0,84.0,0.9999950000249999,0.0,16.0,2.0,14.0,0.6666666666666666,8.0,1.0,1.0,1.0,3.0,1.0,4.0,2.0,0.0
799.3636363636364,0.0,1.2053233376977581,27.0,294.0,9.0,2.5,0.9,4809.0,9.0,32.0,0.7777769135812072,2.0,10.0,3.0,21.0,0.1,1.0,4.0,1.0,4.0,3.0,0.0,3.0,1.0,0.0
9594.5,0.0,1.1168293171418937,41.0,314.0,22.0,3.0,0.9565217391304348,19562.0,18.0,59.0,0.31818167355378474,1.0,1.0,5.0,12.0,0.08695652173913043,1.0,4.0,3.0,3.0,2.0,0.0,2.0,2.0,0.0
430.55555555555554,0.0,1.4756283320639756,50.0,316.0,4.0,3.25,0.4,9983.0,2.0,54.0,0.9999950000249999,1.0,8.0,1.0,15.0,0.6666666666666666,7.0,4.0,2.0,2.0,3.0,0.0,4.0,2.0,0.0
1108.0,1.0,0.6839564007813359,28.0,654.0,10.0,2.5,0.6363636363636364,3872.0,7.0,67.0,0.9999985714306123,0.0,1.0,1.0,13.0,0.375,7.0,1.0,2.0,4.0,1.0,1.0,4.0,3.0,1.0
1301.4444444444443,0.0,0.7305306685044797,36.0,427.0,10.0,1.5,0.7272727272727273,20335.0,8.0,63.0,0.8749989062513672,1.0,8.0,3.0,14.0,0.0,8.5,1.0,1.0,2.0,4.0,0.0,1.0,0.0,0.0
3930.5,1.0,1.0775670144026017,38.0,168.0,10.0,3.5,0.09090909090909091,15397.0,1.0,81.0,0.0,0.0,1.0,3.0,14.0,0.0,4.0,3.0,3.0,4.0,3.0,1.0,4.0,0.0,0.0
148.32,0.0,1.1454449820914643,44.0,381.0,9.0,2.5,0.5,2104.0,5.0,49.0,0.39999920000160005,0.0,24.0,1.0,14.0,0.16666666666666666,2.0,1.0,3.0,5.0,1.0,1.0,3.0,1.0,0.0
3442.5,1.0,1.988654662729836,47.0,217.0,28.0,3.25,0.7586206896551724,10225.0,18.0,49.0,0.09090904958679565,2.0,3.0,4.0,12.0,0.4782608695652174,8.5,4.0,3.0,2.0,3.0,0.0,4.0,11.0,0.0
189.42857142857142,0.0,0.7660003145329739,30.0,501.0,10.0,3.25,0.7272727272727273,25275.0,8.0,99.0,0.8749989062513672,1.0,27.0,2.0,23.0,0.7777777777777778,7.0,3.0,4.0,2.0,3.0,0.0,4.0,7.0,0.0
240.1818181818182,0.0,1.006092916984006,29.0,1396.0,1.0,3.0,0.5,2755.0,1.0,99.0,0.0,0.0,10.0,1.0,11.0,0.0,1.0,3.0,3.0,6.0,3.0,1.0,3.0,0.0,0.0
137.95,1.0,0.8515504105395784,42.0,933.0,7.0,3.25,0.25,20366.0,2.0,57.0,0.9999950000249999,0.0,19.0,1.0,12.0,0.6666666666666666,6.0,3.0,3.0,2.0,4.0,0.0,4.0,2.0,1.0
425.25,0.0,0.982629362760625,43.0,775.0,7.0,3.5,0.25,23683.0,2.0,47.0,0.9999950000249999,1.0,15.0,2.0,18.0,0.6666666666666666,3.0,4.0,4.0,5.0,2.0,0.0,3.0,2.0,0.0
682.4444444444445,0.0,0.8158046291677313,34.0,970.0,10.0,3.0,0.45454545454545453,7360.0,5.0,96.0,0.19999960000080003,0.0,8.0,2.0,11.0,0.6666666666666666,3.0,2.0,3.0,2.0,3.0,1.0,4.0,4.0,0.0
250.0,0.0,0.772279518670081,23.0,650.0,5.0,2.75,0.6666666666666666,4344.0,4.0,37.0,0.7499981250046875,1.0,9.0,1.0,14.0,0.0,1.0,2.0,1.0,2.0,3.0,0.0,4.0,0.0,0.0
1597.25,0.0,1.508351531605973,39.0,141.0,12.0,2.25,0.6153846153846154,18767.0,8.0,44.0,0.37499953125058594,1.0,3.0,2.0,15.0,0.3333333333333333,8.5,3.0,2.0,3.0,4.0,0.0,3.0,3.0,0.0
1110.3,0.0,1.4747441871783329,56.0,832.0,28.5,3.0,0.3225806451612903,20420.0,10.0,81.0,0.6999993000007,0.0,9.0,4.0,11.0,0.09090909090909091,7.0,3.0,4.0,1.0,3.0,0.0,3.0,1.0,0.0
780.6666666666666,1.0,0.7228456185152927,40.0,804.0,5.0,3.5,0.6666666666666666,22929.0,4.0,86.0,0.49999875000312505,0.0,2.0,1.0,20.0,0.4,0.0,4.0,4.0,2.0,2.0,1.0,4.0,2.0,0.0
851.375,0.0,0.9046638439044966,27.0,975.0,9.0,1.75,0.7,23398.0,7.0,55.0,0.8571416326548106,0.0,7.0,2.0,19.0,0.0,8.0,4.0,1.0,2.0,2.0,1.0,1.0,0.0,0.0
208.8181818181818,0.0,0.8747143945163747,29.0,1090.0,2.0,3.25,0.6666666666666666,17967.0,2.0,83.0,0.9999950000249999,2.0,10.0,1.0,14.0,0.6666666666666666,1.0,4.0,2.0,2.0,3.0,0.0,4.0,2.0,0.0
350.0,0.0,0.7568339282966794,53.0,346.0,19.0,3.75,0.1,10919.0,2.0,86.0,0.9999950000249999,0.0,6.0,2.0,17.0,0.6666666666666666,2.0,4.0,4.0,4.0,3.0,1.0,4.0,2.0,0.0
1697.6666666666667,0.0,0.6764723178689768,35.0,1225.0,16.0,2.5,0.058823529411764705,4761.0,1.0,61.0,0.0,1.0,2.0,2.0,11.0,0.0,2.0,4.0,1.0,2.0,3.0,0.0,1.0,0.0,0.0
212.36,0.0,1.6400127858477842,32.0,430.0,10.0,3.0,0.9090909090909091,21146.0,10.0,80.0,0.7999992000008,2.0,24.0,2.0,15.0,0.36363636363636365,1.0,1.0,4.0,2.0,3.0,0.0,4.0,4.0,0.0
1019.0,1.0,0.9435264969262381,38.0,268.0,6.0,2.5,0.14285714285714285,20471.0,1.0,92.0,0.0,1.0,2.0,1.0,13.0,0.0,6.0,4.0,3.0,0.0,3.0,0.0,2.0,0.0,0.0
569.0,0.0,0.7019743901228499,34.0,167.0,7.0,2.25,0.0,4187.0,0.0,32.0,0.0,1.0,8.0,2.0,14.0,0.0,3.0,2.0,1.0,3.0,3.0,0.0,3.0,0.0,0.0
4214.0,0.0,0.9810451284456595,52.0,621.0,28.5,2.25,0.9714285714285714,10084.0,18.0,31.0,0.17647053633219517,0.0,3.0,4.0,11.0,0.02857142857142857,1.0,3.0,1.0,3.0,2.0,0.0,1.0,1.0,0.0
1343.0,1.0,0.8290193558206986,33.0,527.0,10.0,3.25,0.9090909090909091,5207.0,10.0,63.0,0.8999991000009,0.0,1.0,1.0,13.0,0.6363636363636364,1.0,4.0,4.0,2.0,3.0,1.0,3.0,7.0,1.0
228.88888888888889,0.0,0.8925116786979221,25.0,883.0,6.0,2.75,0.8571428571428571,22807.0,6.0,32.0,0.8333319444467593,0.0,26.0,2.0,23.0,0.14285714285714285,1.0,3.0,4.0,5.0,3.0,1.0,2.0,1.0,0.0
2210.6666666666665,0.0,2.5255140898705255,45.0,954.0,9.0,2.25,0.8,12388.0,8.0,46.0,0.8749989062513672,0.0,2.0,2.0,13.0,0.3333333333333333,0.0,2.0,3.0,3.0,1.0,1.0,1.0,3.0,0.0
318.6363636363636,0.0,1.081799271091418,23.0,310.0,2.0,2.75,0.6666666666666666,19630.0,2.0,79.0,0.9999950000249999,0.0,10.0,1.0,18.0,0.0,1.0,1.0,3.0,3.0,4.0,1.0,4.0,0.0,0.0
228.46428571428572,1.0,0.9238506810081889,47.0,719.0,8.0,3.0,0.5555555555555556,10339.0,5.0,77.0,0.7999984000032001,0.0,27.0,2.0,12.0,0.16666666666666666,4.0,2.0,3.0,2.0,4.0,1.0,4.0,1.0,1.0
2091.3333333333335,0.0,0.9060870990535216,34.0,304.0,6.0,3.5,0.8571428571428571,18686.0,6.0,60.0,0.8333319444467593,0.0,2.0,2.0,22.0,0.14285714285714285,1.0,4.0,4.0,5.0,3.0,1.0,3.0,1.0,0.0
6619.666666666667,1.0,1.1558243477576147,55.0,725.0,24.0,3.0,0.2,21199.0,5.0,78.0,0.39999920000160005,1.0,2.0,5.0,13.0,0.16666666666666666,5.0,4.0,1.0,2.0,3.0,0.0,4.0,1.0,1.0
843.0,0.0,1.0957097259354587,36.0,1434.0,10.0,1.75,0.9090909090909091,14229.0,10.0,76.0,0.6999993000007,0.0,8.0,3.0,15.0,0.0,1.0,1.0,1.0,1.0,2.0,1.0,2.0,0.0,0.0
212.9,0.0,1.3142086437395886,52.0,715.0,5.0,3.0,0.6666666666666666,26589.0,4.0,41.0,0.7499981250046875,1.0,19.0,1.0,18.0,0.2,0.0,4.0,4.0,3.0,3.0,0.0,1.0,1.0,0.0
2182.0,0.0,1.3480911277904934,26.0,575.0,5.0,2.25,0.3333333333333333,5288.0,2.0,71.0,0.9999950000249999,1.0,1.0,1.0,14.0,0.6666666666666666,3.0,1.0,4.0,2.0,1.0,0.0,1.0,2.0,0.0
154.82142857142858,0.0,0.5757917726216404,29.0,657.0,11.0,2.0,0.6666666666666666,25549.0,8.0,66.0,0.8749989062513672,1.0,27.0,2.0,12.0,0.1111111111111111,4.0,2.0,3.0,3.0,3.0,0.0,1.0,1.0,0.0
591.7777777777778,0.0,0.7691775405736462,26.0,1146.0,6.0,2.5,0.5714285714285714,3064.0,4.0,38.0,0.7499981250046875,0.0,8.0,2.0,17.0,0.2,6.0,4.0,1.0,2.0,2.0,1.0,3.0,1.0,1.0
1640.0,0.0,1.012354239423638,34.0,182.0,10.0,3.0,0.36363636363636365,13551.0,4.0,72.0,0.49999875000312505,0.0,1.0,1.0,16.0,0.2,2.0,2.0,4.0,2.0,4.0,1.0,3.0,1.0,0.0
274.25,1.0,0.751870636560014,54.0,376.0,9.0,2.5,0.5,22670.0,5.0,95.0,0.5999988000024,2.0,19.0,2.0,11.0,0.16666666666666666,8.5,4.0,1.0,4.0,3.0,0.0,2.0,1.0,0.0
482.44444444444446,0.0,0.6270688849363071,27.0,829.0,5.0,3.0,0.6666666666666666,24008.0,4.0,84.0,0.49999875000312505,1.0,8.0,2.0,19.0,0.2,0.0,3.0,4.0,3.0,3.0,0.0,2.0,1.0,0.0
252.9090909090909,1.0,0.8586492359989515,37.0,571.0,6.0,2.25,0.7142857142857143,19905.0,5.0,82.0,0.5999988000024,2.0,10.0,1.0,13.0,0.6666666666666666,0.0,4.0,1.0,3.0,3.0,0.0,2.0,4.0,0.0
1993.3333333333333,1.0,0.819724048610553,38.0,240.0,17.0,2.25,0.8333333333333334,26085.0,15.0,75.0,0.46666635555576297,0.0,2.0,2.0,12.0,0.25,6.0,1.0,1.0,2.0,4.0,1.0,4.0,4.0,0.0
1460.3333333333333,0.0,1.352171927717975,34.0,121.0,6.0,2.5,0.8571428571428571,7530.0,6.0,86.0,0.8333319444467593,0.0,2.0,1.0,11.0,0.14285714285714285,1.0,3.0,1.0,3.0,2.0,1.0,3.0,1.0,0.0
285.77777777777777,0.0,0.9794364051789795,35.0,384.0,3.0,2.25,0.75,20317.0,3.0,72.0,0.6666644444518518,1.0,8.0,1.0,16.0,0.0,1.0,1.0,4.0,1.0,3.0,0.0,2.0,0.0,0.0
1916.5,0.0,1.1840589580249683,30.0,921.0,7.0,3.25,0.25,24375.0,2.0,38.0,0.9999950000249999,2.0,1.0,1.0,21.0,0.0,3.0,4.0,3.0,2.0,1.0,0.0,3.0,0.0,0.0
1414.6666666666667,0.0,0.5637047942344272,40.0,791.0,8.0,3.0,0.8888888888888888,9931.0,8.0,38.0,0.8749989062513672,1.0,2.0,2.0,24.0,0.3333333333333333,1.0,3.0,2.0,2.0,4.0,0.0,4.0,3.0,0.0
722.2222222222222,0.0,0.9387258756531544,34.0,1111.0,6.0,2.25,0.42857142857142855,13305.0,3.0,93.0,0.6666644444518518,1.0,8.0,2.0,17.0,0.25,5.0,3.0,1.0,1.0,3.0,0.0,2.0,1.0,0.0
2047.7777777777778,0.0,1.0726543496234875,42.0,570.0,24.0,2.5,0.96,16225.0,18.0,66.0,0.2916665451389395,1.0,8.0,5.0,13.0,0.56,1.0,2.0,4.0,4.0,3.0,0.0,2.0,14.0,0.0
228.71428571428572,1.0,0.4945678037563199,23.0,1243.0,1.0,2.5,0.0,3445.0,0.0,63.0,0.0,2.0,6.0,1.0,21.0,0.0,1.0,3.0,1.0,2.0,4.0,0.0,3.0,0.0,1.0
269.4,0.0,0.8322084093188793,24.0,1092.0,1.0,2.75,0.5,26551.0,1.0,60.0,0.0,3.0,9.0,1.0,11.0,0.0,1.0,3.0,2.0,4.0,2.0,0.0,3.0,0.0,0.0
262.4166666666667,0.0,0.9727632817168341,52.0,1325.0,9.0,3.0,0.5,21821.0,5.0,82.0,0.39999920000160005,1.0,11.0,2.0,20.0,0.16666666666666666,8.0,4.0,3.0,3.0,3.0,0.0,2.0,1.0,0.0
5879.666666666667,0.0,1.1001306635149422,50.0,691.0,28.5,3.25,0.12903225806451613,6881.0,4.0,64.0,0.7499981250046875,0.0,2.0,4.0,16.0,0.0,5.0,3.0,3.0,3.0,3.0,0.0,4.0,0.0,0.0
1159.5,1.0,0.7163664815183671,29.0,805.0,1.0,2.5,0.5,6689.0,1.0,36.0,0.0,1.0,1.0,1.0,11.0,0.0,1.0,2.0,1.0,1.0,2.0,0.0,4.0,0.0,1.0
1461.375,0.0,0.7291585456745387,33.0,213.0,14.0,3.5,0.8666666666666667,25995.0,13.0,49.0,0.6923071597637233,0.0,7.0,3.0,11.0,0.21428571428571427,0.0,3.0,3.0,3.0,3.0,0.0,4.0,3.0,0.0
313.1764705882353,0.0,0.7688887018426759,33.0,118.0,6.0,2.0,0.42857142857142855,26507.0,3.0,69.0,0.6666644444518518,0.0,16.0,2.0,15.0,0.0,5.0,1.0,1.0,3.0,3.0,1.0,3.0,0.0,1.0
5584.0,1.0,0.9749921684694879,47.0,202.0,26.0,3.0,0.9629629629629629,12982.0,18.0,33.0,0.5384613313610264,1.0,2.0,4.0,11.0,0.1111111111111111,1.0,3.0,4.0,3.0,3.0,0.0,3.0,3.0,0.0
2614.0,0.0,0.7166416933337745,36.0,676.0,10.0,2.25,0.8181818181818182,23361.0,9.0,35.0,0.7777769135812072,1.0,1.0,2.0,15.0,0.0,0.0,3.0,2.0,2.0,3.0,0.0,1.0,0.0,0.0
112.5,0.0,0.8333403800133605,29.0,1252.0,10.0,3.0,0.9090909090909091,23779.0,10.0,81.0,0.6999993000007,1.0,23.0,1.0,24.0,0.0,1.0,3.0,3.0,3.0,4.0,0.0,3.0,0.0,0.0
6415.333333333333,1.0,1.2003579993201756,58.0,286.0,28.5,3.25,0.7560975609756098,25761.0,18.0,31.0,0.4838708116545769,0.0,2.0,5.0,12.0,0.40625,7.0,4.0,2.0,2.0,3.0,1.0,4.0,13.0,1.0
1253.0,0.0,0.7734633304864746,35.0,1258.0,7.0,3.25,0.25,13301.0,2.0,40.0,0.9999950000249999,0.0,1.0,1.0,13.0,0.6666666666666666,3.0,4.0,3.0,0.0,4.0,1.0,3.0,2.0,0.0
3031.0,1.0,0.8309644118189252,42.0,932.0,8.0,3.75,0.4444444444444444,4051.0,4.0,43.0,0.7499981250046875,1.0,1.0,2.0,13.0,0.0,8.5,4.0,4.0,4.0,2.0,0.0,4.0,0.0,0.0
1460.6666666666667,0.0,1.3524805723031652,28.0,890.0,5.0,3.0,0.3333333333333333,16374.0,2.0,46.0,0.9999950000249999,0.0,2.0,1.0,17.0,0.6666666666666666,6.0,3.0,3.0,3.0,3.0,1.0,4.0,2.0,1.0
153.07142857142858,0.0,0.505931653190108,36.0,1041.0,8.0,2.5,0.5555555555555556,25527.0,5.0,36.0,0.39999920000160005,1.0,13.0,1.0,13.0,0.0,4.0,3.0,2.0,2.0,3.0,0.0,2.0,0.0,0.0
1232.4,0.0,0.8446721718291351,32.0,859.0,14.0,3.0,0.9333333333333333,19124.0,14.0,98.0,0.9285707653065962,1.0,4.0,2.0,12.0,0.4,1.0,3.0,3.0,3.0,2.0,0.0,3.0,6.0,0.0
299.6470588235294,0.0,1.573596747242157,40.0,720.0,10.0,2.75,0.09090909090909091,11983.0,1.0,51.0,0.0,0.0,16.0,2.0,14.0,0.0,6.0,1.0,3.0,6.0,2.0,1.0,4.0,0.0,0.0
2292.3333333333335,1.0,0.9426826559021361,30.0,946.0,12.0,2.75,0.0,20234.0,0.0,52.0,0.0,0.0,2.0,2.0,24.0,0.0,5.0,3.0,4.0,4.0,2.0,1.0,2.0,0.0,0.0
758.0,0.0,0.7018577867223637,45.0,252.0,1.0,3.0,0.5,6153.0,1.0,95.0,0.0,0.0,2.0,1.0,14.0,0.0,1.0,2.0,3.0,3.0,2.0,1.0,4.0,0.0,0.0
147.8,0.0,0.6078020788527078,42.0,933.0,10.0,2.5,0.8181818181818182,11806.0,9.0,98.0,0.8888879012356653,1.0,29.0,2.0,13.0,0.7,1.0,2.0,2.0,3.0,3.0,0.0,4.0,7.0,0.0
483.6923076923077,0.0,0.8351969241626008,38.0,471.0,13.0,1.75,0.2857142857142857,4284.0,4.0,45.0,0.7499981250046875,1.0,12.0,2.0,15.0,0.2,2.0,1.0,1.0,3.0,2.0,0.0,3.0,1.0,0.0
150.1764705882353,0.0,0.7879696259904109,34.0,702.0,6.0,3.25,0.7142857142857143,8306.0,5.0,100.0,0.39999920000160005,0.0,16.0,1.0,16.0,0.16666666666666666,1.0,3.0,4.0,3.0,2.0,1.0,3.0,1.0,0.0
637.8333333333334,0.0,1.1053858234229605,49.0,1184.0,9.0,3.0,0.9,5860.0,9.0,43.0,0.8888879012356653,2.0,11.0,3.0,18.0,0.7,1.0,3.0,4.0,3.0,3.0,0.0,1.0,7.0,1.0
1720.0,0.0,0.7452039259031195,55.0,436.0,12.0,3.0,0.6923076923076923,21519.0,9.0,37.0,0.7777769135812072,0.0,2.0,2.0,16.0,0.7,4.0,3.0,4.0,3.0,3.0,1.0,3.0,7.0,1.0
1143.9333333333334,0.0,1.070193438134412,43.0,589.0,22.0,2.25,0.17391304347826086,5200.0,4.0,94.0,0.24999937500156252,1.0,14.0,4.0,24.0,0.2,6.0,2.0,1.0,3.0,3.0,0.0,3.0,1.0,0.0
2134.6666666666665,1.0,0.7988249639038142,27.0,269.0,9.0,3.0,0.9,8842.0,9.0,42.0,0.8888879012356653,1.0,5.0,3.0,16.0,0.0,1.0,3.0,4.0,3.0,2.0,0.0,2.0,0.0,0.0
1277.625,0.0,1.4010701506435557,35.0,950.0,17.0,3.0,0.4444444444444444,18869.0,8.0,59.0,0.6249992187509766,0.0,7.0,3.0,21.0,0.1111111111111111,3.0,3.0,3.0,3.0,3.0,1.0,2.0,1.0,0.0
1593.0,1.0,0.690180147653296,28.0,760.0,8.0,2.0,0.8888888888888888,3698.0,8.0,81.0,0.8749989062513672,0.0,2.0,2.0,20.0,0.7777777777777778,1.0,2.0,2.0,2.0,3.0,0.0,1.0,7.0,0.0
934.25,0.0,0.8822522575694978,34.0,829.0,4.0,2.75,0.6,2243.0,3.0,88.0,0.6666644444518518,1.0,3.0,1.0,19.0,0.0,0.0,3.0,4.0,1.0,3.0,0.0,3.0,0.0,0.0
394.3333333333333,1.0,0.7302530885598559,26.0,887.0,8.0,2.5,0.8888888888888888,20898.0,8.0,88.0,0.8749989062513672,1.0,5.0,1.0,14.0,0.1111111111111111,1.0,3.0,3.0,2.0,2.0,0.0,1.0,1.0,1.0
426.5,0.0,0.5265476623343678,27.0,443.0,0.0,3.25,0.0,16571.0,0.0,50.0,0.0,3.0,3.0,1.0,11.0,0.0,1.0,4.0,4.0,6.0,3.0,0.0,3.0,0.0,0.0
603.9629629629629,0.0,0.9490924839560613,51.0,1318.0,28.5,2.25,0.6666666666666666,5594.0,18.0,66.0,0.299999850000075,1.0,26.0,4.0,14.0,0.19047619047619047,2.0,1.0,3.0,2.0,3.0,0.0,3.0,4.0,0.0
1186.6,0.0,0.7880444260586372,44.0,625.0,10.0,3.0,0.45454545454545453,5197.0,5.0,50.0,0.39999920000160005,0.0,4.0,2.0,12.0,0.3333333333333333,8.5,4.0,2.0,2.0,3.0,1.0,4.0,2.0,0.0
1141.3333333333333,0.0,1.0567990596910173,25.0,180.0,6.0,1.75,0.5714285714285714,21632.0,4.0,65.0,0.7499981250046875,0.0,2.0,1.0,13.0,0.0,7.0,1.0,1.0,3.0,4.0,1.0,3.0,0.0,0.0
2018.5,0.0,0.5830209784633513,33.0,586.0,9.0,1.5,0.9,21816.0,9.0,48.0,0.8888879012356653,1.0,1.0,2.0,22.0,0.0,1.0,1.0,1.0,5.0,4.0,0.0,1.0,0.0,0.0
91.39285714285714,0.0,0.7898214935015517,35.0,1343.0,6.0,2.5,0.8571428571428571,17852.0,6.0,53.0,0.8333319444467593,0.0,27.0,1.0,11.0,0.14285714285714285,1.0,3.0,1.0,3.0,2.0,1.0,4.0,1.0,0.0
3100.5,1.0,0.8955444853731092,36.0,928.0,18.0,3.0,0.9473684210526315,2823.0,18.0,56.0,0.7777773456792524,1.0,1.0,2.0,14.0,0.21052631578947367,1.0,2.0,4.0,1.0,3.0,0.0,4.0,4.0,0.0
314.5,0.0,0.6358784662308982,32.0,117.0,8.0,2.75,0.5555555555555556,9250.0,5.0,73.0,0.39999920000160005,1.0,13.0,2.0,11.0,0.0,2.0,2.0,4.0,3.0,3.0,0.0,3.0,0.0,0.0
626.8333333333334,0.0,1.1608122849000921,30.0,1012.0,10.0,2.5,0.45454545454545453,2373.0,5.0,75.0,0.7999984000032001,1.0,5.0,1.0,12.0,0.0,8.5,2.0,4.0,3.0,2.0,0.0,2.0,0.0,0.0
1366.75,1.0,1.5790813422140906,53.0,661.0,28.5,3.0,0.1388888888888889,20715.0,5.0,78.0,0.39999920000160005,1.0,7.0,3.0,18.0,0.0,7.0,1.0,4.0,3.0,2.0,0.0,4.0,0.0,0.0
1076.1,1.0,1.5540967919851683,45.0,930.0,18.0,2.75,0.2631578947368421,19239.0,5.0,74.0,0.7999984000032001,1.0,9.0,3.0,12.0,0.0,4.0,4.0,1.0,2.0,3.0,0.0,3.0,0.0,0.0
575.0,0.0,1.597235728358941,32.0,638.0,9.0,2.75,0.5,22162.0,5.0,91.0,0.5999988000024,1.0,8.0,2.0,12.0,0.16666666666666666,5.0,3.0,3.0,3.0,4.0,0.0,3.0,1.0,0.0
531.7692307692307,0.0,1.8952348990116232,52.0,890.0,28.5,3.25,0.28125,19028.0,9.0,81.0,0.8888879012356653,0.0,25.0,4.0,22.0,0.0,3.0,3.0,4.0,3.0,2.0,0.0,3.0,0.0,0.0
372.5882352941176,0.0,0.9147522609826276,37.0,342.0,9.0,3.5,0.1,24558.0,1.0,66.0,0.0,2.0,16.0,2.0,19.0,0.0,4.0,4.0,3.0,2.0,2.0,0.0,4.0,0.0,0.0
548.4444444444445,0.0,1.1653190108009208,28.0,1169.0,6.0,3.25,0.7142857142857143,23965.0,5.0,63.0,0.19999960000080003,1.0,8.0,1.0,13.0,0.0,1.0,2.0,4.0,6.0,2.0,0.0,4.0,0.0,0.0
2387.5,0.0,0.6545455404875236,22.0,1230.0,4.0,2.5,0.4,19146.0,2.0,33.0,0.9999950000249999,2.0,1.0,2.0,22.0,0.6666666666666666,6.0,4.0,4.0,2.0,2.0,0.0,1.0,2.0,0.0
313.1111111111111,1.0,0.8705134734449154,44.0,986.0,10.0,2.5,0.2727272727272727,5044.0,3.0,62.0,0.6666644444518518,1.0,8.0,1.0,24.0,0.0,2.0,1.0,4.0,2.0,4.0,0.0,3.0,0.0,0.0
838.3333333333334,1.0,0.7762411317531858,42.0,1271.0,8.0,3.25,0.2222222222222222,9068.0,2.0,35.0,0.49999750001249993,0.0,2.0,1.0,14.0,0.6666666666666666,5.0,2.0,4.0,2.0,3.0,1.0,4.0,2.0,0.0
260.22222222222223,0.0,0.5529127073127545,36.0,1278.0,6.0,2.0,0.7142857142857143,8635.0,5.0,77.0,0.7999984000032001,0.0,8.0,1.0,21.0,0.0,0.0,1.0,1.0,3.0,2.0,0.0,3.0,0.0,0.0
1048.5,1.0,0.6056948188445122,25.0,141.0,5.0,2.75,0.8333333333333334,14363.0,5.0,98.0,0.5999988000024,0.0,3.0,2.0,18.0,0.0,1.0,3.0,1.0,3.0,3.0,0.0,4.0,0.0,0.0
1068.5,1.0,1.4646741570909296,35.0,607.0,17.0,3.0,0.9444444444444444,23457.0,17.0,66.0,0.8235289273359251,1.0,9.0,3.0,20.0,0.2777777777777778,1.0,4.0,3.0,2.0,2.0,0.0,2.0,5.0,0.0
77.76923076923077,1.0,0.62407935125445,35.0,130.0,10.0,2.25,0.9090909090909091,16612.0,10.0,96.0,0.1999998000002,1.0,25.0,1.0,19.0,0.6363636363636364,1.0,4.0,2.0,3.0,3.0,0.0,1.0,7.0,1.0
1157.0,0.0,0.714821922481027,32.0,300.0,4.0,3.25,0.6,9148.0,3.0,61.0,0.0,1.0,1.0,1.0,12.0,0.0,0.0,4.0,4.0,2.0,3.0,0.0,2.0,0.0,0.0
851.2,0.0,0.6146488195045884,25.0,583.0,5.0,2.25,0.8333333333333334,18154.0,5.0,87.0,0.39999920000160005,0.0,4.0,2.0,12.0,0.0,1.0,3.0,1.0,1.0,2.0,0.0,1.0,0.0,0.0
1790.0,0.0,1.104947614980678,49.0,1418.0,7.0,2.25,0.5,10554.0,4.0,36.0,0.49999875000312505,1.0,1.0,1.0,16.0,0.0,2.0,3.0,1.0,2.0,3.0,0.0,2.0,0.0,0.0
632.4,0.0,0.9767791352139185,24.0,1269.0,6.0,2.75,0.7142857142857143,10778.0,5.0,46.0,0.39999920000160005,0.0,4.0,1.0,17.0,0.5,0.0,1.0,4.0,2.0,2.0,0.0,4.0,3.0,0.0
1087.3333333333333,0.0,0.9421919404247967,32.0,379.0,10.0,2.75,0.9090909090909091,8891.0,10.0,48.0,0.7999992000008,1.0,5.0,2.0,14.0,0.45454545454545453,1.0,2.0,2.0,3.0,3.0,0.0,4.0,5.0,0.0
289.9,0.0,1.103960396039604,38.0,395.0,3.0,2.75,0.5,12102.0,2.0,98.0,0.9999950000249999,1.0,9.0,1.0,19.0,0.3333333333333333,0.0,2.0,2.0,3.0,2.0,0.0,4.0,1.0,0.0
1307.75,1.0,1.6159176648652775,42.0,1265.0,17.0,2.75,0.2777777777777778,23726.0,5.0,95.0,0.5999988000024,1.0,3.0,2.0,13.0,0.16666666666666666,2.0,3.0,4.0,1.0,4.0,0.0,2.0,1.0,0.0
196.33333333333334,1.0,0.7271666427079546,31.0,1222.0,8.0,3.25,0.6666666666666666,14871.0,6.0,48.0,0.6666655555574075,1.0,11.0,1.0,19.0,0.0,3.0,4.0,4.0,2.0,3.0,0.0,2.0,0.0,0.0
1400.0,1.0,1.0662604722010662,29.0,341.0,5.0,2.75,0.5,23522.0,3.0,48.0,0.6666644444518518,3.0,1.0,1.0,19.0,0.0,6.0,2.0,3.0,3.0,2.0,0.0,3.0,0.0,1.0
1315.111111111111,0.0,1.7093476098816514,53.0,868.0,28.0,2.75,0.06896551724137931,22789.0,2.0,73.0,0.0,1.0,8.0,4.0,14.0,0.6666666666666666,5.0,1.0,4.0,3.0,3.0,0.0,3.0,2.0,0.0
419.34615384615387,0.0,1.4945570739131873,35.0,672.0,16.0,2.5,0.7647058823529411,9129.0,13.0,78.0,0.7692301775152481,0.0,25.0,3.0,16.0,0.2857142857142857,3.0,4.0,2.0,2.0,2.0,0.0,1.0,4.0,0.0
135.13636363636363,0.0,1.132140137090632,37.0,1231.0,10.0,3.0,0.45454545454545453,21222.0,5.0,54.0,0.7999984000032001,1.0,21.0,1.0,15.0,0.0,5.0,3.0,4.0,3.0,3.0,0.0,2.0,0.0,0.0
594.7916666666666,0.0,0.8903206089730596,53.0,102.0,28.5,3.5,0.35294117647058826,20206.0,12.0,72.0,0.7499993750005208,0.0,23.0,4.0,18.0,0.23076923076923078,6.0,4.0,4.0,0.0,3.0,1.0,3.0,3.0,0.0
2781.0,0.0,0.7387667449415372,43.0,422.0,12.0,3.0,0.38461538461538464,21782.0,5.0,33.0,0.39999920000160005,1.0,1.0,2.0,13.0,0.3333333333333333,4.0,4.0,4.0,2.0,3.0,0.0,2.0,2.0,0.0
1512.3333333333333,1.0,0.6552306612059017,47.0,249.0,8.0,2.75,0.7777777777777778,17783.0,7.0,35.0,0.8571416326548106,1.0,2.0,2.0,22.0,0.875,0.0,3.0,4.0,2.0,3.0,0.0,1.0,7.0,0.0
382.1,1.0,1.1036527910371392,37.0,1252.0,10.0,2.5,0.9090909090909091,4814.0,10.0,32.0,0.0,0.0,19.0,3.0,13.0,0.0,1.0,1.0,2.0,2.0,3.0,1.0,4.0,0.0,0.0
5974.666666666667,0.0,1.0432043712778833,50.0,881.0,28.5,2.25,0.96875,4544.0,18.0,98.0,0.19354832466183075,1.0,2.0,4.0,11.0,0.4375,1.0,1.0,1.0,3.0,3.0,0.0,4.0,14.0,0.0
1734.6666666666667,0.0,1.2285899781620728,39.0,1383.0,13.0,3.5,0.35714285714285715,7790.0,5.0,42.0,0.7999984000032001,2.0,2.0,2.0,11.0,0.0,8.0,4.0,4.0,2.0,2.0,0.0,3.0,0.0,0.0
569.25,1.0,0.537567136870684,33.0,1075.0,7.0,3.25,0.5,22650.0,4.0,57.0,0.7499981250046875,1.0,3.0,1.0,11.0,0.0,3.0,4.0,2.0,4.0,3.0,0.0,3.0,0.0,0.0
107.5,1.0,0.8634085018731507,32.0,374.0,1.0,2.25,0.5,18016.0,1.0,87.0,0.0,0.0,25.0,1.0,24.0,0.0,1.0,1.0,4.0,2.0,3.0,1.0,3.0,0.0,1.0
316.5,0.0,0.7821646965090581,29.0,1086.0,8.0,2.75,0.4444444444444444,6054.0,4.0,62.0,0.7499981250046875,3.0,7.0,1.0,14.0,0.0,6.0,1.0,4.0,5.0,2.0,0.0,3.0,0.0,0.0
255.9,1.0,0.7898214935015517,44.0,661.0,8.0,2.5,0.8888888888888888,7508.0,8.0,61.0,0.8749989062513672,0.0,9.0,1.0,13.0,0.7777777777777778,1.0,2.0,1.0,0.0,3.0,0.0,4.0,7.0,0.0
818.0,0.0,0.708810245800874,28.0,821.0,4.0,2.5,0.8,24252.0,4.0,98.0,0.49999875000312505,0.0,5.0,2.0,14.0,0.0,1.0,1.0,4.0,3.0,3.0,1.0,2.0,0.0,0.0
793.3333333333334,1.0,0.7352101017739171,58.0,781.0,3.0,3.5,0.25,13384.0,1.0,57.0,0.0,1.0,2.0,1.0,14.0,0.0,8.5,4.0,4.0,3.0,2.0,0.0,4.0,0.0,1.0
529.4444444444445,0.0,0.6531747644865026,43.0,177.0,4.0,2.5,0.2,23814.0,1.0,55.0,0.0,1.0,8.0,2.0,21.0,0.0,4.0,1.0,2.0,2.0,3.0,0.0,3.0,0.0,0.0
681.3333333333334,0.0,0.7783701447067783,20.0,500.0,2.0,3.0,0.6666666666666666,22052.0,2.0,49.0,0.9999950000249999,0.0,2.0,1.0,13.0,0.0,1.0,3.0,3.0,3.0,2.0,1.0,4.0,0.0,1.0
141.73684210526315,0.0,0.8311798679170296,21.0,1427.0,1.0,2.75,0.5,8870.0,1.0,65.0,0.0,0.0,18.0,1.0,19.0,0.0,1.0,4.0,4.0,3.0,3.0,1.0,1.0,0.0,1.0
439.06666666666666,1.0,0.874778457782266,36.0,1425.0,17.0,2.5,0.8888888888888888,4821.0,16.0,68.0,0.4999996875001953,1.0,14.0,2.0,17.0,0.23529411764705882,0.0,3.0,4.0,2.0,3.0,0.0,1.0,4.0,0.0
1098.0,1.0,1.2543792840822543,47.0,1454.0,3.0,2.75,0.75,13137.0,3.0,65.0,0.6666644444518518,0.0,2.0,1.0,18.0,0.25,1.0,4.0,4.0,3.0,2.0,1.0,1.0,1.0,0.0
1042.75,1.0,0.5717506700258557,22.0,617.0,4.0,2.5,0.6,10022.0,3.0,34.0,0.6666644444518518,1.0,3.0,2.0,19.0,0.0,0.0,2.0,3.0,3.0,3.0,0.0,1.0,0.0,1.0
926.0,1.0,0.8581570011461941,41.0,1085.0,10.0,2.75,0.6363636363636364,17725.0,7.0,57.0,0.9999985714306123,1.0,2.0,1.0,13.0,0.125,4.0,2.0,4.0,1.0,1.0,0.0,3.0,1.0,1.0
237.7,0.0,0.7336481789969473,28.0,995.0,6.0,2.75,0.2857142857142857,9834.0,2.0,77.0,0.9999950000249999,1.0,9.0,1.0,18.0,0.6666666666666666,5.0,3.0,3.0,2.0,3.0,0.0,2.0,2.0,0.0
343.42857142857144,1.0,0.74262398515315,39.0,1122.0,8.0,2.5,0.2222222222222222,4303.0,2.0,70.0,0.9999950000249999,0.0,6.0,1.0,21.0,0.6666666666666666,7.0,4.0,1.0,2.0,3.0,0.0,4.0,2.0,1.0
463.6,0.0,0.7154381484707295,27.0,618.0,1.0,2.75,0.5,17808.0,1.0,76.0,0.9999900000999989,0.0,4.0,1.0,19.0,0.0,1.0,2.0,3.0,2.0,3.0,1.0,3.0,0.0,0.0
182.54545454545453,0.0,0.6202949093958091,34.0,546.0,1.0,2.25,0.5,6896.0,1.0,83.0,0.0,2.0,10.0,1.0,14.0,0.5,1.0,2.0,2.0,3.0,3.0,0.0,2.0,1.0,0.0
416.26666666666665,0.0,0.9017545180889686,42.0,462.0,10.0,2.5,0.45454545454545453,7824.0,5.0,68.0,0.7999984000032001,0.0,14.0,2.0,17.0,0.0,7.0,3.0,3.0,6.0,2.0,1.0,1.0,0.0,0.0
1399.5,1.0,0.8638961939471838,33.0,1198.0,6.0,2.25,0.42857142857142855,3339.0,3.0,100.0,0.6666644444518518,0.0,1.0,1.0,11.0,0.0,3.0,3.0,1.0,1.0,2.0,1.0,2.0,0.0,0.0
1758.6666666666667,1.0,1.4015581971634485,58.0,1272.0,24.0,3.0,0.24,9255.0,6.0,37.0,0.0,1.0,5.0,3.0,13.0,0.0,2.0,3.0,2.0,3.0,2.0,0.0,4.0,0.0,0.0
291.125,0.0,0.8869002284843869,31.0,154.0,13.0,2.75,0.5,11737.0,7.0,41.0,0.9999985714306123,0.0,7.0,1.0,15.0,0.625,3.0,2.0,3.0,2.0,2.0,0.0,2.0,5.0,0.0
182.45454545454547,1.0,0.5331552884205916,35.0,1137.0,10.0,3.25,0.9090909090909091,19170.0,10.0,51.0,0.5999994000006,1.0,21.0,2.0,25.0,0.0,1.0,4.0,4.0,2.0,3.0,0.0,4.0,0.0,0.0
822.5555555555555,0.0,2.286874110685844,49.0,527.0,28.5,2.0,0.8666666666666667,22477.0,18.0,51.0,0.3461537130178027,1.0,8.0,3.0,11.0,0.037037037037037035,4.0,1.0,2.0,3.0,3.0,0.0,3.0,1.0,0.0
107.57142857142857,0.0,0.6972281179445117,48.0,1469.0,13.0,2.5,0.0,5543.0,0.0,51.0,0.0,2.0,20.0,1.0,17.0,0.0,4.0,4.0,3.0,2.0,3.0,0.0,1.0,0.0,0.0
330.0952380952381,0.0,1.0011150415427177,31.0,1188.0,9.0,3.25,0.9,24406.0,9.0,45.0,0.8888879012356653,1.0,20.0,2.0,13.0,0.0,1.0,4.0,3.0,2.0,3.0,0.0,4.0,0.0,0.0
584.75,0.0,1.4438393695194447,36.0,188.0,8.0,3.0,0.6666666666666666,23293.0,6.0,65.0,0.33333277777870374,0.0,7.0,1.0,18.0,0.0,2.0,2.0,4.0,6.0,3.0,1.0,3.0,0.0,0.0
6791.0,0.0,0.8470987398299191,38.0,1333.0,15.0,2.5,0.9375,16292.0,15.0,80.0,0.7999994666670223,1.0,1.0,3.0,13.0,0.3125,1.0,4.0,1.0,3.0,3.0,0.0,2.0,5.0,0.0
1166.0,0.0,0.7203823350154516,32.0,1184.0,5.0,2.75,0.5,3974.0,3.0,70.0,0.0,0.0,1.0,1.0,20.0,0.0,6.0,3.0,2.0,3.0,2.0,0.0,3.0,0.0,0.0
120.65,1.0,0.9188880426504189,25.0,867.0,1.0,2.75,0.5,18798.0,1.0,36.0,0.0,3.0,19.0,1.0,18.0,0.0,1.0,3.0,2.0,2.0,2.0,0.0,3.0,0.0,1.0
882.2727272727273,0.0,1.4015899420329019,40.0,658.0,11.0,1.75,0.08333333333333333,20652.0,1.0,67.0,0.0,1.0,10.0,3.0,12.0,0.0,2.0,1.0,2.0,2.0,2.0,0.0,2.0,0.0,0.0
2147.0,0.0,0.6201367553930223,26.0,1283.0,7.0,2.25,0.875,11148.0,7.0,52.0,0.9999985714306123,0.0,1.0,2.0,12.0,0.0,1.0,3.0,1.0,2.0,2.0,1.0,2.0,0.0,0.0
674.4285714285714,1.0,1.458372643056581,41.0,263.0,20.0,2.75,0.8571428571428571,3119.0,18.0,59.0,0.7222218209878772,0.0,6.0,1.0,13.0,0.10526315789473684,2.0,4.0,1.0,3.0,3.0,1.0,3.0,2.0,0.0
839.6666666666666,0.0,0.7781488430119736,36.0,938.0,16.0,3.0,0.6470588235294118,12287.0,11.0,79.0,0.7272720661163036,0.0,2.0,1.0,21.0,0.25,4.0,3.0,3.0,6.0,3.0,1.0,3.0,3.0,0.0
96.4090909090909,1.0,0.8076923076923077,19.0,419.0,1.0,3.0,0.5,9947.0,1.0,37.0,0.0,0.0,21.0,1.0,13.0,0.0,1.0,4.0,2.0,3.0,2.0,1.0,2.0,0.0,1.0
594.6,0.0,0.9183948036024604,20.0,129.0,1.0,1.75,0.5,13008.0,1.0,84.0,0.0,0.0,4.0,1.0,19.0,0.0,1.0,1.0,1.0,2.0,3.0,1.0,2.0,0.0,1.0
450.38461538461536,1.0,0.7776841588695973,31.0,616.0,10.0,3.0,0.8181818181818182,17369.0,9.0,41.0,0.7777769135812072,2.0,12.0,2.0,11.0,0.8,0.0,4.0,4.0,2.0,3.0,0.0,3.0,8.0,0.0
361.7,1.0,1.1163674646327129,40.0,1469.0,3.0,3.25,0.25,25063.0,1.0,35.0,0.9999900000999989,1.0,9.0,1.0,14.0,0.0,8.0,4.0,2.0,2.0,3.0,0.0,4.0,0.0,0.0
1681.25,0.0,0.9218468606866169,32.0,498.0,8.0,2.75,0.8888888888888888,13554.0,8.0,93.0,0.8749989062513672,1.0,3.0,2.0,12.0,0.6666666666666666,1.0,3.0,1.0,2.0,3.0,0.0,3.0,6.0,0.0
2581.25,1.0,1.4911299486336644,36.0,530.0,16.0,2.75,0.9411764705882353,5518.0,16.0,51.0,0.4374997265626709,1.0,3.0,3.0,11.0,0.17647058823529413,1.0,3.0,4.0,6.0,2.0,0.0,1.0,3.0,1.0
3474.5,0.0,0.9229935473927979,33.0,1069.0,6.0,2.5,0.7142857142857143,12291.0,5.0,42.0,0.0,0.0,1.0,2.0,14.0,0.16666666666666666,0.0,2.0,4.0,3.0,2.0,1.0,1.0,1.0,0.0
5304.5,0.0,1.532145048431433,37.0,625.0,17.0,2.0,0.7777777777777778,14922.0,14.0,46.0,0.0714285204081997,0.0,1.0,3.0,11.0,0.7333333333333333,5.0,1.0,3.0,2.0,2.0,0.0,3.0,11.0,1.0
889.4,0.0,1.37373080781034,45.0,805.0,9.0,2.25,0.9,23163.0,9.0,57.0,0.7777769135812072,0.0,4.0,2.0,12.0,0.0,1.0,3.0,2.0,5.0,3.0,0.0,2.0,0.0,0.0
102.71428571428571,0.0,0.8214013709063214,29.0,1404.0,3.0,3.0,0.75,18203.0,3.0,84.0,0.3333322222259259,1.0,20.0,1.0,15.0,0.0,1.0,3.0,4.0,5.0,3.0,0.0,2.0,0.0,0.0
242.1578947368421,0.0,0.6644735005969481,35.0,1219.0,5.0,2.75,0.8333333333333334,6179.0,5.0,86.0,0.39999920000160005,0.0,18.0,2.0,16.0,0.16666666666666666,1.0,3.0,3.0,3.0,3.0,0.0,2.0,1.0,0.0
8549.5,0.0,0.9951881022361374,52.0,1053.0,26.0,3.0,0.3333333333333333,13829.0,9.0,70.0,0.8888879012356653,1.0,1.0,4.0,15.0,0.7,2.0,4.0,4.0,2.0,3.0,0.0,2.0,7.0,0.0
826.3333333333334,0.0,0.765129926686341,58.0,289.0,7.0,2.75,0.125,26227.0,1.0,51.0,0.0,0.0,2.0,1.0,24.0,0.0,4.0,4.0,3.0,4.0,3.0,1.0,1.0,0.0,1.0
4950.666666666667,0.0,0.8644092458278912,53.0,1376.0,22.0,3.25,0.7391304347826086,13938.0,17.0,45.0,0.7647054325262161,1.0,2.0,4.0,13.0,0.8333333333333334,6.0,3.0,3.0,3.0,3.0,0.0,3.0,15.0,0.0
807.1111111111111,0.0,1.0490622708837711,30.0,231.0,10.0,2.75,0.7272727272727273,9977.0,8.0,62.0,0.4999993750007813,1.0,8.0,3.0,11.0,0.7777777777777778,5.0,3.0,3.0,2.0,3.0,0.0,1.0,7.0,0.0
515.0909090909091,1.0,0.8182801248385804,38.0,152.0,6.0,3.0,0.7142857142857143,19899.0,5.0,85.0,0.5999988000024,0.0,10.0,2.0,13.0,0.16666666666666666,1.0,3.0,4.0,1.0,3.0,1.0,2.0,1.0,0.0
1955.75,0.0,1.1297926961899425,35.0,882.0,12.0,3.25,0.7692307692307693,6812.0,10.0,92.0,0.8999991000009,1.0,3.0,3.0,13.0,0.0,6.0,4.0,4.0,2.0,3.0,0.0,2.0,0.0,0.0
2626.6666666666665,0.0,1.1380246000225933,39.0,903.0,9.0,2.75,0.8,2560.0,8.0,41.0,0.8749989062513672,0.0,2.0,3.0,18.0,0.0,0.0,1.0,3.0,3.0,4.0,1.0,4.0,0.0,0.0
527.76,1.0,1.905469108210418,40.0,1479.0,22.0,2.5,0.043478260869565216,17071.0,1.0,100.0,0.0,0.0,24.0,4.0,16.0,0.0,4.0,2.0,2.0,2.0,4.0,1.0,4.0,0.0,1.0
298.05882352941177,1.0,0.6945721997173365,47.0,1379.0,20.0,3.25,0.9047619047619048,6759.0,18.0,64.0,0.5263155124655198,0.0,16.0,2.0,19.0,0.1,1.0,3.0,3.0,3.0,4.0,0.0,3.0,2.0,0.0
564.3333333333334,0.0,0.7335059572988263,36.0,1229.0,12.0,3.0,0.5384615384615384,25952.0,7.0,84.0,0.9999985714306123,2.0,8.0,2.0,13.0,0.0,4.0,1.0,4.0,3.0,3.0,0.0,4.0,0.0,0.0
232.1,1.0,0.7163640822262999,31.0,335.0,4.0,2.0,0.6,10322.0,3.0,46.0,0.6666644444518518,0.0,9.0,1.0,22.0,0.25,0.0,3.0,1.0,0.0,2.0,1.0,1.0,1.0,1.0
969.1111111111111,0.0,1.0152676329263222,33.0,722.0,10.0,3.5,0.9090909090909091,20489.0,10.0,38.0,0.7999992000008,0.0,17.0,4.0,11.0,0.5454545454545454,1.0,4.0,3.0,2.0,3.0,1.0,4.0,6.0,0.0
218.54545454545453,1.0,0.741981582797081,29.0,906.0,3.0,2.75,0.0,11479.0,0.0,92.0,0.0,0.0,10.0,1.0,20.0,0.0,6.0,4.0,1.0,5.0,2.0,1.0,3.0,0.0,1.0
246.57142857142858,0.0,1.0654411080763408,33.0,461.0,5.0,2.5,0.5,17241.0,3.0,53.0,0.6666644444518518,0.0,13.0,1.0,18.0,0.0,3.0,2.0,4.0,4.0,3.0,1.0,1.0,0.0,0.0
1135.0,0.0,0.7012298029524335,45.0,974.0,8.0,3.75,0.5555555555555556,11005.0,5.0,91.0,0.5999988000024,2.0,1.0,1.0,14.0,0.0,3.0,4.0,4.0,2.0,3.0,0.0,4.0,0.0,0.0
8699.5,0.0,1.085162050824677,50.0,1126.0,28.5,3.25,0.15151515151515152,6615.0,5.0,66.0,0.7999984000032001,1.0,1.0,4.0,22.0,0.16666666666666666,8.5,4.0,4.0,1.0,3.0,0.0,3.0,1.0,0.0
2744.0,1.0,0.7289377735057814,33.0,827.0,6.0,2.25,0.8571428571428571,20161.0,6.0,84.0,0.8333319444467593,1.0,1.0,2.0,13.0,0.14285714285714285,1.0,3.0,2.0,2.0,4.0,0.0,1.0,1.0,0.0
1941.9,0.0,1.211147874301075,41.0,840.0,21.0,2.5,0.8181818181818182,3735.0,18.0,64.0,0.8888883950620028,1.0,9.0,5.0,17.0,0.0,2.0,1.0,3.0,2.0,3.0,0.0,2.0,0.0,0.0
165.35294117647058,0.0,0.8683510907926392,27.0,1134.0,4.0,2.5,0.4,12086.0,2.0,37.0,0.9999950000249999,1.0,16.0,1.0,14.0,0.6666666666666666,8.5,3.0,2.0,2.0,3.0,0.0,2.0,2.0,0.0
151.375,1.0,1.1222765965313617,45.0,248.0,9.0,2.75,0.9,14039.0,9.0,42.0,0.8888879012356653,1.0,23.0,2.0,15.0,0.0,1.0,4.0,1.0,2.0,3.0,0.0,3.0,0.0,0.0
832.6,1.0,0.6012178185144741,47.0,955.0,9.0,3.5,0.9,8571.0,9.0,83.0,0.0,0.0,4.0,2.0,17.0,0.0,1.0,4.0,4.0,0.0,3.0,1.0,3.0,0.0,0.0
92.69565217391305,1.0,0.6580302556253647,30.0,138.0,7.0,2.25,0.625,11539.0,5.0,48.0,0.39999920000160005,0.0,22.0,1.0,11.0,0.0,4.0,1.0,3.0,2.0,3.0,0.0,2.0,0.0,1.0
558.92,1.0,1.9153853062266317,50.0,939.0,22.0,3.5,0.5217391304347826,4161.0,12.0,95.0,0.9166659027784144,1.0,24.0,4.0,18.0,0.07692307692307693,3.0,4.0,3.0,2.0,3.0,0.0,4.0,1.0,0.0
244.0,0.0,0.8284020666503183,38.0,1391.0,3.0,2.5,0.5,12127.0,2.0,66.0,0.49999750001249993,1.0,10.0,1.0,17.0,0.0,0.0,3.0,3.0,0.0,3.0,0.0,2.0,0.0,0.0
1355.625,0.0,1.4866065731072655,46.0,566.0,13.0,3.0,0.5714285714285714,24208.0,8.0,75.0,0.8749989062513672,1.0,7.0,3.0,13.0,0.0,6.0,4.0,3.0,3.0,3.0,0.0,2.0,0.0,0.0
243.16666666666666,0.0,0.5999886556468881,24.0,1206.0,5.0,3.0,0.6666666666666666,24117.0,4.0,41.0,0.49999875000312505,2.0,17.0,2.0,15.0,0.6,1.0,4.0,3.0,6.0,2.0,0.0,2.0,3.0,0.0
249.53333333333333,1.0,1.1562568953528454,35.0,622.0,5.0,2.5,0.6666666666666666,10074.0,4.0,39.0,0.49999875000312505,1.0,14.0,1.0,24.0,0.0,1.0,3.0,2.0,2.0,2.0,0.0,4.0,0.0,1.0
2074.0,0.0,0.5685978852235074,31.0,853.0,4.0,2.5,0.8,11275.0,4.0,96.0,0.7499981250046875,1.0,1.0,2.0,12.0,0.0,1.0,3.0,1.0,1.0,3.0,0.0,3.0,0.0,0.0
175.16666666666666,0.0,0.32438545903483035,18.0,287.0,0.0,3.25,0.0,13493.0,0.0,73.0,0.0,0.0,5.0,1.0,15.0,0.0,1.0,2.0,4.0,2.0,3.0,1.0,4.0,0.0,0.0
596.6111111111111,0.0,1.4720763474964431,54.0,1441.0,22.0,3.0,0.43478260869565216,13943.0,10.0,56.0,0.6999993000007,1.0,17.0,3.0,11.0,0.0,8.0,3.0,3.0,2.0,3.0,0.0,3.0,0.0,0.0
399.53846153846155,1.0,1.3797750712788006,35.0,583.0,16.0,2.75,0.9411764705882353,6975.0,16.0,57.0,0.6249996093752441,1.0,25.0,3.0,11.0,0.5882352941176471,1.0,3.0,3.0,3.0,3.0,0.0,3.0,10.0,0.0
1268.4444444444443,1.0,0.7120070103002767,30.0,153.0,9.0,2.0,0.8,17802.0,8.0,73.0,0.8749989062513672,3.0,8.0,3.0,12.0,0.1111111111111111,0.0,2.0,1.0,4.0,4.0,0.0,3.0,1.0,0.0
216.66666666666666,1.0,0.8024759214943472,20.0,1097.0,1.0,2.25,0.5,18275.0,1.0,98.0,0.0,0.0,11.0,1.0,15.0,0.0,1.0,4.0,1.0,2.0,2.0,1.0,1.0,0.0,1.0
403.6666666666667,0.0,0.7481843976875745,30.0,109.0,4.0,2.0,0.6,25725.0,3.0,60.0,0.6666644444518518,0.0,5.0,1.0,17.0,0.25,0.0,2.0,2.0,3.0,3.0,1.0,1.0,1.0,1.0
1824.0,0.0,0.7500886277586867,26.0,1066.0,8.0,3.25,0.8888888888888888,3334.0,8.0,32.0,0.8749989062513672,0.0,2.0,2.0,12.0,0.1111111111111111,1.0,4.0,4.0,2.0,4.0,0.0,2.0,1.0,0.0
272.3333333333333,0.0,0.7571428401041475,22.0,217.0,4.0,1.5,0.8,6881.0,4.0,94.0,0.7499981250046875,1.0,8.0,1.0,15.0,0.2,1.0,2.0,1.0,3.0,1.0,0.0,1.0,1.0,0.0
605.7142857142857,0.0,0.5631734984811431,48.0,277.0,19.0,2.75,0.1,13119.0,2.0,97.0,0.9999950000249999,0.0,6.0,2.0,13.0,0.6666666666666666,2.0,1.0,3.0,0.0,2.0,1.0,4.0,2.0,0.0
2199.8,0.0,1.4609304975929465,48.0,1355.0,27.0,2.75,0.5357142857142857,22245.0,15.0,78.0,0.7333328444447704,0.0,4.0,3.0,14.0,0.25,7.0,3.0,3.0,3.0,2.0,1.0,2.0,4.0,0.0
625.375,0.0,0.6857992333108022,41.0,549.0,8.0,3.0,0.2222222222222222,23371.0,2.0,42.0,0.9999950000249999,0.0,7.0,2.0,14.0,0.6666666666666666,6.0,4.0,3.0,6.0,3.0,1.0,2.0,2.0,0.0
6371.0,0.0,1.7466427805009477,39.0,466.0,21.0,3.5,0.9545454545454546,7060.0,18.0,65.0,0.28571414965992875,1.0,1.0,4.0,16.0,0.5,1.0,4.0,4.0,3.0,2.0,0.0,3.0,11.0,0.0
1409.0,0.0,0.5794270156315732,27.0,1055.0,4.0,2.5,0.6,4658.0,3.0,47.0,0.6666644444518518,1.0,2.0,2.0,18.0,0.5,0.0,1.0,4.0,2.0,3.0,0.0,2.0,2.0,0.0
356.09090909090907,0.0,1.2100075498522829,35.0,802.0,3.0,2.25,0.75,9541.0,3.0,45.0,0.6666644444518518,1.0,10.0,1.0,20.0,0.25,1.0,2.0,4.0,4.0,3.0,0.0,1.0,1.0,0.0
3050.5,0.0,1.0652627542679702,42.0,265.0,21.0,3.25,0.045454545454545456,7770.0,1.0,90.0,0.0,0.0,5.0,5.0,13.0,0.0,6.0,4.0,3.0,3.0,3.0,0.0,2.0,0.0,0.0
238.0,0.0,0.7352101017739171,50.0,804.0,8.0,2.5,0.1111111111111111,20165.0,1.0,64.0,0.0,0.0,9.0,1.0,18.0,0.0,4.0,1.0,4.0,5.0,3.0,0.0,2.0,0.0,0.0
4575.333333333333,1.0,1.8815271390014132,59.0,715.0,28.5,2.75,0.16129032258064516,21829.0,5.0,69.0,0.5999988000024,0.0,2.0,4.0,13.0,0.6666666666666666,3.0,3.0,4.0,4.0,2.0,1.0,1.0,4.0,0.0
398.0833333333333,0.0,0.6344999533595331,37.0,1141.0,15.0,1.25,0.0625,14382.0,1.0,61.0,0.0,0.0,11.0,2.0,15.0,0.0,5.0,1.0,2.0,2.0,1.0,0.0,1.0,0.0,1.0
336.05263157894734,1.0,0.8480808461797402,55.0,135.0,17.0,3.0,0.4444444444444444,12992.0,8.0,62.0,0.8749989062513672,2.0,18.0,2.0,14.0,0.6666666666666666,3.0,3.0,2.0,3.0,3.0,0.0,4.0,6.0,0.0
2496.625,0.0,1.2457004219277703,41.0,247.0,21.0,2.5,0.9545454545454546,20284.0,18.0,55.0,0.7619043990931433,2.0,7.0,5.0,22.0,0.22727272727272727,1.0,2.0,3.0,3.0,1.0,0.0,2.0,5.0,0.0
1715.25,1.0,0.9908612665932757,38.0,1035.0,19.0,3.0,0.05,4981.0,1.0,42.0,0.0,0.0,3.0,2.0,12.0,0.0,8.0,2.0,4.0,1.0,3.0,1.0,3.0,0.0,0.0
165.63333333333333,0.0,0.7176198270954652,26.0,265.0,7.0,2.5,0.25,21813.0,2.0,79.0,0.9999950000249999,0.0,29.0,2.0,18.0,0.6666666666666666,8.0,2.0,1.0,6.0,1.0,1.0,4.0,2.0,1.0
6615.0,0.0,1.1550095262223607,52.0,266.0,28.5,3.0,0.9411764705882353,25846.0,18.0,57.0,0.4374998632812927,1.0,2.0,5.0,15.0,0.18181818181818182,1.0,1.0,4.0,3.0,1.0,0.0,4.0,6.0,1.0
459.3103448275862,1.0,1.9236659482615408,44.0,1448.0,23.0,3.5,0.5,11737.0,12.0,53.0,0.9166659027784144,1.0,28.0,4.0,18.0,0.8461538461538461,3.0,4.0,4.0,2.0,4.0,0.0,3.0,11.0,0.0
3173.5,0.0,0.9166297127339339,50.0,145.0,19.0,2.75,0.9,24920.0,18.0,95.0,0.3888886728396262,1.0,1.0,2.0,12.0,0.0,0.0,4.0,3.0,3.0,3.0,0.0,1.0,0.0,0.0
161.35294117647058,0.0,0.8473450878848129,36.0,885.0,18.0,2.5,0.8947368421052632,8269.0,17.0,43.0,0.7647054325262161,0.0,16.0,1.0,16.0,0.8333333333333334,1.0,3.0,1.0,1.0,4.0,1.0,3.0,15.0,1.0
473.04347826086956,1.0,1.491404289110839,39.0,945.0,21.0,2.75,0.9545454545454546,5083.0,18.0,82.0,0.28571414965992875,0.0,22.0,3.0,13.0,0.09090909090909091,1.0,4.0,1.0,2.0,3.0,1.0,3.0,2.0,0.0
260.22222222222223,0.0,0.8918507235338918,33.0,1038.0,3.0,3.0,0.5,21437.0,2.0,88.0,0.9999950000249999,0.0,8.0,1.0,19.0,0.6666666666666666,0.0,2.0,4.0,2.0,2.0,1.0,4.0,2.0,0.0
1470.8333333333333,0.0,1.0272571498022005,45.0,1234.0,26.0,3.5,0.3333333333333333,5404.0,9.0,90.0,0.3333329629633745,1.0,11.0,4.0,13.0,0.1,3.0,4.0,4.0,4.0,3.0,0.0,2.0,1.0,0.0
134.16666666666666,0.0,1.2433700250588304,32.0,1109.0,10.0,3.0,0.7272727272727273,11135.0,8.0,69.0,0.8749989062513672,0.0,29.0,1.0,12.0,0.7777777777777778,8.5,4.0,3.0,2.0,3.0,1.0,2.0,7.0,0.0
4862.5,0.0,1.404478329342604,34.0,216.0,16.0,3.0,0.8823529411764706,12278.0,15.0,75.0,0.06666662222225185,1.0,1.0,2.0,11.0,0.0,0.0,2.0,4.0,2.0,4.0,0.0,4.0,0.0,0.0
5952.0,1.0,0.6928311111187192,59.0,1089.0,14.0,2.5,0.4,11038.0,6.0,66.0,0.6666655555574075,1.0,1.0,3.0,14.0,0.0,3.0,2.0,4.0,1.0,3.0,0.0,3.0,0.0,0.0
87.08,0.0,0.5139585669598065,45.0,788.0,6.0,2.0,0.8571428571428571,8318.0,6.0,36.0,0.4999991666680556,0.0,24.0,1.0,16.0,0.0,1.0,2.0,2.0,3.0,3.0,1.0,1.0,0.0,0.0
2508.3333333333335,0.0,1.0867557252753826,53.0,124.0,28.5,2.25,0.4838709677419355,23537.0,15.0,38.0,0.46666635555576297,1.0,2.0,3.0,12.0,0.375,2.0,3.0,2.0,2.0,2.0,0.0,1.0,6.0,0.0
302.125,0.0,1.4932796773004686,36.0,660.0,9.0,2.0,0.1,7858.0,1.0,81.0,0.0,1.0,15.0,2.0,14.0,0.0,7.0,1.0,3.0,3.0,3.0,0.0,2.0,0.0,1.0
680.6666666666666,1.0,0.6302522429582527,26.0,342.0,6.0,1.75,0.42857142857142855,15346.0,3.0,57.0,0.6666644444518518,1.0,2.0,1.0,14.0,0.25,6.0,1.0,1.0,2.0,3.0,0.0,2.0,1.0,1.0
201.8181818181818,1.0,0.8453922315308454,34.0,1333.0,1.0,3.25,0.5,18410.0,1.0,87.0,0.9999900000999989,1.0,10.0,1.0,19.0,0.0,1.0,3.0,3.0,2.0,3.0,0.0,4.0,0.0,0.0
95.63636363636364,0.0,0.4006092916984006,28.0,1144.0,1.0,2.75,0.5,23384.0,1.0,74.0,0.0,0.0,10.0,1.0,22.0,0.0,1.0,4.0,2.0,5.0,3.0,0.0,2.0,0.0,0.0
705.25,0.0,0.8706863748213667,38.0,1186.0,8.0,2.5,0.2222222222222222,2997.0,2.0,44.0,0.9999950000249999,1.0,3.0,1.0,16.0,0.6666666666666666,3.0,3.0,3.0,2.0,3.0,0.0,1.0,2.0,0.0
6412.333333333333,1.0,1.1997966763442907,50.0,1464.0,28.5,2.75,0.26666666666666666,12853.0,8.0,62.0,0.12499984375019532,1.0,2.0,5.0,11.0,0.7777777777777778,2.0,2.0,3.0,2.0,3.0,0.0,4.0,7.0,0.0
1026.75,0.0,0.5455079146844468,37.0,124.0,8.0,2.25,0.4444444444444444,13848.0,4.0,35.0,0.7499981250046875,0.0,3.0,2.0,15.0,0.0,3.0,4.0,2.0,3.0,3.0,1.0,1.0,0.0,0.0
310.962962962963,0.0,1.212544992612905,40.0,300.0,8.0,2.0,0.7777777777777778,22217.0,7.0,74.0,0.9999985714306123,1.0,26.0,2.0,14.0,0.875,1.0,3.0,1.0,3.0,3.0,0.0,2.0,7.0,0.0
1003.5,0.0,0.619449682476598,26.0,921.0,5.0,2.5,0.8333333333333334,25265.0,5.0,66.0,0.5999988000024,2.0,1.0,1.0,13.0,0.16666666666666666,1.0,1.0,3.0,5.0,2.0,0.0,3.0,1.0,0.0
9813.5,0.0,1.2241206719659714,46.0,430.0,23.0,3.75,0.08333333333333333,21445.0,2.0,40.0,0.9999950000249999,2.0,1.0,5.0,17.0,0.6666666666666666,8.5,4.0,4.0,0.0,3.0,0.0,4.0,2.0,0.0
3562.0,0.0,1.5432653395737856,54.0,1082.0,13.0,2.75,0.6428571428571429,8392.0,9.0,41.0,0.44444395061783265,1.0,2.0,3.0,11.0,0.7,6.0,3.0,3.0,4.0,2.0,0.0,2.0,7.0,0.0
294.2,0.0,0.9080323696293728,56.0,1240.0,18.0,2.25,0.2631578947368421,12154.0,5.0,63.0,0.7999984000032001,1.0,9.0,1.0,19.0,0.0,2.0,1.0,3.0,4.0,3.0,0.0,2.0,0.0,0.0
681.3846153846154,0.0,1.2142333817043944,36.0,796.0,15.0,3.0,0.875,15669.0,14.0,51.0,0.5714281632655976,0.0,12.0,3.0,11.0,0.4666666666666667,0.0,4.0,4.0,2.0,2.0,1.0,2.0,7.0,0.0
5585.333333333333,0.0,0.9752249746224175,55.0,444.0,28.5,2.5,0.28125,17323.0,9.0,40.0,0.7777769135812072,0.0,2.0,4.0,15.0,0.6,7.0,3.0,1.0,3.0,2.0,1.0,2.0,6.0,0.0
415.3076923076923,0.0,1.559440308508117,43.0,415.0,18.0,3.25,0.05263157894736842,5268.0,1.0,79.0,0.0,1.0,25.0,3.0,13.0,0.0,5.0,3.0,4.0,5.0,2.0,0.0,3.0,0.0,0.0
232.3,1.0,0.8846153846153846,20.0,769.0,2.0,3.25,0.6666666666666666,17205.0,2.0,54.0,0.9999950000249999,0.0,9.0,1.0,14.0,0.0,1.0,4.0,4.0,3.0,3.0,1.0,2.0,0.0,1.0
128.72727272727272,0.0,0.4374191193747339,21.0,1334.0,1.0,1.75,0.5,17258.0,1.0,36.0,0.0,0.0,10.0,1.0,13.0,0.5,1.0,3.0,1.0,6.0,2.0,1.0,1.0,1.0,1.0
512.7777777777778,1.0,1.4243947606524663,46.0,1003.0,19.0,2.25,0.8,21029.0,16.0,74.0,0.8124994921878174,3.0,8.0,2.0,23.0,0.058823529411764705,8.0,4.0,1.0,2.0,2.0,0.0,1.0,1.0,0.0
492.2,1.0,0.7595743241529186,51.0,1323.0,18.0,2.75,0.5263157894736842,10332.0,10.0,34.0,0.0,3.0,4.0,1.0,12.0,0.18181818181818182,8.5,1.0,3.0,2.0,3.0,0.0,3.0,2.0,1.0
348.88,0.0,1.158490390035974,28.0,1366.0,10.0,1.5,0.9090909090909091,12355.0,10.0,72.0,0.6999993000007,0.0,24.0,3.0,12.0,0.09090909090909091,1.0,2.0,1.0,2.0,2.0,1.0,1.0,1.0,1.0
1977.5,0.0,1.2217461985360683,26.0,192.0,6.0,1.5,0.7142857142857143,11141.0,5.0,59.0,0.5999988000024,2.0,1.0,1.0,16.0,0.16666666666666666,1.0,1.0,1.0,2.0,2.0,0.0,1.0,1.0,0.0
474.14285714285717,0.0,1.3648816642166015,30.0,1176.0,7.0,2.25,0.75,9096.0,6.0,85.0,0.33333277777870374,1.0,20.0,2.0,15.0,0.0,0.0,3.0,1.0,1.0,3.0,0.0,3.0,0.0,0.0
422.0,0.0,1.0419841196018909,41.0,509.0,10.0,2.75,0.9090909090909091,18863.0,10.0,43.0,0.5999994000006,0.0,7.0,1.0,13.0,0.0,1.0,2.0,3.0,3.0,4.0,0.0,3.0,0.0,0.0
490.1666666666667,0.0,1.1719056078063974,38.0,330.0,20.0,2.25,0.9047619047619048,24608.0,18.0,65.0,0.4736839612189678,1.0,17.0,3.0,18.0,0.05,0.0,3.0,3.0,4.0,2.0,0.0,1.0,1.0,0.0
491.5238095238095,0.0,1.371008691349613,40.0,1492.0,14.0,3.0,0.7333333333333333,26542.0,11.0,61.0,0.9090900826453795,1.0,20.0,3.0,20.0,0.9166666666666666,4.0,1.0,4.0,6.0,3.0,0.0,4.0,11.0,0.0
513.4444444444445,0.0,1.4274814623097778,27.0,1277.0,3.0,2.75,0.75,5869.0,3.0,87.0,0.6666644444518518,3.0,8.0,1.0,19.0,0.25,1.0,1.0,3.0,4.0,1.0,0.0,4.0,1.0,0.0
3658.6666666666665,0.0,1.5045637387206405,55.0,1091.0,23.0,2.75,0.125,15813.0,3.0,65.0,0.6666644444518518,1.0,2.0,3.0,18.0,0.25,3.0,4.0,2.0,4.0,3.0,0.0,2.0,1.0,0.0
332.72727272727275,0.0,1.1296391817958886,28.0,857.0,10.0,3.5,0.7272727272727273,7909.0,8.0,59.0,0.8749989062513672,0.0,10.0,2.0,13.0,0.1111111111111111,3.0,3.0,3.0,4.0,3.0,1.0,4.0,1.0,0.0
5241.0,0.0,2.474650298058195,44.0,1376.0,24.0,2.5,0.8,2326.0,18.0,91.0,0.299999850000075,1.0,1.0,3.0,14.0,0.14285714285714285,8.5,2.0,1.0,1.0,2.0,0.0,4.0,3.0,1.0
1186.5,0.0,0.9455736169073721,33.0,654.0,9.0,3.5,0.3,21214.0,3.0,34.0,0.6666644444518518,1.0,5.0,3.0,15.0,0.25,4.0,4.0,4.0,2.0,2.0,0.0,3.0,1.0,0.0
1916.4,1.0,1.3838263600782346,35.0,1204.0,9.0,2.25,0.8,10333.0,8.0,86.0,0.8749989062513672,0.0,4.0,3.0,22.0,0.4444444444444444,0.0,4.0,1.0,2.0,3.0,1.0,1.0,4.0,1.0
150.26666666666668,0.0,1.391369790037122,33.0,827.0,14.0,2.25,0.8666666666666667,3129.0,13.0,54.0,0.5384611242606736,0.0,29.0,2.0,22.0,0.21428571428571427,1.0,1.0,3.0,4.0,2.0,1.0,2.0,3.0,1.0
137.9375,0.0,0.6817683590819476,28.0,895.0,4.0,2.5,0.8,22482.0,4.0,50.0,0.49999875000312505,1.0,15.0,1.0,16.0,0.4,1.0,1.0,3.0,5.0,3.0,0.0,4.0,2.0,0.0
1939.0,0.0,1.0301824656178646,34.0,618.0,7.0,2.5,0.75,22266.0,6.0,45.0,0.33333277777870374,0.0,3.0,2.0,17.0,0.0,0.0,1.0,4.0,1.0,3.0,1.0,3.0,0.0,0.0
608.5454545454545,1.0,0.9667432325572638,37.0,309.0,8.0,3.5,0.1111111111111111,24223.0,1.0,88.0,0.0,3.0,10.0,2.0,14.0,0.0,2.0,4.0,4.0,5.0,2.0,0.0,3.0,0.0,0.0
738.2,1.0,1.1401934813645076,25.0,1219.0,7.0,3.5,0.875,4605.0,7.0,32.0,0.9999985714306123,1.0,4.0,1.0,15.0,0.625,1.0,4.0,4.0,3.0,3.0,0.0,2.0,5.0,1.0
108.04545454545455,0.0,0.734283366351513,26.0,1330.0,1.0,2.25,0.5,19373.0,1.0,37.0,0.9999900000999989,1.0,21.0,1.0,20.0,0.0,1.0,1.0,3.0,0.0,3.0,0.0,3.0,0.0,1.0
88.96153846153847,1.0,0.7138949255447788,33.0,1017.0,5.0,2.0,0.3333333333333333,2993.0,2.0,55.0,0.9999950000249999,0.0,25.0,1.0,20.0,0.6666666666666666,4.0,1.0,2.0,0.0,2.0,1.0,2.0,2.0,1.0
5888.333333333333,0.0,1.0281301728756866,42.0,469.0,23.0,3.0,0.9166666666666666,14399.0,18.0,35.0,0.27272714876038695,1.0,2.0,4.0,17.0,0.5652173913043478,0.0,4.0,1.0,3.0,3.0,0.0,4.0,13.0,0.0
1298.0,0.0,0.8019350521870121,28.0,1009.0,1.0,1.75,0.5,7160.0,1.0,45.0,0.0,2.0,1.0,1.0,15.0,0.0,1.0,1.0,2.0,2.0,2.0,0.0,1.0,0.0,1.0
2364.0,1.0,0.6828147600135559,50.0,959.0,5.0,3.5,0.0,17251.0,0.0,81.0,0.0,0.0,1.0,2.0,14.0,0.0,3.0,4.0,3.0,4.0,3.0,1.0,4.0,0.0,1.0
537.75,0.0,0.621292110316903,33.0,970.0,4.0,3.0,0.6,13401.0,3.0,30.0,0.6666644444518518,1.0,7.0,2.0,17.0,0.0,0.0,4.0,2.0,3.0,3.0,0.0,3.0,0.0,0.0
744.75,0.0,0.9194522192814077,34.0,697.0,6.0,3.5,0.0,22478.0,0.0,40.0,0.0,3.0,3.0,1.0,17.0,0.0,3.0,3.0,4.0,2.0,2.0,0.0,4.0,0.0,0.0
8442.5,0.0,0.9827329730543997,48.0,1262.0,27.0,2.5,0.17857142857142858,16154.0,5.0,35.0,0.7999984000032001,0.0,1.0,4.0,22.0,0.3333333333333333,2.0,1.0,4.0,3.0,4.0,1.0,3.0,2.0,0.0
559.3,0.0,0.807737511158168,45.0,1050.0,15.0,3.0,0.9375,17970.0,15.0,65.0,0.6666662222225186,1.0,9.0,2.0,13.0,0.25,1.0,2.0,3.0,2.0,2.0,0.0,4.0,4.0,0.0
1305.625,0.0,1.387346035763099,52.0,994.0,18.0,2.75,0.42105263157894735,15322.0,8.0,87.0,0.7499990625011719,0.0,7.0,3.0,19.0,0.4444444444444444,7.0,2.0,2.0,4.0,3.0,1.0,4.0,4.0,0.0
794.5454545454545,1.0,1.2622252543397798,38.0,770.0,9.0,2.75,0.8,5569.0,8.0,73.0,0.8749989062513672,2.0,10.0,3.0,14.0,0.2222222222222222,0.0,3.0,3.0,2.0,2.0,0.0,2.0,2.0,0.0
86.6896551724138,0.0,0.7759324871679957,29.0,1107.0,11.0,2.75,0.5833333333333334,26968.0,7.0,93.0,0.7142846938790088,1.0,28.0,1.0,22.0,0.125,4.0,3.0,4.0,1.0,3.0,0.0,1.0,1.0,0.0
1913.75,0.0,1.0493290287815693,28.0,950.0,10.0,2.5,0.8181818181818182,8039.0,9.0,93.0,0.7777769135812072,3.0,3.0,3.0,17.0,0.1,0.0,4.0,2.0,3.0,3.0,0.0,2.0,1.0,0.0
4366.25,0.0,1.016489865229203,46.0,406.0,23.0,2.75,0.5,15596.0,12.0,52.0,0.7499993750005208,1.0,3.0,4.0,12.0,0.3076923076923077,3.0,1.0,3.0,3.0,3.0,0.0,4.0,4.0,0.0
2450.3333333333335,0.0,1.0616267556809749,38.0,130.0,10.0,3.0,0.09090909090909091,20619.0,1.0,32.0,0.0,0.0,2.0,3.0,16.0,0.0,7.0,4.0,2.0,2.0,3.0,1.0,3.0,0.0,0.0
386.42857142857144,0.0,1.4831796331047131,43.0,1082.0,18.0,2.5,0.42105263157894735,11535.0,8.0,83.0,0.8749989062513672,1.0,27.0,3.0,11.0,0.0,8.0,3.0,1.0,1.0,3.0,0.0,3.0,0.0,0.0
4056.3333333333335,0.0,1.6163345054285447,39.0,203.0,21.0,3.0,0.8181818181818182,13547.0,18.0,84.0,0.3888886728396262,3.0,2.0,4.0,11.0,0.5789473684210527,7.0,1.0,4.0,4.0,3.0,0.0,4.0,11.0,1.0
1308.4,0.0,1.2240583027464287,40.0,1308.0,21.0,2.75,0.9090909090909091,17544.0,18.0,44.0,0.3499998250000875,0.0,14.0,5.0,14.0,0.19047619047619047,1.0,3.0,3.0,2.0,2.0,1.0,1.0,4.0,0.0
1035.0,1.0,0.6388942913435764,21.0,984.0,2.0,3.25,0.6666666666666666,25326.0,2.0,70.0,0.9999950000249999,0.0,1.0,1.0,11.0,0.6666666666666666,1.0,4.0,2.0,6.0,2.0,1.0,3.0,2.0,0.0
678.2,0.0,2.095039878248196,39.0,439.0,9.0,2.5,0.5,8770.0,5.0,70.0,0.7999984000032001,0.0,9.0,2.0,15.0,0.0,8.5,3.0,2.0,2.0,3.0,1.0,3.0,0.0,0.0
409.42105263157896,0.0,1.0663266511942295,36.0,217.0,18.0,2.25,0.5789473684210527,23238.0,11.0,78.0,0.8181810743808415,0.0,18.0,2.0,20.0,0.0,2.0,1.0,4.0,0.0,3.0,1.0,1.0,0.0,0.0
132.9047619047619,0.0,1.0628332063975627,31.0,793.0,3.0,2.75,0.5,21981.0,2.0,67.0,0.9999950000249999,1.0,20.0,1.0,12.0,0.6666666666666666,0.0,3.0,4.0,4.0,4.0,0.0,1.0,2.0,0.0
1067.0,0.0,0.9879713171936174,28.0,1451.0,6.0,1.25,0.7142857142857143,19911.0,5.0,67.0,0.5999988000024,0.0,2.0,1.0,17.0,0.0,0.0,1.0,2.0,2.0,2.0,0.0,1.0,0.0,0.0
414.0,0.0,0.7174754077299801,35.0,1182.0,5.0,3.75,0.8333333333333334,18500.0,5.0,54.0,0.39999920000160005,1.0,11.0,2.0,11.0,0.0,1.0,4.0,4.0,3.0,3.0,0.0,4.0,0.0,0.0
1457.7777777777778,0.0,1.8947820751645206,49.0,174.0,22.0,2.75,0.391304347826087,11879.0,9.0,56.0,0.8888879012356653,1.0,8.0,4.0,17.0,0.2,6.0,4.0,2.0,3.0,2.0,0.0,2.0,2.0,0.0
1344.3333333333333,0.0,0.552833961211766,34.0,1003.0,5.0,3.25,0.5,15834.0,3.0,95.0,0.6666644444518518,0.0,2.0,2.0,11.0,0.0,2.0,4.0,3.0,3.0,3.0,1.0,4.0,0.0,0.0
299.1818181818182,0.0,1.0157493298607294,29.0,490.0,8.0,3.0,0.7777777777777778,17940.0,7.0,61.0,0.7142846938790088,2.0,10.0,1.0,14.0,0.125,0.0,4.0,2.0,2.0,3.0,0.0,4.0,1.0,0.0
142.4,0.0,1.3196712415034344,42.0,188.0,16.0,2.5,0.058823529411764705,9558.0,1.0,56.0,0.0,0.0,29.0,2.0,19.0,0.0,4.0,2.0,4.0,3.0,1.0,1.0,1.0,0.0,0.0
561.7777777777778,1.0,0.6930643461162135,29.0,718.0,10.0,2.75,0.9090909090909091,17689.0,10.0,79.0,0.6999993000007,1.0,8.0,2.0,15.0,0.09090909090909091,1.0,2.0,4.0,2.0,2.0,0.0,3.0,1.0,0.0
1422.0,0.0,0.6714277282653603,38.0,433.0,7.0,3.5,0.875,6004.0,7.0,37.0,0.8571416326548106,1.0,1.0,1.0,13.0,0.625,1.0,3.0,3.0,2.0,4.0,0.0,4.0,5.0,0.0
386.14285714285717,1.0,0.8342663137689309,28.0,773.0,3.0,3.25,0.75,22088.0,3.0,39.0,0.3333322222259259,1.0,6.0,1.0,14.0,0.0,1.0,3.0,3.0,2.0,2.0,0.0,4.0,0.0,0.0
211.55555555555554,0.0,0.5881680814191337,18.0,247.0,0.0,3.25,0.0,13556.0,0.0,80.0,0.0,0.0,8.0,1.0,12.0,0.0,1.0,3.0,3.0,0.0,3.0,1.0,4.0,0.0,1.0
822.4,1.0,1.1877048617494679,33.0,603.0,6.0,1.5,0.7142857142857143,18385.0,5.0,77.0,0.39999920000160005,0.0,9.0,2.0,17.0,0.0,0.0,1.0,1.0,3.0,3.0,1.0,1.0,0.0,1.0
366.61538461538464,1.0,1.4722736743926426,41.0,167.0,6.0,2.5,0.14285714285714285,9051.0,1.0,46.0,0.0,1.0,12.0,1.0,11.0,0.0,3.0,2.0,4.0,4.0,3.0,0.0,1.0,0.0,0.0
163.125,0.0,0.8062598174915646,31.0,874.0,2.0,2.75,0.6666666666666666,6233.0,2.0,72.0,0.9999950000249999,1.0,15.0,1.0,12.0,0.6666666666666666,1.0,3.0,3.0,5.0,3.0,0.0,3.0,2.0,1.0
220.42307692307693,0.0,0.7612139905177903,37.0,367.0,9.0,3.25,0.6,17171.0,6.0,52.0,0.33333277777870374,2.0,25.0,2.0,13.0,0.14285714285714285,7.0,3.0,4.0,2.0,2.0,0.0,3.0,1.0,0.0
362.7142857142857,0.0,0.783648601797749,27.0,199.0,4.0,3.25,0.8,7950.0,4.0,55.0,0.49999875000312505,1.0,6.0,1.0,13.0,0.4,1.0,4.0,3.0,0.0,2.0,0.0,3.0,2.0,0.0
571.4,0.0,0.8252122543818652,34.0,1400.0,6.0,2.0,0.8571428571428571,5829.0,6.0,70.0,0.8333319444467593,0.0,9.0,2.0,20.0,0.14285714285714285,1.0,2.0,3.0,3.0,3.0,0.0,1.0,1.0,0.0
480.3333333333333,0.0,1.0205984772472407,35.0,528.0,6.0,2.25,0.7142857142857143,7108.0,5.0,100.0,0.7999984000032001,0.0,8.0,1.0,17.0,0.16666666666666666,1.0,3.0,3.0,2.0,3.0,1.0,2.0,1.0,0.0
305.6666666666667,0.0,1.0594604651986985,29.0,408.0,11.0,1.75,0.9166666666666666,11162.0,11.0,45.0,0.7272720661163036,1.0,23.0,3.0,13.0,0.25,1.0,4.0,1.0,3.0,2.0,0.0,1.0,3.0,1.0
1349.9,0.0,0.8419220946078692,40.0,593.0,20.0,2.5,0.8571428571428571,13782.0,18.0,88.0,0.3888886728396262,0.0,9.0,3.0,17.0,0.10526315789473684,8.5,2.0,3.0,3.0,3.0,1.0,3.0,2.0,0.0
1058.3076923076924,1.0,1.986921630344015,42.0,481.0,22.0,2.0,0.9130434782608695,2447.0,18.0,44.0,0.4285712244898931,0.0,12.0,4.0,12.0,0.5909090909090909,0.0,3.0,1.0,2.0,3.0,1.0,2.0,13.0,1.0
1031.0,0.0,0.7444818290756939,42.0,647.0,9.0,2.75,0.6,2253.0,6.0,45.0,0.6666655555574075,0.0,4.0,2.0,13.0,0.14285714285714285,7.0,2.0,1.0,3.0,3.0,1.0,4.0,1.0,0.0
1129.0,0.0,0.6975228612628172,35.0,982.0,10.0,3.0,0.7272727272727273,16340.0,8.0,58.0,0.0,1.0,1.0,1.0,12.0,0.1111111111111111,6.0,4.0,3.0,2.0,2.0,0.0,2.0,1.0,0.0
143.88,0.0,1.1111557714625127,24.0,477.0,6.0,3.25,0.5714285714285714,6409.0,4.0,49.0,0.7499981250046875,0.0,24.0,1.0,22.0,0.2,8.0,4.0,2.0,2.0,3.0,1.0,4.0,1.0,0.0
193.46153846153845,1.0,0.7769131957821015,28.0,1485.0,1.0,3.25,0.5,22955.0,1.0,79.0,0.9999900000999989,0.0,12.0,1.0,11.0,0.0,1.0,3.0,4.0,4.0,3.0,0.0,4.0,0.0,1.0
1105.0,0.0,1.3653901890087032,26.0,1384.0,8.0,2.5,0.8888888888888888,13421.0,8.0,82.0,0.8749989062513672,1.0,3.0,1.0,22.0,0.0,1.0,1.0,4.0,2.0,4.0,0.0,2.0,0.0,0.0
598.0,0.0,0.9499905861609922,30.0,852.0,10.0,2.5,0.9090909090909091,2706.0,10.0,72.0,0.2999997000003,1.0,10.0,2.0,18.0,0.09090909090909091,1.0,3.0,3.0,3.0,2.0,0.0,1.0,1.0,0.0
163.77777777777777,1.0,1.3648263557107705,40.0,902.0,16.0,3.0,0.058823529411764705,21203.0,1.0,92.0,0.9999900000999989,1.0,26.0,2.0,13.0,0.0,3.0,3.0,4.0,3.0,2.0,0.0,4.0,0.0,0.0
3424.6666666666665,0.0,1.408335263448967,35.0,819.0,15.0,2.75,0.4375,19588.0,7.0,44.0,0.9999985714306123,1.0,2.0,3.0,18.0,0.75,2.0,3.0,2.0,2.0,2.0,0.0,2.0,6.0,0.0
2671.5,0.0,0.7096783024492329,34.0,669.0,14.0,2.75,0.8666666666666667,25755.0,13.0,97.0,0.6923071597637233,0.0,1.0,2.0,20.0,0.2857142857142857,0.0,4.0,1.0,3.0,2.0,1.0,3.0,4.0,0.0
475.2,0.0,0.733974454544045,35.0,636.0,2.0,3.5,0.6666666666666666,26537.0,2.0,47.0,0.9999950000249999,1.0,4.0,1.0,13.0,0.6666666666666666,1.0,4.0,4.0,2.0,2.0,0.0,2.0,2.0,0.0
534.6,0.0,0.7720659278833482,43.0,1372.0,7.0,2.0,0.5,9489.0,4.0,85.0,0.7499981250046875,0.0,9.0,2.0,13.0,0.2,8.0,1.0,3.0,2.0,1.0,1.0,2.0,1.0,1.0
942.3333333333334,0.0,1.0765422696115765,32.0,862.0,1.0,2.5,0.5,14947.0,1.0,76.0,0.0,3.0,2.0,1.0,12.0,0.0,1.0,3.0,1.0,3.0,3.0,0.0,3.0,0.0,0.0
3988.6,0.0,1.160713276969138,56.0,718.0,28.0,3.0,0.1724137931034483,18575.0,5.0,92.0,0.39999920000160005,1.0,4.0,5.0,13.0,0.6666666666666666,4.0,4.0,1.0,2.0,3.0,0.0,4.0,4.0,0.0
447.2857142857143,0.0,0.9672028691824095,29.0,1401.0,10.0,2.5,0.9090909090909091,26342.0,10.0,54.0,0.7999992000008,1.0,6.0,1.0,13.0,0.0,1.0,2.0,4.0,5.0,3.0,0.0,1.0,0.0,0.0
255.2,0.0,0.7876609814052208,19.0,645.0,1.0,2.5,0.5,7172.0,1.0,54.0,0.9999900000999989,0.0,9.0,1.0,25.0,0.0,1.0,3.0,1.0,4.0,3.0,1.0,3.0,0.0,0.0
559.625,1.0,1.3818018078962278,45.0,1457.0,7.0,2.25,0.375,20100.0,3.0,83.0,0.6666644444518518,1.0,7.0,1.0,19.0,0.0,4.0,1.0,3.0,2.0,3.0,0.0,3.0,0.0,0.0
3237.0,0.0,0.88744038306099,37.0,977.0,14.0,3.0,0.9333333333333333,9961.0,14.0,56.0,0.5714281632655976,1.0,1.0,2.0,13.0,0.2,1.0,4.0,4.0,2.0,2.0,0.0,2.0,3.0,0.0
758.25,0.0,0.9369295120505423,20.0,805.0,2.0,1.75,0.6666666666666666,12828.0,2.0,87.0,0.9999950000249999,0.0,3.0,1.0,12.0,0.3333333333333333,1.0,1.0,3.0,2.0,2.0,1.0,1.0,1.0,0.0
266.90909090909093,1.0,0.906180502118232,44.0,1097.0,6.0,3.0,0.8571428571428571,10826.0,6.0,96.0,0.6666655555574075,0.0,10.0,1.0,11.0,0.0,1.0,3.0,3.0,4.0,3.0,1.0,3.0,0.0,1.0
2325.75,0.0,1.0828978203523933,53.0,1223.0,26.0,3.0,0.25925925925925924,18640.0,7.0,50.0,0.9999985714306123,1.0,7.0,5.0,18.0,0.5,3.0,4.0,3.0,6.0,3.0,0.0,2.0,4.0,0.0
135.5,1.0,0.6691414606922095,29.0,942.0,6.0,2.25,0.7142857142857143,26933.0,5.0,69.0,0.7999984000032001,1.0,15.0,1.0,18.0,0.16666666666666666,0.0,2.0,4.0,2.0,1.0,0.0,1.0,1.0,0.0
713.25,1.0,0.8805630015474509,22.0,1256.0,1.0,3.0,0.0,4223.0,0.0,48.0,0.0,1.0,3.0,1.0,11.0,0.0,0.0,3.0,4.0,5.0,2.0,0.0,2.0,0.0,1.0
5682.666666666667,0.0,0.992219823786284,46.0,1402.0,28.0,2.0,0.896551724137931,24097.0,18.0,69.0,0.5769228550296711,0.0,2.0,4.0,23.0,0.5555555555555556,8.0,3.0,1.0,2.0,3.0,0.0,1.0,15.0,0.0
127.22222222222223,0.0,0.7067961000854057,44.0,111.0,6.0,3.5,0.0,4279.0,0.0,74.0,0.0,0.0,17.0,1.0,13.0,0.0,2.0,4.0,3.0,3.0,1.0,1.0,4.0,0.0,0.0
1200.0,0.0,0.8499085167915954,33.0,147.0,5.0,3.0,0.8333333333333334,8429.0,5.0,99.0,0.7999984000032001,1.0,2.0,1.0,13.0,0.16666666666666666,1.0,2.0,3.0,2.0,3.0,0.0,4.0,1.0,0.0
351.1666666666667,0.0,0.6503141409956114,41.0,906.0,5.0,1.0,0.16666666666666666,20293.0,1.0,95.0,0.0,1.0,5.0,1.0,17.0,0.0,6.0,1.0,1.0,2.0,2.0,0.0,1.0,0.0,1.0
137.16666666666666,0.0,0.5942856889711893,30.0,1329.0,8.0,2.5,0.4444444444444444,13192.0,4.0,61.0,0.7499981250046875,3.0,29.0,2.0,19.0,0.0,8.0,3.0,1.0,3.0,3.0,0.0,3.0,0.0,0.0
1442.3333333333333,0.0,0.6249025944540305,40.0,1184.0,5.0,2.75,0.0,25440.0,0.0,62.0,0.0,3.0,2.0,2.0,12.0,0.0,5.0,2.0,2.0,2.0,3.0,0.0,4.0,0.0,0.0
5952.0,0.0,1.0392466666780789,50.0,1421.0,28.5,2.75,0.06060606060606061,9490.0,2.0,30.0,0.9999950000249999,1.0,2.0,4.0,22.0,0.6666666666666666,2.0,4.0,1.0,3.0,3.0,0.0,3.0,2.0,0.0
159.8,0.0,0.9872821366678316,28.0,1179.0,6.0,2.75,0.8571428571428571,12449.0,6.0,78.0,0.8333319444467593,3.0,19.0,1.0,12.0,0.42857142857142855,1.0,4.0,1.0,2.0,2.0,0.0,3.0,3.0,0.0
1192.5625,0.0,1.1900670780956184,46.0,1450.0,25.0,2.5,0.15384615384615385,10849.0,4.0,52.0,0.49999875000312505,1.0,15.0,5.0,11.0,0.0,5.0,4.0,2.0,2.0,3.0,0.0,1.0,0.0,0.0
498.1111111111111,1.0,1.2948640309394126,35.0,1361.0,15.0,2.75,0.4375,21026.0,7.0,94.0,0.9999985714306123,3.0,17.0,2.0,15.0,0.125,3.0,3.0,1.0,2.0,3.0,0.0,4.0,1.0,0.0
122.77777777777777,0.0,0.6826950945043516,24.0,984.0,1.0,2.0,0.5,3372.0,1.0,97.0,0.0,1.0,17.0,1.0,13.0,0.0,1.0,4.0,2.0,3.0,3.0,0.0,1.0,0.0,1.0
174.57692307692307,0.0,0.6555194999368719,33.0,1146.0,10.0,2.0,0.9090909090909091,4905.0,10.0,82.0,0.6999993000007,1.0,25.0,2.0,12.0,0.0,1.0,2.0,3.0,3.0,3.0,0.0,1.0,0.0,0.0
391.57142857142856,0.0,0.8467272642698769,36.0,917.0,7.0,3.0,0.875,6865.0,7.0,60.0,0.9999985714306123,1.0,6.0,1.0,14.0,0.125,1.0,3.0,3.0,4.0,1.0,0.0,3.0,1.0,0.0
436.375,0.0,1.0784111198709012,30.0,853.0,10.0,2.25,0.9090909090909091,11309.0,10.0,49.0,0.6999993000007,3.0,7.0,2.0,13.0,0.7272727272727273,1.0,3.0,3.0,4.0,3.0,0.0,1.0,8.0,0.0
151.36666666666667,0.0,1.4015550613483962,44.0,200.0,20.0,3.25,0.9523809523809523,7744.0,18.0,32.0,0.5499997250001375,0.0,29.0,2.0,25.0,0.6190476190476191,1.0,4.0,4.0,3.0,3.0,1.0,2.0,13.0,0.0
121.72727272727273,0.0,1.0198019801980198,20.0,654.0,2.0,3.5,0.6666666666666666,5050.0,2.0,43.0,0.49999750001249993,0.0,21.0,1.0,17.0,0.6666666666666666,1.0,3.0,4.0,2.0,4.0,1.0,4.0,2.0,0.0
2459.6666666666665,0.0,1.01149561115339,46.0,150.0,12.0,3.25,0.46153846153846156,17433.0,6.0,60.0,0.4999991666680556,1.0,2.0,2.0,11.0,0.14285714285714285,2.0,4.0,4.0,3.0,3.0,0.0,3.0,1.0,0.0
2090.6666666666665,0.0,1.480729504810246,42.0,179.0,10.0,2.5,0.36363636363636365,12858.0,4.0,79.0,0.7499981250046875,1.0,2.0,2.0,16.0,0.0,7.0,4.0,1.0,3.0,4.0,0.0,1.0,0.0,0.0
652.5,1.0,0.7538690878322255,60.0,696.0,12.0,2.75,0.8461538461538461,10893.0,11.0,52.0,0.6363630578517656,1.0,7.0,2.0,18.0,0.08333333333333333,0.0,2.0,4.0,3.0,4.0,0.0,2.0,1.0,0.0
195.92857142857142,0.0,0.8473450878848129,32.0,116.0,2.0,2.75,0.6666666666666666,7331.0,2.0,77.0,0.9999950000249999,1.0,13.0,1.0,20.0,0.6666666666666666,1.0,3.0,2.0,2.0,2.0,0.0,3.0,2.0,0.0
1666.0,1.0,1.5426056367802874,32.0,1316.0,10.0,3.5,0.7272727272727273,2338.0,8.0,38.0,0.8749989062513672,0.0,2.0,2.0,14.0,0.0,4.0,4.0,3.0,2.0,3.0,1.0,4.0,0.0,0.0
5126.0,1.0,1.4053195562467207,36.0,363.0,17.0,2.5,0.3888888888888889,4235.0,7.0,77.0,0.9999985714306123,1.0,1.0,3.0,21.0,0.875,2.0,3.0,1.0,2.0,1.0,0.0,3.0,7.0,0.0
278.1,0.0,0.8583405914137613,33.0,117.0,15.0,2.5,0.875,6311.0,14.0,60.0,0.7142852040819971,1.0,9.0,1.0,13.0,0.26666666666666666,0.0,1.0,4.0,5.0,3.0,0.0,2.0,4.0,0.0
622.9090909090909,0.0,0.9895614923039098,40.0,107.0,7.0,2.5,0.625,11591.0,5.0,84.0,0.19999960000080003,1.0,10.0,2.0,12.0,0.16666666666666666,7.0,2.0,2.0,2.0,2.0,0.0,2.0,1.0,0.0
450.0,0.0,0.7148758591512483,25.0,1356.0,5.0,3.0,0.6666666666666666,20623.0,4.0,57.0,0.7499981250046875,0.0,10.0,2.0,14.0,0.2,0.0,3.0,4.0,4.0,3.0,1.0,2.0,1.0,0.0
1789.5,1.0,1.104638970395488,30.0,1465.0,12.0,2.5,0.8461538461538461,9369.0,11.0,63.0,0.8181810743808415,1.0,1.0,1.0,21.0,0.4166666666666667,0.0,4.0,2.0,2.0,3.0,0.0,1.0,5.0,0.0
488.55555555555554,1.0,0.8227123749886956,42.0,458.0,20.0,2.0,0.047619047619047616,23281.0,1.0,60.0,0.0,0.0,26.0,3.0,17.0,0.0,3.0,1.0,1.0,6.0,3.0,0.0,3.0,0.0,0.0
1153.0,1.0,1.4986397556388895,35.0,1212.0,16.0,2.75,0.7647058823529411,13755.0,13.0,78.0,0.15384603550304962,1.0,8.0,3.0,11.0,0.2857142857142857,4.0,3.0,4.0,6.0,2.0,0.0,2.0,4.0,0.0
149.0,1.0,0.6898206478999485,27.0,1103.0,9.0,2.0,0.9,14377.0,9.0,42.0,0.7777769135812072,2.0,14.0,1.0,14.0,0.6,1.0,1.0,1.0,3.0,3.0,0.0,4.0,6.0,0.0
5251.0,0.0,1.4395889562722455,54.0,966.0,28.5,2.25,0.14705882352941177,9659.0,5.0,53.0,0.7999984000032001,1.0,1.0,3.0,17.0,0.16666666666666666,7.0,4.0,3.0,2.0,3.0,0.0,1.0,1.0,0.0
670.3333333333334,0.0,0.6206842608173585,44.0,1117.0,10.0,3.0,0.9090909090909091,19982.0,10.0,72.0,0.49999950000050003,1.0,2.0,1.0,13.0,0.6363636363636364,1.0,1.0,4.0,5.0,4.0,0.0,4.0,7.0,0.0
169.0,1.0,0.5737702838684582,19.0,504.0,1.0,2.25,0.5,6148.0,1.0,96.0,0.9999900000999989,0.0,10.0,1.0,25.0,0.0,1.0,1.0,2.0,2.0,2.0,1.0,2.0,0.0,1.0
1880.0,0.0,1.160503640314902,29.0,1010.0,3.0,2.25,0.75,5598.0,3.0,97.0,0.6666644444518518,3.0,1.0,1.0,15.0,0.25,1.0,1.0,4.0,5.0,3.0,0.0,1.0,1.0,0.0
4444.75,0.0,1.1088623542509302,54.0,685.0,28.5,3.0,0.2702702702702703,23474.0,10.0,85.0,0.8999991000009,0.0,3.0,4.0,14.0,0.0,3.0,4.0,4.0,2.0,3.0,0.0,1.0,0.0,0.0
569.4166666666666,1.0,0.9075859705475591,31.0,1332.0,6.0,2.5,0.8571428571428571,17089.0,6.0,80.0,0.8333319444467593,0.0,11.0,2.0,12.0,0.0,1.0,3.0,1.0,2.0,3.0,0.0,4.0,0.0,0.0
272.48,0.0,0.9047966678428175,31.0,1062.0,10.0,2.25,0.9090909090909091,17198.0,10.0,96.0,0.8999991000009,0.0,24.0,2.0,19.0,0.09090909090909091,1.0,3.0,1.0,2.0,2.0,1.0,2.0,1.0,0.0
1292.75,0.0,0.7467925389234555,59.0,326.0,13.0,3.5,0.42857142857142855,16490.0,6.0,48.0,0.16666638888935187,0.0,3.0,2.0,17.0,0.0,5.0,3.0,4.0,2.0,2.0,1.0,4.0,0.0,0.0
4935.0,0.0,1.2311683937743045,43.0,920.0,25.0,3.0,0.3076923076923077,18625.0,8.0,96.0,0.8749989062513672,1.0,3.0,5.0,14.0,0.0,3.0,3.0,4.0,2.0,1.0,0.0,2.0,0.0,0.0
3742.2,0.0,1.0890089818667974,49.0,1098.0,23.0,2.75,0.041666666666666664,12124.0,1.0,85.0,0.0,1.0,4.0,5.0,13.0,0.0,2.0,1.0,3.0,2.0,2.0,0.0,3.0,0.0,0.0
923.0,0.0,1.139515808521973,36.0,469.0,12.0,2.5,0.8461538461538461,9256.0,11.0,46.0,0.9090900826453795,0.0,3.0,1.0,12.0,0.0,1.0,3.0,2.0,2.0,3.0,0.0,3.0,0.0,0.0
853.0,0.0,0.790505315310695,48.0,969.0,7.0,2.75,0.125,16620.0,1.0,76.0,0.0,0.0,2.0,1.0,11.0,0.0,5.0,4.0,2.0,4.0,4.0,1.0,3.0,0.0,0.0
503.4,0.0,0.776858420923566,27.0,1167.0,5.0,2.25,0.8333333333333334,3208.0,5.0,76.0,0.5999988000024,3.0,4.0,1.0,11.0,0.0,1.0,1.0,3.0,2.0,3.0,0.0,2.0,0.0,0.0
827.875,1.0,0.879692943500144,29.0,1329.0,6.0,3.0,0.8571428571428571,4204.0,6.0,82.0,0.0,2.0,7.0,2.0,11.0,0.14285714285714285,1.0,3.0,4.0,2.0,3.0,0.0,2.0,1.0,0.0
9132.5,0.0,1.139173794948717,48.0,715.0,25.0,3.75,0.038461538461538464,8733.0,1.0,76.0,0.0,0.0,1.0,5.0,12.0,0.0,6.0,4.0,4.0,3.0,2.0,1.0,3.0,0.0,0.0
8062.0,0.0,1.0056412959076437,29.0,694.0,9.0,3.0,0.7,3423.0,7.0,87.0,0.9999985714306123,2.0,1.0,4.0,14.0,0.125,3.0,4.0,4.0,2.0,2.0,0.0,2.0,1.0,0.0
123.0952380952381,0.0,0.7978462527164951,34.0,1320.0,2.0,3.0,0.3333333333333333,21643.0,1.0,89.0,0.0,0.0,20.0,1.0,17.0,0.0,0.0,3.0,3.0,5.0,4.0,0.0,4.0,0.0,0.0
3035.5,0.0,1.0600246158270525,44.0,1099.0,26.0,2.5,0.8148148148148148,8751.0,18.0,88.0,0.40909072314058037,1.0,5.0,5.0,11.0,0.13043478260869565,7.0,2.0,2.0,5.0,3.0,0.0,3.0,3.0,0.0
761.8181818181819,1.0,1.2102342827651436,33.0,536.0,10.0,3.5,0.8181818181818182,21708.0,9.0,82.0,0.8888879012356653,2.0,10.0,3.0,14.0,0.0,0.0,4.0,3.0,3.0,4.0,0.0,4.0,0.0,0.0
115.15384615384616,1.0,0.9240818880592597,19.0,265.0,1.0,3.25,0.5,21221.0,1.0,57.0,0.0,0.0,25.0,1.0,12.0,0.0,1.0,2.0,4.0,2.0,4.0,1.0,4.0,0.0,0.0
611.5,0.0,0.3774723276875333,23.0,373.0,1.0,3.5,0.5,16901.0,1.0,47.0,0.0,1.0,1.0,1.0,22.0,0.0,1.0,4.0,3.0,2.0,3.0,0.0,4.0,0.0,0.0
44.72,1.0,0.42574257425742573,25.0,599.0,1.0,3.5,0.5,8040.0,1.0,73.0,0.0,0.0,24.0,1.0,14.0,0.5,1.0,3.0,4.0,4.0,1.0,1.0,4.0,1.0,1.0
575.0,1.0,0.8873531824216339,26.0,583.0,8.0,2.75,0.8888888888888888,9973.0,8.0,53.0,0.6249992187509766,0.0,4.0,1.0,20.0,0.2222222222222222,1.0,3.0,4.0,2.0,3.0,1.0,2.0,2.0,0.0
6274.666666666667,1.0,1.0955857556870607,45.0,1449.0,26.0,1.75,0.8888888888888888,2493.0,18.0,94.0,0.4166664930556279,0.0,2.0,5.0,16.0,0.04,2.0,1.0,2.0,2.0,1.0,1.0,1.0,1.0,1.0
1508.5555555555557,1.0,1.803350610584547,55.0,177.0,28.5,3.25,0.9428571428571428,25592.0,18.0,37.0,0.27272719008266966,1.0,8.0,4.0,15.0,0.4411764705882353,1.0,4.0,2.0,3.0,2.0,0.0,4.0,15.0,0.0
238.63636363636363,0.0,0.8108934946035851,21.0,251.0,2.0,2.0,0.6666666666666666,25308.0,2.0,45.0,0.9999950000249999,0.0,10.0,1.0,20.0,0.6666666666666666,1.0,1.0,3.0,2.0,2.0,1.0,3.0,2.0,1.0
3757.8,0.0,1.093548701848926,46.0,168.0,26.0,3.0,0.4074074074074074,9946.0,11.0,33.0,0.3636360330581518,1.0,4.0,5.0,14.0,0.0,2.0,4.0,2.0,2.0,2.0,0.0,3.0,0.0,0.0
1512.6666666666667,1.0,0.6553750805713868,34.0,131.0,4.0,2.75,0.6,6039.0,3.0,86.0,0.6666644444518518,0.0,2.0,2.0,12.0,0.0,0.0,3.0,1.0,3.0,3.0,1.0,4.0,0.0,0.0
1984.7,1.0,1.1551259292988256,51.0,237.0,28.5,2.25,0.90625,19196.0,18.0,83.0,0.3448274673008733,1.0,9.0,5.0,24.0,0.36666666666666664,4.0,4.0,2.0,5.0,3.0,0.0,1.0,11.0,0.0
553.2631578947369,0.0,1.4409597322732666,59.0,1429.0,25.0,3.5,0.34615384615384615,20002.0,9.0,67.0,0.7777769135812072,0.0,18.0,3.0,12.0,0.5,6.0,4.0,4.0,6.0,3.0,1.0,4.0,5.0,0.0
222.2,0.0,1.372804072387936,34.0,135.0,15.0,3.0,0.6875,22534.0,11.0,46.0,0.7272720661163036,2.0,19.0,2.0,13.0,0.4166666666666667,4.0,3.0,2.0,2.0,3.0,0.0,3.0,5.0,0.0
1077.0,1.0,0.6653960332861418,28.0,791.0,5.0,3.0,0.6666666666666666,6842.0,4.0,44.0,0.49999875000312505,0.0,1.0,1.0,11.0,0.0,0.0,4.0,3.0,2.0,3.0,1.0,3.0,0.0,0.0
3838.0,0.0,1.1168875186801261,44.0,1199.0,26.0,2.5,0.9259259259259259,17477.0,18.0,92.0,0.3599998560000576,2.0,4.0,5.0,14.0,0.5384615384615384,1.0,3.0,1.0,4.0,4.0,0.0,4.0,14.0,0.0
374.1666666666667,0.0,1.0600247889984065,34.0,648.0,14.0,3.25,0.6666666666666666,21833.0,10.0,56.0,0.8999991000009,2.0,11.0,2.0,11.0,0.09090909090909091,4.0,3.0,2.0,5.0,2.0,0.0,4.0,1.0,0.0
500.85714285714283,1.0,1.0821079156766082,35.0,735.0,4.0,3.25,0.6,6020.0,3.0,66.0,0.6666644444518518,0.0,6.0,1.0,14.0,0.5,0.0,3.0,3.0,3.0,3.0,0.0,4.0,2.0,0.0
296.5,1.0,0.7321049560709967,42.0,603.0,18.0,2.75,0.05263157894736842,5628.0,1.0,78.0,0.0,0.0,7.0,2.0,16.0,0.0,6.0,2.0,2.0,2.0,4.0,0.0,4.0,0.0,0.0
2046.2,0.0,1.4775545282780649,43.0,531.0,23.0,4.0,0.875,20364.0,18.0,56.0,0.3333331746032502,0.0,4.0,3.0,14.0,0.6818181818181818,3.0,4.0,4.0,3.0,2.0,1.0,4.0,15.0,0.0
1803.3333333333333,1.0,0.7415898165523566,36.0,429.0,18.0,3.0,0.8421052631578947,2323.0,16.0,53.0,0.8749994531253418,0.0,2.0,2.0,11.0,0.29411764705882354,8.5,3.0,2.0,2.0,3.0,1.0,4.0,5.0,0.0
498.625,0.0,1.059669379925132,44.0,621.0,10.0,3.0,0.9090909090909091,14075.0,10.0,73.0,0.6999993000007,1.0,15.0,3.0,11.0,0.0,1.0,1.0,4.0,2.0,3.0,0.0,4.0,0.0,1.0
1289.0,1.0,1.1945619594788814,28.0,193.0,2.0,3.25,0.6666666666666666,14222.0,2.0,52.0,0.9999950000249999,1.0,2.0,1.0,12.0,0.6666666666666666,1.0,4.0,4.0,2.0,2.0,0.0,2.0,2.0,0.0
405.42857142857144,0.0,0.876691709594276,51.0,968.0,8.0,2.25,0.7777777777777778,4257.0,7.0,40.0,0.0,0.0,6.0,1.0,14.0,0.875,0.0,2.0,3.0,6.0,2.0,1.0,2.0,7.0,0.0
469.5,1.0,0.6435793324793556,30.0,879.0,10.0,3.0,0.7272727272727273,12858.0,8.0,72.0,0.4999993750007813,0.0,9.0,2.0,18.0,0.1111111111111111,7.0,3.0,3.0,3.0,3.0,1.0,3.0,1.0,0.0
417.375,1.0,1.0314565251357601,29.0,806.0,10.0,2.25,0.6363636363636364,17285.0,7.0,39.0,0.9999985714306123,2.0,7.0,1.0,13.0,0.875,3.0,2.0,3.0,2.0,3.0,0.0,1.0,7.0,1.0
1040.0,0.0,0.6419807371954778,28.0,640.0,5.0,2.25,0.5,4732.0,3.0,84.0,0.6666644444518518,0.0,1.0,1.0,11.0,0.25,2.0,4.0,1.0,2.0,3.0,1.0,2.0,1.0,0.0
1048.0,0.0,0.6469190505585198,25.0,266.0,2.0,3.0,0.6666666666666666,18830.0,2.0,40.0,0.9999950000249999,0.0,1.0,1.0,18.0,0.6666666666666666,1.0,4.0,2.0,3.0,3.0,1.0,4.0,2.0,0.0
689.8888888888889,0.0,0.89669984029699,32.0,604.0,10.0,3.5,0.9090909090909091,11693.0,10.0,56.0,0.6999993000007,2.0,8.0,2.0,15.0,0.0,1.0,3.0,4.0,4.0,4.0,0.0,3.0,0.0,0.0
694.6538461538462,0.0,1.0511779820157248,45.0,364.0,22.0,2.5,0.0,13035.0,0.0,83.0,0.0,0.0,25.0,5.0,22.0,0.0,3.0,2.0,2.0,4.0,3.0,1.0,3.0,0.0,0.0
1223.0714285714287,1.0,0.9965849391537155,39.0,412.0,21.0,3.0,0.8636363636363636,17334.0,18.0,94.0,0.4736839612189678,2.0,13.0,4.0,13.0,0.75,6.0,3.0,2.0,4.0,2.0,0.0,4.0,15.0,0.0
98.83333333333333,0.0,0.7321049560709967,58.0,848.0,2.0,2.75,0.6666666666666666,26076.0,2.0,88.0,0.9999950000249999,2.0,23.0,1.0,12.0,0.6666666666666666,1.0,1.0,3.0,3.0,3.0,0.0,4.0,2.0,0.0
610.375,0.0,1.5084163558664023,32.0,1089.0,10.0,2.75,0.9090909090909091,22845.0,10.0,79.0,0.3999996000004,1.0,7.0,2.0,18.0,0.09090909090909091,1.0,4.0,3.0,3.0,3.0,0.0,1.0,1.0,1.0
162.66666666666666,0.0,1.2049484605822813,39.0,360.0,6.0,2.0,0.7142857142857143,22154.0,5.0,93.0,0.39999920000160005,0.0,23.0,1.0,13.0,0.0,0.0,3.0,1.0,2.0,3.0,1.0,1.0,0.0,1.0
661.0,0.0,1.429334933154586,30.0,1138.0,10.0,2.25,0.8181818181818182,23631.0,9.0,48.0,0.22222197530891633,1.0,6.0,2.0,12.0,0.6,0.0,1.0,4.0,6.0,2.0,0.0,1.0,6.0,0.0
644.9090909090909,0.0,0.9422530184493464,36.0,325.0,10.0,2.75,0.6363636363636364,5747.0,7.0,63.0,0.9999985714306123,0.0,10.0,3.0,12.0,0.125,3.0,4.0,3.0,0.0,3.0,0.0,1.0,1.0,0.0
1711.5,0.0,0.8081213480493419,46.0,991.0,10.0,3.0,0.6363636363636364,22957.0,7.0,44.0,0.8571416326548106,0.0,1.0,1.0,12.0,0.625,6.0,4.0,1.0,3.0,3.0,1.0,3.0,5.0,0.0
3337.0,0.0,2.0616774030416485,28.0,1476.0,10.0,2.75,0.8181818181818182,16392.0,9.0,55.0,0.8888879012356653,3.0,1.0,2.0,11.0,0.7,0.0,3.0,4.0,6.0,1.0,0.0,1.0,7.0,0.0
582.0689655172414,1.0,1.0527924258819787,50.0,1322.0,25.0,2.5,0.11538461538461539,22422.0,3.0,43.0,0.6666644444518518,0.0,28.0,4.0,11.0,0.25,4.0,4.0,1.0,2.0,3.0,0.0,2.0,1.0,0.0
349.7692307692308,1.0,1.3133497097215054,40.0,299.0,9.0,3.0,0.5,17235.0,5.0,57.0,0.7999984000032001,0.0,25.0,3.0,12.0,0.16666666666666666,2.0,4.0,2.0,2.0,2.0,1.0,3.0,1.0,1.0
1407.6666666666667,1.0,1.2197659608871603,52.0,1030.0,10.0,2.25,0.7272727272727273,21534.0,8.0,64.0,0.8749989062513672,0.0,5.0,3.0,19.0,0.7777777777777778,8.5,2.0,2.0,2.0,3.0,1.0,3.0,7.0,1.0
662.0,1.0,0.6935295295775082,30.0,634.0,9.0,2.5,0.9,25927.0,9.0,95.0,0.11111098765445816,2.0,17.0,3.0,23.0,0.0,1.0,2.0,1.0,2.0,3.0,0.0,4.0,0.0,0.0
238.6315789473684,0.0,0.6215098388629177,39.0,524.0,9.0,2.0,0.8,13352.0,8.0,32.0,0.8749989062513672,0.0,18.0,2.0,11.0,0.1111111111111111,0.0,1.0,3.0,6.0,3.0,1.0,1.0,1.0,0.0
3284.0,1.0,1.4228195887592117,31.0,587.0,10.0,2.5,0.9090909090909091,8935.0,10.0,57.0,0.7999992000008,1.0,2.0,3.0,19.0,0.8181818181818182,1.0,4.0,3.0,5.0,3.0,0.0,1.0,9.0,0.0
559.1818181818181,0.0,0.8883235170988542,41.0,256.0,19.0,2.25,0.95,22074.0,18.0,40.0,0.10526310249310396,0.0,10.0,2.0,13.0,0.55,1.0,3.0,2.0,4.0,1.0,1.0,1.0,11.0,0.0
1151.0,1.0,0.8766184310738766,31.0,1060.0,3.0,2.75,0.75,8319.0,3.0,54.0,0.6666644444518518,0.0,1.0,1.0,11.0,0.5,1.0,4.0,2.0,2.0,3.0,1.0,1.0,2.0,1.0
590.5,0.0,0.7296496892394926,44.0,935.0,10.0,2.25,0.2727272727272727,14669.0,3.0,89.0,0.6666644444518518,0.0,3.0,1.0,12.0,0.25,4.0,1.0,1.0,4.0,3.0,0.0,3.0,1.0,1.0
5953.666666666667,1.0,1.0395376743692408,42.0,495.0,21.0,3.0,0.9090909090909091,26582.0,18.0,37.0,0.3999998000001,0.0,2.0,4.0,13.0,0.09523809523809523,0.0,3.0,3.0,3.0,3.0,0.0,4.0,2.0,0.0
6395.666666666667,0.0,1.1167129140654288,55.0,282.0,23.0,3.5,0.7916666666666666,6992.0,18.0,58.0,0.4736839612189678,1.0,2.0,5.0,14.0,0.45,4.0,4.0,3.0,5.0,1.0,0.0,4.0,9.0,0.0
2190.777777777778,0.0,1.147559729328611,56.0,206.0,28.5,2.5,0.1891891891891892,4022.0,7.0,99.0,0.4285708163274053,0.0,8.0,5.0,14.0,0.875,6.0,4.0,2.0,4.0,3.0,1.0,1.0,7.0,0.0
208.47058823529412,0.0,1.0938364099138331,40.0,458.0,6.0,2.75,0.5714285714285714,8532.0,4.0,74.0,0.49999875000312505,1.0,16.0,1.0,16.0,0.0,8.5,3.0,3.0,0.0,3.0,0.0,2.0,0.0,0.0
850.0,0.0,1.1290034757287066,34.0,943.0,10.0,3.5,0.8181818181818182,5494.0,9.0,86.0,0.7777769135812072,1.0,9.0,3.0,11.0,0.1,0.0,4.0,4.0,0.0,3.0,0.0,4.0,1.0,0.0
1553.6666666666667,0.0,1.4385924115712123,40.0,523.0,9.0,3.25,0.9,22455.0,9.0,98.0,0.8888879012356653,0.0,2.0,2.0,13.0,0.8,1.0,3.0,4.0,4.0,3.0,1.0,3.0,8.0,0.0
2051.5,0.0,0.592552656585368,41.0,1018.0,10.0,2.75,0.8181818181818182,4297.0,9.0,66.0,0.3333329629633745,1.0,1.0,2.0,17.0,0.1,0.0,3.0,1.0,2.0,3.0,0.0,4.0,1.0,0.0
849.8,1.0,1.3114308424728773,35.0,482.0,9.0,2.75,0.9,2690.0,9.0,87.0,0.666665925926749,0.0,4.0,2.0,11.0,0.1,1.0,3.0,3.0,3.0,3.0,1.0,2.0,1.0,0.0
2337.6666666666665,1.0,0.816334775247913,51.0,770.0,28.5,2.5,0.9705882352941176,17588.0,18.0,84.0,0.27272719008266966,1.0,5.0,4.0,11.0,0.0,1.0,3.0,2.0,2.0,3.0,0.0,2.0,0.0,0.0
2297.6666666666665,0.0,0.9954826862887989,38.0,1009.0,11.0,2.5,0.5833333333333334,19461.0,7.0,31.0,0.9999985714306123,1.0,2.0,2.0,15.0,0.125,3.0,2.0,1.0,3.0,3.0,0.0,4.0,1.0,0.0
382.8125,0.0,0.8845686135962415,34.0,507.0,10.0,3.0,0.9090909090909091,23553.0,10.0,66.0,0.7999992000008,0.0,15.0,2.0,12.0,0.8181818181818182,1.0,3.0,1.0,6.0,3.0,1.0,4.0,9.0,0.0
183.45,0.0,1.133397421600211,25.0,882.0,7.0,3.25,0.375,9075.0,3.0,67.0,0.6666644444518518,3.0,19.0,1.0,11.0,0.25,3.0,4.0,4.0,6.0,3.0,0.0,3.0,1.0,0.0
1251.0,1.0,1.3718726218218085,58.0,601.0,28.5,2.5,0.3125,12023.0,10.0,53.0,0.8999991000009,0.0,7.0,3.0,14.0,0.45454545454545453,7.0,3.0,1.0,0.0,2.0,0.0,4.0,5.0,1.0
1193.5,0.0,0.7373724844261934,40.0,329.0,7.0,2.5,0.5,6762.0,4.0,88.0,0.49999875000312505,1.0,1.0,1.0,22.0,0.0,3.0,2.0,2.0,3.0,3.0,0.0,3.0,0.0,0.0
579.875,0.0,0.669961436485382,36.0,607.0,17.0,2.0,0.8333333333333334,2261.0,15.0,83.0,0.46666635555576297,1.0,7.0,2.0,16.0,0.375,2.0,1.0,1.0,2.0,4.0,0.0,4.0,6.0,0.0
1579.6,0.0,1.0826388856063793,48.0,855.0,11.0,3.5,0.8333333333333334,18706.0,10.0,54.0,0.8999991000009,0.0,4.0,3.0,11.0,0.0,1.0,4.0,4.0,2.0,3.0,1.0,3.0,0.0,0.0
211.16666666666666,0.0,0.964965727341965,27.0,1291.0,5.0,3.0,0.16666666666666666,6527.0,1.0,98.0,0.0,1.0,11.0,1.0,14.0,0.0,8.0,3.0,4.0,4.0,4.0,0.0,2.0,0.0,0.0
1095.1666666666667,0.0,1.8014738205417873,51.0,1405.0,28.5,2.5,0.16666666666666666,24439.0,5.0,82.0,0.39999920000160005,0.0,11.0,4.0,16.0,0.0,3.0,4.0,2.0,1.0,2.0,1.0,2.0,0.0,0.0
805.5,0.0,0.49765692183100024,18.0,1124.0,0.0,3.75,0.0,19305.0,0.0,97.0,0.0,0.0,1.0,1.0,15.0,0.0,1.0,4.0,4.0,5.0,3.0,1.0,3.0,0.0,0.0
2681.5,0.0,1.6566940234510579,35.0,817.0,10.0,3.25,0.8181818181818182,10846.0,9.0,60.0,0.7777769135812072,1.0,1.0,2.0,12.0,0.0,0.0,4.0,4.0,0.0,2.0,0.0,2.0,0.0,0.0
1690.3333333333333,0.0,0.7323506023749454,27.0,793.0,8.0,3.25,0.6666666666666666,20392.0,6.0,43.0,0.33333277777870374,0.0,2.0,2.0,20.0,0.0,3.0,4.0,4.0,3.0,1.0,1.0,2.0,0.0,0.0
978.2142857142857,1.0,1.9778232103184537,55.0,267.0,24.0,2.25,0.76,9277.0,18.0,85.0,0.36842085872586383,0.0,13.0,4.0,17.0,0.15,6.0,1.0,3.0,2.0,4.0,1.0,3.0,3.0,1.0
558.4166666666666,1.0,1.8371139965683332,56.0,1369.0,28.5,2.5,0.5588235294117647,18235.0,18.0,68.0,0.8421048199448317,1.0,23.0,4.0,12.0,0.75,4.0,4.0,2.0,0.0,3.0,0.0,1.0,15.0,0.0
75.14814814814815,0.0,0.626239863350781,34.0,999.0,5.0,2.5,0.8333333333333334,15891.0,5.0,92.0,0.7999984000032001,3.0,26.0,1.0,20.0,0.0,1.0,1.0,3.0,2.0,2.0,0.0,3.0,0.0,0.0
2125.6666666666665,0.0,0.847018254673172,40.0,1202.0,15.0,2.5,0.75,13888.0,12.0,89.0,0.9166659027784144,3.0,2.0,2.0,20.0,0.8461538461538461,5.0,2.0,3.0,0.0,4.0,0.0,2.0,11.0,0.0
180.96666666666667,0.0,1.677082202743948,34.0,285.0,10.0,2.25,0.7272727272727273,17491.0,8.0,86.0,0.8749989062513672,2.0,29.0,2.0,13.0,0.7777777777777778,4.0,2.0,3.0,1.0,3.0,0.0,1.0,7.0,0.0
928.3333333333334,0.0,1.0605483625285606,31.0,703.0,3.0,3.5,0.25,11882.0,1.0,90.0,0.0,0.0,2.0,1.0,14.0,0.0,7.0,3.0,4.0,3.0,2.0,1.0,3.0,0.0,1.0
242.8421052631579,1.0,0.6663509523482545,35.0,662.0,5.0,3.0,0.6666666666666666,23288.0,4.0,67.0,0.49999875000312505,1.0,18.0,2.0,18.0,0.6,0.0,4.0,3.0,0.0,3.0,0.0,3.0,3.0,1.0
326.25,0.0,0.8055623673462485,38.0,693.0,4.0,3.5,0.8,15748.0,4.0,57.0,0.49999875000312505,3.0,7.0,1.0,11.0,0.0,1.0,4.0,3.0,2.0,4.0,0.0,4.0,0.0,0.0
2229.0,0.0,0.8881936755526896,34.0,404.0,14.0,3.75,0.9333333333333333,6163.0,14.0,98.0,0.7857137244901968,0.0,2.0,2.0,11.0,0.26666666666666666,1.0,3.0,4.0,2.0,3.0,1.0,4.0,4.0,0.0
174.96296296296296,0.0,0.6822370825516155,28.0,736.0,5.0,2.5,0.8333333333333334,24232.0,5.0,48.0,0.5999988000024,1.0,26.0,2.0,11.0,0.0,1.0,3.0,1.0,0.0,2.0,0.0,3.0,0.0,0.0
268.6521739130435,1.0,0.8470024910308708,31.0,330.0,10.0,3.25,0.9090909090909091,21057.0,10.0,98.0,0.1999998000002,2.0,22.0,2.0,15.0,0.5454545454545454,1.0,4.0,3.0,3.0,3.0,0.0,4.0,6.0,1.0
278.1818181818182,1.0,0.8838465167688161,39.0,1498.0,8.0,3.25,0.5555555555555556,3567.0,5.0,44.0,0.7999984000032001,2.0,21.0,2.0,12.0,0.16666666666666666,3.0,1.0,4.0,2.0,2.0,0.0,4.0,1.0,0.0
3532.0,0.0,1.5302675966801267,51.0,541.0,14.0,2.25,0.26666666666666666,15395.0,4.0,52.0,0.49999875000312505,0.0,2.0,3.0,11.0,0.6,2.0,2.0,2.0,5.0,3.0,0.0,2.0,3.0,0.0
237.69565217391303,1.0,1.68735994723446,41.0,1200.0,12.0,2.75,0.46153846153846156,13953.0,6.0,75.0,0.33333277777870374,2.0,22.0,2.0,14.0,0.42857142857142855,3.0,4.0,4.0,4.0,3.0,0.0,1.0,3.0,0.0
599.2,1.0,0.92469917722964,37.0,1439.0,8.0,3.25,0.6666666666666666,5182.0,6.0,54.0,0.6666655555574075,0.0,4.0,1.0,15.0,0.14285714285714285,7.0,3.0,3.0,2.0,3.0,0.0,4.0,1.0,0.0
1666.3333333333333,0.0,1.4439048161200365,33.0,1111.0,8.0,2.75,0.5555555555555556,19293.0,5.0,61.0,0.7999984000032001,0.0,5.0,2.0,13.0,0.16666666666666666,6.0,2.0,4.0,2.0,3.0,0.0,1.0,1.0,0.0
1359.3333333333333,1.0,0.5889421724482405,32.0,499.0,4.0,2.0,0.6,20497.0,3.0,36.0,0.6666644444518518,3.0,2.0,2.0,13.0,0.25,0.0,3.0,2.0,3.0,3.0,0.0,1.0,1.0,0.0
420.0,0.0,1.4504374064655854,39.0,1485.0,13.0,2.75,0.42857142857142855,3449.0,6.0,71.0,0.6666655555574075,1.0,25.0,3.0,21.0,0.0,3.0,3.0,3.0,2.0,3.0,0.0,2.0,0.0,0.0
328.0,0.0,0.9000214857031473,25.0,1372.0,6.0,2.0,0.42857142857142855,12477.0,3.0,93.0,0.6666644444518518,0.0,18.0,2.0,11.0,0.25,2.0,1.0,3.0,3.0,4.0,0.0,2.0,1.0,0.0
456.7931034482759,1.0,1.8158669685525077,52.0,322.0,24.0,2.75,0.2,9731.0,5.0,59.0,0.5999988000024,1.0,28.0,4.0,11.0,0.0,2.0,4.0,3.0,3.0,4.0,0.0,2.0,0.0,0.0
583.0,1.0,1.2595785521609348,43.0,930.0,20.0,1.5,0.9523809523809523,20003.0,18.0,73.0,0.3499998250000875,0.0,6.0,2.0,14.0,0.047619047619047616,1.0,1.0,3.0,3.0,2.0,1.0,1.0,1.0,0.0
524.4545454545455,1.0,0.8331553194835457,27.0,205.0,6.0,3.75,0.8571428571428571,7100.0,6.0,98.0,0.33333277777870374,0.0,10.0,2.0,11.0,0.5714285714285714,1.0,4.0,4.0,3.0,2.0,0.0,4.0,4.0,0.0
133.0,1.0,0.7388951369451796,27.0,135.0,8.0,3.5,0.8888888888888888,25681.0,8.0,51.0,0.24999968750039064,0.0,17.0,1.0,13.0,0.7777777777777778,1.0,4.0,3.0,2.0,3.0,1.0,4.0,7.0,1.0
1301.3333333333333,0.0,1.2049484605822813,26.0,683.0,5.0,3.0,0.6666666666666666,4050.0,4.0,36.0,0.7499981250046875,0.0,2.0,1.0,12.0,0.2,0.0,1.0,4.0,2.0,2.0,1.0,4.0,1.0,0.0
1527.1818181818182,0.0,0.9777276407664116,42.0,1147.0,21.0,2.5,0.9090909090909091,16616.0,18.0,31.0,0.3499998250000875,1.0,10.0,4.0,14.0,0.0,0.0,3.0,1.0,5.0,3.0,0.0,3.0,0.0,0.0
327.77777777777777,0.0,0.9112898320306956,52.0,258.0,12.0,2.0,0.38461538461538464,17363.0,5.0,54.0,0.7999984000032001,0.0,8.0,1.0,13.0,0.0,8.5,3.0,1.0,2.0,3.0,0.0,3.0,0.0,0.0
302.4166666666667,0.0,1.1210409493014897,37.0,1462.0,8.0,2.0,0.3333333333333333,19106.0,3.0,94.0,0.6666644444518518,0.0,11.0,1.0,18.0,0.0,4.0,1.0,3.0,6.0,3.0,1.0,1.0,0.0,0.0
492.7368421052632,0.0,1.2833204921558525,35.0,200.0,10.0,3.25,0.18181818181818182,19944.0,2.0,60.0,0.9999950000249999,0.0,18.0,3.0,11.0,0.6666666666666666,2.0,3.0,4.0,2.0,3.0,1.0,3.0,2.0,0.0
1614.5,0.0,0.9974762263142767,25.0,949.0,7.0,2.25,0.375,4910.0,3.0,81.0,0.6666644444518518,1.0,1.0,1.0,11.0,0.0,4.0,1.0,4.0,2.0,3.0,0.0,2.0,0.0,0.0
447.25,0.0,1.10528644712062,26.0,652.0,8.0,2.75,0.7777777777777778,23577.0,7.0,100.0,0.9999985714306123,0.0,7.0,1.0,12.0,0.0,0.0,3.0,1.0,2.0,4.0,1.0,4.0,0.0,0.0
443.77777777777777,0.0,1.8858525644809065,29.0,332.0,10.0,1.5,0.9090909090909091,9769.0,10.0,51.0,0.8999991000009,0.0,17.0,3.0,13.0,0.0,1.0,2.0,1.0,3.0,2.0,1.0,1.0,0.0,0.0
147.72413793103448,0.0,1.323378183193051,49.0,1475.0,20.0,1.5,0.19047619047619047,22710.0,4.0,97.0,0.7499981250046875,0.0,28.0,2.0,20.0,0.2,3.0,1.0,1.0,2.0,2.0,1.0,1.0,1.0,1.0
503.53333333333336,1.0,1.0032192061386966,29.0,337.0,9.0,2.75,0.8,22930.0,8.0,84.0,0.8749989062513672,0.0,14.0,3.0,12.0,0.7777777777777778,0.0,3.0,4.0,1.0,3.0,1.0,1.0,7.0,1.0
8664.0,0.0,1.0807338362371404,54.0,971.0,28.5,3.5,0.6666666666666666,5652.0,18.0,54.0,0.3499998250000875,0.0,1.0,4.0,19.0,0.5714285714285714,6.0,4.0,4.0,3.0,3.0,1.0,4.0,12.0,0.0
9850.5,1.0,1.2287359942121365,58.0,1055.0,28.5,2.75,0.2727272727272727,22456.0,9.0,76.0,0.8888879012356653,1.0,1.0,5.0,21.0,0.1,3.0,4.0,1.0,3.0,3.0,0.0,3.0,1.0,0.0
7366.0,0.0,0.9188233423041061,55.0,1136.0,28.5,3.5,0.21875,12414.0,7.0,81.0,0.9999985714306123,2.0,1.0,4.0,13.0,0.0,2.0,2.0,4.0,4.0,4.0,0.0,4.0,0.0,0.0
2319.5,1.0,1.339922872970764,36.0,1174.0,15.0,2.5,0.3125,20763.0,5.0,99.0,0.7999984000032001,0.0,3.0,2.0,16.0,0.0,3.0,1.0,2.0,3.0,3.0,1.0,4.0,0.0,0.0
679.5,0.0,0.5175171363290175,31.0,667.0,1.0,2.5,0.5,16154.0,1.0,50.0,0.0,0.0,1.0,1.0,12.0,0.0,1.0,2.0,3.0,3.0,1.0,1.0,2.0,0.0,1.0
597.375,0.0,0.690180147653296,30.0,855.0,8.0,2.5,0.3333333333333333,12761.0,3.0,73.0,0.6666644444518518,2.0,7.0,2.0,14.0,0.0,7.0,4.0,1.0,3.0,3.0,0.0,2.0,0.0,0.0
1824.6666666666667,0.0,1.0242273233313894,31.0,182.0,9.0,2.5,0.3,8847.0,3.0,93.0,0.6666644444518518,0.0,8.0,4.0,11.0,0.25,3.0,1.0,2.0,3.0,3.0,1.0,3.0,1.0,0.0
1498.0,0.0,0.92469917722964,34.0,560.0,10.0,2.75,0.36363636363636365,20284.0,4.0,91.0,0.7499981250046875,2.0,1.0,1.0,14.0,0.2,5.0,4.0,1.0,2.0,3.0,0.0,3.0,1.0,0.0
140.11111111111111,0.0,0.38920082192475836,31.0,202.0,1.0,2.5,0.5,22262.0,1.0,34.0,0.0,0.0,8.0,1.0,12.0,0.0,1.0,1.0,2.0,3.0,2.0,1.0,3.0,0.0,1.0
174.91666666666666,0.0,0.6484058838754,27.0,1377.0,6.0,2.25,0.7142857142857143,7679.0,5.0,91.0,0.0,0.0,11.0,1.0,14.0,0.16666666666666666,0.0,2.0,1.0,3.0,3.0,0.0,2.0,1.0,0.0
1162.0,0.0,1.7947776013892685,36.0,172.0,10.0,2.5,0.9090909090909091,22604.0,10.0,37.0,0.3999996000004,0.0,4.0,2.0,16.0,0.09090909090909091,1.0,1.0,4.0,2.0,2.0,1.0,3.0,1.0,0.0
332.1764705882353,0.0,0.8155361568943634,36.0,329.0,11.0,1.75,0.25,13494.0,3.0,98.0,0.6666644444518518,2.0,16.0,2.0,13.0,0.0,4.0,3.0,1.0,3.0,2.0,0.0,1.0,0.0,0.0
1710.0,0.0,1.0555644813502567,47.0,465.0,17.0,2.5,0.3333333333333333,10205.0,6.0,74.0,0.8333319444467593,1.0,1.0,1.0,12.0,0.14285714285714285,7.0,1.0,4.0,2.0,3.0,0.0,3.0,1.0,0.0
440.0,0.0,1.6755521706016756,25.0,383.0,6.0,1.5,0.42857142857142855,15182.0,3.0,68.0,0.6666644444518518,0.0,9.0,1.0,12.0,0.5,3.0,1.0,1.0,2.0,2.0,0.0,1.0,2.0,1.0
583.3333333333334,0.0,1.0811913261381134,37.0,1413.0,7.0,2.0,0.75,25470.0,6.0,84.0,0.8333319444467593,0.0,5.0,1.0,14.0,0.14285714285714285,0.0,3.0,3.0,2.0,4.0,1.0,1.0,1.0,0.0
1033.0,0.0,0.6376597130028159,56.0,1255.0,5.0,2.5,0.5,10494.0,3.0,90.0,0.6666644444518518,1.0,1.0,1.0,22.0,0.25,2.0,1.0,1.0,3.0,3.0,0.0,4.0,1.0,0.0
5723.0,0.0,1.0708171303298397,47.0,359.0,26.0,2.5,0.7407407407407407,26703.0,18.0,82.0,0.8499995750002125,2.0,2.0,4.0,19.0,0.23809523809523808,3.0,1.0,3.0,2.0,3.0,0.0,2.0,5.0,0.0
832.4,1.0,0.6010733991489889,24.0,1476.0,5.0,3.25,0.8333333333333334,15211.0,5.0,42.0,0.7999984000032001,2.0,4.0,2.0,12.0,0.0,1.0,4.0,3.0,3.0,3.0,0.0,3.0,0.0,0.0
1150.5,0.0,1.3292358399248665,32.0,601.0,7.0,3.25,0.5,23343.0,4.0,97.0,0.7499981250046875,1.0,7.0,2.0,12.0,0.0,4.0,4.0,4.0,3.0,3.0,0.0,3.0,0.0,0.0
1647.0,0.0,1.0175554937996987,34.0,401.0,7.0,2.25,0.625,3708.0,5.0,86.0,0.7999984000032001,1.0,1.0,1.0,17.0,0.0,5.0,4.0,2.0,2.0,2.0,0.0,1.0,0.0,0.0
354.5,1.0,0.656487032699414,41.0,1283.0,7.0,2.0,0.5,5561.0,4.0,90.0,0.49999875000312505,0.0,5.0,1.0,12.0,0.0,2.0,2.0,3.0,5.0,4.0,0.0,1.0,0.0,0.0
397.5,0.0,1.2279244346854288,40.0,663.0,11.0,3.25,0.6666666666666666,23099.0,8.0,81.0,0.8749989062513672,2.0,9.0,2.0,11.0,0.0,3.0,3.0,3.0,2.0,3.0,0.0,3.0,0.0,0.0
1199.2222222222222,0.0,1.5587182116806915,31.0,326.0,13.0,2.25,0.9285714285714286,8386.0,13.0,31.0,0.5384611242606736,1.0,8.0,3.0,18.0,0.6428571428571429,1.0,1.0,4.0,5.0,3.0,0.0,1.0,9.0,0.0
1009.6,0.0,1.4580579139375762,46.0,377.0,28.0,2.5,0.2413793103448276,15986.0,7.0,52.0,0.9999985714306123,1.0,9.0,3.0,11.0,0.5,4.0,1.0,4.0,1.0,3.0,0.0,1.0,4.0,1.0
1215.3333333333333,1.0,1.1262924500284461,39.0,592.0,11.0,2.0,0.08333333333333333,17181.0,1.0,54.0,0.0,0.0,2.0,1.0,23.0,0.0,2.0,1.0,1.0,2.0,2.0,1.0,2.0,0.0,1.0
3723.0,0.0,1.0206798103602304,31.0,1445.0,10.0,2.25,0.9090909090909091,8931.0,10.0,100.0,0.7999992000008,0.0,1.0,3.0,11.0,0.36363636363636365,1.0,3.0,2.0,2.0,4.0,1.0,1.0,4.0,1.0
516.7142857142857,1.0,1.4412725547214347,45.0,1038.0,24.0,2.0,0.28,19863.0,7.0,95.0,0.9999985714306123,1.0,20.0,3.0,18.0,0.0,2.0,2.0,1.0,2.0,1.0,0.0,2.0,0.0,0.0
234.33333333333334,0.0,0.4979047394204096,31.0,1398.0,8.0,3.25,0.3333333333333333,24609.0,3.0,96.0,0.6666644444518518,0.0,8.0,1.0,18.0,0.0,8.5,4.0,2.0,3.0,4.0,1.0,4.0,0.0,0.0
1240.6666666666667,1.0,1.1497697473960167,31.0,523.0,7.0,2.5,0.25,21081.0,2.0,94.0,0.9999950000249999,1.0,2.0,1.0,13.0,0.6666666666666666,6.0,2.0,4.0,2.0,3.0,0.0,3.0,2.0,1.0
312.6666666666667,1.0,1.2857878889576904,45.0,1448.0,10.0,3.5,0.2727272727272727,14720.0,3.0,55.0,0.3333322222259259,2.0,29.0,3.0,18.0,0.25,4.0,2.0,4.0,4.0,3.0,0.0,4.0,1.0,0.0
685.75,0.0,0.7922846390512622,48.0,1221.0,15.0,2.0,0.125,24795.0,2.0,96.0,0.9999950000249999,3.0,7.0,2.0,11.0,0.6666666666666666,4.0,3.0,1.0,3.0,3.0,0.0,1.0,2.0,0.0
274.2,0.0,0.6473469869562651,34.0,1107.0,2.0,2.75,0.6666666666666666,3072.0,2.0,52.0,0.9999950000249999,0.0,9.0,1.0,15.0,0.6666666666666666,1.0,1.0,3.0,0.0,3.0,0.0,4.0,2.0,1.0
1528.5555555555557,0.0,0.8580133532499041,40.0,218.0,16.0,3.0,0.5294117647058824,25178.0,9.0,55.0,0.8888879012356653,1.0,8.0,3.0,11.0,0.4,2.0,4.0,2.0,5.0,2.0,0.0,3.0,4.0,0.0
1410.5,0.0,1.222221090100407,28.0,866.0,6.0,3.0,0.7142857142857143,23490.0,5.0,84.0,0.7999984000032001,0.0,5.0,2.0,18.0,0.16666666666666666,0.0,4.0,1.0,4.0,3.0,1.0,4.0,1.0,0.0
527.0,0.0,0.9767791352139185,44.0,981.0,7.0,3.25,0.625,7973.0,5.0,90.0,0.39999920000160005,0.0,5.0,1.0,14.0,0.0,3.0,3.0,3.0,5.0,2.0,1.0,4.0,0.0,0.0
5532.666666666667,0.0,1.0352043059709173,53.0,447.0,28.5,2.5,0.25,19764.0,9.0,39.0,0.8888879012356653,0.0,2.0,4.0,12.0,0.8,4.0,4.0,2.0,2.0,4.0,1.0,2.0,8.0,0.0
1108.5,0.0,0.8834120137731327,49.0,1495.0,20.0,2.0,0.14285714285714285,21534.0,3.0,96.0,0.6666644444518518,1.0,5.0,2.0,14.0,0.25,2.0,1.0,3.0,0.0,3.0,0.0,2.0,1.0,0.0
781.6666666666666,0.0,0.7237715522708631,40.0,896.0,8.0,3.25,0.3333333333333333,8045.0,3.0,68.0,0.3333322222259259,1.0,2.0,1.0,14.0,0.25,2.0,3.0,3.0,3.0,3.0,0.0,3.0,1.0,0.0
162.85714285714286,0.0,1.0555644813502567,44.0,1467.0,6.0,2.75,0.7142857142857143,21158.0,5.0,49.0,0.39999920000160005,0.0,20.0,1.0,13.0,0.16666666666666666,1.0,4.0,2.0,3.0,3.0,1.0,3.0,1.0,0.0
546.625,0.0,0.6315458852663451,33.0,430.0,5.0,2.25,0.6666666666666666,17456.0,4.0,54.0,0.7499981250046875,2.0,7.0,2.0,14.0,0.0,0.0,4.0,1.0,2.0,3.0,0.0,1.0,0.0,0.0
1189.75,0.0,0.6872917603435941,34.0,1326.0,15.0,3.0,0.8125,15891.0,13.0,81.0,0.6923071597637233,0.0,3.0,2.0,18.0,0.21428571428571427,3.0,4.0,1.0,2.0,1.0,1.0,4.0,3.0,0.0
311.8235294117647,0.0,0.7655670564365186,30.0,1358.0,4.0,3.0,0.4,2939.0,2.0,96.0,0.49999750001249993,2.0,16.0,2.0,15.0,0.6666666666666666,8.0,4.0,3.0,2.0,3.0,0.0,3.0,2.0,0.0
367.3,0.0,1.134633068830083,42.0,748.0,12.0,2.75,0.9230769230769231,16458.0,12.0,74.0,0.7499993750005208,0.0,9.0,1.0,13.0,0.38461538461538464,1.0,1.0,4.0,3.0,3.0,1.0,3.0,5.0,0.0
2384.0,0.0,0.68859153463296,44.0,383.0,11.0,2.25,0.08333333333333333,9282.0,1.0,79.0,0.0,1.0,1.0,2.0,12.0,0.0,7.0,1.0,3.0,4.0,3.0,0.0,3.0,0.0,0.0
159.25,0.0,0.3932132015322301,30.0,990.0,1.0,2.5,0.5,7152.0,1.0,64.0,0.0,2.0,7.0,1.0,13.0,0.0,1.0,3.0,3.0,2.0,3.0,0.0,2.0,0.0,0.0
2450.0,0.0,1.5123584674316544,57.0,405.0,13.0,2.0,0.8571428571428571,2721.0,12.0,93.0,0.7499993750005208,1.0,1.0,2.0,24.0,0.15384615384615385,0.0,2.0,3.0,2.0,4.0,0.0,1.0,2.0,0.0
1308.25,0.0,1.3901353384678403,49.0,1490.0,28.5,2.5,0.26666666666666666,20948.0,8.0,35.0,0.8749989062513672,2.0,7.0,3.0,14.0,0.0,3.0,3.0,2.0,3.0,3.0,0.0,2.0,0.0,0.0
1062.9375,0.0,1.0607133167639107,34.0,829.0,16.0,2.25,0.8235294117647058,11929.0,14.0,71.0,0.5714281632655976,2.0,15.0,4.0,14.0,0.4,7.0,2.0,1.0,3.0,3.0,0.0,4.0,6.0,0.0
1454.5,0.0,1.1077684691546077,28.0,1496.0,5.0,3.0,0.5,15747.0,3.0,92.0,0.6666644444518518,1.0,1.0,1.0,15.0,0.25,3.0,1.0,3.0,3.0,3.0,0.0,4.0,1.0,1.0
411.7857142857143,0.0,0.8325776420216053,29.0,115.0,7.0,1.25,0.625,17485.0,5.0,51.0,0.5999988000024,0.0,13.0,2.0,11.0,0.0,5.0,1.0,2.0,4.0,3.0,1.0,1.0,0.0,1.0
183.96,1.0,0.6641846618659779,34.0,790.0,16.0,2.5,0.8823529411764706,7815.0,15.0,40.0,0.5999996000002666,0.0,24.0,2.0,23.0,0.625,0.0,1.0,2.0,2.0,2.0,1.0,3.0,10.0,1.0
300.5,0.0,0.9154607768469155,35.0,660.0,1.0,2.75,0.5,16192.0,1.0,76.0,0.0,1.0,7.0,1.0,13.0,0.0,1.0,4.0,3.0,3.0,3.0,0.0,1.0,0.0,0.0
317.2,1.0,0.9798682532885988,24.0,381.0,4.0,2.0,0.0,16998.0,0.0,89.0,0.0,0.0,9.0,1.0,11.0,0.0,2.0,2.0,1.0,2.0,3.0,1.0,3.0,0.0,1.0
145.21428571428572,0.0,0.7741812642802742,24.0,830.0,1.0,3.0,0.5,7103.0,1.0,78.0,0.0,1.0,13.0,1.0,13.0,0.0,1.0,4.0,2.0,2.0,3.0,0.0,3.0,0.0,0.0
3403.0,1.0,1.3994252194423304,44.0,1193.0,16.0,2.25,0.11764705882352941,19719.0,2.0,86.0,0.9999950000249999,0.0,2.0,3.0,18.0,0.6666666666666666,5.0,2.0,3.0,2.0,3.0,1.0,2.0,2.0,0.0
431.0,0.0,1.2448949304815677,29.0,1246.0,10.0,3.0,0.9090909090909091,23757.0,10.0,77.0,0.6999993000007,2.0,19.0,2.0,14.0,0.0,1.0,3.0,3.0,3.0,2.0,0.0,3.0,0.0,0.0
1032.0,0.0,0.4872808829605147,30.0,330.0,6.0,2.75,0.7142857142857143,15428.0,5.0,46.0,0.5999988000024,1.0,1.0,1.0,21.0,0.16666666666666666,0.0,3.0,3.0,3.0,3.0,0.0,1.0,1.0,0.0
807.0,1.0,0.5359445911253331,55.0,1229.0,4.0,3.0,0.6,16143.0,3.0,30.0,0.6666644444518518,0.0,4.0,2.0,16.0,0.25,0.0,4.0,3.0,2.0,3.0,0.0,2.0,1.0,0.0
767.6,0.0,1.1856035170623085,33.0,1099.0,8.0,2.5,0.5555555555555556,8192.0,5.0,82.0,0.7999984000032001,0.0,4.0,1.0,11.0,0.0,8.0,1.0,2.0,5.0,2.0,0.0,4.0,0.0,0.0
306.06666666666666,1.0,0.6630293069420972,47.0,571.0,11.0,2.75,0.4166666666666667,24200.0,5.0,78.0,0.7999984000032001,1.0,14.0,2.0,17.0,0.16666666666666666,3.0,3.0,3.0,4.0,3.0,0.0,3.0,1.0,0.0
853.6666666666666,0.0,0.791123138925631,28.0,289.0,8.0,2.25,0.0,5355.0,0.0,38.0,0.0,0.0,2.0,1.0,11.0,0.0,7.0,3.0,1.0,2.0,2.0,1.0,3.0,0.0,1.0
781.5,0.0,0.4824114866521787,28.0,1423.0,1.0,2.25,0.5,12530.0,1.0,72.0,0.0,1.0,1.0,1.0,14.0,0.0,1.0,1.0,3.0,2.0,2.0,0.0,4.0,0.0,0.0
612.25,0.0,0.707366052146023,28.0,467.0,5.0,2.75,0.6666666666666666,11827.0,4.0,55.0,0.49999875000312505,0.0,7.0,2.0,14.0,0.2,0.0,3.0,1.0,5.0,3.0,1.0,4.0,1.0,0.0
1197.25,0.0,1.4793786459644072,49.0,271.0,10.0,2.0,0.2727272727272727,23070.0,3.0,43.0,0.6666644444518518,1.0,3.0,2.0,25.0,0.25,4.0,3.0,1.0,3.0,2.0,0.0,1.0,1.0,0.0
1060.0,0.0,0.9823395477483431,29.0,410.0,4.0,3.0,0.6,4668.0,3.0,97.0,0.6666644444518518,3.0,2.0,1.0,13.0,0.0,0.0,4.0,2.0,3.0,3.0,0.0,3.0,0.0,0.0
218.3,0.0,0.8977212030686476,28.0,1083.0,8.0,2.25,0.8888888888888888,3173.0,8.0,96.0,0.7499990625011719,2.0,29.0,2.0,14.0,0.1111111111111111,1.0,3.0,2.0,2.0,1.0,0.0,2.0,1.0,0.0
709.7777777777778,1.0,0.8484793179947033,33.0,516.0,14.0,2.75,0.0,22049.0,0.0,69.0,0.0,0.0,8.0,2.0,17.0,0.0,2.0,4.0,3.0,6.0,3.0,1.0,1.0,0.0,0.0
1022.1818181818181,0.0,0.6544180958853225,32.0,495.0,10.0,3.25,0.45454545454545453,21072.0,5.0,64.0,0.39999920000160005,0.0,10.0,3.0,25.0,0.0,2.0,3.0,4.0,5.0,3.0,1.0,2.0,0.0,0.0
1336.0,0.0,0.933087060942146,54.0,1050.0,26.0,2.5,0.5185185185185185,24456.0,14.0,87.0,0.6428566836737974,1.0,11.0,4.0,20.0,0.06666666666666667,3.0,2.0,4.0,2.0,3.0,0.0,1.0,1.0,0.0
1181.0,0.0,0.7290185102190954,29.0,224.0,11.0,1.5,0.75,7568.0,9.0,100.0,0.7777769135812072,0.0,1.0,1.0,13.0,0.0,6.0,1.0,1.0,2.0,2.0,1.0,3.0,0.0,1.0
563.0344827586207,0.0,1.018364616694369,44.0,136.0,24.0,3.0,0.8,22074.0,18.0,32.0,0.299999850000075,1.0,28.0,4.0,13.0,0.6666666666666666,3.0,4.0,1.0,1.0,3.0,0.0,3.0,14.0,0.0
1196.5714285714287,0.0,1.1481619784551826,39.0,1089.0,9.0,2.75,0.2,9150.0,2.0,32.0,0.0,0.0,6.0,3.0,18.0,0.6666666666666666,4.0,2.0,2.0,3.0,3.0,1.0,4.0,2.0,0.0
4151.5,0.0,0.9664947438875547,46.0,228.0,23.0,3.25,0.5416666666666666,11380.0,13.0,51.0,0.9230762130182977,1.0,3.0,4.0,12.0,0.35714285714285715,8.0,3.0,2.0,2.0,3.0,0.0,4.0,5.0,0.0
506.2352941176471,0.0,1.1430828131907351,35.0,1029.0,11.0,2.75,0.9166666666666666,21195.0,11.0,91.0,0.7272720661163036,0.0,16.0,3.0,19.0,0.25,1.0,4.0,2.0,3.0,2.0,1.0,4.0,3.0,0.0
108.19047619047619,0.0,0.7018476265673697,23.0,507.0,5.0,2.25,0.6666666666666666,24812.0,4.0,97.0,0.7499981250046875,0.0,20.0,2.0,14.0,0.2,0.0,1.0,3.0,2.0,3.0,1.0,2.0,1.0,0.0
201.8,0.0,0.6233840274704894,40.0,676.0,15.0,2.0,0.3125,21831.0,5.0,86.0,0.7999984000032001,0.0,9.0,1.0,14.0,0.16666666666666666,3.0,4.0,1.0,3.0,3.0,1.0,2.0,1.0,1.0
3541.5,1.0,1.022922365730968,34.0,971.0,10.0,3.5,0.9090909090909091,12288.0,10.0,64.0,0.8999991000009,0.0,1.0,3.0,14.0,0.7272727272727273,1.0,4.0,3.0,3.0,2.0,0.0,4.0,8.0,0.0
1021.0,0.0,1.2605044859165053,31.0,561.0,7.0,2.25,0.875,4156.0,7.0,33.0,0.2857138775516035,0.0,3.0,1.0,12.0,0.875,1.0,4.0,3.0,2.0,3.0,1.0,1.0,7.0,1.0
626.5652173913044,1.0,0.8988028228308765,50.0,333.0,28.5,3.5,0.9696969696969697,24450.0,18.0,88.0,0.1874999414062683,0.0,22.0,4.0,13.0,0.3939393939393939,1.0,3.0,4.0,2.0,1.0,1.0,4.0,13.0,0.0
288.5,1.0,0.8789032749428789,34.0,1440.0,12.0,2.5,0.8461538461538461,4944.0,11.0,55.0,0.9090900826453795,1.0,7.0,1.0,25.0,0.4166666666666667,0.0,2.0,3.0,4.0,3.0,0.0,2.0,5.0,0.0
1613.6666666666667,0.0,1.495442059952745,42.0,1210.0,4.0,2.5,0.2,24052.0,1.0,68.0,0.0,1.0,2.0,1.0,14.0,0.0,4.0,3.0,2.0,3.0,2.0,0.0,2.0,0.0,0.0
306.07142857142856,0.0,1.3225420475397223,37.0,674.0,10.0,2.25,0.9090909090909091,3031.0,10.0,47.0,0.7999992000008,0.0,13.0,2.0,17.0,0.2727272727272727,1.0,1.0,4.0,2.0,3.0,0.0,1.0,3.0,0.0
1079.4444444444443,0.0,1.2903845607887512,29.0,441.0,9.0,2.5,0.7,7288.0,7.0,39.0,0.9999985714306123,1.0,8.0,2.0,13.0,0.0,3.0,3.0,1.0,3.0,1.0,0.0,3.0,0.0,0.0
166.15384615384616,0.0,0.5921752324410684,33.0,575.0,5.0,3.25,0.8333333333333334,24152.0,5.0,44.0,0.5999988000024,0.0,25.0,2.0,13.0,0.0,1.0,4.0,2.0,2.0,2.0,1.0,4.0,0.0,0.0
73.51724137931035,0.0,0.6580302556253647,45.0,950.0,8.0,3.75,0.5555555555555556,4585.0,5.0,97.0,0.7999984000032001,1.0,28.0,1.0,20.0,0.0,4.0,4.0,4.0,3.0,3.0,0.0,4.0,0.0,0.0
3374.6666666666665,1.0,1.3447095515620502,42.0,288.0,24.0,3.0,0.8,18611.0,18.0,40.0,0.3999998000001,1.0,2.0,3.0,14.0,0.6190476190476191,2.0,4.0,4.0,3.0,3.0,0.0,3.0,13.0,0.0
547.3,0.0,0.790407187299956,40.0,1342.0,9.0,2.5,0.8,19345.0,8.0,47.0,0.4999993750007813,0.0,9.0,2.0,12.0,0.7777777777777778,0.0,1.0,1.0,5.0,3.0,0.0,4.0,7.0,0.0
179.55172413793105,1.0,1.6085037814860448,33.0,589.0,15.0,2.5,0.9375,22949.0,15.0,79.0,0.9333327111115259,1.0,28.0,2.0,12.0,0.3125,1.0,2.0,3.0,3.0,3.0,0.0,2.0,5.0,0.0
2348.1428571428573,1.0,0.9566586839262758,40.0,898.0,21.0,3.5,0.9545454545454546,17381.0,18.0,38.0,0.3333331746032502,0.0,6.0,4.0,21.0,0.3181818181818182,1.0,3.0,4.0,2.0,3.0,1.0,4.0,7.0,0.0
104.36363636363636,0.0,0.7092615099466024,24.0,350.0,2.0,2.25,0.3333333333333333,10036.0,1.0,57.0,0.9999900000999989,3.0,21.0,1.0,14.0,0.0,0.0,3.0,1.0,3.0,2.0,0.0,2.0,0.0,0.0
452.1111111111111,1.0,0.5404606050282479,40.0,1142.0,8.0,3.5,0.2222222222222222,8841.0,2.0,72.0,0.9999950000249999,0.0,8.0,2.0,18.0,0.6666666666666666,3.0,4.0,4.0,2.0,3.0,0.0,3.0,2.0,0.0
3720.5,0.0,0.9883429250467419,45.0,538.0,10.0,1.75,0.9090909090909091,20933.0,10.0,66.0,0.7999992000008,3.0,1.0,3.0,12.0,0.6363636363636364,1.0,1.0,2.0,4.0,3.0,0.0,1.0,7.0,0.0
83.79310344827586,0.0,0.9253617669459253,35.0,1402.0,6.0,2.25,0.7142857142857143,26204.0,5.0,98.0,0.5999988000024,2.0,28.0,1.0,23.0,0.6666666666666666,0.0,2.0,3.0,5.0,2.0,0.0,1.0,4.0,0.0
979.6666666666666,0.0,1.814212871747605,32.0,824.0,12.0,2.5,0.5384615384615384,15624.0,7.0,67.0,0.14285693877580175,1.0,5.0,2.0,12.0,0.25,3.0,4.0,2.0,2.0,2.0,0.0,1.0,2.0,0.0
881.3333333333334,1.0,1.0068545316070068,36.0,1157.0,7.0,3.25,0.375,17001.0,3.0,70.0,0.6666644444518518,0.0,2.0,1.0,21.0,0.25,3.0,3.0,4.0,3.0,3.0,1.0,4.0,1.0,0.0
378.7647058823529,0.0,0.9299162943585632,48.0,492.0,18.0,3.0,0.42105263157894735,13693.0,8.0,96.0,0.8749989062513672,1.0,16.0,2.0,14.0,0.7777777777777778,8.0,3.0,3.0,2.0,3.0,0.0,3.0,7.0,0.0
245.1,0.0,0.7564878783010173,29.0,598.0,5.0,2.25,0.16666666666666666,22376.0,1.0,91.0,0.0,2.0,9.0,1.0,18.0,0.0,6.0,3.0,3.0,2.0,4.0,0.0,1.0,0.0,0.0
710.2222222222222,0.0,0.9231285841807634,33.0,1242.0,8.0,1.75,0.2222222222222222,10589.0,2.0,46.0,0.9999950000249999,1.0,8.0,2.0,13.0,0.6666666666666666,2.0,1.0,1.0,6.0,3.0,0.0,4.0,2.0,0.0
4857.0,0.0,1.4028897163222678,30.0,740.0,10.0,2.5,0.9090909090909091,5323.0,10.0,64.0,0.7999992000008,1.0,1.0,2.0,11.0,0.5454545454545454,1.0,2.0,1.0,4.0,2.0,0.0,4.0,6.0,1.0
552.4545454545455,0.0,1.4346927934840348,38.0,888.0,10.0,3.0,0.5454545454545454,14814.0,6.0,71.0,0.4999991666680556,0.0,10.0,2.0,11.0,0.14285714285714285,3.0,3.0,3.0,2.0,3.0,0.0,3.0,1.0,0.0
1225.0,0.0,0.7568339282966794,35.0,992.0,3.0,2.5,0.75,21731.0,3.0,68.0,0.0,0.0,1.0,1.0,19.0,0.25,1.0,4.0,1.0,3.0,2.0,1.0,2.0,1.0,0.0
308.3333333333333,0.0,1.3358791307371811,30.0,1288.0,9.0,2.5,0.4,17799.0,4.0,33.0,0.49999875000312505,1.0,29.0,3.0,12.0,0.2,3.0,3.0,2.0,3.0,3.0,0.0,2.0,1.0,0.0
691.3333333333334,1.0,0.6406830886886993,35.0,104.0,1.0,2.25,0.5,26619.0,1.0,69.0,0.0,1.0,2.0,1.0,12.0,0.0,1.0,1.0,1.0,2.0,3.0,0.0,4.0,0.0,1.0
3389.6666666666665,0.0,1.3939421154382465,53.0,607.0,28.5,3.0,0.9428571428571428,14618.0,18.0,78.0,0.2121211478420764,1.0,2.0,3.0,16.0,0.029411764705882353,0.0,3.0,4.0,4.0,2.0,0.0,2.0,1.0,1.0
1618.3333333333333,0.0,0.6655117484956915,38.0,903.0,7.0,2.25,0.625,7653.0,5.0,81.0,0.39999920000160005,2.0,2.0,2.0,11.0,0.16666666666666666,4.0,3.0,2.0,2.0,3.0,0.0,1.0,1.0,1.0
2043.5,0.0,1.2614304196720758,32.0,1200.0,9.0,2.25,0.6,25174.0,6.0,62.0,0.8333319444467593,1.0,1.0,2.0,14.0,0.14285714285714285,4.0,4.0,1.0,3.0,3.0,0.0,2.0,1.0,0.0
147.9375,0.0,0.730561733145046,48.0,1108.0,10.0,2.5,0.7272727272727273,16530.0,8.0,65.0,0.24999968750039064,1.0,15.0,1.0,12.0,0.7777777777777778,8.0,3.0,1.0,3.0,3.0,0.0,4.0,7.0,0.0
371.5,0.0,0.9172917071850768,34.0,479.0,1.0,2.25,0.5,22061.0,1.0,35.0,0.0,0.0,7.0,1.0,13.0,0.0,1.0,1.0,4.0,4.0,3.0,1.0,3.0,0.0,0.0
725.4074074074074,0.0,1.1399353278201643,55.0,685.0,28.5,3.25,0.972972972972973,23037.0,18.0,60.0,0.1666666203703832,1.0,26.0,5.0,21.0,0.05405405405405406,1.0,3.0,4.0,3.0,2.0,0.0,3.0,2.0,0.0
2742.0,0.0,1.6926069051826922,34.0,1351.0,9.0,2.5,0.2,13008.0,2.0,45.0,0.9999950000249999,1.0,1.0,2.0,17.0,0.6666666666666666,8.5,2.0,4.0,3.0,3.0,0.0,2.0,2.0,0.0
515.25,0.0,0.6361164900768652,26.0,474.0,1.0,2.25,0.5,11133.0,1.0,89.0,0.0,0.0,3.0,1.0,21.0,0.0,1.0,1.0,4.0,5.0,3.0,0.0,1.0,0.0,0.0
661.6,0.0,1.433217783074139,38.0,1245.0,10.0,3.0,0.8181818181818182,12355.0,9.0,80.0,0.8888879012356653,1.0,14.0,2.0,11.0,0.7,0.0,3.0,2.0,3.0,3.0,0.0,4.0,7.0,0.0
246.94117647058823,0.0,0.6062724963064525,38.0,437.0,8.0,2.5,0.3333333333333333,16379.0,3.0,90.0,0.6666644444518518,0.0,16.0,2.0,12.0,0.25,2.0,2.0,2.0,5.0,3.0,1.0,2.0,1.0,0.0
3407.5,0.0,0.984217975780961,36.0,884.0,15.0,2.25,0.0625,21447.0,1.0,73.0,0.0,0.0,1.0,2.0,13.0,0.0,6.0,2.0,3.0,5.0,3.0,1.0,1.0,0.0,0.0
1180.75,1.0,1.4589904666715172,29.0,1370.0,10.0,2.5,0.9090909090909091,16213.0,10.0,87.0,0.8999991000009,0.0,3.0,1.0,18.0,0.09090909090909091,1.0,2.0,1.0,3.0,3.0,1.0,4.0,1.0,0.0
558.3636363636364,1.0,0.8158046291677313,35.0,670.0,10.0,2.5,0.45454545454545453,4223.0,5.0,51.0,0.39999920000160005,0.0,10.0,2.0,16.0,0.0,3.0,1.0,3.0,4.0,3.0,1.0,3.0,0.0,0.0
1176.7142857142858,0.0,1.1895823135007741,39.0,1462.0,11.0,2.75,0.5833333333333334,4658.0,7.0,38.0,0.8571416326548106,1.0,6.0,3.0,11.0,0.875,2.0,4.0,3.0,3.0,4.0,0.0,1.0,7.0,0.0
2951.0,0.0,1.1758903259560283,29.0,995.0,6.0,3.25,0.8571428571428571,24483.0,6.0,87.0,0.6666655555574075,1.0,2.0,2.0,19.0,0.14285714285714285,1.0,1.0,4.0,0.0,3.0,0.0,4.0,1.0,0.0
1933.1,1.0,1.1250939355708973,50.0,264.0,27.0,3.0,0.03571428571428571,19519.0,1.0,59.0,0.0,1.0,9.0,5.0,16.0,0.0,4.0,3.0,3.0,2.0,3.0,0.0,3.0,0.0,0.0
188.45454545454547,0.0,0.6398202250991468,23.0,977.0,4.0,3.5,0.4,12826.0,2.0,45.0,0.9999950000249999,1.0,10.0,1.0,16.0,0.6666666666666666,2.0,4.0,3.0,2.0,4.0,0.0,4.0,2.0,0.0
794.5714285714286,1.0,1.7181674731371963,36.0,1302.0,9.0,2.25,0.3,19711.0,3.0,80.0,0.6666644444518518,1.0,6.0,2.0,13.0,0.0,3.0,1.0,1.0,3.0,4.0,0.0,4.0,0.0,0.0
1961.3,0.0,1.1415067693524394,42.0,1059.0,24.0,3.75,0.04,26362.0,1.0,93.0,0.0,0.0,9.0,5.0,22.0,0.0,8.0,4.0,4.0,2.0,2.0,1.0,4.0,0.0,0.0
117.48275862068965,0.0,1.0524625280435864,35.0,750.0,10.0,2.75,0.9090909090909091,25348.0,10.0,46.0,0.8999991000009,2.0,28.0,2.0,17.0,0.5454545454545454,1.0,2.0,3.0,3.0,4.0,0.0,4.0,6.0,0.0
460.27272727272725,0.0,0.672487599719346,34.0,653.0,8.0,2.75,0.8888888888888888,15332.0,8.0,92.0,0.24999968750039064,1.0,10.0,2.0,14.0,0.7777777777777778,1.0,4.0,3.0,3.0,2.0,0.0,2.0,7.0,0.0
309.26666666666665,0.0,0.669961436485382,40.0,118.0,5.0,2.75,0.8333333333333334,11262.0,5.0,84.0,0.7999984000032001,1.0,14.0,2.0,15.0,0.16666666666666666,1.0,4.0,1.0,2.0,3.0,0.0,3.0,1.0,0.0
174.14285714285714,0.0,1.506253973214126,43.0,990.0,8.0,3.0,0.6666666666666666,5855.0,6.0,87.0,0.6666655555574075,1.0,27.0,1.0,12.0,0.0,5.0,4.0,2.0,0.0,4.0,0.0,3.0,0.0,0.0
336.25,0.0,0.8309727620890072,35.0,1349.0,1.0,3.25,0.5,7713.0,1.0,63.0,0.0,1.0,7.0,1.0,18.0,0.0,1.0,3.0,4.0,5.0,2.0,0.0,4.0,0.0,0.0
8783.5,0.0,1.0224264221289097,46.0,563.0,27.0,2.0,0.9285714285714286,3156.0,18.0,56.0,0.0,0.0,1.0,4.0,15.0,0.0,1.0,4.0,1.0,5.0,4.0,1.0,2.0,0.0,0.0
96.32,1.0,0.7438596323830221,28.0,329.0,1.0,2.75,0.5,7324.0,1.0,51.0,0.9999900000999989,3.0,24.0,1.0,17.0,0.0,1.0,3.0,2.0,3.0,3.0,0.0,3.0,0.0,1.0
104.22222222222223,1.0,0.8685258627250357,22.0,457.0,4.0,2.25,0.8,10293.0,4.0,85.0,0.49999875000312505,0.0,26.0,1.0,14.0,0.2,1.0,2.0,3.0,2.0,2.0,0.0,2.0,1.0,0.0
535.4761904761905,1.0,1.4936051864199182,50.0,1234.0,28.5,2.75,0.9090909090909091,20689.0,18.0,41.0,0.2666665777778074,1.0,20.0,4.0,15.0,0.3870967741935484,2.0,2.0,3.0,3.0,3.0,0.0,3.0,12.0,0.0
552.0,0.0,1.0222308661497221,32.0,634.0,6.0,3.25,0.42857142857142855,18783.0,3.0,35.0,0.6666644444518518,2.0,5.0,1.0,17.0,0.0,3.0,2.0,4.0,3.0,4.0,0.0,4.0,0.0,0.0
2381.125,1.0,1.1880712630702497,44.0,1313.0,23.0,3.0,0.9166666666666666,3549.0,18.0,31.0,0.31818167355378474,1.0,7.0,5.0,14.0,0.043478260869565216,0.0,2.0,4.0,4.0,3.0,0.0,4.0,1.0,0.0
267.625,0.0,0.6608080568920759,30.0,241.0,6.0,2.0,0.8571428571428571,5348.0,6.0,48.0,0.6666655555574075,1.0,7.0,1.0,12.0,0.14285714285714285,1.0,2.0,2.0,3.0,2.0,0.0,2.0,1.0,0.0
961.5,1.0,1.782112217283079,45.0,1015.0,10.0,2.0,0.9090909090909091,23447.0,10.0,50.0,0.6999993000007,0.0,5.0,2.0,14.0,0.09090909090909091,1.0,3.0,1.0,3.0,1.0,1.0,1.0,1.0,0.0
162.40740740740742,0.0,0.6332789176521664,45.0,336.0,10.0,1.5,0.9090909090909091,24162.0,10.0,52.0,0.6999993000007,1.0,26.0,2.0,15.0,0.36363636363636365,1.0,1.0,1.0,2.0,2.0,0.0,1.0,4.0,0.0
1777.3333333333333,0.0,0.7700440567665567,31.0,715.0,10.0,3.0,0.45454545454545453,21602.0,5.0,54.0,0.39999920000160005,0.0,2.0,2.0,13.0,0.0,7.0,4.0,1.0,3.0,3.0,1.0,4.0,0.0,0.0
358.6923076923077,1.0,0.6391928492760884,36.0,559.0,7.0,2.75,0.375,12421.0,3.0,76.0,0.6666644444518518,2.0,12.0,2.0,12.0,0.25,8.5,3.0,3.0,2.0,3.0,0.0,2.0,1.0,0.0
429.45454545454544,0.0,0.6475545828823165,34.0,426.0,9.0,2.75,0.9,17000.0,9.0,42.0,0.7777769135812072,1.0,10.0,2.0,13.0,0.7,1.0,3.0,4.0,3.0,4.0,0.0,1.0,7.0,0.0
123.5,0.0,0.991915813779852,49.0,722.0,10.0,2.5,0.8181818181818182,22102.0,9.0,84.0,0.666665925926749,1.0,25.0,1.0,14.0,0.1,1.0,3.0,1.0,3.0,3.0,0.0,4.0,1.0,0.0
488.8181818181818,0.0,0.7370662557489873,39.0,1387.0,10.0,2.5,0.6363636363636364,3835.0,7.0,76.0,0.9999985714306123,3.0,10.0,2.0,13.0,0.875,2.0,2.0,1.0,3.0,3.0,0.0,4.0,7.0,0.0
203.3,0.0,1.2560354091650199,27.0,1302.0,7.0,2.25,0.875,16290.0,7.0,67.0,0.9999985714306123,2.0,19.0,1.0,11.0,0.0,1.0,4.0,1.0,3.0,2.0,0.0,1.0,0.0,0.0
274.10526315789474,0.0,1.6074209996702153,35.0,819.0,16.0,2.5,0.9411764705882353,26312.0,16.0,48.0,0.9374994140628662,0.0,18.0,2.0,11.0,0.058823529411764705,1.0,2.0,1.0,2.0,4.0,0.0,4.0,1.0,0.0
174.17857142857142,0.0,0.6685274556979377,28.0,580.0,6.0,1.75,0.7142857142857143,20460.0,5.0,39.0,0.5999988000024,1.0,27.0,2.0,21.0,0.0,0.0,2.0,1.0,5.0,1.0,0.0,2.0,0.0,0.0
519.5,0.0,0.9620451720376462,21.0,546.0,3.0,3.25,0.5,26009.0,2.0,97.0,0.9999950000249999,0.0,5.0,1.0,18.0,0.6666666666666666,1.0,3.0,4.0,2.0,3.0,1.0,3.0,2.0,0.0
392.25,1.0,0.5974866717440975,18.0,544.0,0.0,3.25,0.0,18420.0,0.0,70.0,0.0,0.0,3.0,1.0,12.0,0.0,1.0,2.0,4.0,2.0,3.0,1.0,3.0,0.0,1.0
728.074074074074,0.0,1.1441258385728983,47.0,1176.0,27.0,3.25,0.17857142857142858,5220.0,5.0,98.0,0.39999920000160005,1.0,26.0,5.0,11.0,0.16666666666666666,3.0,4.0,3.0,2.0,3.0,0.0,3.0,1.0,0.0
767.25,0.0,0.9480503371193915,39.0,170.0,11.0,3.25,0.8333333333333334,10302.0,10.0,76.0,0.7999992000008,1.0,3.0,2.0,15.0,0.0,0.0,3.0,3.0,3.0,2.0,0.0,4.0,0.0,0.0
652.1875,0.0,1.4304047570654048,40.0,884.0,18.0,2.75,0.9473684210526315,25800.0,18.0,80.0,0.8333328703706276,2.0,15.0,3.0,13.0,0.7368421052631579,1.0,1.0,3.0,2.0,2.0,0.0,4.0,14.0,0.0
460.8888888888889,0.0,0.5509536961556089,35.0,208.0,15.0,3.25,0.875,12250.0,14.0,52.0,0.7857137244901968,1.0,8.0,2.0,12.0,0.13333333333333333,1.0,3.0,3.0,5.0,3.0,0.0,4.0,2.0,0.0
288.4,0.0,0.790663597388908,37.0,671.0,9.0,2.25,0.4,26493.0,4.0,85.0,0.7499981250046875,3.0,19.0,2.0,17.0,0.0,3.0,3.0,3.0,2.0,3.0,0.0,1.0,0.0,0.0
1008.4,0.0,0.691145259714784,39.0,711.0,10.0,2.25,0.8181818181818182,3140.0,9.0,81.0,0.22222197530891633,0.0,4.0,2.0,13.0,0.3,0.0,1.0,3.0,2.0,3.0,1.0,4.0,3.0,0.0
1923.3333333333333,0.0,0.7909377525891123,45.0,1329.0,10.0,3.0,0.9090909090909091,5388.0,10.0,59.0,0.6999993000007,2.0,2.0,2.0,19.0,0.2727272727272727,1.0,4.0,4.0,3.0,2.0,0.0,1.0,3.0,0.0
2585.3333333333335,1.0,1.0631738663918813,38.0,397.0,10.0,3.75,0.45454545454545453,14199.0,5.0,54.0,0.7999984000032001,1.0,2.0,3.0,19.0,0.0,3.0,4.0,3.0,6.0,2.0,0.0,4.0,0.0,0.0
936.9090909090909,0.0,1.4883859806894475,35.0,737.0,15.0,2.75,0.8125,21530.0,13.0,55.0,0.9230762130182977,0.0,10.0,3.0,17.0,0.42857142857142855,8.5,4.0,1.0,3.0,2.0,0.0,3.0,6.0,1.0
357.8181818181818,0.0,1.2148250873083655,37.0,1470.0,8.0,1.5,0.8888888888888888,9953.0,8.0,71.0,0.4999993750007813,1.0,10.0,1.0,11.0,0.7777777777777778,1.0,2.0,2.0,2.0,3.0,0.0,1.0,7.0,0.0
467.3529411764706,1.0,1.089081532811178,40.0,448.0,18.0,3.25,0.21052631578947367,19948.0,4.0,84.0,0.49999875000312505,0.0,16.0,3.0,15.0,0.6,6.0,3.0,4.0,2.0,3.0,1.0,4.0,3.0,0.0
2871.5,1.0,1.3558401699817033,44.0,602.0,14.0,2.75,0.6666666666666666,10503.0,10.0,37.0,0.6999993000007,0.0,1.0,2.0,11.0,0.0,4.0,1.0,4.0,3.0,3.0,0.0,3.0,0.0,0.0
3040.4,0.0,0.884779784209238,48.0,365.0,23.0,3.0,0.08333333333333333,5602.0,2.0,89.0,0.9999950000249999,1.0,4.0,4.0,25.0,0.6666666666666666,2.0,3.0,4.0,3.0,2.0,0.0,2.0,2.0,0.0
340.0,1.0,0.7856413482389476,35.0,763.0,7.0,2.75,0.25,22098.0,2.0,59.0,0.9999950000249999,2.0,15.0,2.0,14.0,0.6666666666666666,6.0,1.0,4.0,2.0,1.0,0.0,4.0,2.0,1.0
1253.3333333333333,1.0,1.160503640314902,24.0,567.0,6.0,2.75,0.8571428571428571,17218.0,6.0,32.0,0.4999991666680556,0.0,2.0,1.0,13.0,0.14285714285714285,1.0,1.0,4.0,2.0,3.0,1.0,3.0,1.0,0.0
390.77777777777777,0.0,1.0855030061136997,27.0,486.0,5.0,2.25,0.5,22490.0,3.0,86.0,0.6666644444518518,0.0,8.0,1.0,17.0,0.0,7.0,2.0,3.0,0.0,4.0,0.0,1.0,0.0,0.0
860.0,0.0,0.7963030297905445,27.0,591.0,6.0,3.25,0.5714285714285714,6297.0,4.0,87.0,0.49999875000312505,0.0,2.0,1.0,13.0,0.2,2.0,4.0,4.0,0.0,3.0,1.0,3.0,1.0,0.0
270.75,1.0,0.6691029749757582,40.0,1329.0,10.0,1.25,0.36363636363636365,3339.0,4.0,73.0,0.49999875000312505,0.0,7.0,1.0,14.0,0.0,3.0,1.0,1.0,3.0,3.0,1.0,2.0,0.0,1.0
533.5454545454545,0.0,0.8475972560320558,29.0,469.0,8.0,3.0,0.5555555555555556,23413.0,5.0,42.0,0.39999920000160005,0.0,10.0,2.0,11.0,0.16666666666666666,8.5,3.0,3.0,2.0,2.0,1.0,3.0,1.0,0.0
1334.6666666666667,0.0,1.0636540980747626,36.0,711.0,9.0,2.25,0.3,22792.0,3.0,42.0,0.6666644444518518,2.0,5.0,3.0,12.0,0.0,4.0,2.0,1.0,6.0,3.0,0.0,3.0,0.0,0.0
1735.3333333333333,0.0,0.7136259861315283,25.0,772.0,7.0,3.25,0.875,4973.0,7.0,77.0,0.9999985714306123,2.0,2.0,2.0,17.0,0.0,1.0,4.0,3.0,6.0,4.0,0.0,3.0,0.0,0.0
407.3076923076923,0.0,0.7258258925406151,39.0,492.0,7.0,3.0,0.625,7693.0,5.0,66.0,0.7999984000032001,0.0,12.0,2.0,21.0,0.16666666666666666,4.0,4.0,2.0,3.0,3.0,0.0,3.0,1.0,0.0
713.6086956521739,0.0,1.0236660003555047,49.0,301.0,27.0,2.0,0.14285714285714285,3498.0,4.0,72.0,0.49999875000312505,2.0,22.0,4.0,16.0,0.2,3.0,1.0,2.0,2.0,3.0,0.0,2.0,1.0,0.0
737.1666666666666,0.0,0.8275771741130318,50.0,813.0,19.0,2.75,0.7,21981.0,14.0,50.0,0.7857137244901968,3.0,17.0,3.0,15.0,0.06666666666666667,5.0,4.0,1.0,3.0,2.0,0.0,3.0,1.0,0.0
927.6666666666666,0.0,1.0597867479055598,20.0,1141.0,2.0,2.5,0.6666666666666666,13251.0,2.0,31.0,0.9999950000249999,0.0,2.0,1.0,19.0,0.6666666666666666,1.0,3.0,3.0,3.0,3.0,1.0,1.0,2.0,0.0
1358.25,0.0,1.6768660313379955,34.0,1130.0,11.0,3.0,0.9166666666666666,19332.0,11.0,66.0,0.7272720661163036,1.0,3.0,2.0,12.0,0.5833333333333334,1.0,4.0,2.0,2.0,3.0,0.0,3.0,7.0,0.0
251.625,0.0,0.6218394684331493,36.0,311.0,15.0,2.25,0.25,10950.0,4.0,77.0,0.7499981250046875,0.0,7.0,1.0,11.0,0.2,2.0,1.0,2.0,4.0,3.0,1.0,3.0,1.0,0.0
1995.142857142857,1.0,1.8550191225914254,49.0,465.0,28.5,2.75,0.4838709677419355,11652.0,15.0,41.0,0.7333328444447704,1.0,6.0,4.0,19.0,0.125,2.0,3.0,3.0,3.0,2.0,0.0,2.0,2.0,0.0
2187.0,0.0,0.5995774228465818,36.0,894.0,4.0,3.25,0.6,15411.0,3.0,33.0,0.6666644444518518,0.0,1.0,2.0,15.0,0.25,0.0,4.0,3.0,6.0,2.0,0.0,3.0,1.0,0.0
1710.5,0.0,0.9087813859924483,36.0,1040.0,13.0,2.25,0.35714285714285715,26308.0,5.0,79.0,0.7999984000032001,1.0,3.0,2.0,20.0,0.0,6.0,4.0,1.0,3.0,4.0,0.0,1.0,0.0,0.0
757.6521739130435,0.0,1.0142200052381385,54.0,584.0,28.5,2.75,0.2702702702702703,18685.0,10.0,91.0,0.7999992000008,1.0,22.0,4.0,25.0,0.36363636363636365,3.0,2.0,3.0,6.0,3.0,0.0,3.0,4.0,0.0
1100.1875,0.0,1.0978853716114023,43.0,1291.0,14.0,2.5,0.9333333333333333,3525.0,14.0,65.0,0.7142852040819971,1.0,15.0,4.0,24.0,0.4,1.0,3.0,3.0,3.0,2.0,0.0,1.0,6.0,0.0
352.38461538461536,1.0,0.6615851132872461,35.0,880.0,13.0,3.25,0.7857142857142857,10414.0,11.0,36.0,0.8181810743808415,0.0,12.0,2.0,24.0,0.5,3.0,4.0,4.0,2.0,3.0,1.0,1.0,6.0,1.0
2367.5,0.0,1.4614321108752824,38.0,1189.0,19.0,4.0,0.65,9867.0,13.0,90.0,0.8461531952667729,2.0,1.0,2.0,15.0,0.14285714285714285,7.0,4.0,4.0,4.0,3.0,0.0,4.0,2.0,0.0
697.8333333333334,1.0,0.6046838832861164,29.0,991.0,10.0,1.75,0.9090909090909091,3356.0,10.0,43.0,0.0,1.0,5.0,2.0,13.0,0.0,1.0,1.0,2.0,3.0,2.0,0.0,2.0,0.0,0.0
1835.0,0.0,0.7950286069954792,33.0,392.0,6.0,3.5,0.8571428571428571,3921.0,6.0,93.0,0.33333277777870374,2.0,2.0,2.0,14.0,0.0,1.0,4.0,4.0,5.0,3.0,0.0,3.0,0.0,0.0
1823.3333333333333,0.0,1.6882858809900303,32.0,977.0,10.0,2.75,0.8181818181818182,25518.0,9.0,45.0,0.5555549382722909,2.0,2.0,2.0,13.0,0.1,0.0,4.0,2.0,4.0,3.0,0.0,3.0,1.0,0.0
912.6666666666666,0.0,0.7908404453964112,31.0,1112.0,10.0,2.25,0.9090909090909091,22589.0,10.0,67.0,0.0,2.0,5.0,2.0,11.0,0.0,1.0,1.0,4.0,2.0,3.0,0.0,1.0,0.0,0.0
152.1764705882353,1.0,0.7991548459197999,49.0,464.0,17.0,2.25,0.1111111111111111,24941.0,2.0,74.0,0.9999950000249999,1.0,16.0,1.0,16.0,0.6666666666666666,4.0,4.0,1.0,2.0,3.0,0.0,2.0,2.0,0.0
813.3333333333334,0.0,0.7537448102219991,38.0,148.0,4.0,2.75,0.8,23826.0,4.0,42.0,0.7499981250046875,0.0,2.0,1.0,22.0,0.6,1.0,4.0,2.0,3.0,2.0,1.0,2.0,3.0,0.0
5324.0,0.0,0.9295949686482009,47.0,1225.0,28.5,2.5,0.1,21086.0,3.0,47.0,0.6666644444518518,3.0,2.0,4.0,14.0,0.25,6.0,2.0,2.0,2.0,4.0,0.0,3.0,1.0,0.0
7689.5,0.0,0.8950814564763763,49.0,809.0,23.0,2.5,0.3333333333333333,22384.0,8.0,36.0,0.8749989062513672,0.0,1.0,4.0,14.0,0.0,4.0,3.0,3.0,2.0,3.0,1.0,1.0,0.0,0.0
295.0833333333333,1.0,1.022777946365483,41.0,1206.0,21.0,3.5,0.09090909090909091,11591.0,2.0,80.0,0.0,0.0,23.0,3.0,16.0,0.0,3.0,4.0,3.0,2.0,3.0,1.0,4.0,0.0,0.0
272.8,0.0,1.038842345773039,20.0,727.0,2.0,2.25,0.6666666666666666,21082.0,2.0,54.0,0.9999950000249999,0.0,9.0,1.0,11.0,0.0,1.0,4.0,1.0,3.0,3.0,1.0,1.0,0.0,0.0
315.7647058823529,1.0,0.7752431539240203,33.0,530.0,7.0,3.25,0.75,16130.0,6.0,36.0,0.8333319444467593,1.0,16.0,2.0,25.0,0.14285714285714285,1.0,3.0,4.0,2.0,3.0,0.0,3.0,1.0,0.0
198.03703703703704,0.0,0.710209598202517,36.0,1351.0,10.0,2.0,0.2727272727272727,7419.0,3.0,80.0,0.6666644444518518,2.0,26.0,2.0,14.0,0.0,6.0,1.0,3.0,2.0,3.0,0.0,2.0,0.0,0.0
1597.5,1.0,0.7542938086525409,44.0,528.0,8.0,2.75,0.2222222222222222,4167.0,2.0,44.0,0.9999950000249999,3.0,1.0,1.0,18.0,0.6666666666666666,4.0,3.0,4.0,2.0,3.0,0.0,1.0,2.0,0.0
443.22222222222223,1.0,1.2322491999899814,23.0,1320.0,5.0,2.75,0.8333333333333334,20586.0,5.0,93.0,0.7999984000032001,0.0,8.0,1.0,11.0,0.16666666666666666,1.0,4.0,3.0,2.0,2.0,1.0,1.0,1.0,1.0
661.2,0.0,1.0212624354893152,38.0,1495.0,7.0,3.25,0.0,26176.0,0.0,87.0,0.0,1.0,4.0,1.0,19.0,0.0,7.0,4.0,3.0,5.0,3.0,0.0,4.0,0.0,0.0
280.2,0.0,0.9304316879387753,53.0,1395.0,11.0,3.0,0.3333333333333333,3458.0,4.0,48.0,0.7499981250046875,0.0,24.0,3.0,15.0,0.2,3.0,2.0,4.0,2.0,4.0,0.0,3.0,1.0,0.0
331.875,1.0,1.011043412033511,48.0,708.0,19.0,3.25,0.45,11740.0,9.0,95.0,0.7777769135812072,2.0,7.0,1.0,11.0,0.7,2.0,4.0,3.0,3.0,3.0,0.0,3.0,7.0,1.0
464.3333333333333,0.0,0.43031414780296917,32.0,1259.0,1.0,2.5,0.5,24852.0,1.0,95.0,0.0,0.0,2.0,1.0,12.0,0.0,1.0,4.0,2.0,2.0,3.0,1.0,1.0,0.0,1.0
321.25,0.0,0.7939033451928433,26.0,786.0,7.0,3.5,0.875,11925.0,7.0,76.0,0.9999985714306123,0.0,7.0,1.0,20.0,0.625,1.0,4.0,4.0,5.0,3.0,1.0,3.0,5.0,0.0
153.7826086956522,0.0,1.0916758978175023,55.0,1441.0,8.0,2.5,0.4444444444444444,23737.0,4.0,94.0,0.49999875000312505,1.0,22.0,1.0,12.0,0.2,5.0,1.0,2.0,1.0,2.0,0.0,4.0,1.0,0.0
664.3333333333334,0.0,1.2313224645675773,34.0,1157.0,15.0,3.25,0.9375,11912.0,15.0,57.0,0.6666662222225186,1.0,5.0,2.0,14.0,0.25,1.0,2.0,4.0,3.0,2.0,0.0,3.0,4.0,0.0
5441.5,0.0,1.4455229207477076,60.0,370.0,19.0,3.5,0.05,20467.0,1.0,92.0,0.0,1.0,1.0,3.0,20.0,0.0,3.0,3.0,4.0,2.0,1.0,0.0,3.0,0.0,0.0
92.18181818181819,0.0,0.6264731455451698,33.0,267.0,14.0,2.75,0.9333333333333333,13637.0,14.0,79.0,0.7857137244901968,3.0,21.0,1.0,18.0,0.13333333333333333,1.0,2.0,2.0,6.0,4.0,0.0,4.0,2.0,0.0
4762.5,0.0,1.3755944562455837,37.0,1278.0,6.0,3.0,0.8571428571428571,7677.0,6.0,31.0,0.4999991666680556,2.0,1.0,2.0,14.0,0.14285714285714285,1.0,3.0,4.0,2.0,1.0,0.0,3.0,1.0,0.0
146.45,0.0,0.9040199900219011,34.0,678.0,10.0,2.75,0.9090909090909091,20338.0,10.0,35.0,0.8999991000009,0.0,19.0,1.0,12.0,0.7272727272727273,1.0,2.0,4.0,3.0,2.0,0.0,2.0,8.0,0.0
284.375,1.0,0.8663366336633663,23.0,427.0,3.0,3.0,0.75,25103.0,3.0,99.0,0.6666644444518518,1.0,7.0,1.0,21.0,0.0,1.0,3.0,4.0,2.0,3.0,0.0,2.0,0.0,1.0
2626.3333333333335,1.0,1.0465198100313504,44.0,921.0,9.0,3.0,0.8,14810.0,8.0,96.0,0.8749989062513672,1.0,2.0,3.0,19.0,0.6666666666666666,1.0,3.0,4.0,2.0,4.0,0.0,2.0,6.0,0.0
1643.3333333333333,1.0,1.5216178049873583,35.0,146.0,6.0,3.0,0.7142857142857143,13970.0,5.0,79.0,0.7999984000032001,0.0,2.0,1.0,14.0,0.16666666666666666,0.0,1.0,4.0,2.0,2.0,1.0,3.0,1.0,0.0
2615.6666666666665,1.0,1.133258760961585,43.0,1179.0,10.0,3.0,0.9090909090909091,6069.0,10.0,73.0,0.8999991000009,1.0,2.0,2.0,17.0,0.7272727272727273,1.0,4.0,4.0,3.0,3.0,0.0,1.0,8.0,0.0
440.1,0.0,1.3583448194217775,24.0,581.0,5.0,3.25,0.8333333333333334,17616.0,5.0,62.0,0.5999988000024,1.0,9.0,1.0,16.0,0.0,1.0,3.0,3.0,1.0,4.0,0.0,4.0,0.0,0.0
1320.142857142857,0.0,1.3345793564478152,41.0,918.0,10.0,3.0,0.9090909090909091,15869.0,10.0,35.0,0.7999992000008,0.0,6.0,3.0,12.0,0.7272727272727273,1.0,4.0,3.0,3.0,3.0,1.0,2.0,8.0,0.0
297.4,0.0,0.9187037154099285,29.0,1082.0,9.0,3.25,0.5,25412.0,5.0,43.0,0.5999988000024,1.0,9.0,1.0,17.0,0.16666666666666666,8.5,4.0,3.0,2.0,3.0,0.0,3.0,1.0,0.0
1500.6666666666667,0.0,1.7143945163747143,36.0,530.0,17.0,3.0,0.7222222222222222,7439.0,13.0,51.0,0.5384611242606736,0.0,2.0,2.0,15.0,0.42857142857142855,3.0,3.0,4.0,2.0,3.0,1.0,3.0,6.0,0.0
5374.0,0.0,1.4275916890743692,45.0,1238.0,25.0,3.0,0.8846153846153846,3395.0,18.0,74.0,0.6521736294897263,1.0,1.0,3.0,23.0,0.5833333333333334,3.0,3.0,3.0,3.0,2.0,0.0,4.0,14.0,0.0
67.6086956521739,0.0,0.3671132621141474,24.0,240.0,1.0,3.25,0.5,11585.0,1.0,58.0,0.0,1.0,22.0,1.0,11.0,0.0,1.0,4.0,3.0,2.0,1.0,0.0,3.0,0.0,1.0
1293.6,0.0,1.868208911915262,47.0,1093.0,25.0,2.5,0.8846153846153846,24164.0,18.0,82.0,0.21739120982990878,0.0,9.0,4.0,11.0,0.5833333333333334,7.0,3.0,3.0,3.0,1.0,0.0,3.0,14.0,1.0
128.05555555555554,0.0,0.7120417162138147,26.0,390.0,3.0,3.5,0.75,6217.0,3.0,62.0,0.6666644444518518,3.0,17.0,1.0,15.0,0.0,1.0,4.0,3.0,3.0,1.0,0.0,3.0,0.0,0.0
576.0,0.0,1.0418154432424511,45.0,1005.0,21.0,3.0,0.9545454545454546,17119.0,18.0,48.0,0.28571414965992875,0.0,28.0,4.0,11.0,0.36363636363636365,1.0,4.0,2.0,2.0,2.0,1.0,3.0,8.0,0.0
312.09090909090907,0.0,1.0595768609577283,32.0,585.0,10.0,1.75,0.45454545454545453,17360.0,5.0,56.0,0.39999920000160005,1.0,10.0,1.0,13.0,0.16666666666666666,6.0,1.0,3.0,3.0,3.0,0.0,1.0,1.0,0.0
1159.0,0.0,1.0740863545663488,31.0,741.0,6.0,3.25,0.7142857142857143,18103.0,5.0,69.0,0.39999920000160005,1.0,2.0,1.0,14.0,0.0,1.0,2.0,3.0,2.0,3.0,0.0,4.0,0.0,0.0
1286.0,0.0,1.5180310452694328,41.0,552.0,10.0,2.5,0.2727272727272727,20794.0,3.0,60.0,0.6666644444518518,1.0,4.0,2.0,19.0,0.25,6.0,3.0,2.0,4.0,1.0,0.0,2.0,1.0,0.0
724.0,1.0,0.8931976422652782,40.0,369.0,18.0,2.0,0.05263157894736842,5041.0,1.0,92.0,0.0,1.0,8.0,2.0,16.0,0.0,2.0,2.0,1.0,3.0,3.0,0.0,2.0,0.0,0.0
130.23333333333332,0.0,1.2069184317776027,24.0,506.0,6.0,2.25,0.8571428571428571,3622.0,6.0,91.0,0.33333277777870374,3.0,29.0,1.0,13.0,0.14285714285714285,1.0,2.0,1.0,2.0,3.0,0.0,2.0,1.0,0.0
397.2857142857143,0.0,0.7387667449415372,46.0,717.0,19.0,3.0,0.5,9697.0,10.0,34.0,0.6999993000007,0.0,13.0,2.0,14.0,0.0,6.0,3.0,2.0,3.0,3.0,1.0,4.0,0.0,0.0
245.82142857142858,0.0,0.9435051215027487,35.0,1370.0,17.0,3.0,0.3888888888888889,5151.0,7.0,49.0,0.9999985714306123,1.0,27.0,2.0,16.0,0.0,2.0,4.0,3.0,3.0,3.0,0.0,2.0,0.0,0.0
168.35294117647058,0.0,0.8833408028141622,30.0,793.0,10.0,2.5,0.9090909090909091,3811.0,10.0,33.0,0.0,1.0,16.0,1.0,12.0,0.0,1.0,2.0,4.0,2.0,3.0,0.0,2.0,0.0,0.0
1659.3333333333333,0.0,0.7189196013848311,47.0,543.0,4.0,2.5,0.2,3536.0,1.0,87.0,0.0,1.0,2.0,2.0,11.0,0.0,7.0,3.0,2.0,3.0,3.0,0.0,4.0,0.0,0.0
3456.0,1.0,1.4973399813495236,46.0,1277.0,13.0,2.75,0.7142857142857143,5596.0,10.0,74.0,0.5999994000006,1.0,2.0,3.0,12.0,0.0,4.0,3.0,4.0,5.0,3.0,0.0,2.0,0.0,0.0
438.14285714285717,1.0,0.8858683878856075,36.0,1456.0,16.0,2.0,0.11764705882352941,8658.0,2.0,96.0,0.9999950000249999,3.0,13.0,2.0,13.0,0.6666666666666666,5.0,2.0,1.0,3.0,2.0,0.0,2.0,2.0,1.0
3367.5,0.0,0.9726644265421529,32.0,964.0,10.0,2.0,0.0,12147.0,0.0,34.0,0.0,0.0,1.0,2.0,15.0,0.0,6.0,1.0,2.0,2.0,1.0,1.0,2.0,0.0,1.0
659.0,0.0,1.0178644056071668,23.0,160.0,3.0,2.25,0.75,12862.0,3.0,51.0,0.6666644444518518,0.0,4.0,1.0,13.0,0.25,1.0,3.0,2.0,3.0,3.0,1.0,3.0,1.0,0.0
209.52,0.0,0.7180124693347955,31.0,163.0,9.0,3.5,0.5,6670.0,5.0,30.0,0.7999984000032001,0.0,24.0,2.0,20.0,0.16666666666666666,2.0,4.0,4.0,3.0,3.0,1.0,4.0,1.0,0.0
3236.0,1.0,1.9992772179331058,39.0,792.0,9.0,3.75,0.9,8989.0,9.0,77.0,0.8888879012356653,1.0,1.0,2.0,15.0,0.5,1.0,4.0,4.0,2.0,3.0,0.0,4.0,5.0,0.0
480.5,0.0,1.3878701023118174,32.0,371.0,10.0,2.75,0.36363636363636365,3840.0,4.0,80.0,0.7499981250046875,1.0,19.0,3.0,13.0,0.0,3.0,4.0,3.0,2.0,1.0,0.0,3.0,0.0,0.0
2479.125,0.0,1.1543111077635717,40.0,611.0,21.0,2.0,0.9545454545454546,4349.0,18.0,88.0,0.38095219954657167,0.0,7.0,5.0,14.0,0.5454545454545454,1.0,2.0,2.0,3.0,3.0,1.0,2.0,12.0,0.0
1951.2,0.0,2.3032520805052235,45.0,176.0,9.0,3.25,0.5,6595.0,5.0,56.0,0.0,2.0,4.0,3.0,21.0,0.0,4.0,3.0,3.0,2.0,1.0,0.0,3.0,0.0,0.0
1656.0,0.0,1.5333462992245834,30.0,1312.0,10.0,3.0,0.8181818181818182,26427.0,9.0,78.0,0.7777769135812072,0.0,2.0,1.0,16.0,0.0,0.0,4.0,1.0,2.0,2.0,1.0,4.0,0.0,0.0
195.0,0.0,0.5064038245883256,24.0,897.0,3.0,3.0,0.5,2097.0,2.0,59.0,0.9999950000249999,1.0,10.0,1.0,14.0,0.6666666666666666,0.0,1.0,4.0,2.0,3.0,0.0,4.0,2.0,0.0
242.22222222222223,0.0,0.5146668240571327,30.0,600.0,6.0,3.0,0.5714285714285714,9732.0,4.0,66.0,0.49999875000312505,1.0,8.0,1.0,11.0,0.2,6.0,3.0,4.0,0.0,2.0,0.0,3.0,1.0,1.0
1391.0,0.0,1.20532402433865,31.0,1003.0,6.0,2.5,0.7142857142857143,20943.0,5.0,51.0,0.39999920000160005,1.0,5.0,2.0,19.0,0.0,1.0,1.0,3.0,3.0,3.0,0.0,3.0,0.0,0.0
382.77777777777777,0.0,1.06328059598001,27.0,1054.0,6.0,3.0,0.8571428571428571,6152.0,6.0,67.0,0.33333277777870374,0.0,8.0,1.0,11.0,0.14285714285714285,1.0,3.0,4.0,5.0,3.0,1.0,3.0,1.0,0.0
276.0,0.0,1.051028179741051,29.0,428.0,2.0,2.5,0.6666666666666666,14630.0,2.0,52.0,0.9999950000249999,0.0,9.0,1.0,13.0,0.6666666666666666,1.0,2.0,2.0,3.0,1.0,1.0,3.0,2.0,1.0
3147.0,1.0,0.835993867792527,29.0,461.0,10.0,3.75,0.2727272727272727,23060.0,3.0,70.0,0.6666644444518518,0.0,1.0,2.0,12.0,0.0,8.0,4.0,3.0,5.0,4.0,1.0,4.0,0.0,0.0
446.25,0.0,1.0311542695636187,30.0,979.0,12.0,2.0,0.5384615384615384,3088.0,7.0,94.0,0.9999985714306123,1.0,15.0,3.0,11.0,0.125,2.0,3.0,1.0,2.0,2.0,0.0,1.0,1.0,0.0
977.3333333333334,1.0,0.9049459237774715,34.0,181.0,6.0,3.0,0.7142857142857143,5586.0,5.0,97.0,0.0,3.0,2.0,1.0,14.0,0.16666666666666666,0.0,4.0,4.0,3.0,4.0,0.0,1.0,1.0,0.0
1715.6666666666667,0.0,0.7433264741518131,33.0,1283.0,13.0,3.0,0.7857142857142857,10697.0,11.0,62.0,0.6363630578517656,0.0,2.0,2.0,15.0,0.08333333333333333,8.0,4.0,2.0,2.0,3.0,1.0,4.0,1.0,0.0
375.5833333333333,0.0,0.6508980802413487,49.0,1313.0,8.0,3.75,0.5555555555555556,8191.0,5.0,80.0,0.19999960000080003,0.0,11.0,2.0,12.0,0.0,3.0,4.0,4.0,1.0,3.0,1.0,3.0,0.0,0.0
503.7647058823529,1.0,1.236807446014402,33.0,211.0,11.0,1.75,0.0,10092.0,0.0,74.0,0.0,0.0,16.0,3.0,20.0,0.0,2.0,1.0,1.0,2.0,3.0,1.0,3.0,0.0,1.0
822.6666666666666,0.0,0.762394340831104,38.0,594.0,9.0,2.25,0.6,15963.0,6.0,75.0,0.16666638888935187,1.0,2.0,1.0,14.0,0.0,4.0,3.0,2.0,4.0,2.0,0.0,2.0,0.0,0.0
480.05882352941177,0.0,1.1786064417239066,31.0,1079.0,10.0,2.0,0.09090909090909091,19002.0,1.0,70.0,0.0,3.0,16.0,3.0,13.0,0.0,2.0,1.0,3.0,2.0,3.0,0.0,1.0,0.0,1.0
421.8,0.0,0.6509314301659916,29.0,590.0,1.0,2.75,0.5,10007.0,1.0,91.0,0.0,1.0,4.0,1.0,13.0,0.0,1.0,4.0,1.0,2.0,2.0,0.0,3.0,0.0,0.0
311.4117647058824,0.0,0.7031699294715027,30.0,305.0,10.0,3.0,0.6363636363636364,9128.0,7.0,58.0,0.0,1.0,16.0,2.0,16.0,0.125,3.0,3.0,3.0,3.0,4.0,0.0,3.0,1.0,0.0
453.0,0.0,0.8388959825467829,32.0,953.0,12.0,2.25,0.5384615384615384,17674.0,7.0,65.0,0.9999985714306123,0.0,5.0,1.0,14.0,0.0,2.0,2.0,2.0,3.0,3.0,1.0,2.0,0.0,0.0
305.8421052631579,1.0,0.7718399055834723,38.0,833.0,15.0,3.0,0.0625,24539.0,1.0,60.0,0.0,1.0,18.0,2.0,16.0,0.5,3.0,2.0,4.0,2.0,1.0,0.0,3.0,1.0,0.0
135.38888888888889,1.0,0.7521668541083554,43.0,807.0,6.0,3.25,0.14285714285714285,15587.0,1.0,38.0,0.0,1.0,17.0,1.0,16.0,0.0,8.5,3.0,3.0,4.0,2.0,0.0,4.0,0.0,1.0
212.76923076923077,0.0,0.8544500594565777,42.0,855.0,7.0,2.0,0.625,8952.0,5.0,57.0,0.5999988000024,3.0,12.0,1.0,22.0,0.0,8.0,2.0,2.0,6.0,3.0,0.0,2.0,0.0,0.0
6346.0,0.0,1.187385201655279,55.0,478.0,28.5,2.25,0.02857142857142857,19805.0,1.0,60.0,0.0,3.0,2.0,5.0,12.0,0.0,8.0,3.0,1.0,2.0,2.0,0.0,2.0,0.0,0.0
611.0,0.0,0.942909207755858,33.0,775.0,11.0,3.0,0.75,6194.0,9.0,90.0,0.8888879012356653,2.0,4.0,2.0,15.0,0.1,5.0,4.0,2.0,2.0,3.0,0.0,4.0,1.0,0.0
228.9,0.0,0.7070991272943262,41.0,548.0,5.0,2.25,0.8333333333333334,20520.0,5.0,94.0,0.5999988000024,2.0,9.0,1.0,20.0,0.0,1.0,3.0,1.0,2.0,3.0,0.0,2.0,0.0,0.0
363.72727272727275,1.0,0.5778218813058877,34.0,1375.0,15.0,3.25,0.9375,12313.0,15.0,87.0,0.9333327111115259,1.0,10.0,2.0,14.0,0.0,1.0,4.0,3.0,3.0,3.0,0.0,3.0,0.0,0.0
6482.5,1.0,1.7772110853237157,53.0,661.0,27.0,2.5,0.10714285714285714,22308.0,3.0,60.0,0.6666644444518518,3.0,1.0,4.0,20.0,0.0,4.0,1.0,3.0,2.0,2.0,0.0,4.0,0.0,0.0
1179.6666666666667,0.0,0.83550728914596,43.0,244.0,10.0,2.75,0.8181818181818182,5033.0,9.0,97.0,0.7777769135812072,0.0,2.0,1.0,13.0,0.1,0.0,2.0,4.0,5.0,3.0,1.0,2.0,1.0,0.0
1507.25,0.0,0.8707043545096719,34.0,511.0,6.0,3.0,0.2857142857142857,25353.0,2.0,32.0,0.9999950000249999,0.0,3.0,2.0,12.0,0.6666666666666666,5.0,4.0,4.0,3.0,1.0,1.0,1.0,2.0,0.0
334.875,0.0,1.0201827875095202,21.0,337.0,1.0,2.25,0.5,4567.0,1.0,31.0,0.0,0.0,7.0,1.0,13.0,0.5,1.0,2.0,2.0,3.0,3.0,1.0,2.0,1.0,1.0
528.8571428571429,0.0,1.143591511246656,38.0,1153.0,5.0,3.0,0.8333333333333334,16376.0,5.0,40.0,0.7999984000032001,1.0,6.0,1.0,11.0,0.0,1.0,4.0,3.0,3.0,2.0,0.0,2.0,0.0,0.0
266.44444444444446,1.0,0.7407705143083417,22.0,1294.0,1.0,2.5,0.5,15999.0,1.0,79.0,0.0,0.0,8.0,1.0,17.0,0.0,1.0,3.0,1.0,6.0,3.0,0.0,3.0,0.0,1.0
182.26666666666668,0.0,0.7896850904725304,31.0,196.0,13.0,2.25,0.8571428571428571,13402.0,12.0,91.0,0.5833328472226273,2.0,29.0,2.0,14.0,0.38461538461538464,1.0,1.0,4.0,3.0,2.0,0.0,1.0,5.0,0.0
3279.0,0.0,0.7633713754564114,51.0,942.0,15.0,2.75,0.125,22984.0,2.0,53.0,0.9999950000249999,0.0,3.0,3.0,11.0,0.6666666666666666,2.0,1.0,3.0,2.0,3.0,0.0,4.0,2.0,0.0
418.9,0.0,0.6049727220170866,37.0,589.0,5.0,2.0,0.8333333333333334,8800.0,5.0,46.0,0.39999920000160005,2.0,9.0,2.0,14.0,0.0,1.0,2.0,2.0,2.0,2.0,0.0,1.0,0.0,0.0
6442.666666666667,1.0,1.2054722753226828,46.0,734.0,24.0,3.25,0.08,14218.0,2.0,46.0,0.49999750001249993,1.0,2.0,5.0,17.0,0.6666666666666666,7.0,3.0,4.0,3.0,3.0,0.0,3.0,2.0,0.0
756.4545454545455,1.0,1.1052279907692433,36.0,1383.0,15.0,3.0,0.75,25949.0,12.0,90.0,0.6666661111115741,1.0,10.0,3.0,13.0,0.38461538461538464,7.0,4.0,1.0,1.0,3.0,0.0,4.0,5.0,0.0
1171.0,1.0,0.7228456185152927,44.0,429.0,6.0,2.5,0.7142857142857143,11092.0,5.0,99.0,0.5999988000024,3.0,1.0,1.0,12.0,0.3333333333333333,1.0,3.0,2.0,2.0,3.0,0.0,3.0,2.0,1.0
452.3333333333333,0.0,0.9611048810718291,37.0,1239.0,19.0,2.5,0.5,12832.0,10.0,89.0,0.0,0.0,8.0,2.0,13.0,0.36363636363636365,2.0,3.0,2.0,4.0,3.0,0.0,3.0,4.0,0.0
207.60714285714286,1.0,0.8395097715648902,35.0,303.0,10.0,3.5,0.9090909090909091,13492.0,10.0,84.0,0.6999993000007,0.0,27.0,2.0,18.0,0.6363636363636364,1.0,3.0,4.0,2.0,3.0,1.0,4.0,7.0,1.0
349.22222222222223,0.0,0.9700699312525897,33.0,867.0,14.0,2.5,0.6666666666666666,6076.0,10.0,90.0,0.7999992000008,1.0,8.0,1.0,19.0,0.6363636363636364,6.0,4.0,1.0,1.0,4.0,0.0,2.0,7.0,0.0
1022.0,0.0,0.630869532128633,28.0,1181.0,5.0,3.5,0.8333333333333334,5531.0,5.0,82.0,0.5999988000024,1.0,1.0,1.0,11.0,0.0,1.0,3.0,4.0,6.0,3.0,0.0,3.0,0.0,0.0
1224.0,0.0,0.8397391719238722,39.0,1253.0,9.0,3.0,0.4,7914.0,4.0,65.0,0.7499981250046875,0.0,10.0,3.0,21.0,0.4,7.0,3.0,3.0,3.0,3.0,1.0,3.0,2.0,0.0
295.962962962963,0.0,1.1540551495914393,46.0,849.0,6.0,2.5,0.2857142857142857,25166.0,2.0,98.0,0.9999950000249999,0.0,26.0,2.0,15.0,0.6666666666666666,8.0,2.0,2.0,3.0,2.0,1.0,3.0,2.0,0.0
1125.6666666666667,0.0,1.0431951738195455,40.0,616.0,7.0,2.5,0.5,25605.0,4.0,99.0,0.7499981250046875,1.0,2.0,1.0,17.0,0.0,4.0,3.0,1.0,5.0,3.0,0.0,4.0,0.0,0.0
395.57142857142856,0.0,0.7355789704218326,42.0,1128.0,10.0,2.0,0.0,5696.0,0.0,95.0,0.0,2.0,13.0,2.0,18.0,0.0,5.0,2.0,1.0,2.0,4.0,0.0,3.0,0.0,0.0
1920.6666666666667,0.0,0.7898411317882955,35.0,1180.0,15.0,3.0,0.4375,24442.0,7.0,90.0,0.9999985714306123,1.0,2.0,2.0,14.0,0.125,2.0,2.0,4.0,6.0,3.0,0.0,3.0,1.0,0.0
864.0,0.0,0.6119341320899486,38.0,1336.0,13.0,2.5,0.7857142857142857,7129.0,11.0,100.0,0.9090900826453795,3.0,2.0,1.0,13.0,0.25,5.0,1.0,2.0,3.0,3.0,0.0,4.0,3.0,0.0
534.6,0.0,1.6514425227241014,34.0,234.0,11.0,2.5,0.5833333333333334,6208.0,7.0,93.0,0.14285693877580175,1.0,9.0,2.0,17.0,0.0,4.0,4.0,1.0,3.0,3.0,0.0,3.0,0.0,1.0
383.0,0.0,0.5775079292301438,37.0,370.0,10.0,2.0,0.9090909090909091,4992.0,10.0,58.0,0.2999997000003,0.0,10.0,2.0,15.0,0.0,1.0,4.0,1.0,4.0,3.0,1.0,2.0,0.0,1.0
196.52380952380952,0.0,0.5960187213570104,39.0,766.0,7.0,3.5,0.25,19188.0,2.0,83.0,0.49999750001249993,1.0,20.0,2.0,18.0,0.6666666666666666,2.0,3.0,4.0,6.0,3.0,0.0,4.0,2.0,0.0
243.8,0.0,0.7524754986935456,43.0,343.0,7.0,2.25,0.375,24978.0,3.0,52.0,0.6666644444518518,0.0,9.0,1.0,13.0,0.25,4.0,1.0,3.0,2.0,3.0,1.0,3.0,1.0,0.0
1145.0,0.0,0.912500456265437,41.0,447.0,11.0,1.5,0.25,15530.0,3.0,85.0,0.6666644444518518,0.0,5.0,2.0,12.0,0.25,3.0,2.0,2.0,3.0,4.0,1.0,1.0,1.0,0.0
2089.4,1.0,1.5087491112228466,41.0,796.0,23.0,3.5,0.9166666666666666,26458.0,18.0,81.0,0.6363633471075695,1.0,4.0,3.0,13.0,0.5652173913043478,0.0,3.0,3.0,3.0,3.0,0.0,4.0,13.0,0.0
878.8181818181819,0.0,1.3251291601869928,30.0,1092.0,9.0,2.25,0.7,2739.0,7.0,64.0,0.9999985714306123,0.0,10.0,3.0,14.0,0.0,8.5,1.0,3.0,3.0,3.0,1.0,2.0,0.0,0.0
102.28571428571429,1.0,0.5071120816856519,26.0,920.0,6.0,3.0,0.7142857142857143,6889.0,5.0,69.0,0.19999960000080003,0.0,20.0,1.0,11.0,0.16666666666666666,0.0,4.0,2.0,3.0,3.0,0.0,3.0,1.0,1.0
405.72727272727275,0.0,1.185586473453463,46.0,261.0,13.0,3.5,0.6428571428571429,10842.0,9.0,66.0,0.7777769135812072,1.0,21.0,2.0,22.0,0.3,4.0,4.0,2.0,2.0,3.0,0.0,4.0,3.0,1.0
3256.5,0.0,0.8650823102848313,40.0,1194.0,12.0,3.5,0.38461538461538464,9060.0,5.0,52.0,0.5999988000024,1.0,1.0,2.0,17.0,0.0,4.0,3.0,4.0,3.0,3.0,0.0,4.0,0.0,0.0
755.4444444444445,0.0,0.9819072659331994,34.0,810.0,10.0,2.75,0.9090909090909091,22128.0,10.0,92.0,0.7999992000008,2.0,8.0,2.0,21.0,0.36363636363636365,1.0,2.0,3.0,5.0,4.0,0.0,3.0,4.0,0.0
5430.333333333333,0.0,0.9481612593443426,58.0,350.0,28.5,2.5,0.42105263157894735,22577.0,16.0,52.0,0.5624996484377197,1.0,2.0,4.0,22.0,0.8235294117647058,4.0,2.0,2.0,0.0,3.0,0.0,4.0,14.0,0.0
112.70833333333333,0.0,0.8356064392010277,35.0,185.0,6.0,2.75,0.7142857142857143,9696.0,5.0,91.0,0.7999984000032001,1.0,23.0,1.0,16.0,0.0,0.0,2.0,3.0,2.0,1.0,0.0,2.0,0.0,0.0
2066.6,1.0,1.416422841854991,47.0,1001.0,28.0,2.75,0.7586206896551724,19271.0,18.0,92.0,0.49999977272737606,1.0,4.0,3.0,12.0,0.6086956521739131,8.0,3.0,2.0,4.0,2.0,0.0,3.0,14.0,0.0
342.15384615384613,0.0,0.5908008776519161,40.0,750.0,15.0,2.0,0.4375,10748.0,7.0,47.0,0.571427755103207,1.0,12.0,2.0,12.0,0.875,2.0,2.0,1.0,3.0,3.0,0.0,2.0,7.0,0.0
856.75,0.0,2.115449986893175,54.0,431.0,14.0,3.0,0.4666666666666667,15696.0,7.0,68.0,0.14285693877580175,1.0,7.0,2.0,15.0,0.125,4.0,4.0,4.0,2.0,3.0,0.0,2.0,1.0,0.0
1204.625,0.0,1.391769425179915,31.0,1125.0,9.0,2.25,0.3,8277.0,3.0,68.0,0.6666644444518518,2.0,7.0,3.0,14.0,0.5,2.0,1.0,1.0,3.0,3.0,0.0,4.0,2.0,0.0
1795.5,0.0,1.1083427054177695,28.0,1217.0,3.0,2.5,0.75,12719.0,3.0,67.0,0.6666644444518518,1.0,1.0,1.0,25.0,0.25,1.0,3.0,1.0,3.0,3.0,0.0,3.0,1.0,0.0
1801.6666666666667,1.0,2.058263518659558,38.0,723.0,20.0,2.25,0.19047619047619047,4244.0,4.0,77.0,0.49999875000312505,2.0,2.0,2.0,20.0,0.0,2.0,2.0,4.0,4.0,1.0,0.0,1.0,0.0,0.0
425.8181818181818,0.0,0.6764603079322115,26.0,572.0,5.0,2.75,0.8333333333333334,9125.0,5.0,46.0,0.5999988000024,0.0,10.0,2.0,13.0,0.16666666666666666,1.0,3.0,4.0,4.0,3.0,1.0,1.0,1.0,0.0
986.6875,1.0,0.9846228689217298,58.0,1216.0,23.0,2.25,0.08333333333333333,21624.0,2.0,87.0,0.9999950000249999,0.0,15.0,4.0,14.0,0.6666666666666666,2.0,1.0,3.0,3.0,3.0,0.0,2.0,2.0,0.0
100.93333333333334,0.0,0.4672879019778622,18.0,1431.0,0.0,2.25,0.0,8018.0,0.0,33.0,0.0,0.0,14.0,1.0,16.0,0.0,1.0,2.0,3.0,4.0,3.0,1.0,3.0,0.0,0.0
155.57894736842104,0.0,0.6978693265655433,31.0,359.0,2.0,2.75,0.3333333333333333,21495.0,1.0,89.0,0.0,0.0,18.0,1.0,17.0,0.0,0.0,4.0,1.0,4.0,4.0,0.0,3.0,0.0,1.0
166.78571428571428,1.0,0.5512601074189931,29.0,350.0,4.0,2.25,0.4,3157.0,2.0,56.0,0.9999950000249999,3.0,13.0,1.0,15.0,0.6666666666666666,4.0,1.0,1.0,3.0,2.0,0.0,4.0,2.0,1.0
1718.0,0.0,0.7443374097102088,45.0,589.0,10.0,3.0,0.7272727272727273,19665.0,8.0,67.0,0.8749989062513672,2.0,2.0,2.0,22.0,0.5555555555555556,4.0,3.0,3.0,3.0,3.0,0.0,2.0,5.0,0.0
2320.6666666666665,1.0,2.1487836020937094,36.0,430.0,15.0,3.25,0.0625,19573.0,1.0,73.0,0.0,1.0,2.0,2.0,22.0,0.0,4.0,4.0,2.0,2.0,3.0,0.0,4.0,0.0,0.0
1891.6666666666667,0.0,0.8195798991279463,43.0,1422.0,7.0,2.75,0.875,19246.0,7.0,92.0,0.9999985714306123,1.0,2.0,2.0,20.0,0.875,1.0,1.0,4.0,5.0,3.0,0.0,3.0,7.0,0.0
396.5,1.0,0.7349011899664492,27.0,1297.0,6.0,3.25,0.7142857142857143,19826.0,5.0,53.0,0.7999984000032001,0.0,5.0,1.0,14.0,0.0,0.0,4.0,4.0,3.0,3.0,1.0,3.0,0.0,0.0
181.52380952380952,0.0,1.1775718100681396,29.0,574.0,11.0,3.5,0.9166666666666666,7003.0,11.0,40.0,0.7272720661163036,0.0,20.0,1.0,13.0,0.25,1.0,4.0,4.0,3.0,3.0,0.0,2.0,3.0,0.0
422.54545454545456,0.0,0.6712612107747479,32.0,1318.0,4.0,3.75,0.0,26075.0,0.0,79.0,0.0,0.0,10.0,2.0,13.0,0.0,8.0,4.0,4.0,2.0,3.0,1.0,3.0,0.0,0.0
266.90909090909093,0.0,0.906180502118232,42.0,355.0,10.0,2.5,0.5454545454545454,6161.0,6.0,38.0,0.4999991666680556,2.0,10.0,1.0,22.0,0.42857142857142855,3.0,3.0,3.0,1.0,3.0,0.0,2.0,3.0,0.0
210.5,0.0,0.6502593547202082,47.0,207.0,7.0,2.75,0.25,5411.0,2.0,64.0,0.9999950000249999,0.0,9.0,1.0,12.0,0.6666666666666666,4.0,2.0,3.0,2.0,3.0,1.0,3.0,2.0,0.0
2859.3333333333335,0.0,1.1758516536758068,46.0,706.0,12.0,3.25,0.6923076923076923,19989.0,9.0,82.0,0.8888879012356653,1.0,2.0,3.0,14.0,0.4,3.0,4.0,4.0,4.0,3.0,0.0,3.0,4.0,0.0
1353.0,0.0,0.6388479017883492,28.0,280.0,3.0,3.0,0.75,10494.0,3.0,43.0,0.6666644444518518,1.0,1.0,1.0,15.0,0.5,1.0,3.0,4.0,2.0,3.0,0.0,2.0,2.0,0.0
212.8,0.0,0.8479480222414192,29.0,726.0,11.0,3.5,0.5833333333333334,21143.0,7.0,93.0,0.0,2.0,29.0,2.0,17.0,0.125,8.0,4.0,3.0,3.0,1.0,0.0,4.0,1.0,0.0
440.8888888888889,0.0,1.2257620520331527,42.0,1142.0,8.0,3.5,0.0,13624.0,0.0,81.0,0.0,0.0,8.0,1.0,13.0,0.0,4.0,4.0,3.0,3.0,3.0,1.0,4.0,0.0,0.0
3302.3333333333335,1.0,1.4307626538608922,32.0,414.0,7.0,2.5,0.25,26186.0,2.0,82.0,0.9999950000249999,0.0,2.0,2.0,12.0,0.6666666666666666,7.0,3.0,2.0,3.0,2.0,1.0,3.0,2.0,1.0
3306.25,0.0,1.9099461085404563,46.0,1319.0,25.0,2.25,0.7307692307692307,7739.0,18.0,45.0,0.8947363711913836,1.0,3.0,4.0,12.0,0.1,2.0,1.0,1.0,5.0,4.0,0.0,4.0,2.0,0.0
147.5,0.0,1.348057882711348,27.0,728.0,9.0,3.0,0.9,7018.0,9.0,36.0,0.8888879012356653,1.0,23.0,2.0,21.0,0.5,1.0,2.0,3.0,5.0,2.0,0.0,4.0,5.0,0.0
400.57142857142856,0.0,0.6619843003010093,29.0,352.0,1.0,3.25,0.5,15434.0,1.0,87.0,0.0,0.0,6.0,1.0,11.0,0.0,1.0,4.0,2.0,3.0,2.0,0.0,4.0,0.0,0.0
2770.285714285714,0.0,1.1286442294030747,43.0,823.0,21.0,2.75,0.7272727272727273,22539.0,16.0,81.0,0.749999531250293,0.0,6.0,5.0,13.0,0.35294117647058826,7.0,1.0,3.0,2.0,2.0,0.0,4.0,6.0,0.0
1787.7272727272727,0.0,1.2264907023085967,48.0,1224.0,28.5,3.25,0.7333333333333333,13583.0,18.0,91.0,0.4545452479339782,0.0,10.0,5.0,12.0,0.5217391304347826,4.0,4.0,2.0,3.0,2.0,0.0,4.0,12.0,0.0
97.56,1.0,0.7527841432787357,29.0,459.0,1.0,3.0,0.5,14753.0,1.0,73.0,0.0,0.0,24.0,1.0,24.0,0.5,1.0,4.0,4.0,3.0,2.0,1.0,2.0,1.0,1.0
664.9090909090909,0.0,1.0562832391580261,46.0,1254.0,14.0,2.75,0.5333333333333333,14011.0,8.0,64.0,0.8749989062513672,3.0,10.0,3.0,21.0,0.0,5.0,3.0,2.0,2.0,3.0,0.0,3.0,0.0,1.0
298.375,0.0,1.4734692496976975,27.0,1131.0,8.0,2.75,0.7777777777777778,23844.0,7.0,77.0,0.8571416326548106,1.0,15.0,1.0,19.0,0.875,0.0,4.0,1.0,2.0,2.0,0.0,4.0,7.0,0.0
195.1,0.0,1.204331171411901,39.0,835.0,7.0,3.25,0.25,5141.0,2.0,41.0,0.9999950000249999,3.0,19.0,2.0,14.0,0.6666666666666666,8.0,4.0,4.0,2.0,3.0,0.0,2.0,2.0,0.0
887.3333333333334,0.0,0.8216118857761354,55.0,836.0,19.0,3.0,0.25,7975.0,5.0,98.0,0.39999920000160005,1.0,2.0,1.0,20.0,0.0,8.0,2.0,4.0,2.0,2.0,0.0,2.0,0.0,0.0
714.0,0.0,1.0875856816450875,28.0,1172.0,1.0,2.75,0.5,3692.0,1.0,78.0,0.0,1.0,3.0,1.0,19.0,0.0,1.0,2.0,2.0,3.0,3.0,0.0,4.0,0.0,0.0
108.1,0.0,0.41165270373191165,30.0,945.0,1.0,2.75,0.5,16019.0,1.0,89.0,0.0,0.0,9.0,1.0,13.0,0.0,1.0,2.0,4.0,3.0,3.0,1.0,3.0,0.0,1.0
309.0,1.0,0.7629694145900101,22.0,391.0,1.0,2.5,0.5,26092.0,1.0,75.0,0.0,0.0,7.0,1.0,23.0,0.0,1.0,4.0,2.0,2.0,3.0,1.0,1.0,0.0,1.0
515.7272727272727,1.0,0.8192910603969761,36.0,1266.0,10.0,2.25,0.9090909090909091,6060.0,10.0,63.0,0.8999991000009,1.0,10.0,2.0,13.0,0.09090909090909091,1.0,2.0,3.0,4.0,2.0,0.0,1.0,1.0,0.0
199.85714285714286,0.0,1.296502855943332,31.0,311.0,10.0,2.25,0.9090909090909091,18624.0,10.0,89.0,0.7999992000008,1.0,20.0,2.0,11.0,0.0,1.0,2.0,3.0,2.0,3.0,0.0,1.0,0.0,0.0
1942.6,1.0,1.4027452969567826,34.0,1480.0,9.0,3.5,0.5,24444.0,5.0,64.0,0.5999988000024,3.0,4.0,3.0,13.0,0.16666666666666666,2.0,3.0,4.0,3.0,3.0,0.0,4.0,1.0,0.0
257.75,0.0,0.6369761469990829,29.0,592.0,11.0,2.5,0.25,19384.0,3.0,59.0,0.6666644444518518,0.0,7.0,1.0,14.0,0.25,3.0,4.0,1.0,2.0,3.0,1.0,2.0,1.0,0.0
535.5,1.0,1.322233402954532,37.0,783.0,16.0,2.75,0.29411764705882354,13588.0,5.0,78.0,0.5999988000024,1.0,7.0,2.0,22.0,0.0,5.0,4.0,1.0,2.0,3.0,0.0,3.0,0.0,0.0
281.6470588235294,1.0,0.6563275492888508,35.0,219.0,4.0,3.25,0.6,25388.0,3.0,44.0,0.6666644444518518,0.0,16.0,2.0,11.0,0.0,0.0,4.0,2.0,2.0,2.0,0.0,4.0,0.0,0.0
227.15384615384616,0.0,0.8095803062029977,45.0,556.0,10.0,3.0,0.8181818181818182,23888.0,9.0,93.0,0.8888879012356653,2.0,25.0,2.0,13.0,0.3,0.0,2.0,4.0,2.0,2.0,0.0,4.0,3.0,0.0
1295.3333333333333,0.0,0.9174290267367055,36.0,1213.0,10.0,3.0,0.9090909090909091,4223.0,10.0,94.0,0.0999999000001,0.0,2.0,2.0,21.0,0.0,1.0,2.0,4.0,2.0,2.0,1.0,4.0,0.0,0.0
8411.5,0.0,0.9791244776839897,40.0,1137.0,22.0,1.5,0.8260869565217391,18991.0,18.0,98.0,0.36842085872586383,1.0,1.0,4.0,11.0,0.55,2.0,1.0,1.0,3.0,3.0,0.0,1.0,11.0,0.0
1466.5,1.0,0.9052545683626616,26.0,482.0,1.0,2.5,0.5,14908.0,1.0,90.0,0.0,1.0,1.0,1.0,13.0,0.5,1.0,2.0,3.0,3.0,2.0,0.0,3.0,1.0,0.0
2166.6666666666665,0.0,0.9387258756531544,27.0,511.0,9.0,2.0,0.8,26997.0,8.0,89.0,0.8749989062513672,0.0,2.0,2.0,14.0,0.0,0.0,1.0,3.0,5.0,4.0,1.0,2.0,0.0,0.0
746.695652173913,0.0,0.9995532176035689,48.0,117.0,24.0,3.25,0.88,2437.0,18.0,58.0,0.772726921487763,1.0,22.0,4.0,11.0,0.17391304347826086,3.0,4.0,4.0,3.0,3.0,0.0,2.0,4.0,0.0
2516.5,0.0,0.6685028815697154,44.0,170.0,10.0,2.5,0.18181818181818182,9364.0,2.0,78.0,0.0,1.0,1.0,2.0,15.0,0.6666666666666666,2.0,2.0,1.0,5.0,4.0,0.0,4.0,2.0,0.0
135.7058823529412,1.0,0.7120430580336381,34.0,967.0,5.0,2.5,0.8333333333333334,14460.0,5.0,85.0,0.39999920000160005,1.0,16.0,1.0,23.0,0.5,1.0,4.0,1.0,2.0,1.0,0.0,2.0,3.0,1.0
103.48,0.0,0.7991548459197999,56.0,1162.0,5.0,3.0,0.6666666666666666,10261.0,4.0,97.0,0.49999875000312505,0.0,24.0,1.0,16.0,0.2,1.0,1.0,4.0,3.0,3.0,1.0,4.0,1.0,1.0
305.94444444444446,0.0,0.7953174457264494,36.0,335.0,12.0,2.25,0.3076923076923077,16822.0,4.0,33.0,0.49999875000312505,2.0,17.0,2.0,16.0,0.2,2.0,3.0,2.0,1.0,2.0,0.0,3.0,1.0,0.0
488.1111111111111,0.0,0.6344342725760472,41.0,337.0,14.0,2.75,0.3333333333333333,26841.0,5.0,54.0,0.7999984000032001,1.0,8.0,2.0,21.0,0.16666666666666666,5.0,3.0,2.0,3.0,3.0,0.0,3.0,1.0,0.0
1906.857142857143,0.0,0.8325043424569107,42.0,1396.0,18.0,2.5,0.6842105263157895,14842.0,13.0,83.0,0.5384611242606736,1.0,6.0,3.0,13.0,0.35714285714285715,8.5,3.0,1.0,3.0,3.0,0.0,2.0,5.0,0.0
598.4545454545455,1.0,0.9507126829884177,31.0,1079.0,8.0,3.5,0.5555555555555556,20115.0,5.0,86.0,0.39999920000160005,1.0,10.0,2.0,11.0,0.16666666666666666,2.0,3.0,4.0,2.0,3.0,0.0,4.0,1.0,0.0
2025.75,1.0,1.1702301185257706,34.0,735.0,9.0,3.25,0.4,16495.0,4.0,75.0,0.49999875000312505,0.0,3.0,2.0,12.0,0.0,3.0,4.0,4.0,3.0,2.0,0.0,3.0,0.0,0.0
795.6,0.0,1.228851170107833,31.0,471.0,4.0,2.0,0.4,16031.0,2.0,62.0,0.9999950000249999,1.0,4.0,1.0,12.0,0.6666666666666666,8.0,1.0,3.0,0.0,4.0,0.0,2.0,2.0,0.0
363.42857142857144,0.0,0.7858716381986744,26.0,1096.0,8.0,2.75,0.7777777777777778,7102.0,7.0,61.0,0.9999985714306123,1.0,6.0,1.0,18.0,0.875,0.0,3.0,4.0,3.0,4.0,0.0,1.0,7.0,0.0
2699.5,0.0,0.7171164429952103,45.0,1297.0,12.0,2.75,0.3076923076923077,14511.0,4.0,44.0,0.49999875000312505,0.0,1.0,2.0,12.0,0.0,4.0,2.0,3.0,3.0,3.0,1.0,3.0,0.0,0.0
498.8181818181818,0.0,0.7924290584167474,33.0,217.0,10.0,2.25,0.9090909090909091,10410.0,10.0,43.0,0.3999996000004,0.0,10.0,2.0,14.0,0.0,1.0,2.0,3.0,2.0,3.0,1.0,2.0,0.0,0.0
3417.0,1.0,0.9869619437251779,28.0,783.0,7.0,3.25,0.875,19255.0,7.0,42.0,0.9999985714306123,1.0,1.0,2.0,12.0,0.0,1.0,3.0,4.0,2.0,2.0,0.0,3.0,0.0,0.0
43.64,0.0,0.41546077684691546,29.0,746.0,1.0,2.75,0.5,10642.0,1.0,45.0,0.0,0.0,24.0,1.0,17.0,0.0,1.0,3.0,1.0,3.0,4.0,1.0,4.0,0.0,1.0
260.72727272727275,0.0,0.8283894804225373,39.0,1251.0,10.0,2.5,0.2727272727272727,3987.0,3.0,32.0,0.6666644444518518,1.0,21.0,2.0,19.0,0.25,6.0,1.0,3.0,1.0,1.0,0.0,3.0,1.0,0.0
742.0,0.0,0.6870428466332372,27.0,1354.0,6.0,2.25,0.7142857142857143,6073.0,5.0,41.0,0.5999988000024,1.0,2.0,1.0,11.0,0.16666666666666666,1.0,2.0,2.0,3.0,3.0,0.0,3.0,1.0,0.0
249.8695652173913,1.0,1.7737804310876975,34.0,735.0,16.0,3.0,0.8823529411764706,26496.0,15.0,86.0,0.6666662222225186,0.0,22.0,2.0,15.0,0.375,1.0,3.0,4.0,3.0,2.0,0.0,2.0,6.0,0.0
703.8571428571429,1.0,1.423108427490182,28.0,1475.0,6.0,3.5,0.2857142857142857,23352.0,2.0,84.0,0.0,0.0,13.0,2.0,11.0,0.6666666666666666,3.0,4.0,3.0,0.0,3.0,1.0,4.0,2.0,1.0
364.46666666666664,0.0,1.68735994723446,47.0,1169.0,16.0,3.0,0.47058823529411764,2125.0,8.0,64.0,0.8749989062513672,1.0,14.0,2.0,18.0,0.1111111111111111,8.0,3.0,2.0,4.0,3.0,0.0,3.0,1.0,0.0
448.3333333333333,0.0,0.7769761863098416,56.0,1443.0,6.0,2.75,0.0,20328.0,0.0,89.0,0.0,1.0,11.0,2.0,16.0,0.0,4.0,4.0,1.0,3.0,2.0,0.0,3.0,0.0,0.0
515.1,0.0,0.7060867181259128,39.0,867.0,10.0,2.25,0.9090909090909091,12315.0,10.0,87.0,0.0,1.0,9.0,2.0,25.0,0.6363636363636364,1.0,1.0,1.0,3.0,3.0,0.0,4.0,7.0,0.0
237.0,1.0,0.6583389002105549,38.0,1394.0,20.0,3.0,0.9523809523809523,18115.0,18.0,58.0,0.5499997250001375,1.0,8.0,2.0,16.0,0.0,1.0,4.0,2.0,3.0,2.0,0.0,3.0,0.0,0.0
812.5,1.0,1.0403524959044947,58.0,605.0,28.5,3.25,0.03333333333333333,11761.0,1.0,72.0,0.0,1.0,21.0,4.0,13.0,0.0,4.0,4.0,4.0,2.0,3.0,0.0,3.0,0.0,0.0
405.3333333333333,1.0,0.7506236311824047,32.0,238.0,8.0,2.0,0.4444444444444444,15318.0,4.0,47.0,0.24999937500156252,0.0,5.0,1.0,14.0,0.0,3.0,1.0,3.0,2.0,4.0,1.0,1.0,0.0,1.0
477.1,0.0,1.472543315942127,38.0,1206.0,10.0,3.5,0.45454545454545453,14293.0,5.0,71.0,0.39999920000160005,2.0,9.0,1.0,19.0,0.0,2.0,2.0,4.0,0.0,3.0,0.0,4.0,0.0,0.0
6387.0,0.0,1.19505661565904,49.0,1064.0,28.0,3.25,0.1724137931034483,13738.0,5.0,42.0,0.7999984000032001,0.0,2.0,5.0,15.0,0.6666666666666666,3.0,2.0,4.0,3.0,3.0,0.0,4.0,4.0,0.0
391.3076923076923,1.0,0.734661312222707,42.0,419.0,14.0,3.0,0.0,2900.0,0.0,77.0,0.0,2.0,12.0,2.0,12.0,0.0,3.0,2.0,4.0,4.0,3.0,0.0,3.0,0.0,0.0
124.47826086956522,0.0,0.6759133565484271,27.0,1337.0,1.0,1.75,0.5,19555.0,1.0,58.0,0.0,0.0,22.0,1.0,12.0,0.0,1.0,1.0,2.0,2.0,2.0,0.0,1.0,0.0,1.0
292.6842105263158,0.0,0.8031160914626447,35.0,682.0,6.0,2.0,0.7142857142857143,15975.0,5.0,71.0,0.5999988000024,1.0,18.0,2.0,16.0,0.0,0.0,2.0,1.0,2.0,3.0,0.0,4.0,0.0,0.0
126.11764705882354,0.0,0.6617339906476463,28.0,1103.0,5.0,2.75,0.8333333333333334,2122.0,5.0,49.0,0.5999988000024,0.0,16.0,1.0,14.0,0.16666666666666666,1.0,3.0,3.0,3.0,3.0,1.0,3.0,1.0,0.0
766.25,1.0,0.9459956536077593,31.0,976.0,4.0,3.0,0.8,3995.0,4.0,48.0,0.49999875000312505,1.0,3.0,1.0,13.0,0.4,1.0,3.0,1.0,3.0,3.0,0.0,4.0,2.0,0.0
281.0,0.0,0.8680421789851711,36.0,1351.0,5.0,2.0,0.8333333333333334,9238.0,5.0,66.0,0.7999984000032001,0.0,9.0,1.0,22.0,0.0,1.0,1.0,2.0,3.0,4.0,0.0,2.0,0.0,0.0
4944.0,0.0,1.4280186859166752,34.0,937.0,14.0,2.0,0.9333333333333333,6770.0,14.0,32.0,0.5714281632655976,0.0,1.0,3.0,21.0,0.13333333333333333,1.0,1.0,4.0,3.0,3.0,1.0,1.0,2.0,0.0
616.2857142857143,0.0,1.2460502854054485,34.0,1239.0,9.0,3.0,0.8,22914.0,8.0,39.0,0.8749989062513672,1.0,13.0,3.0,18.0,0.1111111111111111,1.0,4.0,3.0,2.0,3.0,0.0,3.0,1.0,0.0
1433.5,0.0,0.885650152010849,26.0,157.0,8.0,2.5,0.7777777777777778,20006.0,7.0,95.0,0.9999985714306123,0.0,1.0,1.0,13.0,0.875,0.0,3.0,1.0,6.0,3.0,1.0,4.0,7.0,0.0
2686.5,0.0,0.7136630205988636,29.0,136.0,6.0,1.25,0.7142857142857143,6225.0,5.0,89.0,0.5999988000024,1.0,1.0,2.0,12.0,0.0,0.0,1.0,1.0,5.0,3.0,0.0,1.0,0.0,0.0
416.6875,0.0,0.8855371967862691,32.0,1146.0,9.0,3.0,0.5,16542.0,5.0,34.0,0.19999960000080003,1.0,15.0,2.0,18.0,0.16666666666666666,5.0,3.0,4.0,6.0,3.0,0.0,2.0,1.0,0.0
2501.5,0.0,1.544148859706238,31.0,1125.0,10.0,2.5,0.9090909090909091,5771.0,10.0,48.0,0.7999992000008,0.0,1.0,2.0,21.0,0.7272727272727273,1.0,4.0,1.0,6.0,1.0,0.0,2.0,8.0,0.0
131.5,0.0,0.7311942482768328,28.0,1404.0,6.0,2.5,0.5714285714285714,18779.0,4.0,32.0,0.24999937500156252,1.0,17.0,1.0,12.0,0.0,5.0,3.0,4.0,2.0,2.0,0.0,1.0,0.0,1.0
1429.0,0.0,1.0883472962680882,38.0,1404.0,20.0,1.25,0.047619047619047616,11473.0,1.0,59.0,0.0,0.0,1.0,1.0,14.0,0.0,4.0,1.0,1.0,3.0,2.0,1.0,1.0,0.0,0.0
650.5,1.0,0.7515583779844639,35.0,1224.0,10.0,3.5,0.9090909090909091,13586.0,10.0,55.0,0.7999992000008,0.0,7.0,2.0,11.0,0.0,1.0,3.0,4.0,2.0,3.0,0.0,4.0,0.0,0.0
410.5,0.0,0.5928414953163382,27.0,954.0,7.0,3.0,0.875,5099.0,7.0,44.0,0.9999985714306123,0.0,9.0,2.0,14.0,0.0,1.0,4.0,4.0,5.0,3.0,1.0,1.0,0.0,0.0
1613.1666666666667,0.0,1.326774091388218,32.0,1373.0,8.0,3.25,0.1111111111111111,10138.0,1.0,56.0,0.0,0.0,5.0,2.0,24.0,0.0,8.0,4.0,4.0,1.0,2.0,1.0,2.0,0.0,0.0
208.03703703703704,1.0,0.8112035759298104,31.0,754.0,10.0,2.75,0.9090909090909091,21075.0,10.0,63.0,0.6999993000007,0.0,26.0,2.0,11.0,0.0,1.0,1.0,4.0,4.0,3.0,0.0,3.0,0.0,1.0
417.92,1.0,1.5088935305883318,53.0,1168.0,15.0,1.5,0.125,5843.0,2.0,66.0,0.9999950000249999,0.0,24.0,3.0,13.0,0.6666666666666666,6.0,1.0,1.0,2.0,3.0,1.0,2.0,2.0,1.0
289.7,0.0,0.8941433632958168,54.0,155.0,9.0,2.25,0.4,22474.0,4.0,67.0,0.7499981250046875,2.0,9.0,2.0,11.0,0.4,3.0,1.0,3.0,6.0,3.0,0.0,3.0,2.0,0.0
746.0,0.0,0.792693263899873,33.0,1303.0,9.0,3.25,0.9,18079.0,9.0,36.0,0.7777769135812072,3.0,7.0,2.0,20.0,0.2,1.0,4.0,3.0,2.0,3.0,0.0,3.0,2.0,0.0
625.8333333333334,0.0,0.9975077767908925,43.0,574.0,10.0,2.25,0.9090909090909091,16873.0,10.0,30.0,0.8999991000009,1.0,11.0,3.0,17.0,0.0,1.0,1.0,3.0,1.0,3.0,0.0,2.0,0.0,0.0
1495.5,1.0,0.7061323260343505,38.0,1444.0,7.0,2.75,0.75,5224.0,6.0,88.0,0.33333277777870374,1.0,1.0,1.0,11.0,0.14285714285714285,0.0,4.0,2.0,2.0,3.0,0.0,2.0,1.0,0.0
727.2592592592592,1.0,1.142845404731785,55.0,189.0,28.5,2.25,0.2777777777777778,25811.0,10.0,71.0,0.8999991000009,1.0,26.0,5.0,18.0,0.09090909090909091,4.0,3.0,2.0,0.0,4.0,0.0,1.0,1.0,0.0
376.3333333333333,1.0,0.3487614306314086,31.0,1276.0,1.0,3.5,0.5,17536.0,1.0,59.0,0.0,3.0,2.0,1.0,11.0,0.0,1.0,4.0,4.0,4.0,1.0,0.0,3.0,0.0,0.0
833.8125,0.0,1.9266987549367278,39.0,119.0,21.0,1.75,0.9090909090909091,25098.0,18.0,77.0,0.3999998000001,0.0,15.0,4.0,12.0,0.5238095238095238,0.0,2.0,1.0,3.0,3.0,1.0,1.0,11.0,0.0
180.5,0.0,1.3370483430436584,42.0,335.0,20.0,3.5,0.9523809523809523,14811.0,18.0,37.0,0.4499997750001125,0.0,23.0,2.0,12.0,0.14285714285714285,1.0,4.0,3.0,2.0,2.0,1.0,4.0,3.0,0.0
1002.8181818181819,0.0,0.6879948607763097,31.0,697.0,13.0,3.25,0.7857142857142857,26862.0,11.0,40.0,0.6363630578517656,1.0,10.0,3.0,20.0,0.3333333333333333,4.0,3.0,3.0,2.0,3.0,0.0,3.0,4.0,0.0
403.6363636363636,1.0,0.6086245444533204,54.0,157.0,9.0,2.75,0.5,25198.0,5.0,77.0,0.39999920000160005,0.0,10.0,2.0,19.0,0.16666666666666666,6.0,3.0,1.0,3.0,3.0,1.0,4.0,1.0,0.0
2308.5,0.0,0.6132481232281692,24.0,771.0,4.0,2.25,0.8,14120.0,4.0,45.0,0.7499981250046875,0.0,1.0,2.0,12.0,0.2,1.0,2.0,3.0,2.0,2.0,1.0,2.0,1.0,0.0
203.6153846153846,0.0,0.8176895543678818,23.0,571.0,5.0,3.75,0.8333333333333334,13672.0,5.0,78.0,0.39999920000160005,0.0,12.0,1.0,13.0,0.16666666666666666,1.0,4.0,4.0,6.0,3.0,1.0,3.0,1.0,0.0
526.9166666666666,0.0,1.953249358620369,40.0,692.0,10.0,3.0,0.9090909090909091,26849.0,10.0,73.0,0.8999991000009,1.0,11.0,2.0,11.0,0.8181818181818182,1.0,4.0,3.0,2.0,3.0,0.0,1.0,9.0,0.0
1892.3333333333333,0.0,0.8198687378589165,40.0,444.0,15.0,2.5,0.6875,4258.0,11.0,92.0,0.7272720661163036,1.0,2.0,2.0,14.0,0.4166666666666667,3.0,2.0,2.0,4.0,3.0,0.0,3.0,5.0,0.0
729.0,0.0,0.5163194239508941,25.0,309.0,6.0,2.75,0.2857142857142857,19655.0,2.0,82.0,0.0,0.0,2.0,1.0,14.0,0.3333333333333333,4.0,3.0,2.0,3.0,3.0,0.0,3.0,1.0,0.0
1874.0,0.0,1.1578014543901856,30.0,911.0,12.0,2.75,0.9230769230769231,4077.0,12.0,76.0,0.6666661111115741,0.0,1.0,1.0,13.0,0.07692307692307693,1.0,4.0,2.0,6.0,3.0,0.0,3.0,1.0,0.0
1325.6666666666667,1.0,1.228542258300365,25.0,977.0,7.0,3.0,0.25,7298.0,2.0,57.0,0.9999950000249999,1.0,2.0,1.0,19.0,0.0,6.0,4.0,3.0,2.0,3.0,0.0,3.0,0.0,0.0
332.03846153846155,0.0,1.1466690595254028,47.0,1180.0,25.0,2.25,0.6538461538461539,13084.0,17.0,84.0,0.8235289273359251,0.0,25.0,3.0,23.0,0.6666666666666666,2.0,1.0,3.0,3.0,3.0,1.0,2.0,12.0,0.0
1004.0,0.0,0.6202949093958091,33.0,1313.0,1.0,2.5,0.5,20439.0,1.0,59.0,0.9999900000999989,3.0,1.0,1.0,12.0,0.0,1.0,2.0,3.0,2.0,2.0,0.0,3.0,0.0,0.0
2220.0,0.0,0.6412219827538469,38.0,1321.0,16.0,2.5,0.8823529411764706,7636.0,15.0,86.0,0.8666660888892741,2.0,1.0,2.0,15.0,0.3125,0.0,4.0,2.0,3.0,3.0,0.0,1.0,5.0,0.0
1022.3333333333334,0.0,1.1679360243716679,31.0,1154.0,3.0,2.5,0.5,6393.0,2.0,54.0,0.9999950000249999,1.0,2.0,1.0,19.0,0.3333333333333333,0.0,1.0,3.0,1.0,3.0,0.0,3.0,1.0,0.0
760.1428571428571,0.0,0.7293899101432697,38.0,508.0,10.0,2.75,0.7272727272727273,14284.0,8.0,72.0,0.37499953125058594,1.0,6.0,2.0,11.0,0.7777777777777778,2.0,1.0,3.0,1.0,2.0,0.0,4.0,7.0,0.0
284.7368421052632,1.0,1.6697672058786224,42.0,557.0,9.0,2.5,0.4,11189.0,4.0,35.0,0.7499981250046875,1.0,18.0,2.0,17.0,0.2,6.0,4.0,1.0,3.0,3.0,0.0,3.0,1.0,0.0
1391.0,0.0,0.8586492359989515,41.0,642.0,12.0,3.0,0.38461538461538464,21412.0,5.0,76.0,0.5999988000024,1.0,1.0,1.0,22.0,0.16666666666666666,3.0,4.0,4.0,3.0,3.0,0.0,1.0,1.0,0.0
5978.5,0.0,0.7457487580729159,47.0,1162.0,14.0,1.75,0.8666666666666667,17231.0,13.0,98.0,0.6153841420121985,2.0,1.0,3.0,18.0,0.35714285714285715,0.0,3.0,2.0,3.0,3.0,0.0,1.0,5.0,0.0
221.66666666666666,1.0,0.8217054078649663,35.0,1490.0,5.0,3.25,0.3333333333333333,20232.0,2.0,43.0,0.9999950000249999,1.0,11.0,1.0,11.0,0.6666666666666666,7.0,4.0,3.0,3.0,3.0,0.0,3.0,2.0,0.0
1687.5,0.0,1.0416754750167005,22.0,581.0,4.0,3.75,0.6,17624.0,3.0,63.0,0.6666644444518518,0.0,1.0,1.0,12.0,0.25,0.0,4.0,3.0,2.0,3.0,1.0,4.0,1.0,0.0
509.8,0.0,1.5734700952993008,35.0,1395.0,10.0,2.5,0.9090909090909091,18698.0,10.0,48.0,0.6999993000007,0.0,9.0,2.0,19.0,0.0,1.0,2.0,3.0,5.0,3.0,1.0,2.0,0.0,0.0
304.875,1.0,0.6479151711299566,33.0,501.0,10.0,2.5,0.8181818181818182,21653.0,9.0,95.0,0.7777769135812072,1.0,15.0,2.0,13.0,0.8,0.0,2.0,4.0,6.0,3.0,0.0,1.0,8.0,0.0
94.56666666666666,0.0,0.8763827977868079,32.0,267.0,6.0,2.75,0.8571428571428571,15919.0,6.0,49.0,0.33333277777870374,0.0,29.0,1.0,13.0,0.5714285714285714,1.0,3.0,2.0,3.0,2.0,1.0,3.0,4.0,0.0
1203.0,0.0,0.743241808768086,40.0,543.0,8.0,2.5,0.1111111111111111,4060.0,1.0,83.0,0.0,2.0,1.0,1.0,19.0,0.0,8.0,1.0,4.0,3.0,3.0,0.0,3.0,0.0,0.0
1134.5,0.0,0.864051789794364,32.0,234.0,3.0,2.25,0.5,18024.0,2.0,68.0,0.9999950000249999,1.0,1.0,1.0,14.0,0.6666666666666666,0.0,2.0,2.0,2.0,2.0,0.0,2.0,2.0,0.0
164.32,0.0,1.2679119559610685,39.0,116.0,18.0,2.25,0.3684210526315789,5340.0,7.0,52.0,0.9999985714306123,0.0,24.0,2.0,13.0,0.125,7.0,1.0,4.0,2.0,3.0,1.0,1.0,1.0,0.0
1200.5454545454545,0.0,0.8236479132818372,38.0,201.0,20.0,2.25,0.8571428571428571,3376.0,18.0,99.0,0.8888883950620028,1.0,10.0,3.0,12.0,0.05263157894736842,3.0,2.0,3.0,3.0,1.0,0.0,1.0,1.0,0.0
5211.0,0.0,1.505138627085719,32.0,801.0,14.0,3.25,0.9333333333333333,24032.0,14.0,48.0,0.7142852040819971,2.0,1.0,3.0,19.0,0.3333333333333333,1.0,3.0,4.0,3.0,3.0,0.0,3.0,5.0,0.0
1249.4545454545455,1.0,0.8572025533958482,37.0,161.0,16.0,2.75,0.9411764705882353,15471.0,16.0,42.0,0.6874995703127685,1.0,10.0,3.0,25.0,0.35294117647058826,1.0,3.0,4.0,2.0,4.0,0.0,1.0,6.0,0.0
545.2222222222222,1.0,0.708665826435389,25.0,1382.0,6.0,2.0,0.7142857142857143,13684.0,5.0,85.0,0.5999988000024,1.0,8.0,2.0,22.0,0.0,0.0,1.0,3.0,3.0,3.0,0.0,2.0,0.0,0.0
116.06666666666666,0.0,1.325971058644326,52.0,585.0,16.0,2.25,0.5294117647058824,19788.0,9.0,40.0,0.8888879012356653,2.0,29.0,1.0,15.0,0.0,2.0,1.0,4.0,3.0,3.0,0.0,2.0,0.0,0.0
1218.0,1.0,0.7518582095231653,44.0,1037.0,6.0,3.0,0.5714285714285714,13422.0,4.0,42.0,0.7499981250046875,0.0,1.0,1.0,12.0,0.2,6.0,2.0,4.0,2.0,3.0,1.0,3.0,1.0,0.0
396.6666666666667,1.0,0.9063214013709063,21.0,501.0,2.0,2.75,0.6666666666666666,25479.0,2.0,58.0,0.9999950000249999,0.0,5.0,1.0,11.0,0.3333333333333333,1.0,3.0,1.0,6.0,3.0,1.0,4.0,1.0,0.0
1943.1,0.0,1.1309140893941392,39.0,105.0,21.0,3.25,0.2727272727272727,15302.0,6.0,87.0,0.0,0.0,9.0,5.0,13.0,0.14285714285714285,2.0,4.0,4.0,3.0,3.0,1.0,3.0,1.0,0.0
179.0,0.0,0.6816450875856817,23.0,638.0,1.0,2.0,0.5,26956.0,1.0,33.0,0.0,1.0,9.0,1.0,19.0,0.5,1.0,4.0,1.0,3.0,3.0,0.0,1.0,1.0,1.0
1911.0,0.0,1.1039416297681095,36.0,557.0,10.0,2.75,0.8181818181818182,12695.0,9.0,94.0,0.7777769135812072,2.0,3.0,3.0,19.0,0.3,0.0,1.0,4.0,2.0,2.0,0.0,3.0,3.0,0.0
1026.2,0.0,0.7033451661238709,36.0,688.0,18.0,2.75,0.21052631578947367,9192.0,4.0,97.0,0.49999875000312505,3.0,4.0,2.0,13.0,0.0,7.0,4.0,2.0,3.0,3.0,0.0,2.0,0.0,0.0
3153.0,0.0,0.8375877550523793,56.0,667.0,13.0,2.25,0.9285714285714286,26236.0,13.0,57.0,0.9230762130182977,1.0,1.0,2.0,21.0,0.07142857142857142,1.0,3.0,3.0,2.0,3.0,0.0,1.0,1.0,0.0
2393.5,1.0,1.4774816293051691,29.0,1092.0,4.0,2.75,0.4,26124.0,2.0,36.0,0.9999950000249999,3.0,1.0,1.0,14.0,0.6666666666666666,8.5,1.0,4.0,3.0,3.0,0.0,2.0,2.0,1.0
6293.333333333333,0.0,1.0988450418280762,42.0,300.0,24.0,1.75,0.88,17312.0,18.0,56.0,0.27272714876038695,0.0,2.0,5.0,11.0,0.17391304347826086,5.0,1.0,3.0,2.0,3.0,0.0,1.0,4.0,0.0
292.375,0.0,0.7225447176677279,56.0,310.0,14.0,3.0,0.6666666666666666,3666.0,10.0,72.0,0.8999991000009,1.0,7.0,1.0,11.0,0.8181818181818182,8.0,4.0,3.0,4.0,3.0,0.0,4.0,9.0,1.0
467.9310344827586,0.0,1.8601430333854858,41.0,582.0,21.0,2.25,0.9090909090909091,5640.0,18.0,60.0,0.3499998250000875,1.0,28.0,4.0,23.0,0.0,0.0,1.0,2.0,3.0,2.0,0.0,3.0,0.0,0.0
231.44827586206895,0.0,0.9693427811359956,34.0,704.0,8.0,3.5,0.8888888888888888,8978.0,8.0,95.0,0.8749989062513672,2.0,28.0,2.0,21.0,0.1111111111111111,1.0,4.0,3.0,2.0,2.0,0.0,4.0,1.0,0.0
337.875,0.0,0.7807310898124542,36.0,301.0,15.0,2.75,0.9375,10436.0,15.0,88.0,0.7999994666670223,1.0,15.0,2.0,24.0,0.6875,1.0,4.0,4.0,4.0,1.0,0.0,1.0,11.0,0.0
2234.5,0.0,1.2908202887058298,41.0,930.0,14.0,2.75,0.3333333333333333,12227.0,5.0,57.0,0.7999984000032001,1.0,3.0,2.0,11.0,0.0,2.0,3.0,2.0,5.0,2.0,0.0,3.0,0.0,0.0
813.0,0.0,0.7527841432787357,32.0,529.0,4.0,3.0,0.8,11288.0,4.0,78.0,0.49999875000312505,0.0,2.0,1.0,14.0,0.2,1.0,4.0,1.0,4.0,3.0,1.0,4.0,1.0,0.0
327.2962962962963,1.0,2.086289323024258,35.0,1146.0,9.0,3.25,0.9,16642.0,9.0,31.0,0.0,0.0,26.0,3.0,16.0,0.1,1.0,3.0,4.0,2.0,3.0,1.0,3.0,1.0,0.0
485.72727272727275,0.0,0.7716326697868928,38.0,345.0,10.0,2.75,0.9090909090909091,5982.0,10.0,100.0,0.6999993000007,1.0,10.0,2.0,11.0,0.09090909090909091,1.0,1.0,4.0,1.0,3.0,0.0,3.0,1.0,0.0
3364.0,0.0,0.9716534909837573,50.0,878.0,12.0,3.0,0.46153846153846156,14255.0,6.0,94.0,0.4999991666680556,2.0,1.0,2.0,12.0,0.0,7.0,2.0,3.0,3.0,3.0,0.0,4.0,0.0,1.0
554.3333333333334,0.0,0.9606776192068897,36.0,1120.0,8.0,2.25,0.6666666666666666,14369.0,6.0,100.0,0.4999991666680556,1.0,11.0,2.0,13.0,0.0,4.0,2.0,4.0,2.0,2.0,0.0,1.0,0.0,0.0
230.95238095238096,0.0,0.7004339226027382,45.0,374.0,8.0,3.25,0.5555555555555556,23333.0,5.0,50.0,0.5999988000024,0.0,20.0,2.0,15.0,0.0,8.0,4.0,3.0,3.0,3.0,1.0,3.0,0.0,0.0
936.3333333333334,0.0,0.8669826397990851,40.0,1322.0,8.0,3.25,0.2222222222222222,2725.0,2.0,52.0,0.9999950000249999,0.0,2.0,1.0,14.0,0.6666666666666666,2.0,3.0,3.0,2.0,2.0,1.0,4.0,2.0,0.0
299.42105263157896,1.0,0.7556353851083073,35.0,1199.0,10.0,3.5,0.9090909090909091,24594.0,10.0,80.0,0.1999998000002,2.0,18.0,2.0,14.0,0.0,1.0,3.0,3.0,2.0,3.0,0.0,4.0,0.0,0.0
667.0,0.0,0.6175978149654572,40.0,1194.0,20.0,2.75,0.23809523809523808,12549.0,5.0,98.0,0.5999988000024,3.0,2.0,1.0,14.0,0.0,2.0,3.0,3.0,2.0,3.0,0.0,2.0,0.0,0.0
1488.5,0.0,0.9188349301110275,35.0,287.0,4.0,3.5,0.8,8952.0,4.0,62.0,0.7499981250046875,1.0,1.0,1.0,12.0,0.2,1.0,3.0,4.0,5.0,1.0,0.0,4.0,1.0,0.0
287.5,1.0,1.2433700250588304,29.0,1378.0,10.0,2.5,0.36363636363636365,23679.0,4.0,46.0,0.7499981250046875,1.0,13.0,2.0,13.0,0.0,4.0,4.0,2.0,2.0,2.0,0.0,1.0,0.0,0.0
130.51724137931035,0.0,1.1682197549446554,29.0,468.0,5.0,2.0,0.8333333333333334,8489.0,5.0,73.0,0.7999984000032001,0.0,28.0,1.0,14.0,0.0,1.0,4.0,1.0,3.0,2.0,1.0,2.0,0.0,0.0
374.2758620689655,1.0,1.5675277929752827,50.0,410.0,20.0,2.5,0.14285714285714285,16586.0,3.0,39.0,0.6666644444518518,1.0,28.0,3.0,13.0,0.5,4.0,4.0,1.0,3.0,2.0,0.0,2.0,2.0,1.0
481.24,0.0,1.737509386151246,39.0,722.0,21.0,2.25,0.9090909090909091,8828.0,18.0,60.0,0.4499997750001125,1.0,24.0,4.0,11.0,0.42857142857142855,0.0,2.0,4.0,2.0,2.0,0.0,1.0,9.0,0.0
1656.0,0.0,1.3620030346144574,31.0,325.0,10.0,2.0,0.8181818181818182,3787.0,9.0,74.0,0.44444395061783265,0.0,5.0,2.0,19.0,0.1,0.0,2.0,1.0,2.0,3.0,1.0,2.0,1.0,0.0
494.3333333333333,0.0,1.1294744859101296,26.0,1167.0,5.0,3.5,0.6666666666666666,21378.0,4.0,30.0,0.49999875000312505,0.0,5.0,1.0,18.0,0.0,0.0,4.0,3.0,2.0,2.0,1.0,4.0,0.0,0.0
107.125,0.0,0.7942122570003114,36.0,884.0,17.0,3.25,0.2777777777777778,12290.0,5.0,41.0,0.39999920000160005,1.0,23.0,2.0,17.0,0.0,4.0,3.0,4.0,3.0,4.0,0.0,3.0,0.0,0.0
1427.2857142857142,0.0,1.3270439677653538,39.0,613.0,9.0,2.25,0.7,21457.0,7.0,42.0,0.9999985714306123,1.0,6.0,3.0,15.0,0.125,4.0,4.0,1.0,5.0,2.0,0.0,1.0,1.0,0.0
1228.4,1.0,0.8419306198270932,27.0,155.0,6.0,2.25,0.8571428571428571,5174.0,6.0,87.0,0.33333277777870374,1.0,4.0,2.0,20.0,0.0,1.0,2.0,2.0,0.0,4.0,0.0,2.0,0.0,0.0
1796.6666666666667,0.0,0.7784203799646926,49.0,1023.0,17.0,3.0,0.5,13243.0,9.0,63.0,0.666665925926749,0.0,2.0,2.0,14.0,0.0,2.0,4.0,2.0,3.0,2.0,0.0,4.0,0.0,0.0
489.3333333333333,0.0,1.3604476000892147,34.0,628.0,6.0,2.5,0.5714285714285714,10228.0,4.0,82.0,0.7499981250046875,0.0,8.0,2.0,12.0,0.2,2.0,2.0,3.0,3.0,4.0,0.0,1.0,1.0,0.0
