OverTime_Yes,MaritalStatus_Single,JobLevel,StockOptionLevel,Engaged,TotalSatisfaction,YearsAtCompany,NumCompaniesWorked,SalesDpt,MaritalStatus_Married,TotalWorkingYears,Age,YoungAndBadPaid,Loyalty,Income_Rel_Role
0.0,0.0,1.7621889573533582,2.61310031407703,1.0,-0.4571891102380914,-0.7370427991628077,1.3574833354286995,1.0,0.0,2.3634334191328668,1.0901940236181409,0.0,-1.7099501478251002,-0.20873018018806433
0.0,0.0,-0.9862649071659377,0.2474298218872014,0.0,1.0131510729159539,-0.9381944194495243,-1.094116975496538,0.0,1.0,-1.117810324319975,-1.634827596376192,0.0,-0.2983126572105555,-0.6364795480687554
0.0,0.0,1.7621889573533582,0.2474298218872014,1.0,0.03292428414659036,1.0733217834176418,0.13168317996608064,1.0,1.0,1.6125769254469595,0.9811931588183676,0.0,-0.2983126572105555,0.03871751772838859
0.0,0.0,-0.9862649071659377,-0.9354054242077128,0.0,0.03292428414659036,0.06756368198405872,-0.6855169236756652,1.0,1.0,-0.5717328743665882,-1.307825001976872,1.0,1.02509749024058,-0.5829786276515334
1.0,0.0,-0.0701136189928391,0.2474298218872014,1.0,0.5230376785312721,0.26871530227077534,0.13168317996608064,0.0,0.0,-0.16217478690154793,0.6541905644190477,0.0,0.5037540988204359,2.1397837398784465
1.0,0.0,-0.9862649071659377,-0.9354054242077128,0.0,0.03292428414659036,-0.7370427991628077,0.9488832836078265,0.0,1.0,-0.8447715993432816,-0.9808224075775521,1.0,-0.2983126572105555,0.1886613414773922
0.0,0.0,-0.9862649071659377,-0.9354054242077128,1.0,0.03292428414659036,-1.139346039736241,-0.6855169236756652,0.0,1.0,-1.3908490492966685,1.5261974828172342,0.0,-0.2983126572105555,-0.4626160724762103
0.0,0.0,0.8460376691802596,0.2474298218872014,1.0,-0.4571891102380914,0.26871530227077534,2.1746834390704453,0.0,1.0,0.9299801130052259,0.6541905644190477,0.0,-0.5769253198318472,1.3676943995215438
0.0,0.0,-0.0701136189928391,0.2474298218872014,1.0,0.03292428414659036,-0.3347395585893745,-0.6855169236756652,1.0,1.0,-0.8447715993432816,0.32718797001972766,0.0,0.8780519183015653,-0.9480799275661287
1.0,0.0,-0.0701136189928391,-0.9354054242077128,0.0,1.9933778616853173,-0.1335879383026579,-0.6855169236756652,1.0,1.0,-0.7082522368549349,-1.0898232723773253,0.0,0.9620779594095735,-0.4833581515950948
0.0,1.0,-0.9862649071659377,-0.9354054242077128,0.0,-0.9473025046227731,-0.3347395585893745,1.7660833872495723,1.0,0.0,-0.16217478690154793,-0.10881548917936558,0.0,-0.45872600841675376,0.8386858662800258
0.0,0.0,1.7621889573533582,1.4302650679821156,0.0,0.5230376785312721,0.06756368198405872,0.13168317996608064,0.0,0.0,-0.2986941493898947,-0.8718215427777788,0.0,0.4075060880967167,0.007824408812556295
0.0,0.0,-0.0701136189928391,1.4302650679821156,1.0,0.5230376785312721,0.6710185428442086,2.3789834649808816,0.0,1.0,0.11086393807514554,0.8721922940185942,0.0,0.6518279614723113,0.3934489763642873
0.0,1.0,-0.0701136189928391,-0.9354054242077128,0.0,-0.9473025046227731,-0.5358911788760911,-1.094116975496538,0.0,0.0,-0.8447715993432816,-1.5258267315764187,0.0,0.2898696305455047,-0.8572786878896513
0.0,1.0,-0.0701136189928391,-0.9354054242077128,0.0,0.03292428414659036,1.2744734037043584,-1.094116975496538,0.0,0.0,0.383902663051839,-0.3268172187789122,0.0,0.9956883758527773,-0.834979533435964
0.0,1.0,-0.9862649071659377,-0.9354054242077128,0.0,0.03292428414659036,-1.139346039736241,-0.6855169236756652,0.0,0.0,-1.3908490492966685,-1.9618301907755118,0.0,-0.2983126572105555,-1.8865017699233095
0.0,0.0,0.8460376691802596,0.2474298218872014,1.0,0.5230376785312721,0.6710185428442086,-0.6855169236756652,0.0,1.0,-0.16217478690154793,0.7631914292188209,0.0,1.1454075036452287,0.16167838112842978
0.0,0.0,-0.0701136189928391,0.2474298218872014,1.0,0.5230376785312721,0.26871530227077534,2.1746834390704453,0.0,1.0,0.6569413880285324,1.0901940236181409,0.0,-0.4021095315204485,1.9491318679943495
0.0,0.0,-0.0701136189928391,0.2474298218872014,0.0,-0.4571891102380914,0.26871530227077534,0.5402832317869536,1.0,1.0,-0.16217478690154793,-0.6538198131782321,0.0,0.5037540988204359,-0.006298629359343256
1.0,0.0,0.8460376691802596,0.2474298218872014,1.0,-0.9473025046227731,0.6710185428442086,-0.2769168718547923,0.0,1.0,1.339538200470266,0.9811931588183676,0.0,-0.45872600841675376,1.181030593557667
0.0,0.0,-0.9862649071659377,0.2474298218872014,0.0,-0.4571891102380914,1.4756250239910749,-1.094116975496538,0.0,1.0,0.5204220255401857,-0.4358180835786855,1.0,1.02509749024058,-0.41163889297646816
0.0,1.0,-0.0701136189928391,-0.9354054242077128,0.0,0.5230376785312721,0.26871530227077534,0.5402832317869536,1.0,0.0,0.11086393807514554,0.10918624042018105,0.0,0.10889046508210176,0.7162820435442913
0.0,1.0,-0.0701136189928391,-0.9354054242077128,0.0,1.5032644673006357,1.2744734037043584,2.1746834390704453,0.0,0.0,0.6569413880285324,-0.10881548917936558,0.0,0.6358592115784812,2.3465080341330706
0.0,1.0,-0.9862649071659377,-0.9354054242077128,0.0,0.5230376785312721,0.06756368198405872,1.3574833354286995,0.0,0.0,-0.16217478690154793,0.9811931588183676,0.0,0.18292739640803926,-0.5546465568390723
0.0,1.0,-0.0701136189928391,-0.9354054242077128,0.0,-2.4176426877768185,-0.7370427991628077,0.13168317996608064,0.0,0.0,-0.025655424413201202,0.436188834819501,0.0,-1.180586088844646,-0.25740965277568745
0.0,1.0,-0.9862649071659377,-0.9354054242077128,0.0,1.5032644673006357,-0.9381944194495243,-0.6855169236756652,1.0,0.0,-1.2543296868083218,-1.8528293259757387,0.0,0.2898696305455047,0.04814931702288881
0.0,0.0,-0.0701136189928391,0.2474298218872014,0.0,-0.4571891102380914,-0.3347395585893745,-0.6855169236756652,1.0,1.0,-0.7082522368549349,-0.6538198131782321,0.0,0.4579217127615221,0.5764542525441566
1.0,0.0,-0.9862649071659377,0.2474298218872014,0.0,0.5230376785312721,-0.5358911788760911,-0.6855169236756652,0.0,0.0,-0.9812909618316283,-0.6538198131782321,1.0,0.7604154607503532,-0.16202649680531675
0.0,0.0,1.7621889573533582,-0.9354054242077128,1.0,-1.4374158990074548,2.2802315051379414,2.1746834390704453,1.0,1.0,2.2951737378886934,0.9811931588183676,0.0,1.1011555446917949,-0.030395469566427902
1.0,0.0,1.7621889573533582,2.61310031407703,1.0,0.5230376785312721,-0.3347395585893745,0.13168317996608064,0.0,1.0,1.339538200470266,1.7441992124167807,0.0,-1.260792764447745,0.26713025748439845
0.0,0.0,-0.9862649071659377,2.61310031407703,0.0,-0.9473025046227731,-1.139346039736241,-1.094116975496538,0.0,0.0,-1.2543296868083218,-1.4168258667766453,1.0,-0.8864949449666158,-0.836166419540243
0.0,0.0,-0.0701136189928391,0.2474298218872014,1.0,0.5230376785312721,-0.3347395585893745,2.1746834390704453,0.0,1.0,-0.2986941493898947,1.6351983476170073,0.0,-0.2983126572105555,-0.08580121528835326
0.0,1.0,-0.9862649071659377,-0.9354054242077128,0.0,0.03292428414659036,0.26871530227077534,0.5402832317869536,0.0,0.0,0.24738330056349225,-0.10881548917936558,0.0,-0.046234533886529754,-1.0191394119017823
1.0,0.0,-0.0701136189928391,0.2474298218872014,0.0,-0.4571891102380914,-0.5358911788760911,0.5402832317869536,0.0,1.0,-0.16217478690154793,-0.8718215427777788,0.0,-0.7795527108291502,0.6847965794650523
0.0,0.0,-0.0701136189928391,0.2474298218872014,0.0,0.03292428414659036,0.6710185428442086,-0.6855169236756652,0.0,0.0,-0.16217478690154793,-0.9808224075775521,0.0,1.1454075036452287,1.1536648723914968
0.0,0.0,2.678340245526457,-0.9354054242077128,1.0,-1.9275292933921366,2.2802315051379414,0.9488832836078265,0.0,1.0,1.7490962879353062,0.5451896996192743,0.0,1.042742958873262,0.2732376065105591
1.0,1.0,-0.9862649071659377,-0.9354054242077128,0.0,0.03292428414659036,-0.9381944194495243,-0.6855169236756652,1.0,0.0,-1.2543296868083218,-1.7438284611759653,0.0,0.2898696305455047,-0.2750055412468325
0.0,0.0,-0.0701136189928391,-0.9354054242077128,1.0,-1.4374158990074548,0.26871530227077534,-0.2769168718547923,0.0,1.0,-0.025655424413201202,1.6351983476170073,0.0,0.2898696305455047,1.4868215849449637
0.0,0.0,-0.9862649071659377,-0.9354054242077128,0.0,0.03292428414659036,-0.9381944194495243,-1.094116975496538,0.0,1.0,-1.117810324319975,-1.634827596376192,0.0,-0.2983126572105555,-0.41867022807988075
0.0,0.0,-0.9862649071659377,2.61310031407703,0.0,1.5032644673006357,-1.3404976600229574,0.13168317996608064,0.0,1.0,-0.7082522368549349,-0.3268172187789122,1.0,-2.062859520478736,-0.23761334916700352
0.0,0.0,-0.0701136189928391,1.4302650679821156,1.0,-1.9275292933921366,-0.7370427991628077,0.5402832317869536,1.0,1.0,-0.025655424413201202,-0.10881548917936558,0.0,-1.180586088844646,-0.5335316530716135
1.0,0.0,0.8460376691802596,-0.9354054242077128,0.0,1.0131510729159539,0.06756368198405872,1.7660833872495723,0.0,1.0,0.5204220255401857,-0.4358180835786855,0.0,-0.518881015119078,-0.6002047029467125
0.0,0.0,-0.0701136189928391,1.4302650679821156,0.0,-0.4571891102380914,-0.9381944194495243,1.3574833354286995,0.0,1.0,-0.9812909618316283,-1.634827596376192,0.0,-0.6512220298641915,-0.9919792602781895
0.0,0.0,2.678340245526457,0.2474298218872014,1.0,0.5230376785312721,-0.3347395585893745,0.5402832317869536,0.0,0.0,2.2951737378886934,2.071201806816101,0.0,-1.4543950848690188,0.4494177156098154
1.0,0.0,-0.0701136189928391,1.4302650679821156,0.0,0.5230376785312721,-0.1335879383026579,-0.6855169236756652,0.0,0.0,-0.7082522368549349,-0.8718215427777788,0.0,0.9620779594095735,-0.3508345123192945
0.0,1.0,-0.0701136189928391,-0.9354054242077128,0.0,-0.9473025046227731,-1.139346039736241,1.3574833354286995,1.0,0.0,0.5204220255401857,-0.10881548917936558,0.0,-1.8422911625702136,-0.053182065165270416
0.0,0.0,0.8460376691802596,0.2474298218872014,0.0,0.5230376785312721,0.26871530227077534,-0.6855169236756652,1.0,0.0,-0.2986941493898947,-0.3268172187789122,0.0,0.7604154607503532,0.6924290674325033
0.0,1.0,-0.0701136189928391,-0.9354054242077128,0.0,-0.4571891102380914,1.8779282645645081,-0.6855169236756652,0.0,0.0,0.6569413880285324,-0.3268172187789122,0.0,1.2586404574378394,1.3708045557386541
1.0,0.0,2.678340245526457,0.2474298218872014,1.0,0.03292428414659036,2.2802315051379414,0.9488832836078265,0.0,0.0,2.3634334191328668,1.4171966180174609,0.0,1.1133248334039894,0.4724436554738849
0.0,0.0,-0.0701136189928391,1.4302650679821156,1.0,-0.9473025046227731,-0.3347395585893745,0.5402832317869536,0.0,1.0,-0.5717328743665882,0.10918624042018105,0.0,0.14282405860648972,-0.9607511555992848
0.0,0.0,-0.0701136189928391,0.2474298218872014,0.0,-0.4571891102380914,0.6710185428442086,-0.6855169236756652,1.0,1.0,-0.16217478690154793,-0.7628206779780055,0.0,1.1454075036452287,1.1390554822152845
0.0,0.0,2.678340245526457,0.2474298218872014,1.0,-0.4571891102380914,2.2802315051379414,1.7660833872495723,1.0,1.0,2.022135012912,0.7631914292188209,0.0,0.8126983307731138,0.16268997455458192
0.0,0.0,1.7621889573533582,0.2474298218872014,1.0,0.5230376785312721,-0.9381944194495243,-0.2769168718547923,0.0,1.0,1.6125769254469595,1.1991948884179142,0.0,-1.768768376600706,-0.33634888574444005
1.0,0.0,-0.9862649071659377,0.2474298218872014,1.0,-1.4374158990074548,-1.139346039736241,0.5402832317869536,0.0,1.0,-0.2986941493898947,2.289203536415647,0.0,-1.7099501478251002,0.08494914870205435
0.0,0.0,-0.0701136189928391,0.2474298218872014,0.0,-0.4571891102380914,-0.5358911788760911,-0.6855169236756652,1.0,1.0,-0.9812909618316283,-0.8718215427777788,0.0,0.7604154607503532,-0.9439673454778894
0.0,1.0,-0.0701136189928391,-0.9354054242077128,0.0,1.9933778616853173,0.6710185428442086,-0.6855169236756652,1.0,0.0,-0.16217478690154793,-0.3268172187789122,0.0,1.1454075036452287,-0.6610216978070298
0.0,0.0,-0.9862649071659377,2.61310031407703,0.0,0.03292428414659036,-0.7370427991628077,-0.6855169236756652,0.0,1.0,-1.117810324319975,-1.0898232723773253,0.0,0.5839607744235349,1.209084576808694
0.0,1.0,-0.0701136189928391,-0.9354054242077128,0.0,-0.4571891102380914,-0.3347395585893745,1.7660833872495723,1.0,0.0,-0.16217478690154793,0.5451896996192743,0.0,-0.45872600841675376,-0.28801050240373094
1.0,0.0,-0.0701136189928391,1.4302650679821156,1.0,0.03292428414659036,-0.1335879383026579,0.13168317996608064,0.0,0.0,0.11086393807514554,0.436188834819501,0.0,-0.43404703130810773,1.9491318679943495
0.0,1.0,0.8460376691802596,-0.9354054242077128,0.0,0.03292428414659036,-0.3347395585893745,-0.2769168718547923,1.0,0.0,0.11086393807514554,0.0001853756204077356,0.0,-0.7055157795032125,0.19891921684379496
1.0,0.0,-0.9862649071659377,0.2474298218872014,0.0,1.5032644673006357,0.06756368198405872,-0.6855169236756652,0.0,1.0,-0.5717328743665882,-1.307825001976872,0.0,1.02509749024058,0.3909841782691191
0.0,0.0,-0.0701136189928391,0.2474298218872014,0.0,-1.4374158990074548,0.6710185428442086,-0.6855169236756652,1.0,1.0,-0.16217478690154793,-0.4358180835786855,0.0,1.1454075036452287,-0.9892057484485213
0.0,1.0,-0.0701136189928391,-0.9354054242077128,0.0,-0.9473025046227731,0.8721701631309251,-0.6855169236756652,1.0,0.0,0.11086393807514554,-0.5448189483784588,0.0,0.9232967096674158,-0.7955031320924529
1.0,0.0,-0.9862649071659377,0.2474298218872014,1.0,0.03292428414659036,-1.139346039736241,2.3789834649808816,0.0,1.0,-0.7082522368549349,-0.10881548917936558,0.0,-1.5587032738306847,0.1491100815206959
1.0,0.0,-0.9862649071659377,0.2474298218872014,0.0,-0.4571891102380914,-0.7370427991628077,-0.2769168718547923,0.0,0.0,-0.8447715993432816,-1.1988241371770987,1.0,-0.2983126572105555,-0.7684312252525578
0.0,0.0,0.8460376691802596,1.4302650679821156,1.0,0.03292428414659036,2.2802315051379414,-0.6855169236756652,0.0,1.0,0.9299801130052259,0.32718797001972766,0.0,1.280492430976764,1.2174091457543148
1.0,1.0,0.8460376691802596,-0.9354054242077128,0.0,0.03292428414659036,2.2802315051379414,-0.6855169236756652,0.0,0.0,1.339538200470266,0.21818710521995435,0.0,1.3058208548514272,1.3911154780307222
0.0,1.0,1.7621889573533582,-0.9354054242077128,0.0,-0.4571891102380914,-0.3347395585893745,-0.2769168718547923,0.0,0.0,2.1586543754003467,1.1991948884179142,0.0,-1.4326642121686717,-0.057410857885504894
0.0,0.0,-0.9862649071659377,0.2474298218872014,0.0,1.0131510729159539,-0.7370427991628077,-1.094116975496538,0.0,0.0,-0.9812909618316283,-0.5448189483784588,1.0,0.05459671544308061,-0.8203322182781865
1.0,1.0,-0.0701136189928391,-0.9354054242077128,0.0,-2.4176426877768185,2.2802315051379414,-0.6855169236756652,0.0,0.0,1.2030188379819193,0.6541905644190477,0.0,1.298182123841608,0.7309530613280971
0.0,0.0,1.7621889573533582,2.61310031407703,1.0,0.5230376785312721,2.2802315051379414,1.7660833872495723,0.0,0.0,1.339538200470266,0.21818710521995435,0.0,0.8245808012328325,1.7468750869877743
1.0,1.0,-0.9862649071659377,-0.9354054242077128,0.0,1.0131510729159539,-1.139346039736241,-0.6855169236756652,0.0,0.0,-1.3908490492966685,-1.8528293259757387,0.0,-0.2983126572105555,-0.28196937536827305
0.0,0.0,-0.0701136189928391,0.2474298218872014,1.0,1.9933778616853173,-1.139346039736241,0.13168317996608064,1.0,1.0,1.0664994754935726,0.21818710521995435,0.0,-1.886404834151918,-0.5938227504122622
0.0,0.0,-0.9862649071659377,-0.9354054242077128,0.0,0.5230376785312721,-1.139346039736241,-1.094116975496538,0.0,1.0,-1.2543296868083218,-0.3268172187789122,1.0,-0.8864949449666158,-0.5839066030100796
1.0,1.0,-0.0701136189928391,-0.9354054242077128,0.0,-0.9473025046227731,1.6767766442777916,1.3574833354286995,0.0,0.0,0.7934607505168791,0.10918624042018105,0.0,0.8780519183015653,-0.5216059335521882
1.0,0.0,-0.0701136189928391,-0.9354054242077128,0.0,-1.4374158990074548,0.26871530227077534,-0.6855169236756652,1.0,1.0,-0.4352135118782414,-0.9808224075775521,0.0,1.0741126808869184,-0.8905037783307794
0.0,0.0,-0.9862649071659377,0.2474298218872014,0.0,-0.4571891102380914,-0.5358911788760911,0.9488832836078265,0.0,0.0,-0.7082522368549349,-0.9808224075775521,1.0,-0.046234533886529754,-0.7737092923399097
0.0,0.0,-0.0701136189928391,0.2474298218872014,1.0,0.5230376785312721,1.6767766442777916,-0.6855169236756652,1.0,1.0,0.5204220255401857,0.8721922940185942,0.0,1.2456658481491028,-0.5557395963481052
0.0,1.0,-0.0701136189928391,-0.9354054242077128,0.0,-0.9473025046227731,0.06756368198405872,-0.6855169236756652,1.0,0.0,-0.5717328743665882,-1.1988241371770987,0.0,1.02509749024058,-1.0899640096103824
1.0,1.0,-0.0701136189928391,-0.9354054242077128,0.0,0.5230376785312721,1.8779282645645081,2.3789834649808816,0.0,0.0,0.9299801130052259,-0.10881548917936558,0.0,0.9090088808150417,-0.7441061793893837
0.0,0.0,-0.0701136189928391,-0.9354054242077128,1.0,0.03292428414659036,-0.9381944194495243,0.13168317996608064,1.0,1.0,0.11086393807514554,1.1991948884179142,0.0,-1.5199220240885267,0.4835098973499498
1.0,0.0,-0.0701136189928391,-0.9354054242077128,1.0,1.0131510729159539,-0.3347395585893745,0.5402832317869536,0.0,0.0,-0.4352135118782414,0.6541905644190477,0.0,-0.10225189462520197,-1.1455131758865778
1.0,0.0,-0.0701136189928391,0.2474298218872014,0.0,1.5032644673006357,-0.3347395585893745,-0.2769168718547923,1.0,0.0,-0.4352135118782414,-0.6538198131782321,0.0,-0.10225189462520197,-0.14859396961242066
1.0,0.0,-0.0701136189928391,-0.9354054242077128,0.0,0.5230376785312721,1.6767766442777916,-0.6855169236756652,0.0,1.0,0.6569413880285324,-0.3268172187789122,0.0,1.0510467088180533,2.1952285966137945
0.0,0.0,-0.9862649071659377,0.2474298218872014,1.0,-0.4571891102380914,-0.1335879383026579,1.7660833872495723,0.0,1.0,0.7934607505168791,1.0901940236181409,0.0,-0.8864949449666158,0.14998899840862237
0.0,0.0,-0.0701136189928391,1.4302650679821156,0.0,-0.9473025046227731,0.26871530227077534,0.5402832317869536,0.0,1.0,-0.16217478690154793,-0.3268172187789122,0.0,0.5037540988204359,1.919864277905443
0.0,0.0,-0.9862649071659377,-0.9354054242077128,0.0,0.5230376785312721,-0.9381944194495243,-0.6855169236756652,1.0,1.0,-1.2543296868083218,-0.2178163539791389,0.0,0.2898696305455047,-0.6719004342895103
0.0,0.0,-0.0701136189928391,0.2474298218872014,1.0,-0.4571891102380914,0.06756368198405872,0.13168317996608064,0.0,1.0,-0.2986941493898947,0.10918624042018105,0.0,0.4075060880967167,-0.41191721586753544
0.0,0.0,-0.9862649071659377,0.2474298218872014,0.0,1.5032644673006357,-1.139346039736241,-0.6855169236756652,0.0,1.0,-1.3908490492966685,-1.5258267315764187,0.0,-0.2983126572105555,-1.780991404366093
1.0,0.0,-0.9862649071659377,0.2474298218872014,1.0,0.5230376785312721,-1.139346039736241,0.13168317996608064,0.0,0.0,1.0664994754935726,0.7631914292188209,0.0,-1.886404834151918,-0.07524508111364908
0.0,1.0,-0.9862649071659377,-0.9354054242077128,0.0,-1.4374158990074548,-0.3347395585893745,-0.6855169236756652,0.0,0.0,-0.8447715993432816,-0.8718215427777788,0.0,0.8780519183015653,0.47079366250182697
1.0,0.0,0.8460376691802596,-0.9354054242077128,0.0,1.5032644673006357,0.6710185428442086,-0.6855169236756652,1.0,1.0,-0.16217478690154793,-0.3268172187789122,0.0,1.1454075036452287,0.057035134799541296
0.0,0.0,-0.0701136189928391,0.2474298218872014,1.0,-0.4571891102380914,0.4698669225574919,1.7660833872495723,0.0,1.0,-0.025655424413201202,-0.10881548917936558,0.0,0.5839607744235349,2.1353853506389866
1.0,0.0,1.7621889573533582,0.2474298218872014,1.0,1.0131510729159539,2.2802315051379414,-0.6855169236756652,0.0,0.0,2.3634334191328668,1.9622009420163273,0.0,1.2645717073984046,2.2794346102161103
0.0,0.0,1.7621889573533582,0.2474298218872014,1.0,-0.9473025046227731,-0.5358911788760911,1.3574833354286995,0.0,1.0,1.4760575629586128,0.6541905644190477,0.0,-1.4491040897767604,0.19164739057649952
1.0,1.0,-0.0701136189928391,-0.9354054242077128,0.0,1.5032644673006357,0.26871530227077534,0.5402832317869536,0.0,0.0,-0.16217478690154793,-0.5448189483784588,0.0,0.5037540988204359,1.5369198475567794
0.0,1.0,-0.0701136189928391,-0.9354054242077128,0.0,1.9933778616853173,-1.3404976600229574,2.1746834390704453,1.0,0.0,-0.9812909618316283,-0.5448189483784588,0.0,-2.062859520478736,-0.9443786036867134
0.0,1.0,-0.0701136189928391,-0.9354054242077128,0.0,0.03292428414659036,-0.1335879383026579,-0.6855169236756652,1.0,0.0,-0.7082522368549349,-1.307825001976872,0.0,0.9620779594095735,-0.314331027768462
0.0,0.0,-0.0701136189928391,-0.9354054242077128,1.0,-0.9473025046227731,0.6710185428442086,-0.6855169236756652,0.0,1.0,-0.16217478690154793,0.0001853756204077356,0.0,1.1454075036452287,0.9102521064651218
0.0,1.0,-0.0701136189928391,-0.9354054242077128,0.0,-0.9473025046227731,0.26871530227077534,-1.094116975496538,1.0,0.0,-0.2986941493898947,0.8721922940185942,0.0,0.7604154607503532,4.335915456615097
1.0,1.0,-0.9862649071659377,-0.9354054242077128,0.0,-0.9473025046227731,-0.7370427991628077,0.13168317996608064,0.0,0.0,-0.7082522368549349,-0.4358180835786855,1.0,-0.5503907805345813,-0.39581838899378935
0.0,0.0,-0.9862649071659377,0.2474298218872014,0.0,-1.4374158990074548,-0.9381944194495243,2.1746834390704453,0.0,0.0,-0.9812909618316283,-0.6538198131782321,0.0,-0.6512220298641915,0.643451720614128
0.0,0.0,-0.0701136189928391,1.4302650679821156,0.0,-1.4374158990074548,-1.3404976600229574,0.9488832836078265,1.0,0.0,-0.4352135118782414,-1.1988241371770987,0.0,-2.062859520478736,-1.0850289111044953
0.0,1.0,-0.0701136189928391,-0.9354054242077128,0.0,-0.4571891102380914,-0.9381944194495243,2.1746834390704453,1.0,0.0,-0.7082522368549349,0.9811931588183676,0.0,-1.054547027182633,0.4304575884116636
0.0,0.0,0.8460376691802596,0.2474298218872014,0.0,-1.9275292933921366,0.8721701631309251,-0.6855169236756652,1.0,1.0,-0.025655424413201202,-0.8718215427777788,0.0,1.1721430621795952,0.161083461631994
0.0,1.0,-0.9862649071659377,-0.9354054242077128,0.0,1.5032644673006357,-1.3404976600229574,-0.6855169236756652,0.0,0.0,-1.5273684117850153,-1.7438284611759653,0.0,-2.062859520478736,-1.773081152374754
0.0,0.0,2.678340245526457,0.2474298218872014,1.0,0.5230376785312721,2.2802315051379414,-0.6855169236756652,1.0,1.0,2.3634334191328668,1.6351983476170073,0.0,1.2586404574378394,0.43317533490264004
0.0,0.0,-0.9862649071659377,0.2474298218872014,1.0,-1.9275292933921366,-0.7370427991628077,-0.2769168718547923,0.0,1.0,0.7934607505168791,0.0001853756204077356,0.0,-1.4746772327226763,0.5894474423719165
0.0,0.0,-0.0701136189928391,0.2474298218872014,1.0,-0.9473025046227731,0.6710185428442086,-0.6855169236756652,0.0,1.0,-0.16217478690154793,0.21818710521995435,0.0,1.1454075036452287,-0.8452071682873377
0.0,0.0,-0.9862649071659377,0.2474298218872014,0.0,0.5230376785312721,-1.139346039736241,2.1746834390704453,1.0,1.0,-0.8447715993432816,-1.0898232723773253,1.0,-1.4746772327226763,-0.10800605073160748
1.0,0.0,-0.0701136189928391,0.2474298218872014,1.0,-0.4571891102380914,1.8779282645645081,-1.094116975496538,0.0,1.0,0.7934607505168791,-0.10881548917936558,0.0,1.0741126808869184,-0.3648293293359485
0.0,0.0,-0.0701136189928391,-0.9354054242077128,1.0,-0.9473025046227731,1.6767766442777916,-0.6855169236756652,0.0,1.0,0.6569413880285324,1.3081957532176876,0.0,1.0510467088180533,-0.2924697154707252
1.0,0.0,-0.0701136189928391,0.2474298218872014,1.0,0.03292428414659036,0.4698669225574919,-0.6855169236756652,0.0,1.0,-0.2986941493898947,0.8721922940185942,0.0,1.1133248334039894,0.3399628630913821
0.0,1.0,1.7621889573533582,-0.9354054242077128,0.0,0.5230376785312721,2.2802315051379414,-0.6855169236756652,0.0,0.0,1.339538200470266,0.8721922940185942,0.0,1.3058208548514272,0.11083632129863086
1.0,0.0,-0.9862649071659377,0.2474298218872014,0.0,1.9933778616853173,-0.3347395585893745,-0.6855169236756652,0.0,0.0,-0.8447715993432816,-0.3268172187789122,0.0,0.8780519183015653,0.4971611691396245
1.0,0.0,-0.0701136189928391,-0.9354054242077128,0.0,1.0131510729159539,-0.7370427991628077,-1.094116975496538,0.0,1.0,-0.9812909618316283,-0.2178163539791389,0.0,0.05459671544308061,-0.9869046932678676
0.0,0.0,-0.9862649071659377,0.2474298218872014,0.0,0.5230376785312721,-0.3347395585893745,-0.6855169236756652,0.0,1.0,-0.8447715993432816,-0.4358180835786855,0.0,0.8780519183015653,-0.4356506305584295
0.0,0.0,0.8460376691802596,-0.9354054242077128,0.0,1.0131510729159539,1.4756250239910749,-0.6855169236756652,1.0,1.0,0.383902663051839,-0.5448189483784588,0.0,1.2309612909552012,1.4211786134684963
0.0,0.0,-0.0701136189928391,0.2474298218872014,0.0,1.0131510729159539,0.26871530227077534,1.7660833872495723,1.0,0.0,-0.16217478690154793,-0.7628206779780055,0.0,0.5037540988204359,-0.6745932186982194
0.0,1.0,0.8460376691802596,-0.9354054242077128,0.0,0.5230376785312721,0.26871530227077534,-0.6855169236756652,0.0,0.0,-0.2986941493898947,-0.3268172187789122,0.0,0.7604154607503532,0.40488560658000644
0.0,0.0,-0.9862649071659377,0.2474298218872014,0.0,-0.4571891102380914,-1.3404976600229574,0.13168317996608064,1.0,0.0,-1.117810324319975,-1.5258267315764187,0.0,-2.062859520478736,-0.33790145325906024
1.0,1.0,-0.0701136189928391,-0.9354054242077128,0.0,0.5230376785312721,0.6710185428442086,-1.094116975496538,1.0,0.0,-0.025655424413201202,1.5261974828172342,0.0,0.8780519183015653,-0.6182508440893417
1.0,1.0,-0.9862649071659377,-0.9354054242077128,0.0,0.5230376785312721,-0.5358911788760911,-1.094116975496538,0.0,0.0,-0.8447715993432816,-0.9808224075775521,1.0,0.2898696305455047,-0.9610806739409091
1.0,0.0,-0.0701136189928391,1.4302650679821156,0.0,0.5230376785312721,0.4698669225574919,-1.094116975496538,0.0,1.0,-0.16217478690154793,-0.6538198131782321,0.0,0.8245808012328325,-0.6413215249892964
0.0,0.0,0.8460376691802596,-0.9354054242077128,0.0,0.03292428414659036,0.4698669225574919,-0.6855169236756652,0.0,1.0,-0.2986941493898947,-1.0898232723773253,0.0,1.1133248334039894,0.03737714020020518
0.0,0.0,-0.9862649071659377,0.2474298218872014,0.0,1.0131510729159539,-0.3347395585893745,-0.6855169236756652,0.0,0.0,-0.7082522368549349,-0.9808224075775521,0.0,0.4579217127615221,0.46253331018133553
0.0,0.0,-0.0701136189928391,1.4302650679821156,1.0,0.5230376785312721,0.26871530227077534,0.5402832317869536,1.0,1.0,-0.16217478690154793,0.8721922940185942,0.0,0.5037540988204359,-0.7362819500218081
1.0,0.0,-0.0701136189928391,0.2474298218872014,1.0,1.9933778616853173,0.4698669225574919,-0.6855169236756652,0.0,1.0,-0.2986941493898947,0.21818710521995435,0.0,1.1133248334039894,2.837368273256815
1.0,1.0,-0.9862649071659377,-0.9354054242077128,0.0,1.0131510729159539,-0.9381944194495243,0.9488832836078265,0.0,0.0,-0.4352135118782414,0.5451896996192743,0.0,-1.2786164701373226,-0.6454307851649408
0.0,1.0,-0.0701136189928391,-0.9354054242077128,0.0,0.03292428414659036,0.06756368198405872,0.13168317996608064,1.0,0.0,-0.2986941493898947,-0.4358180835786855,0.0,0.4075060880967167,-0.9303958245867001
0.0,0.0,0.8460376691802596,1.4302650679821156,1.0,0.03292428414659036,0.4698669225574919,-1.094116975496538,1.0,1.0,-0.16217478690154793,-0.10881548917936558,0.0,0.8245808012328325,0.28775098994976245
1.0,0.0,-0.0701136189928391,1.4302650679821156,1.0,-0.9473025046227731,-0.5358911788760911,-0.2769168718547923,1.0,1.0,1.2030188379819193,0.10918624042018105,0.0,-1.3906511916146675,3.00534159387366
1.0,1.0,1.7621889573533582,-0.9354054242077128,0.0,0.03292428414659036,-0.3347395585893745,0.13168317996608064,0.0,0.0,2.3634334191328668,2.3982044012154207,0.0,-1.4936508549083556,2.502055301982755
0.0,0.0,-0.0701136189928391,0.2474298218872014,0.0,1.9933778616853173,-0.7370427991628077,-0.2769168718547923,1.0,0.0,-0.16217478690154793,-0.8718215427777788,0.0,-1.1003794132415468,-0.005476112941695133
0.0,0.0,2.678340245526457,-0.9354054242077128,1.0,1.0131510729159539,-0.3347395585893745,0.13168317996608064,0.0,1.0,2.2951737378886934,1.3081957532176876,0.0,-1.4543950848690188,0.5472160953991217
0.0,0.0,-0.0701136189928391,0.2474298218872014,1.0,0.03292428414659036,2.2802315051379414,-1.094116975496538,1.0,1.0,1.0664994754935726,1.4171966180174609,0.0,1.1133248334039894,-0.24565090689486685
1.0,0.0,-0.0701136189928391,0.2474298218872014,0.0,0.5230376785312721,-0.3347395585893745,-1.094116975496538,1.0,1.0,-0.7082522368549349,-1.0898232723773253,0.0,0.4579217127615221,-0.24482839047721905
0.0,0.0,-0.9862649071659377,1.4302650679821156,1.0,-0.4571891102380914,-0.1335879383026579,0.13168317996608064,0.0,1.0,-0.16217478690154793,0.5451896996192743,0.0,-0.13789930600435737,-0.2754067753478469
0.0,0.0,-0.9862649071659377,-0.9354054242077128,1.0,-1.4374158990074548,-1.139346039736241,0.5402832317869536,0.0,1.0,-0.4352135118782414,0.0001853756204077356,0.0,-1.6707379953080295,-0.19981992298616014
0.0,0.0,-0.9862649071659377,-0.9354054242077128,1.0,-0.4571891102380914,0.8721701631309251,-0.6855169236756652,0.0,1.0,0.11086393807514554,-0.10881548917936558,0.0,0.9232967096674158,0.38905439192465435
0.0,0.0,-0.0701136189928391,2.61310031407703,1.0,0.03292428414659036,-0.3347395585893745,0.9488832836078265,0.0,0.0,1.2030188379819193,1.0901940236181409,0.0,-1.2225991093986501,-0.8768256242747285
0.0,1.0,1.7621889573533582,-0.9354054242077128,0.0,-1.9275292933921366,2.2802315051379414,-1.094116975496538,1.0,0.0,1.339538200470266,0.21818710521995435,0.0,1.1454075036452287,2.630689005619656
0.0,0.0,-0.0701136189928391,0.2474298218872014,1.0,-0.4571891102380914,-0.7370427991628077,1.3574833354286995,0.0,1.0,-0.16217478690154793,0.436188834819501,0.0,-1.1003794132415468,1.4669396031942161
1.0,1.0,0.8460376691802596,-0.9354054242077128,0.0,0.03292428414659036,0.26871530227077534,-1.094116975496538,0.0,0.0,-0.2986941493898947,-0.8718215427777788,0.0,0.7604154607503532,0.0009271045857855676
1.0,1.0,-0.0701136189928391,-0.9354054242077128,0.0,0.5230376785312721,-0.7370427991628077,0.13168317996608064,0.0,0.0,1.0664994754935726,0.10918624042018105,0.0,-1.533495461498282,0.9383774468787722
0.0,0.0,-0.9862649071659377,0.2474298218872014,0.0,0.03292428414659036,0.26871530227077534,-0.6855169236756652,0.0,1.0,-0.4352135118782414,-0.5448189483784588,1.0,1.0741126808869184,-0.7710702587962337
0.0,1.0,0.8460376691802596,-0.9354054242077128,0.0,-0.9473025046227731,0.6710185428442086,-0.6855169236756652,0.0,0.0,-0.16217478690154793,-0.6538198131782321,0.0,1.1454075036452287,0.05064908468873947
0.0,1.0,-0.9862649071659377,-0.9354054242077128,0.0,1.0131510729159539,-0.9381944194495243,-0.6855169236756652,0.0,0.0,-1.117810324319975,-1.7438284611759653,0.0,-0.2983126572105555,-0.11632281863313428
0.0,0.0,-0.0701136189928391,0.2474298218872014,1.0,0.5230376785312721,-0.3347395585893745,0.5402832317869536,0.0,1.0,0.11086393807514554,0.6541905644190477,0.0,-0.7055157795032125,-0.752145346229284
0.0,0.0,-0.9862649071659377,0.2474298218872014,1.0,1.0131510729159539,-1.3404976600229574,1.7660833872495723,0.0,1.0,-0.5717328743665882,0.10918624042018105,0.0,-2.062859520478736,0.052308206830693094
0.0,0.0,0.8460376691802596,2.61310031407703,1.0,0.03292428414659036,1.4756250239910749,0.9488832836078265,0.0,0.0,1.0664994754935726,1.4171966180174609,0.0,0.4075060880967167,-0.49924285006286157
0.0,0.0,0.8460376691802596,0.2474298218872014,0.0,1.0131510729159539,1.2744734037043584,-0.6855169236756652,0.0,0.0,0.24738330056349225,-0.6538198131782321,0.0,1.2141560827335995,1.3005539744618986
1.0,1.0,-0.0701136189928391,-0.9354054242077128,0.0,1.5032644673006357,0.6710185428442086,-0.6855169236756652,1.0,0.0,-0.16217478690154793,-0.2178163539791389,0.0,1.1454075036452287,-0.46526279040684215
1.0,1.0,-0.0701136189928391,-0.9354054242077128,0.0,0.03292428414659036,-1.139346039736241,-0.2769168718547923,0.0,0.0,0.9299801130052259,0.0001853756204077356,0.0,-1.8771177453978753,-1.2176023165832757
0.0,0.0,-0.0701136189928391,0.2474298218872014,0.0,-1.4374158990074548,0.26871530227077534,-0.6855169236756652,1.0,1.0,-0.4352135118782414,-1.0898232723773253,0.0,1.0741126808869184,-0.30034824866844867
0.0,1.0,0.8460376691802596,-0.9354054242077128,0.0,0.03292428414659036,1.6767766442777916,1.7660833872495723,0.0,0.0,2.1586543754003467,1.1991948884179142,0.0,-0.17227359554854263,1.304336278623319
1.0,0.0,-0.0701136189928391,0.2474298218872014,1.0,0.5230376785312721,2.2802315051379414,-0.6855169236756652,0.0,0.0,1.2030188379819193,0.10918624042018105,0.0,1.298182123841608,-0.9811770363528974
0.0,0.0,-0.0701136189928391,-0.9354054242077128,1.0,1.0131510729159539,-0.7370427991628077,-1.094116975496538,0.0,1.0,-0.9812909618316283,-0.10881548917936558,0.0,0.05459671544308061,-1.1485101349811992
0.0,0.0,-0.9862649071659377,-0.9354054242077128,0.0,-0.9473025046227731,-0.3347395585893745,-1.094116975496538,0.0,1.0,-0.7082522368549349,-1.0898232723773253,1.0,0.4579217127615221,-1.0094629555749701
0.0,0.0,-0.9862649071659377,2.61310031407703,0.0,-0.4571891102380914,-0.3347395585893745,-0.6855169236756652,0.0,0.0,-0.8447715993432816,-0.3268172187789122,1.0,0.8780519183015653,-1.0725843926972627
1.0,0.0,1.7621889573533582,1.4302650679821156,1.0,1.0131510729159539,2.2802315051379414,2.3789834649808816,1.0,0.0,2.2951737378886934,1.0901940236181409,0.0,0.6143839962040207,2.8071187772051194
1.0,0.0,-0.9862649071659377,0.2474298218872014,1.0,-0.9473025046227731,-0.9381944194495243,0.5402832317869536,0.0,0.0,0.7934607505168791,1.3081957532176876,0.0,-1.6707379953080295,-0.5801801658036662
1.0,0.0,1.7621889573533582,0.2474298218872014,1.0,1.0131510729159539,-1.139346039736241,0.5402832317869536,1.0,1.0,2.3634334191328668,2.289203536415647,0.0,-1.9452230629275242,0.1066703349726922
1.0,1.0,-0.9862649071659377,-0.9354054242077128,0.0,-1.4374158990074548,-0.3347395585893745,-0.6855169236756652,1.0,0.0,-0.7082522368549349,-1.4168258667766453,1.0,0.4579217127615221,0.616381349685083
0.0,0.0,-0.9862649071659377,2.61310031407703,0.0,0.5230376785312721,-0.7370427991628077,-1.094116975496538,0.0,1.0,-0.9812909618316283,-0.8718215427777788,1.0,0.05459671544308061,-0.05853120200370089
0.0,1.0,-0.0701136189928391,-0.9354054242077128,0.0,0.03292428414659036,2.079079884851225,-0.6855169236756652,0.0,0.0,0.7934607505168791,-0.2178163539791389,0.0,1.2701734434722718,2.985374878859798
0.0,0.0,-0.9862649071659377,-0.9354054242077128,0.0,-0.4571891102380914,-0.3347395585893745,-0.6855169236756652,0.0,1.0,-0.8447715993432816,-1.1988241371770987,1.0,0.8780519183015653,-0.7746315676901491
1.0,1.0,2.678340245526457,-0.9354054242077128,0.0,1.0131510729159539,2.2802315051379414,1.7660833872495723,0.0,0.0,2.3634334191328668,2.289203536415647,0.0,0.6054796386097323,0.5623126687807015
0.0,1.0,2.678340245526457,-0.9354054242077128,0.0,-0.4571891102380914,-1.3404976600229574,0.13168317996608064,0.0,0.0,1.4760575629586128,0.8721922940185942,0.0,-2.062859520478736,0.13749771060059598
0.0,0.0,0.8460376691802596,0.2474298218872014,1.0,-0.9473025046227731,0.6710185428442086,0.13168317996608064,0.0,1.0,1.0664994754935726,0.10918624042018105,0.0,-0.2983126572105555,-0.7137917988269612
0.0,0.0,-0.9862649071659377,0.2474298218872014,0.0,-0.4571891102380914,-0.9381944194495243,-0.6855169236756652,0.0,1.0,-1.2543296868083218,-1.634827596376192,0.0,0.2898696305455047,-0.8836172617930463
1.0,1.0,-0.9862649071659377,-0.9354054242077128,0.0,-1.4374158990074548,-0.9381944194495243,0.5402832317869536,0.0,0.0,-0.8447715993432816,-0.4358180835786855,1.0,-0.8864949449666158,-0.8229719965261115
0.0,0.0,0.8460376691802596,-0.9354054242077128,0.0,-0.4571891102380914,0.4698669225574919,-1.094116975496538,1.0,1.0,-0.16217478690154793,-0.7628206779780055,0.0,0.8245808012328325,0.6035972943265359
0.0,0.0,-0.9862649071659377,0.2474298218872014,1.0,0.03292428414659036,-0.9381944194495243,-1.094116975496538,1.0,1.0,-1.117810324319975,0.10918624042018105,0.0,-0.2983126572105555,0.2878044300349978
0.0,0.0,-0.9862649071659377,0.2474298218872014,0.0,1.5032644673006357,-0.9381944194495243,-0.6855169236756652,0.0,1.0,-1.2543296868083218,-0.2178163539791389,0.0,0.2898696305455047,-0.7657921917088818
0.0,0.0,-0.0701136189928391,0.2474298218872014,0.0,-0.9473025046227731,0.4698669225574919,-1.094116975496538,0.0,1.0,-0.16217478690154793,-0.7628206779780055,0.0,0.8245808012328325,1.2143626438960458
1.0,0.0,-0.0701136189928391,1.4302650679821156,0.0,1.0131510729159539,-0.1335879383026579,-0.6855169236756652,1.0,0.0,-0.7082522368549349,-1.0898232723773253,0.0,0.9620779594095735,-0.9447898618955375
0.0,1.0,-0.9862649071659377,-0.9354054242077128,0.0,1.9933778616853173,-0.3347395585893745,-0.6855169236756652,0.0,0.0,-0.8447715993432816,-1.5258267315764187,0.0,0.8780519183015653,-0.5273994949301453
1.0,0.0,2.678340245526457,0.2474298218872014,1.0,1.0131510729159539,-0.9381944194495243,1.7660833872495723,0.0,0.0,1.7490962879353062,0.9811931588183676,0.0,-1.7805320223558274,0.5768764219252842
0.0,1.0,-0.0701136189928391,-0.9354054242077128,0.0,-1.9275292933921366,0.06756368198405872,2.1746834390704453,0.0,0.0,-0.2986941493898947,-1.0898232723773253,0.0,0.4075060880967167,-0.2797257123427837
0.0,0.0,-0.9862649071659377,2.61310031407703,0.0,-0.9473025046227731,-0.5358911788760911,1.7660833872495723,0.0,0.0,-0.4352135118782414,-0.4358180835786855,1.0,-0.494373419795909,0.1420353473156784
0.0,0.0,-0.0701136189928391,0.2474298218872014,1.0,0.5230376785312721,0.26871530227077534,2.1746834390704453,1.0,0.0,0.9299801130052259,1.1991948884179142,0.0,-0.5769253198318472,-0.20781515168306589
1.0,0.0,-0.0701136189928391,0.2474298218872014,1.0,0.5230376785312721,-1.139346039736241,0.13168317996608064,0.0,1.0,0.5204220255401857,0.10918624042018105,0.0,-1.8422911625702136,-0.6579640100901818
0.0,1.0,-0.9862649071659377,-0.9354054242077128,0.0,1.0131510729159539,-0.3347395585893745,-0.6855169236756652,0.0,0.0,-0.7082522368549349,-0.3268172187789122,1.0,0.4579217127615221,-0.6120319434237304
0.0,0.0,-0.0701136189928391,0.2474298218872014,0.0,0.5230376785312721,-0.5358911788760911,-1.094116975496538,1.0,1.0,-0.8447715993432816,-1.0898232723773253,0.0,0.2898696305455047,-1.070223615586834
0.0,0.0,-0.9862649071659377,0.2474298218872014,0.0,0.5230376785312721,-1.139346039736241,-0.6855169236756652,0.0,0.0,-1.3908490492966685,-0.7628206779780055,1.0,-0.2983126572105555,-1.025122880749227
1.0,0.0,-0.0701136189928391,0.2474298218872014,0.0,1.0131510729159539,-0.1335879383026579,-0.6855169236756652,1.0,0.0,-0.5717328743665882,-0.4358180835786855,0.0,0.5839607744235349,-0.6482726933334884
0.0,0.0,-0.9862649071659377,1.4302650679821156,0.0,-1.9275292933921366,-1.139346039736241,-0.6855169236756652,0.0,0.0,-1.3908490492966685,-0.9808224075775521,1.0,-0.2983126572105555,-0.5722630651726383
0.0,0.0,-0.9862649071659377,0.2474298218872014,0.0,-1.4374158990074548,-1.139346039736241,-0.6855169236756652,1.0,1.0,-1.3908490492966685,-1.5258267315764187,0.0,-0.2983126572105555,-0.9148087841298378
1.0,0.0,-0.0701136189928391,-0.9354054242077128,1.0,1.0131510729159539,2.2802315051379414,-0.6855169236756652,0.0,0.0,1.2030188379819193,1.0901940236181409,0.0,1.1301300416255908,-0.8779966782001876
0.0,0.0,-0.9862649071659377,1.4302650679821156,1.0,1.0131510729159539,-0.5358911788760911,0.13168317996608064,0.0,1.0,-0.16217478690154793,1.5261974828172342,0.0,-0.7795527108291502,-1.0305752239243786
0.0,0.0,-0.0701136189928391,1.4302650679821156,0.0,0.03292428414659036,0.6710185428442086,-0.6855169236756652,0.0,1.0,-0.16217478690154793,-0.2178163539791389,0.0,1.1454075036452287,0.14115566946778663
1.0,1.0,-0.9862649071659377,-0.9354054242077128,0.0,0.03292428414659036,-0.3347395585893745,0.9488832836078265,0.0,0.0,-0.4352135118782414,-0.7628206779780055,1.0,-0.10225189462520197,-0.5206245870793651
0.0,0.0,-0.0701136189928391,0.2474298218872014,1.0,-1.9275292933921366,-0.5358911788760911,-0.2769168718547923,0.0,0.0,0.24738330056349225,0.10918624042018105,0.0,-1.054547027182633,-0.477544342064673
0.0,0.0,-0.9862649071659377,0.2474298218872014,0.0,-1.4374158990074548,-0.9381944194495243,0.9488832836078265,0.0,1.0,-0.7082522368549349,-1.307825001976872,0.0,-1.054547027182633,0.6900746465524042
1.0,1.0,-0.0701136189928391,-0.9354054242077128,0.0,1.5032644673006357,0.4698669225574919,-0.6855169236756652,1.0,0.0,-0.2986941493898947,1.0901940236181409,0.0,1.1133248334039894,-1.1438388349663164
0.0,0.0,2.678340245526457,-0.9354054242077128,1.0,1.0131510729159539,2.2802315051379414,0.5402832317869536,0.0,1.0,2.3634334191328668,1.1991948884179142,0.0,0.5251425456479287,0.6367298952146068
0.0,0.0,0.8460376691802596,-0.9354054242077128,0.0,-0.4571891102380914,1.2744734037043584,0.13168317996608064,0.0,1.0,0.6569413880285324,-0.2178163539791389,0.0,0.6358592115784812,1.400093558125907
1.0,0.0,-0.9862649071659377,0.2474298218872014,0.0,-0.9473025046227731,0.06756368198405872,-1.094116975496538,0.0,0.0,-0.4352135118782414,-1.1988241371770987,1.0,0.6819911557162117,-1.0131506343723955
0.0,1.0,0.8460376691802596,-0.9354054242077128,0.0,1.5032644673006357,0.06756368198405872,0.13168317996608064,0.0,0.0,-0.16217478690154793,-0.5448189483784588,0.0,0.18292739640803926,-0.8739930834173735
0.0,1.0,-0.9862649071659377,-0.9354054242077128,0.0,-0.9473025046227731,-0.3347395585893745,-0.6855169236756652,0.0,0.0,-0.7082522368549349,-0.2178163539791389,0.0,0.4579217127615221,0.05041747509639819
1.0,1.0,-0.9862649071659377,-0.9354054242077128,0.0,-1.4374158990074548,-1.139346039736241,-0.2769168718547923,0.0,0.0,-0.025655424413201202,0.21818710521995435,0.0,-1.768768376600706,0.3513986751139783
0.0,0.0,-0.0701136189928391,0.2474298218872014,1.0,0.5230376785312721,0.26871530227077534,-0.6855169236756652,0.0,1.0,-0.4352135118782414,0.32718797001972766,0.0,1.0741126808869184,-1.2506634226603544
1.0,0.0,-0.9862649071659377,0.2474298218872014,0.0,-0.4571891102380914,0.8721701631309251,-1.094116975496538,0.0,1.0,0.11086393807514554,-0.7628206779780055,0.0,0.9232967096674158,0.28973678358895005
0.0,0.0,-0.0701136189928391,0.2474298218872014,1.0,-0.4571891102380914,-0.3347395585893745,1.7660833872495723,1.0,0.0,-0.5717328743665882,0.32718797001972766,0.0,0.14282405860648972,-0.03796551143878522
0.0,0.0,-0.9862649071659377,1.4302650679821156,0.0,-2.4176426877768185,-0.3347395585893745,-0.6855169236756652,0.0,1.0,-0.7082522368549349,-1.1988241371770987,0.0,0.4579217127615221,0.6232191301126115
0.0,1.0,-0.9862649071659377,-0.9354054242077128,0.0,-0.4571891102380914,-0.7370427991628077,-0.6855169236756652,1.0,0.0,-1.117810324319975,-1.7438284611759653,0.0,0.5839607744235349,-0.025590717750067646
1.0,0.0,-0.0701136189928391,0.2474298218872014,1.0,-0.4571891102380914,-0.7370427991628077,-0.2769168718547923,0.0,0.0,0.24738330056349225,-0.10881548917936558,0.0,-1.3066251505066588,0.5975312678780575
0.0,1.0,-0.9862649071659377,-0.9354054242077128,0.0,0.03292428414659036,-0.3347395585893745,-0.6855169236756652,0.0,0.0,-0.8447715993432816,-0.9808224075775521,1.0,0.8780519183015653,-0.9715089505857051
0.0,1.0,-0.9862649071659377,-0.9354054242077128,0.0,-0.9473025046227731,-1.3404976600229574,1.7660833872495723,0.0,0.0,-0.4352135118782414,-0.9808224075775521,1.0,-2.062859520478736,-0.6030517898488588
0.0,1.0,-0.9862649071659377,-0.9354054242077128,0.0,-0.9473025046227731,-1.139346039736241,-0.6855169236756652,1.0,0.0,-1.3908490492966685,-1.7438284611759653,0.0,-0.2983126572105555,0.04923372929896165
0.0,0.0,-0.0701136189928391,0.2474298218872014,1.0,-0.4571891102380914,-1.139346039736241,1.3574833354286995,0.0,1.0,1.2030188379819193,0.32718797001972766,0.0,-1.894807438262719,0.17722246123135962
0.0,0.0,-0.0701136189928391,0.2474298218872014,0.0,0.5230376785312721,-0.7370427991628077,-1.094116975496538,1.0,1.0,-0.9812909618316283,-0.4358180835786855,0.0,0.05459671544308061,-1.0866739439397912
0.0,1.0,-0.9862649071659377,-0.9354054242077128,0.0,1.5032644673006357,-1.3404976600229574,0.5402832317869536,0.0,0.0,-0.4352135118782414,0.5451896996192743,0.0,-2.062859520478736,0.6346549421352078
0.0,1.0,0.8460376691802596,-0.9354054242077128,0.0,1.5032644673006357,-0.9381944194495243,0.5402832317869536,1.0,0.0,0.6569413880285324,1.4171966180174609,0.0,-1.6476720232391642,0.9309588285503791
0.0,0.0,0.8460376691802596,0.2474298218872014,1.0,0.03292428414659036,-0.5358911788760911,1.7660833872495723,0.0,0.0,0.7934607505168791,0.9811931588183676,0.0,-1.2786164701373226,0.6980202873342397
1.0,1.0,-0.9862649071659377,-0.9354054242077128,0.0,1.5032644673006357,-1.139346039736241,-0.6855169236756652,0.0,0.0,-1.3908490492966685,-1.8528293259757387,0.0,-0.2983126572105555,-1.9690796183823833
0.0,1.0,-0.0701136189928391,-0.9354054242077128,0.0,1.0131510729159539,-0.3347395585893745,2.1746834390704453,1.0,0.0,-0.4352135118782414,0.8721922940185942,0.0,-0.10225189462520197,-0.8613044455042809
1.0,0.0,-0.9862649071659377,2.61310031407703,0.0,-0.9473025046227731,-0.9381944194495243,0.5402832317869536,0.0,0.0,-0.9812909618316283,-0.8718215427777788,1.0,-0.6512220298641915,-1.286101742112174
0.0,1.0,-0.0701136189928391,-0.9354054242077128,0.0,-0.4571891102380914,0.06756368198405872,1.7660833872495723,0.0,0.0,-0.16217478690154793,-0.5448189483784588,0.0,0.18292739640803926,1.587018110168595
0.0,0.0,-0.0701136189928391,-0.9354054242077128,0.0,0.03292428414659036,0.8721701631309251,2.3789834649808816,1.0,1.0,0.5204220255401857,-0.2178163539791389,0.0,0.3633924165150123,-0.9160017872778627
0.0,0.0,-0.0701136189928391,1.4302650679821156,1.0,0.5230376785312721,0.6710185428442086,-0.6855169236756652,0.0,1.0,-0.16217478690154793,0.5451896996192743,0.0,1.1454075036452287,-1.309290358811201
0.0,0.0,0.8460376691802596,1.4302650679821156,1.0,-0.9473025046227731,-1.139346039736241,1.3574833354286995,0.0,0.0,0.7934607505168791,0.0001853756204077356,0.0,-1.866798757893383,1.066343189370114
0.0,0.0,-0.0701136189928391,0.2474298218872014,1.0,-1.4374158990074548,0.06756368198405872,-0.2769168718547923,0.0,0.0,0.5204220255401857,0.32718797001972766,0.0,-0.518881015119078,-1.1735028099198852
0.0,1.0,-0.9862649071659377,-0.9354054242077128,0.0,0.5230376785312721,-0.5358911788760911,-0.6855169236756652,0.0,0.0,-0.8447715993432816,2.071201806816101,0.0,0.2898696305455047,-0.5801801658036662
0.0,0.0,-0.0701136189928391,-0.9354054242077128,0.0,0.5230376785312721,0.6710185428442086,-0.6855169236756652,0.0,1.0,-0.16217478690154793,-0.3268172187789122,0.0,1.1454075036452287,0.8707771838184732
0.0,0.0,-0.0701136189928391,0.2474298218872014,0.0,-2.4176426877768185,1.2744734037043584,-0.6855169236756652,0.0,1.0,0.24738330056349225,-0.6538198131782321,0.0,1.2141560827335995,-1.175054023958268
1.0,0.0,2.678340245526457,0.2474298218872014,1.0,0.03292428414659036,2.2802315051379414,-0.6855169236756652,0.0,0.0,1.339538200470266,0.21818710521995435,0.0,1.3058208548514272,0.32577673594091083
0.0,1.0,-0.9862649071659377,-0.9354054242077128,0.0,-0.9473025046227731,-1.139346039736241,-0.6855169236756652,0.0,0.0,-1.3908490492966685,-0.3268172187789122,1.0,-0.2983126572105555,-0.24376576738248967
1.0,0.0,0.8460376691802596,2.61310031407703,0.0,-1.4374158990074548,0.26871530227077534,-1.094116975496538,0.0,1.0,-0.2986941493898947,-0.7628206779780055,0.0,0.7604154607503532,-0.8283481497813026
1.0,0.0,1.7621889573533582,0.2474298218872014,1.0,0.03292428414659036,-0.3347395585893745,-0.2769168718547923,0.0,1.0,1.7490962879353062,1.6351983476170073,0.0,-1.357040775171464,2.3150770252178137
0.0,0.0,0.8460376691802596,0.2474298218872014,1.0,0.5230376785312721,0.6710185428442086,-0.6855169236756652,0.0,1.0,-0.16217478690154793,0.0001853756204077356,0.0,1.1454075036452287,0.8266674859595206
0.0,0.0,-0.0701136189928391,0.2474298218872014,0.0,0.03292428414659036,-0.3347395585893745,0.9488832836078265,0.0,1.0,-0.2986941493898947,-0.5448189483784588,0.0,-0.2983126572105555,1.6924881367197853
0.0,0.0,-0.0701136189928391,1.4302650679821156,0.0,1.5032644673006357,-0.1335879383026579,-0.6855169236756652,1.0,0.0,-0.7082522368549349,-0.4358180835786855,0.0,0.9620779594095735,-0.5919303187246107
0.0,1.0,-0.9862649071659377,-0.9354054242077128,0.0,1.0131510729159539,-1.3404976600229574,-0.6855169236756652,0.0,0.0,-1.5273684117850153,-2.0708310555752854,0.0,-2.062859520478736,-1.1810001359139133
0.0,0.0,-0.9862649071659377,-0.9354054242077128,0.0,-1.9275292933921366,0.4698669225574919,1.7660833872495723,0.0,1.0,0.24738330056349225,-0.4358180835786855,1.0,0.20584358943749637,-0.4746188240566244
0.0,0.0,-0.9862649071659377,2.61310031407703,0.0,-0.4571891102380914,-1.139346039736241,-0.6855169236756652,0.0,0.0,-1.3908490492966685,-0.4358180835786855,1.0,-0.2983126572105555,-1.0895136397331435
0.0,0.0,-0.9862649071659377,0.2474298218872014,0.0,-0.4571891102380914,-0.3347395585893745,2.3789834649808816,0.0,0.0,-0.16217478690154793,-0.7628206779780055,0.0,-0.45872600841675376,0.44969965719158883
0.0,0.0,0.8460376691802596,1.4302650679821156,1.0,-0.4571891102380914,0.6710185428442086,-0.6855169236756652,1.0,1.0,-0.16217478690154793,-0.10881548917936558,0.0,1.1454075036452287,0.26801059592621385
0.0,0.0,-0.0701136189928391,0.2474298218872014,1.0,0.5230376785312721,0.6710185428442086,-0.6855169236756652,0.0,1.0,-0.16217478690154793,0.32718797001972766,0.0,1.1454075036452287,2.706296273920905
0.0,0.0,-0.9862649071659377,0.2474298218872014,0.0,0.03292428414659036,-0.9381944194495243,1.3574833354286995,0.0,0.0,-0.7082522368549349,-1.0898232723773253,1.0,-1.054547027182633,-1.0769789771368956
0.0,1.0,2.678340245526457,-0.9354054242077128,0.0,1.9933778616853173,-1.139346039736241,1.3574833354286995,0.0,0.0,1.885615650423653,1.1991948884179142,0.0,-1.927125146381184,0.38808045128270346
0.0,0.0,-0.0701136189928391,1.4302650679821156,1.0,-1.4374158990074548,-0.3347395585893745,-0.6855169236756652,1.0,1.0,-0.8447715993432816,0.0001853756204077356,0.0,0.8780519183015653,-1.1331461215368945
0.0,0.0,-0.9862649071659377,0.2474298218872014,1.0,0.5230376785312721,-0.7370427991628077,-0.2769168718547923,0.0,1.0,-0.8447715993432816,1.4171966180174609,0.0,-0.2983126572105555,0.3901045004212273
1.0,0.0,-0.9862649071659377,0.2474298218872014,0.0,1.0131510729159539,-0.7370427991628077,-0.6855169236756652,0.0,1.0,-1.117810324319975,-1.1988241371770987,1.0,0.5839607744235349,-0.5168433607554411
0.0,0.0,-0.9862649071659377,0.2474298218872014,1.0,-1.4374158990074548,-0.3347395585893745,0.13168317996608064,0.0,0.0,-0.4352135118782414,0.5451896996192743,0.0,-0.10225189462520197,-0.5898566221304786
0.0,0.0,-0.0701136189928391,-0.9354054242077128,0.0,1.0131510729159539,0.26871530227077534,-0.6855169236756652,0.0,1.0,-0.4352135118782414,-1.1988241371770987,0.0,1.0741126808869184,-0.7199043982632327
0.0,0.0,-0.9862649071659377,1.4302650679821156,0.0,1.5032644673006357,-0.9381944194495243,-0.6855169236756652,0.0,1.0,-1.2543296868083218,-1.307825001976872,1.0,0.2898696305455047,-0.31671586908039645
1.0,0.0,-0.0701136189928391,0.2474298218872014,1.0,-0.9473025046227731,-0.5358911788760911,0.13168317996608064,1.0,1.0,0.9299801130052259,1.4171966180174609,0.0,-1.3198924201552917,-0.06099597113292505
1.0,0.0,-0.9862649071659377,0.2474298218872014,1.0,1.0131510729159539,-1.139346039736241,2.1746834390704453,0.0,0.0,-1.117810324319975,0.32718797001972766,0.0,-1.180586088844646,0.3231356253301599
1.0,1.0,1.7621889573533582,-0.9354054242077128,0.0,1.5032644673006357,2.2802315051379414,-0.6855169236756652,0.0,0.0,1.339538200470266,0.32718797001972766,0.0,1.3058208548514272,-0.13166174111830514
0.0,1.0,0.8460376691802596,-0.9354054242077128,0.0,-1.9275292933921366,1.2744734037043584,0.13168317996608064,0.0,0.0,1.6125769254469595,1.5261974828172342,0.0,-0.15126708527154054,-0.025171337958784998
1.0,1.0,-0.9862649071659377,-0.9354054242077128,0.0,-0.4571891102380914,0.06756368198405872,1.7660833872495723,0.0,0.0,-0.16217478690154793,-0.9808224075775521,1.0,0.18292739640803926,-0.9082269346549906
0.0,0.0,-0.0701136189928391,2.61310031407703,1.0,0.03292428414659036,-1.3404976600229574,0.9488832836078265,1.0,1.0,-0.8447715993432816,0.32718797001972766,0.0,-2.062859520478736,-1.0763924887191931
1.0,0.0,-0.0701136189928391,2.61310031407703,1.0,-0.9473025046227731,1.8779282645645081,2.1746834390704453,0.0,0.0,1.0664994754935726,0.9811931588183676,0.0,0.7604154607503532,1.200294679480896
0.0,1.0,-0.0701136189928391,-0.9354054242077128,0.0,1.0131510729159539,0.4698669225574919,-0.6855169236756652,0.0,0.0,-0.2986941493898947,0.32718797001972766,0.0,1.1133248334039894,1.2407248563255187
0.0,1.0,-0.0701136189928391,-0.9354054242077128,0.0,-0.4571891102380914,-0.3347395585893745,-1.094116975496538,0.0,0.0,-0.7082522368549349,-0.4358180835786855,0.0,0.4579217127615221,-0.22752882725364287
0.0,0.0,1.7621889573533582,-0.9354054242077128,1.0,0.03292428414659036,2.2802315051379414,-0.2769168718547923,1.0,1.0,2.3634334191328668,1.7441992124167807,0.0,0.6942449533777962,-0.29905770554939526
0.0,0.0,-0.9862649071659377,0.2474298218872014,0.0,-0.9473025046227731,-1.139346039736241,-0.6855169236756652,1.0,1.0,-1.3908490492966685,-0.7628206779780055,1.0,-0.2983126572105555,-0.17090196274383518
0.0,0.0,-0.0701136189928391,-0.9354054242077128,1.0,-0.4571891102380914,0.26871530227077534,-1.094116975496538,1.0,1.0,-0.2986941493898947,0.32718797001972766,0.0,0.7604154607503532,-0.6050905814069761
0.0,1.0,0.8460376691802596,-0.9354054242077128,0.0,1.0131510729159539,2.2802315051379414,-1.094116975496538,0.0,0.0,1.2030188379819193,0.21818710521995435,0.0,1.1301300416255908,1.2812637424607274
0.0,1.0,-0.9862649071659377,-0.9354054242077128,0.0,-0.4571891102380914,0.06756368198405872,-1.094116975496538,0.0,0.0,-0.4352135118782414,-1.1988241371770987,1.0,0.6819911557162117,-0.33387036839390183
0.0,1.0,-0.9862649071659377,-0.9354054242077128,0.0,0.03292428414659036,-0.9381944194495243,1.7660833872495723,0.0,0.0,-0.7082522368549349,1.6351983476170073,0.0,-1.054547027182633,-0.030381510871156425
0.0,0.0,0.8460376691802596,0.2474298218872014,0.0,1.0131510729159539,0.8721701631309251,0.5402832317869536,0.0,1.0,0.24738330056349225,-0.6538198131782321,0.0,0.7099998360855478,-0.8967267468625763
0.0,0.0,-0.0701136189928391,1.4302650679821156,1.0,-0.4571891102380914,0.06756368198405872,1.3574833354286995,0.0,1.0,0.7934607505168791,-0.10881548917936558,0.0,-0.6904341823812623,-0.8750727929971882
0.0,0.0,-0.9862649071659377,2.61310031407703,1.0,1.5032644673006357,-0.5358911788760911,-0.6855169236756652,0.0,0.0,-0.9812909618316283,0.10918624042018105,0.0,0.7604154607503532,-0.5619336808119146
1.0,0.0,1.7621889573533582,-0.9354054242077128,1.0,0.5230376785312721,2.2802315051379414,-1.094116975496538,0.0,1.0,1.339538200470266,0.5451896996192743,0.0,1.1454075036452287,0.10434999487166705
0.0,0.0,-0.9862649071659377,0.2474298218872014,1.0,1.5032644673006357,0.06756368198405872,-0.6855169236756652,0.0,1.0,-0.5717328743665882,0.10918624042018105,0.0,1.02509749024058,-0.9439044173842247
0.0,0.0,-0.0701136189928391,1.4302650679821156,1.0,1.5032644673006357,-0.3347395585893745,2.1746834390704453,0.0,1.0,0.24738330056349225,0.21818710521995435,0.0,-0.8024689038586071,0.642707933024342
1.0,1.0,-0.9862649071659377,-0.9354054242077128,0.0,-0.4571891102380914,-1.139346039736241,-0.6855169236756652,0.0,0.0,-1.3908490492966685,-1.634827596376192,0.0,-0.2983126572105555,-0.6832242113457838
0.0,0.0,-0.9862649071659377,0.2474298218872014,0.0,1.0131510729159539,-1.139346039736241,-0.6855169236756652,0.0,1.0,-1.3908490492966685,-1.4168258667766453,1.0,-0.2983126572105555,-1.810490569789582
1.0,0.0,1.7621889573533582,0.2474298218872014,1.0,0.5230376785312721,2.2802315051379414,-0.6855169236756652,0.0,1.0,2.022135012912,1.0901940236181409,0.0,1.3355270310007228,-0.07945408884524252
1.0,0.0,-0.9862649071659377,-0.9354054242077128,1.0,-0.4571891102380914,0.26871530227077534,-0.6855169236756652,0.0,1.0,-0.4352135118782414,0.7631914292188209,0.0,1.0741126808869184,-0.6067584420961706
0.0,0.0,0.8460376691802596,0.2474298218872014,1.0,0.5230376785312721,0.26871530227077534,1.3574833354286995,0.0,0.0,0.24738330056349225,0.9811931588183676,0.0,-0.046234533886529754,1.3774531822337013
1.0,0.0,0.8460376691802596,2.61310031407703,0.0,-0.9473025046227731,-0.7370427991628077,2.3789834649808816,0.0,0.0,-0.025655424413201202,-0.3268172187789122,0.0,-1.180586088844646,3.833412261430722
1.0,1.0,1.7621889573533582,-0.9354054242077128,0.0,-0.4571891102380914,-1.139346039736241,0.5402832317869536,1.0,0.0,1.4760575629586128,0.32718797001972766,0.0,-1.9094206628032424,2.5702340489225395
0.0,0.0,0.8460376691802596,0.2474298218872014,0.0,-0.4571891102380914,-0.5358911788760911,0.13168317996608064,1.0,1.0,-0.2986941493898947,-0.7628206779780055,0.0,-0.6512220298641915,0.948231673320984
0.0,0.0,0.8460376691802596,0.2474298218872014,1.0,-1.4374158990074548,2.2802315051379414,0.5402832317869536,0.0,1.0,2.3634334191328668,1.3081957532176876,0.0,0.9956883758527773,3.6563483496442823
0.0,0.0,2.678340245526457,0.2474298218872014,1.0,1.0131510729159539,2.2802315051379414,-0.6855169236756652,1.0,1.0,2.3634334191328668,1.9622009420163273,0.0,1.3708532945296157,0.3902490430336777
0.0,1.0,-0.0701136189928391,-0.9354054242077128,0.0,-0.9473025046227731,-0.1335879383026579,0.9488832836078265,1.0,0.0,-0.2986941493898947,-0.7628206779780055,0.0,0.05459671544308061,-0.10212179201531757
0.0,0.0,-0.0701136189928391,0.2474298218872014,1.0,-1.4374158990074548,2.2802315051379414,-0.6855169236756652,0.0,0.0,1.2030188379819193,0.32718797001972766,0.0,1.298182123841608,2.0704223985282186
1.0,0.0,-0.9862649071659377,0.2474298218872014,0.0,0.5230376785312721,-1.139346039736241,-0.6855169236756652,0.0,0.0,-1.3908490492966685,-1.0898232723773253,1.0,-0.2983126572105555,-0.6006060238806844
0.0,0.0,-0.0701136189928391,1.4302650679821156,0.0,-0.9473025046227731,0.6710185428442086,-0.6855169236756652,0.0,1.0,-0.16217478690154793,-0.5448189483784588,0.0,1.1454075036452287,2.6109562846030703
1.0,0.0,0.8460376691802596,0.2474298218872014,1.0,0.5230376785312721,-0.3347395585893745,1.7660833872495723,1.0,1.0,2.3634334191328668,1.7441992124167807,0.0,-1.5727076140153526,1.6407904969804716
0.0,0.0,-0.9862649071659377,0.2474298218872014,0.0,-0.9473025046227731,-0.3347395585893745,-0.6855169236756652,0.0,1.0,-0.7082522368549349,-1.0898232723773253,1.0,0.4579217127615221,-0.8994377657757248
1.0,1.0,-0.0701136189928391,-0.9354054242077128,0.0,1.0131510729159539,-0.1335879383026579,0.5402832317869536,1.0,0.0,-0.16217478690154793,-0.6538198131782321,0.0,-0.13789930600435737,-0.14900522782124473
0.0,0.0,0.8460376691802596,-0.9354054242077128,1.0,0.03292428414659036,0.06756368198405872,0.13168317996608064,0.0,1.0,-0.16217478690154793,-0.10881548917936558,0.0,0.18292739640803926,-0.17268427408027034
1.0,0.0,-0.0701136189928391,1.4302650679821156,0.0,0.03292428414659036,-0.9381944194495243,1.3574833354286995,1.0,0.0,-0.5717328743665882,-0.2178163539791389,0.0,-1.180586088844646,-0.6186621022981658
1.0,0.0,-0.0701136189928391,0.2474298218872014,1.0,-0.4571891102380914,-0.5358911788760911,1.3574833354286995,0.0,0.0,-0.2986941493898947,0.5451896996192743,0.0,-0.6512220298641915,1.8990336053825339
0.0,1.0,0.8460376691802596,-0.9354054242077128,0.0,0.5230376785312721,0.6710185428442086,-0.6855169236756652,1.0,0.0,-0.16217478690154793,0.436188834819501,0.0,1.1454075036452287,0.9445303494415687
0.0,0.0,-0.0701136189928391,1.4302650679821156,1.0,-0.9473025046227731,-1.139346039736241,-0.2769168718547923,1.0,1.0,-0.8447715993432816,0.8721922940185942,0.0,-1.4746772327226763,-1.0932540752809738
0.0,0.0,-0.0701136189928391,-0.9354054242077128,1.0,0.5230376785312721,-0.1335879383026579,0.13168317996608064,0.0,1.0,-0.16217478690154793,0.10918624042018105,0.0,-0.13789930600435737,1.2296200440017486
0.0,0.0,-0.0701136189928391,0.2474298218872014,0.0,0.03292428414659036,0.6710185428442086,-0.6855169236756652,1.0,1.0,-0.16217478690154793,-0.5448189483784588,0.0,1.1454075036452287,-0.1728582039330324
0.0,0.0,-0.9862649071659377,0.2474298218872014,1.0,0.5230376785312721,-0.3347395585893745,-0.6855169236756652,0.0,1.0,-0.8447715993432816,0.10918624042018105,0.0,0.8780519183015653,0.40066063459593115
0.0,1.0,-0.0701136189928391,-0.9354054242077128,0.0,0.03292428414659036,-0.3347395585893745,-0.6855169236756652,1.0,0.0,-0.8447715993432816,-1.1988241371770987,0.0,0.8780519183015653,-0.9295733081690523
1.0,1.0,-0.0701136189928391,-0.9354054242077128,0.0,-1.4374158990074548,-0.1335879383026579,2.1746834390704453,1.0,0.0,-0.4352135118782414,0.436188834819501,0.0,0.2898696305455047,-0.3912363128185358
0.0,0.0,-0.0701136189928391,1.4302650679821156,1.0,1.5032644673006357,-1.139346039736241,0.5402832317869536,1.0,0.0,-0.2986941493898947,0.0001853756204077356,0.0,-1.7099501478251002,-0.25099726360957775
0.0,1.0,0.8460376691802596,-0.9354054242077128,0.0,-2.4176426877768185,0.6710185428442086,-0.6855169236756652,0.0,0.0,-0.16217478690154793,-0.8718215427777788,0.0,1.1454075036452287,2.514372671811397
1.0,0.0,2.678340245526457,0.2474298218872014,1.0,1.0131510729159539,-0.9381944194495243,0.5402832317869536,0.0,1.0,2.022135012912,0.7631914292188209,0.0,-1.8014451703649317,0.37815012679261845
0.0,0.0,0.8460376691802596,2.61310031407703,0.0,-1.4374158990074548,-1.139346039736241,-0.2769168718547923,1.0,1.0,-0.16217478690154793,-0.6538198131782321,0.0,-1.7420328180663396,0.5003714839117313
1.0,1.0,0.8460376691802596,-0.9354054242077128,0.0,0.03292428414659036,-1.139346039736241,2.3789834649808816,0.0,0.0,1.6125769254469595,1.1991948884179142,0.0,-1.9158139485397214,1.8776397412066261
0.0,1.0,-0.0701136189928391,-0.9354054242077128,0.0,1.5032644673006357,0.6710185428442086,-0.6855169236756652,1.0,0.0,-0.16217478690154793,-0.5448189483784588,0.0,1.1454075036452287,-0.6367574634864185
0.0,0.0,-0.0701136189928391,0.2474298218872014,1.0,-0.9473025046227731,1.2744734037043584,-0.6855169236756652,0.0,0.0,0.24738330056349225,2.071201806816101,0.0,1.2141560827335995,-0.4707360527052199
1.0,0.0,0.8460376691802596,0.2474298218872014,1.0,-0.4571891102380914,0.06756368198405872,-0.2769168718547923,0.0,0.0,0.7934607505168791,-0.10881548917936558,0.0,-0.6904341823812623,1.1459748563013203
1.0,1.0,-0.9862649071659377,-0.9354054242077128,0.0,-0.9473025046227731,-1.139346039736241,-0.6855169236756652,0.0,0.0,-1.3908490492966685,-1.9618301907755118,0.0,-0.2983126572105555,-1.2220002636447829
0.0,0.0,-0.9862649071659377,0.2474298218872014,0.0,1.0131510729159539,-0.3347395585893745,-0.6855169236756652,0.0,1.0,-0.8447715993432816,-1.4168258667766453,0.0,0.8780519183015653,1.0122064654646055
0.0,1.0,0.8460376691802596,-0.9354054242077128,0.0,-1.9275292933921366,0.6710185428442086,-0.6855169236756652,1.0,0.0,-0.16217478690154793,-0.10881548917936558,0.0,1.1454075036452287,0.26430927204679855
0.0,0.0,-0.0701136189928391,-0.9354054242077128,0.0,-1.4374158990074548,-0.7370427991628077,-0.2769168718547923,1.0,1.0,-0.7082522368549349,-1.307825001976872,0.0,-0.5503907805345813,-0.2929456009096181
0.0,0.0,-0.9862649071659377,-0.9354054242077128,0.0,1.0131510729159539,-1.139346039736241,-0.6855169236756652,0.0,1.0,-1.3908490492966685,-0.8718215427777788,1.0,-0.2983126572105555,-0.9707961521369123
0.0,0.0,-0.9862649071659377,-0.9354054242077128,1.0,0.03292428414659036,-1.139346039736241,0.13168317996608064,0.0,1.0,-0.8447715993432816,-0.10881548917936558,0.0,-1.4746772327226763,-0.1834454564043671
0.0,0.0,-0.9862649071659377,1.4302650679821156,0.0,1.0131510729159539,-0.9381944194495243,-0.6855169236756652,1.0,0.0,-1.2543296868083218,-0.8718215427777788,1.0,0.2898696305455047,-0.36501176016088255
0.0,0.0,-0.0701136189928391,0.2474298218872014,0.0,-1.9275292933921366,-0.7370427991628077,-1.094116975496538,1.0,1.0,-0.9812909618316283,-1.4168258667766453,0.0,0.05459671544308061,-0.800026972389516
0.0,1.0,-0.9862649071659377,-0.9354054242077128,0.0,0.03292428414659036,-0.1335879383026579,-0.6855169236756652,0.0,0.0,-0.7082522368549349,-0.5448189483784588,1.0,0.9620779594095735,-0.3602607038306624
0.0,1.0,2.678340245526457,-0.9354054242077128,0.0,1.0131510729159539,-0.1335879383026579,-0.2769168718547923,0.0,0.0,1.339538200470266,0.21818710521995435,0.0,-1.1003794132415468,0.3645595633437576
1.0,1.0,0.8460376691802596,-0.9354054242077128,0.0,1.5032644673006357,-0.9381944194495243,0.13168317996608064,1.0,0.0,1.339538200470266,0.436188834819501,0.0,-1.7420328180663396,0.056623876590717236
0.0,0.0,2.678340245526457,0.2474298218872014,1.0,-0.4571891102380914,-0.5358911788760911,0.9488832836078265,0.0,1.0,1.885615650423653,0.9811931588183676,0.0,-1.5199220240885267,0.5330075557458701
1.0,0.0,-0.9862649071659377,-0.9354054242077128,0.0,-0.9473025046227731,0.06756368198405872,-0.6855169236756652,0.0,1.0,-0.5717328743665882,-0.8718215427777788,1.0,1.02509749024058,-0.9918693986171295
0.0,0.0,0.8460376691802596,-0.9354054242077128,0.0,-1.4374158990074548,-1.139346039736241,0.13168317996608064,0.0,1.0,0.11086393807514554,-0.6538198131782321,0.0,-1.7913907722836317,0.8599062787701265
1.0,0.0,-0.0701136189928391,0.2474298218872014,1.0,0.03292428414659036,-0.3347395585893745,0.13168317996608064,1.0,1.0,-0.025655424413201202,1.0901940236181409,0.0,-0.5924038010885856,-0.967820321589677
0.0,1.0,-0.9862649071659377,-0.9354054242077128,0.0,0.5230376785312721,-0.9381944194495243,1.3574833354286995,0.0,0.0,-0.8447715993432816,-0.9808224075775521,0.0,-0.8864949449666158,0.9955070445940009
0.0,0.0,-0.0701136189928391,0.2474298218872014,1.0,0.03292428414659036,-0.7370427991628077,0.5402832317869536,0.0,1.0,0.7934607505168791,0.7631914292188209,0.0,-1.4746772327226763,-1.059604592904815
1.0,0.0,-0.9862649071659377,-0.9354054242077128,1.0,-0.4571891102380914,-0.9381944194495243,1.7660833872495723,0.0,1.0,-0.4352135118782414,0.21818710521995435,0.0,-1.2786164701373226,-0.7411612119679051
0.0,1.0,0.8460376691802596,-0.9354054242077128,0.0,0.5230376785312721,0.8721701631309251,-0.6855169236756652,0.0,0.0,0.11086393807514554,-0.7628206779780055,0.0,0.9232967096674158,0.4519302298126649
0.0,0.0,-0.9862649071659377,-0.9354054242077128,1.0,0.03292428414659036,-0.9381944194495243,2.1746834390704453,0.0,1.0,-0.5717328743665882,2.3982044012154207,0.0,-1.180586088844646,-1.331817691191743
0.0,0.0,-0.9862649071659377,0.2474298218872014,0.0,-0.4571891102380914,-0.5358911788760911,-0.6855169236756652,0.0,0.0,-0.9812909618316283,-0.9808224075775521,1.0,0.7604154607503532,-0.9144577480026324
0.0,1.0,-0.0701136189928391,-0.9354054242077128,0.0,-0.4571891102380914,-0.3347395585893745,2.3789834649808816,0.0,0.0,-0.2986941493898947,0.21818710521995435,0.0,-0.2983126572105555,3.1100684061033403
0.0,0.0,-0.9862649071659377,0.2474298218872014,1.0,1.0131510729159539,-0.9381944194495243,1.7660833872495723,1.0,1.0,-0.9812909618316283,1.4171966180174609,0.0,-0.6512220298641915,1.3461908114821384
1.0,0.0,1.7621889573533582,0.2474298218872014,1.0,1.5032644673006357,1.0733217834176418,0.13168317996608064,1.0,1.0,1.6125769254469595,0.7631914292188209,0.0,-0.2983126572105555,2.6220525832343538
0.0,1.0,-0.0701136189928391,-0.9354054242077128,0.0,-0.9473025046227731,1.2744734037043584,-0.6855169236756652,0.0,0.0,0.383902663051839,-0.4358180835786855,0.0,0.9956883758527773,1.106250572472751
0.0,1.0,2.678340245526457,-0.9354054242077128,0.0,-0.4571891102380914,-0.3347395585893745,0.13168317996608064,0.0,0.0,1.339538200470266,1.4171966180174609,0.0,-1.260792764447745,0.44660015977285616
0.0,1.0,-0.9862649071659377,-0.9354054242077128,0.0,-0.9473025046227731,-1.3404976600229574,-1.094116975496538,1.0,0.0,-1.3908490492966685,-1.9618301907755118,0.0,-2.062859520478736,-0.33464821643084136
1.0,0.0,0.8460376691802596,0.2474298218872014,1.0,0.03292428414659036,0.6710185428442086,-0.6855169236756652,0.0,1.0,-0.16217478690154793,0.5451896996192743,0.0,1.1454075036452287,0.03503503234928729
0.0,0.0,-0.0701136189928391,0.2474298218872014,1.0,0.5230376785312721,0.4698669225574919,-1.094116975496538,1.0,1.0,-0.16217478690154793,0.10918624042018105,0.0,0.8245808012328325,1.225419706068309
0.0,0.0,2.678340245526457,0.2474298218872014,1.0,1.0131510729159539,0.06756368198405872,0.13168317996608064,1.0,0.0,2.3634334191328668,1.4171966180174609,0.0,-1.3142638815164776,0.37881308110719725
0.0,0.0,-0.9862649071659377,0.2474298218872014,0.0,0.03292428414659036,-0.5358911788760911,-0.6855169236756652,0.0,1.0,-0.8447715993432816,-1.5258267315764187,0.0,0.2898696305455047,-0.6567121385702717
0.0,0.0,-0.0701136189928391,0.2474298218872014,0.0,-1.4374158990074548,-0.1335879383026579,-0.6855169236756652,1.0,1.0,-0.7082522368549349,-0.8718215427777788,0.0,0.9620779594095735,-0.5688998590304711
0.0,0.0,-0.9862649071659377,0.2474298218872014,0.0,-0.4571891102380914,-0.9381944194495243,-1.094116975496538,1.0,1.0,-1.117810324319975,-0.6538198131782321,1.0,-0.2983126572105555,0.4699856924152429
0.0,1.0,-0.9862649071659377,-0.9354054242077128,0.0,1.5032644673006357,-1.139346039736241,0.5402832317869536,0.0,0.0,-0.5717328743665882,-0.4358180835786855,1.0,-1.6217228046616912,-0.6602308499618398
0.0,0.0,-0.9862649071659377,-0.9354054242077128,0.0,1.5032644673006357,0.8721701631309251,-0.6855169236756652,0.0,1.0,-0.025655424413201202,-0.8718215427777788,0.0,1.1721430621795952,0.4974251978640532
0.0,1.0,-0.0701136189928391,-0.9354054242077128,0.0,0.5230376785312721,-0.3347395585893745,2.3789834649808816,1.0,0.0,-0.4352135118782414,-0.8718215427777788,0.0,-0.10225189462520197,-0.44223233071270235
0.0,1.0,-0.9862649071659377,-0.9354054242077128,0.0,0.03292428414659036,-0.1335879383026579,0.9488832836078265,0.0,0.0,-0.2986941493898947,0.8721922940185942,0.0,0.05459671544308061,0.17811433882227282
0.0,0.0,2.678340245526457,0.2474298218872014,1.0,1.0131510729159539,2.2802315051379414,-1.094116975496538,0.0,1.0,1.885615650423653,0.8721922940185942,0.0,1.1947654578625209,0.32660542883413435
1.0,0.0,-0.0701136189928391,0.2474298218872014,1.0,-0.9473025046227731,-0.7370427991628077,0.13168317996608064,0.0,1.0,-0.2986941493898947,-0.10881548917936558,0.0,-1.0041314025178278,2.036861431675081
0.0,0.0,-0.0701136189928391,0.2474298218872014,1.0,0.03292428414659036,0.06756368198405872,-0.6855169236756652,0.0,0.0,-0.5717328743665882,0.0001853756204077356,0.0,1.02509749024058,-0.5165313665418663
0.0,1.0,-0.9862649071659377,-0.9354054242077128,0.0,-0.4571891102380914,-1.139346039736241,-0.6855169236756652,0.0,0.0,-1.3908490492966685,-0.5448189483784588,1.0,-0.2983126572105555,-1.6305155161867333
1.0,1.0,-0.9862649071659377,-0.9354054242077128,0.0,-1.4374158990074548,-1.3404976600229574,-0.2769168718547923,0.0,0.0,-0.9812909618316283,-1.4168258667766453,1.0,-2.062859520478736,-0.065568624786837
0.0,1.0,-0.9862649071659377,-0.9354054242077128,0.0,1.9933778616853173,-0.3347395585893745,-0.6855169236756652,0.0,0.0,-0.8447715993432816,-0.9808224075775521,1.0,0.8780519183015653,0.05330814073669742
1.0,0.0,-0.9862649071659377,0.2474298218872014,0.0,-0.4571891102380914,-0.3347395585893745,-0.6855169236756652,0.0,1.0,-0.8447715993432816,-0.3268172187789122,1.0,0.8780519183015653,-0.828245497853671
0.0,0.0,-0.9862649071659377,1.4302650679821156,0.0,-0.9473025046227731,-1.139346039736241,1.3574833354286995,0.0,1.0,-0.8447715993432816,-0.8718215427777788,1.0,-1.4746772327226763,-0.7016814659922423
0.0,1.0,-0.9862649071659377,-0.9354054242077128,0.0,-1.4374158990074548,-0.1335879383026579,-0.6855169236756652,0.0,0.0,-0.7082522368549349,0.8721922940185942,0.0,0.9620779594095735,-1.39232409438529
1.0,1.0,-0.0701136189928391,-0.9354054242077128,0.0,0.5230376785312721,0.26871530227077534,1.7660833872495723,0.0,0.0,-0.16217478690154793,-0.7628206779780055,0.0,0.5037540988204359,-1.0232073649570943
1.0,0.0,-0.9862649071659377,0.2474298218872014,0.0,-0.9473025046227731,-0.9381944194495243,-0.2769168718547923,0.0,1.0,-0.7082522368549349,-1.4168258667766453,1.0,-1.054547027182633,-0.8405503342846432
1.0,1.0,-0.9862649071659377,-0.9354054242077128,0.0,0.5230376785312721,-0.9381944194495243,-1.094116975496538,0.0,0.0,-1.117810324319975,-0.6538198131782321,1.0,-0.2983126572105555,-0.5206245870793651
0.0,0.0,-0.0701136189928391,0.2474298218872014,1.0,0.5230376785312721,-0.1335879383026579,-0.2769168718547923,1.0,1.0,0.6569413880285324,1.853200077216554,0.0,-0.8172970287600203,-0.4130329978862038
0.0,0.0,-0.0701136189928391,0.2474298218872014,1.0,1.0131510729159539,-0.3347395585893745,0.5402832317869536,1.0,1.0,-0.5717328743665882,0.0001853756204077356,0.0,0.14282405860648972,-0.18190588452715856
0.0,0.0,-0.9862649071659377,0.2474298218872014,0.0,1.0131510729159539,-1.139346039736241,-0.6855169236756652,0.0,0.0,-1.3908490492966685,-0.2178163539791389,0.0,-0.2983126572105555,-1.1396552770629884
0.0,0.0,0.8460376691802596,0.2474298218872014,1.0,1.5032644673006357,-1.139346039736241,0.13168317996608064,0.0,0.0,1.0664994754935726,2.507205266015194,0.0,-1.886404834151918,1.260460636084621
0.0,0.0,-0.9862649071659377,0.2474298218872014,1.0,0.5230376785312721,0.06756368198405872,-0.6855169236756652,0.0,0.0,-0.5717328743665882,-0.10881548917936558,0.0,1.02509749024058,-0.4447097772282958
0.0,0.0,1.7621889573533582,0.2474298218872014,1.0,-0.9473025046227731,2.2802315051379414,-1.094116975496538,1.0,1.0,1.339538200470266,0.21818710521995435,0.0,1.1454075036452287,2.091940752060316
1.0,1.0,-0.0701136189928391,-0.9354054242077128,0.0,1.5032644673006357,0.4698669225574919,-1.094116975496538,0.0,0.0,-0.16217478690154793,-0.8718215427777788,0.0,0.8245808012328325,0.8325824579109115
0.0,1.0,-0.9862649071659377,-0.9354054242077128,0.0,0.5230376785312721,-0.5358911788760911,-1.094116975496538,0.0,0.0,-0.8447715993432816,-1.0898232723773253,1.0,0.2898696305455047,-1.0585217224904373
1.0,0.0,0.8460376691802596,1.4302650679821156,1.0,0.03292428414659036,0.26871530227077534,-1.094116975496538,1.0,0.0,-0.2986941493898947,0.10918624042018105,0.0,0.7604154607503532,0.738489986820783
1.0,0.0,0.8460376691802596,-0.9354054242077128,1.0,-1.4374158990074548,-1.139346039736241,0.13168317996608064,0.0,1.0,1.2030188379819193,0.5451896996192743,0.0,-1.894807438262719,-0.5130961762247819
1.0,0.0,-0.9862649071659377,2.61310031407703,1.0,-1.9275292933921366,-1.139346039736241,0.5402832317869536,0.0,1.0,0.11086393807514554,2.3982044012154207,0.0,-1.7913907722836317,-0.5071669044286291
0.0,0.0,1.7621889573533582,0.2474298218872014,1.0,0.5230376785312721,2.2802315051379414,-1.094116975496538,0.0,1.0,1.6125769254469595,0.5451896996192743,0.0,1.1721430621795952,0.07186523345731691
0.0,0.0,-0.9862649071659377,0.2474298218872014,0.0,-0.9473025046227731,-1.139346039736241,-0.6855169236756652,0.0,0.0,-1.3908490492966685,-1.1988241371770987,1.0,-0.2983126572105555,-0.7649125138609897
1.0,1.0,-0.0701136189928391,-0.9354054242077128,0.0,1.0131510729159539,-0.3347395585893745,1.3574833354286995,0.0,0.0,-0.4352135118782414,0.436188834819501,0.0,-0.10225189462520197,-0.5013076655108999
0.0,1.0,-0.9862649071659377,-0.9354054242077128,0.0,1.0131510729159539,-0.3347395585893745,-1.094116975496538,0.0,0.0,-0.7082522368549349,-0.2178163539791389,0.0,0.4579217127615221,0.8651305382829161
0.0,0.0,-0.0701136189928391,-0.9354054242077128,1.0,1.0131510729159539,-0.7370427991628077,-0.2769168718547923,0.0,1.0,0.5204220255401857,2.180202671615874,0.0,-1.4011544467531685,-0.3009070570166383
0.0,1.0,-0.0701136189928391,-0.9354054242077128,0.0,-0.9473025046227731,0.6710185428442086,-0.6855169236756652,0.0,0.0,-0.16217478690154793,-0.6538198131782321,0.0,1.1454075036452287,-0.27934747404503657
0.0,0.0,2.678340245526457,0.2474298218872014,1.0,1.5032644673006357,-0.7370427991628077,2.3789834649808816,0.0,1.0,2.3634334191328668,2.3982044012154207,0.0,-1.7213343211365078,0.2672710176793519
0.0,0.0,0.8460376691802596,0.2474298218872014,0.0,1.5032644673006357,0.4698669225574919,-1.094116975496538,0.0,0.0,-0.16217478690154793,-0.3268172187789122,0.0,0.8245808012328325,0.35911877255257135
1.0,0.0,-0.0701136189928391,0.2474298218872014,1.0,1.5032644673006357,0.06756368198405872,2.1746834390704453,0.0,1.0,0.5204220255401857,0.32718797001972766,0.0,-0.518881015119078,-0.4447097772282958
0.0,1.0,-0.0701136189928391,-0.9354054242077128,0.0,-0.4571891102380914,-0.1335879383026579,-1.094116975496538,0.0,0.0,-0.5717328743665882,-0.3268172187789122,0.0,0.5839607744235349,0.07770947902850754
0.0,0.0,2.678340245526457,0.2474298218872014,1.0,-0.4571891102380914,2.2802315051379414,-0.2769168718547923,0.0,0.0,1.339538200470266,0.436188834819501,0.0,0.8245808012328325,0.5930386357808582
1.0,1.0,0.8460376691802596,-0.9354054242077128,0.0,-0.9473025046227731,0.26871530227077534,-1.094116975496538,1.0,0.0,-0.2986941493898947,-0.2178163539791389,0.0,0.7604154607503532,1.0847693986505267
0.0,0.0,0.8460376691802596,0.2474298218872014,0.0,-1.4374158990074548,0.06756368198405872,1.7660833872495723,0.0,0.0,-0.16217478690154793,-0.2178163539791389,0.0,0.18292739640803926,-0.8677067688791672
0.0,0.0,-0.0701136189928391,-0.9354054242077128,0.0,0.03292428414659036,-0.3347395585893745,-0.6855169236756652,1.0,1.0,-0.8447715993432816,-0.2178163539791389,0.0,0.8780519183015653,-0.963707739501438
0.0,0.0,-0.0701136189928391,1.4302650679821156,0.0,-0.4571891102380914,-0.1335879383026579,-0.6855169236756652,0.0,0.0,-0.7082522368549349,-1.307825001976872,0.0,0.9620779594095735,-1.3429535673107194
0.0,0.0,-0.0701136189928391,0.2474298218872014,1.0,-1.4374158990074548,-0.7370427991628077,-0.2769168718547923,0.0,1.0,1.2030188379819193,1.3081957532176876,0.0,-1.5587032738306847,-0.34024383998236735
1.0,0.0,-0.0701136189928391,0.2474298218872014,1.0,-0.9473025046227731,0.6710185428442086,-0.6855169236756652,1.0,1.0,-0.16217478690154793,-0.10881548917936558,0.0,1.1454075036452287,-0.5228389396421914
1.0,1.0,-0.9862649071659377,-0.9354054242077128,0.0,-0.4571891102380914,-1.139346039736241,-0.6855169236756652,0.0,0.0,-1.3908490492966685,-1.1988241371770987,1.0,-0.2983126572105555,-0.7974605942329943
0.0,1.0,1.7621889573533582,-0.9354054242077128,0.0,0.5230376785312721,2.2802315051379414,-1.094116975496538,1.0,0.0,2.3634334191328668,2.289203536415647,0.0,1.285255040594222,2.8490671145051603
0.0,1.0,-0.0701136189928391,-0.9354054242077128,0.0,1.5032644673006357,0.06756368198405872,-0.6855169236756652,1.0,0.0,-0.5717328743665882,-1.0898232723773253,0.0,1.02509749024058,1.248861423971272
1.0,0.0,-0.0701136189928391,-0.9354054242077128,1.0,0.03292428414659036,-1.139346039736241,1.3574833354286995,0.0,1.0,0.9299801130052259,0.5451896996192743,0.0,-1.8771177453978753,-0.7711159001384429
0.0,0.0,-0.0701136189928391,1.4302650679821156,0.0,-1.4374158990074548,-1.3404976600229574,-0.2769168718547923,1.0,1.0,-0.16217478690154793,-0.8718215427777788,0.0,-2.062859520478736,-0.12350721887416148
0.0,0.0,-0.0701136189928391,0.2474298218872014,0.0,-0.4571891102380914,-0.7370427991628077,-1.094116975496538,0.0,1.0,-0.9812909618316283,-1.0898232723773253,0.0,0.05459671544308061,-1.2058917773286866
0.0,0.0,-0.0701136189928391,1.4302650679821156,1.0,-1.4374158990074548,-1.3404976600229574,0.9488832836078265,0.0,1.0,-0.16217478690154793,0.5451896996192743,0.0,-2.062859520478736,-0.7612230653752214
0.0,1.0,-0.9862649071659377,-0.9354054242077128,0.0,-0.4571891102380914,-0.7370427991628077,-1.094116975496538,1.0,0.0,-0.9812909618316283,-0.7628206779780055,1.0,0.05459671544308061,0.37889506122512034
0.0,1.0,-0.9862649071659377,-0.9354054242077128,0.0,1.5032644673006357,-1.139346039736241,-0.6855169236756652,0.0,0.0,-1.3908490492966685,-1.8528293259757387,0.0,-0.2983126572105555,-0.36329846414050565
0.0,1.0,-0.9862649071659377,-0.9354054242077128,0.0,1.0131510729159539,0.06756368198405872,-1.094116975496538,0.0,0.0,-0.4352135118782414,-0.5448189483784588,1.0,0.6819911557162117,-0.15705512096760682
0.0,1.0,-0.9862649071659377,-0.9354054242077128,0.0,-1.4374158990074548,-0.9381944194495243,-0.6855169236756652,0.0,0.0,-1.2543296868083218,-1.7438284611759653,0.0,0.2898696305455047,-0.5467524075837698
0.0,1.0,-0.0701136189928391,-0.9354054242077128,0.0,1.0131510729159539,-0.1335879383026579,0.13168317996608064,1.0,0.0,-0.4352135118782414,-1.0898232723773253,0.0,0.2898696305455047,-0.7704163813541938
1.0,1.0,-0.9862649071659377,-0.9354054242077128,0.0,0.03292428414659036,-1.3404976600229574,-0.6855169236756652,1.0,0.0,-1.5273684117850153,-2.0708310555752854,0.0,-2.062859520478736,-0.8193805038354235
0.0,1.0,-0.9862649071659377,-0.9354054242077128,0.0,0.5230376785312721,-1.3404976600229574,-0.6855169236756652,0.0,0.0,-1.5273684117850153,-2.0708310555752854,0.0,-2.062859520478736,-1.606764214293649
1.0,0.0,-0.0701136189928391,2.61310031407703,0.0,-0.9473025046227731,0.8721701631309251,-0.6855169236756652,1.0,0.0,-0.025655424413201202,-0.7628206779780055,0.0,1.1721430621795952,-0.7136627485364923
0.0,0.0,-0.9862649071659377,1.4302650679821156,1.0,-0.9473025046227731,-0.3347395585893745,-0.6855169236756652,0.0,0.0,-0.8447715993432816,0.436188834819501,0.0,0.8780519183015653,-0.842324164475487
0.0,0.0,-0.9862649071659377,0.2474298218872014,0.0,0.5230376785312721,-0.7370427991628077,0.13168317996608064,1.0,1.0,-0.8447715993432816,-0.9808224075775521,1.0,-0.2983126572105555,0.2986485527957262
1.0,0.0,-0.0701136189928391,1.4302650679821156,0.0,1.0131510729159539,0.6710185428442086,-0.6855169236756652,0.0,1.0,-0.16217478690154793,-0.7628206779780055,0.0,1.1454075036452287,1.6533218899941622
0.0,1.0,-0.9862649071659377,-0.9354054242077128,0.0,-1.9275292933921366,-1.139346039736241,-0.6855169236756652,0.0,0.0,-1.3908490492966685,-1.7438284611759653,0.0,-0.2983126572105555,-1.610282925685217
0.0,0.0,-0.0701136189928391,0.2474298218872014,1.0,-1.4374158990074548,-1.139346039736241,1.7660833872495723,0.0,0.0,-0.2986941493898947,-0.10881548917936558,0.0,-1.7099501478251002,1.3964559584096932
0.0,1.0,0.8460376691802596,-0.9354054242077128,0.0,1.0131510729159539,0.4698669225574919,-0.6855169236756652,1.0,0.0,-0.2986941493898947,-0.5448189483784588,0.0,1.1133248334039894,0.8445946046973554
0.0,0.0,-0.9862649071659377,0.2474298218872014,1.0,-0.4571891102380914,-0.9381944194495243,-1.094116975496538,0.0,1.0,-1.117810324319975,0.10918624042018105,0.0,-0.2983126572105555,-0.49689383110534724
0.0,0.0,0.8460376691802596,1.4302650679821156,0.0,1.0131510729159539,1.4756250239910749,-0.6855169236756652,1.0,1.0,0.383902663051839,-0.5448189483784588,0.0,1.2309612909552012,1.4302262940626225
1.0,1.0,-0.9862649071659377,-0.9354054242077128,0.0,1.0131510729159539,-0.3347395585893745,-1.094116975496538,0.0,0.0,-0.7082522368549349,-1.0898232723773253,1.0,0.4579217127615221,-0.7631531581652055
1.0,0.0,-0.0701136189928391,1.4302650679821156,0.0,-0.4571891102380914,0.06756368198405872,-0.6855169236756652,1.0,0.0,-0.5717328743665882,-0.8718215427777788,0.0,1.02509749024058,0.5443761122558907
0.0,0.0,-0.9862649071659377,0.2474298218872014,0.0,0.5230376785312721,-0.3347395585893745,-1.094116975496538,0.0,1.0,-0.7082522368549349,-0.8718215427777788,1.0,0.4579217127615221,-0.48019441023474196
0.0,0.0,0.8460376691802596,-0.9354054242077128,0.0,1.5032644673006357,1.2744734037043584,-1.094116975496538,0.0,1.0,0.383902663051839,-0.4358180835786855,0.0,0.9956883758527773,-0.7795062947232501
1.0,0.0,2.678340245526457,0.2474298218872014,1.0,0.5230376785312721,-1.139346039736241,0.5402832317869536,1.0,1.0,2.1586543754003467,1.4171966180174609,0.0,-1.9368204588167235,0.3479857054792935
1.0,0.0,-0.0701136189928391,0.2474298218872014,0.0,-0.4571891102380914,0.4698669225574919,-0.6855169236756652,0.0,1.0,-0.2986941493898947,-0.5448189483784588,0.0,1.1133248334039894,-0.45056199540768
1.0,0.0,0.8460376691802596,0.2474298218872014,1.0,0.5230376785312721,1.0733217834176418,1.7660833872495723,0.0,1.0,0.5204220255401857,-0.10881548917936558,0.0,0.5839607744235349,0.2914141172557871
0.0,0.0,-0.0701136189928391,1.4302650679821156,1.0,-1.4374158990074548,-0.7370427991628077,1.3574833354286995,0.0,1.0,-0.16217478690154793,-0.10881548917936558,0.0,-1.1003794132415468,-0.8334665802449746
1.0,0.0,-0.0701136189928391,0.2474298218872014,1.0,-1.4374158990074548,0.26871530227077534,-0.6855169236756652,1.0,0.0,-0.4352135118782414,0.10918624042018105,0.0,1.0741126808869184,-0.5508044978422184
1.0,1.0,1.7621889573533582,-0.9354054242077128,0.0,-0.9473025046227731,2.2802315051379414,1.3574833354286995,1.0,0.0,1.7490962879353062,1.9622009420163273,0.0,0.6192517116888986,2.7762744115433255
0.0,0.0,-0.9862649071659377,0.2474298218872014,0.0,0.5230376785312721,-0.7370427991628077,0.9488832836078265,0.0,0.0,-0.4352135118782414,-0.7628206779780055,1.0,-0.8864949449666158,-0.03985704938352104
0.0,0.0,1.7621889573533582,0.2474298218872014,1.0,0.5230376785312721,2.2802315051379414,2.3789834649808816,0.0,1.0,1.4760575629586128,0.8721922940185942,0.0,1.0059176330311432,-0.07282454569945679
0.0,0.0,-0.9862649071659377,0.2474298218872014,1.0,-0.4571891102380914,2.2802315051379414,-0.6855169236756652,0.0,0.0,0.9299801130052259,0.0001853756204077356,0.0,1.280492430976764,-0.18696416779593517
0.0,0.0,-0.0701136189928391,0.2474298218872014,1.0,1.0131510729159539,-0.5358911788760911,0.9488832836078265,0.0,0.0,0.24738330056349225,1.5261974828172342,0.0,-1.054547027182633,-0.7160008851783697
0.0,0.0,-0.0701136189928391,2.61310031407703,0.0,-0.4571891102380914,-0.5358911788760911,2.1746834390704453,1.0,0.0,-0.4352135118782414,-0.7628206779780055,0.0,-0.494373419795909,-1.1635792289898648
0.0,0.0,0.8460376691802596,2.61310031407703,0.0,0.5230376785312721,0.6710185428442086,-0.6855169236756652,1.0,1.0,-0.16217478690154793,-0.8718215427777788,0.0,1.1454075036452287,0.2856946989056428
1.0,0.0,-0.0701136189928391,2.61310031407703,0.0,-1.4374158990074548,-0.7370427991628077,-1.094116975496538,1.0,1.0,-0.9812909618316283,-0.5448189483784588,0.0,0.05459671544308061,-1.1787957827163498
0.0,0.0,-0.0701136189928391,2.61310031407703,1.0,1.0131510729159539,-0.9381944194495243,2.1746834390704453,0.0,0.0,-0.5717328743665882,0.21818710521995435,0.0,-1.180586088844646,0.5736269383892377
1.0,0.0,-0.9862649071659377,-0.9354054242077128,1.0,1.0131510729159539,-0.1335879383026579,1.7660833872495723,0.0,1.0,-0.4352135118782414,0.0001853756204077356,0.0,0.2898696305455047,-0.2226717620722515
0.0,1.0,-0.9862649071659377,-0.9354054242077128,0.0,0.5230376785312721,-0.1335879383026579,-0.2769168718547923,0.0,0.0,-0.4352135118782414,-0.10881548917936558,0.0,0.2898696305455047,1.2556664434202711
0.0,0.0,0.8460376691802596,0.2474298218872014,1.0,-0.4571891102380914,1.6767766442777916,-0.6855169236756652,0.0,1.0,0.5204220255401857,0.10918624042018105,0.0,1.2456658481491028,-0.4436519386695147
0.0,0.0,-0.0701136189928391,2.61310031407703,1.0,-1.4374158990074548,-0.9381944194495243,0.5402832317869536,1.0,0.0,0.5204220255401857,1.1991948884179142,0.0,-1.6217228046616912,-0.5997442246922653
0.0,0.0,-0.9862649071659377,0.2474298218872014,0.0,-0.9473025046227731,-0.9381944194495243,0.13168317996608064,0.0,0.0,-0.8447715993432816,-1.1988241371770987,0.0,-0.8864949449666158,0.9830073699004458
0.0,0.0,-0.9862649071659377,0.2474298218872014,0.0,1.0131510729159539,0.26871530227077534,-0.6855169236756652,0.0,1.0,-0.4352135118782414,-0.4358180835786855,1.0,1.0741126808869184,-0.43361181517463276
1.0,0.0,0.8460376691802596,0.2474298218872014,1.0,-0.4571891102380914,-0.3347395585893745,0.13168317996608064,0.0,0.0,0.11086393807514554,2.180202671615874,0.0,-0.7055157795032125,0.7142845341373777
0.0,1.0,-0.9862649071659377,-0.9354054242077128,0.0,0.03292428414659036,-0.5358911788760911,-0.6855169236756652,0.0,0.0,-0.9812909618316283,0.10918624042018105,0.0,0.7604154607503532,-0.7094928094437926
0.0,0.0,1.7621889573533582,0.2474298218872014,1.0,-0.4571891102380914,2.2802315051379414,-1.094116975496538,0.0,1.0,1.339538200470266,0.5451896996192743,0.0,1.1454075036452287,-0.07166437564894422
0.0,0.0,0.8460376691802596,0.2474298218872014,1.0,-0.9473025046227731,1.2744734037043584,0.5402832317869536,1.0,1.0,0.6569413880285324,-0.10881548917936558,0.0,0.6358592115784812,1.1328866090829255
1.0,0.0,2.678340245526457,0.2474298218872014,1.0,-0.9473025046227731,2.2802315051379414,0.5402832317869536,1.0,0.0,2.3634334191328668,1.5261974828172342,0.0,1.1353816691948415,0.4335068120599294
0.0,0.0,0.8460376691802596,0.2474298218872014,1.0,-2.4176426877768185,2.2802315051379414,-0.6855169236756652,0.0,0.0,1.7490962879353062,0.8721922940185942,0.0,1.3250704569961707,1.7272148292170912
0.0,1.0,-0.9862649071659377,-0.9354054242077128,0.0,1.0131510729159539,-0.9381944194495243,-0.2769168718547923,0.0,0.0,-0.4352135118782414,0.32718797001972766,0.0,-1.2786164701373226,-0.3870292201145235
0.0,1.0,-0.0701136189928391,-0.9354054242077128,0.0,-1.4374158990074548,-0.5358911788760911,2.1746834390704453,1.0,0.0,-0.5717328743665882,0.6541905644190477,0.0,-0.2983126572105555,-0.6573203739276146
1.0,0.0,-0.9862649071659377,0.2474298218872014,0.0,-0.4571891102380914,-0.9381944194495243,0.13168317996608064,0.0,1.0,-0.9812909618316283,-0.2178163539791389,0.0,-0.6512220298641915,0.6751201231382403
1.0,1.0,-0.9862649071659377,-0.9354054242077128,0.0,0.03292428414659036,0.26871530227077534,-0.6855169236756652,0.0,0.0,-0.4352135118782414,-1.1988241371770987,1.0,1.0741126808869184,-0.32902070551136875
0.0,1.0,-0.0701136189928391,-0.9354054242077128,0.0,1.5032644673006357,-0.3347395585893745,-0.2769168718547923,0.0,0.0,-0.2986941493898947,-0.6538198131782321,0.0,-0.2983126572105555,-0.8112466044490289
1.0,0.0,0.8460376691802596,0.2474298218872014,1.0,0.03292428414659036,1.8779282645645081,-0.6855169236756652,0.0,1.0,0.6569413880285324,0.0001853756204077356,0.0,1.2586404574378394,-0.41487964587167986
0.0,1.0,-0.0701136189928391,-0.9354054242077128,0.0,0.5230376785312721,0.6710185428442086,-0.6855169236756652,1.0,0.0,-0.16217478690154793,-0.3268172187789122,0.0,1.1454075036452287,-0.3369502292537781
0.0,0.0,1.7621889573533582,-0.9354054242077128,1.0,0.5230376785312721,-0.3347395585893745,0.13168317996608064,0.0,1.0,2.3634334191328668,1.7441992124167807,0.0,-1.5281483497914088,-0.22484042800943935
0.0,1.0,2.678340245526457,-0.9354054242077128,0.0,-1.4374158990074548,2.2802315051379414,-0.6855169236756652,1.0,0.0,1.339538200470266,0.32718797001972766,0.0,1.3058208548514272,0.43118647195890425
0.0,0.0,1.7621889573533582,-0.9354054242077128,1.0,-0.4571891102380914,2.2802315051379414,1.7660833872495723,1.0,1.0,1.885615650423653,1.0901940236181409,0.0,1.0590310837649681,2.4641294310459667
1.0,0.0,-0.0701136189928391,0.2474298218872014,0.0,1.0131510729159539,-0.9381944194495243,1.7660833872495723,1.0,1.0,-0.9812909618316283,-0.7628206779780055,0.0,-0.6512220298641915,-0.9081878813102081
0.0,0.0,-0.9862649071659377,-0.9354054242077128,0.0,0.03292428414659036,0.06756368198405872,0.13168317996608064,1.0,1.0,0.24738330056349225,-0.6538198131782321,1.0,-0.2983126572105555,-0.33031056732655
0.0,0.0,1.7621889573533582,-0.9354054242077128,1.0,-0.9473025046227731,2.2802315051379414,-0.6855169236756652,1.0,1.0,2.3634334191328668,1.6351983476170073,0.0,1.365402956728015,-0.06221727666619957
0.0,0.0,-0.0701136189928391,0.2474298218872014,0.0,-1.9275292933921366,-0.1335879383026579,-0.6855169236756652,0.0,0.0,-0.7082522368549349,-1.1988241371770987,0.0,0.9620779594095735,-0.35882943791339766
1.0,0.0,-0.0701136189928391,-0.9354054242077128,1.0,0.03292428414659036,0.6710185428442086,0.5402832317869536,0.0,1.0,0.383902663051839,0.7631914292188209,0.0,0.2898696305455047,1.005074058816807
1.0,0.0,0.8460376691802596,0.2474298218872014,1.0,0.03292428414659036,-0.3347395585893745,0.5402832317869536,1.0,0.0,0.9299801130052259,0.8721922940185942,0.0,-1.1341506450744308,1.569642826853933
1.0,1.0,-0.9862649071659377,-0.9354054242077128,0.0,-0.9473025046227731,-1.139346039736241,-0.6855169236756652,0.0,0.0,-1.3908490492966685,-1.8528293259757387,0.0,-0.2983126572105555,-0.5707228496911805
0.0,0.0,-0.9862649071659377,0.2474298218872014,0.0,0.03292428414659036,-0.3347395585893745,-0.6855169236756652,0.0,1.0,-0.8447715993432816,-0.9808224075775521,1.0,0.8780519183015653,-0.4714052413554761
1.0,0.0,-0.0701136189928391,1.4302650679821156,1.0,1.0131510729159539,-0.3347395585893745,0.13168317996608064,1.0,1.0,-0.4352135118782414,0.21818710521995435,0.0,-0.10225189462520197,-0.33900652029789746
0.0,0.0,-0.0701136189928391,2.61310031407703,1.0,-0.9473025046227731,-0.5358911788760911,0.13168317996608064,0.0,1.0,-0.2986941493898947,0.0001853756204077356,0.0,-0.6512220298641915,-0.6043604109512856
0.0,0.0,-0.0701136189928391,1.4302650679821156,0.0,-0.9473025046227731,0.6710185428442086,-0.6855169236756652,1.0,1.0,-0.16217478690154793,-0.6538198131782321,0.0,1.1454075036452287,-0.6038568067805046
0.0,1.0,-0.9862649071659377,-0.9354054242077128,0.0,-0.4571891102380914,-0.1335879383026579,-0.6855169236756652,0.0,0.0,-0.7082522368549349,-0.3268172187789122,0.0,0.9620779594095735,0.9946281277060738
0.0,0.0,-0.0701136189928391,0.2474298218872014,1.0,-1.4374158990074548,-0.1335879383026579,1.3574833354286995,0.0,1.0,-0.4352135118782414,0.0001853756204077356,0.0,0.2898696305455047,-0.3393118724890821
0.0,1.0,-0.9862649071659377,-0.9354054242077128,0.0,-0.9473025046227731,-0.7370427991628077,-0.2769168718547923,0.0,0.0,-0.8447715993432816,-0.9808224075775521,1.0,-0.2983126572105555,-1.0277596314130066
1.0,0.0,-0.9862649071659377,0.2474298218872014,0.0,1.0131510729159539,-0.3347395585893745,-1.094116975496538,0.0,1.0,-0.7082522368549349,-0.6538198131782321,0.0,0.4579217127615221,1.3813515583937728
1.0,0.0,1.7621889573533582,-0.9354054242077128,1.0,-0.4571891102380914,-0.7370427991628077,0.5402832317869536,0.0,1.0,1.885615650423653,1.4171966180174609,0.0,-1.655656398186079,0.1420951085357841
1.0,0.0,-0.9862649071659377,0.2474298218872014,1.0,1.0131510729159539,-1.139346039736241,2.3789834649808816,0.0,1.0,-0.7082522368549349,0.6541905644190477,0.0,-1.5587032738306847,-0.7139863024232146
0.0,0.0,-0.9862649071659377,0.2474298218872014,0.0,-0.9473025046227731,-0.5358911788760911,-1.094116975496538,1.0,0.0,-0.8447715993432816,-1.0898232723773253,1.0,0.2898696305455047,0.44179097323734773
1.0,0.0,-0.0701136189928391,0.2474298218872014,1.0,-0.9473025046227731,-0.3347395585893745,0.5402832317869536,1.0,0.0,-0.2986941493898947,0.8721922940185942,0.0,-0.2983126572105555,-0.7971481649277485
1.0,1.0,1.7621889573533582,-0.9354054242077128,0.0,1.5032644673006357,-0.3347395585893745,-0.2769168718547923,0.0,0.0,1.6125769254469595,1.853200077216554,0.0,-1.327631660783661,0.01601133245407249
1.0,0.0,-0.9862649071659377,0.2474298218872014,0.0,1.0131510729159539,-0.9381944194495243,1.7660833872495723,0.0,1.0,-0.8447715993432816,-0.2178163539791389,0.0,-0.8864949449666158,-0.515963682907549
0.0,0.0,0.8460376691802596,0.2474298218872014,0.0,0.03292428414659036,0.26871530227077534,0.9488832836078265,1.0,0.0,-0.16217478690154793,-0.7628206779780055,0.0,0.5037540988204359,0.13147287059667107
1.0,0.0,-0.9862649071659377,-0.9354054242077128,0.0,-0.9473025046227731,-0.5358911788760911,-0.6855169236756652,0.0,1.0,-0.9812909618316283,-1.634827596376192,0.0,0.7604154607503532,-0.3826346356748906
1.0,0.0,2.678340245526457,0.2474298218872014,1.0,-0.9473025046227731,0.6710185428442086,0.5402832317869536,0.0,1.0,2.3634334191328668,1.9622009420163273,0.0,-1.0825557075519692,0.39853597196590945
0.0,0.0,-0.0701136189928391,0.2474298218872014,1.0,0.5230376785312721,0.06756368198405872,0.5402832317869536,0.0,1.0,0.383902663051839,1.853200077216554,0.0,-0.4159491147617675,3.168189591548528
0.0,0.0,-0.0701136189928391,0.2474298218872014,0.0,1.0131510729159539,-0.3347395585893745,-1.094116975496538,0.0,1.0,-0.7082522368549349,-0.6538198131782321,0.0,0.4579217127615221,-1.1598303229273021
0.0,1.0,-0.9862649071659377,-0.9354054242077128,0.0,0.5230376785312721,-0.9381944194495243,-0.6855169236756652,1.0,0.0,-1.2543296868083218,-1.8528293259757387,0.0,0.2898696305455047,-0.6393680660073238
0.0,0.0,-0.0701136189928391,0.2474298218872014,1.0,0.5230376785312721,0.6710185428442086,-0.6855169236756652,0.0,1.0,-0.16217478690154793,1.3081957532176876,0.0,1.1454075036452287,1.652936876763089
1.0,0.0,-0.0701136189928391,1.4302650679821156,1.0,-0.9473025046227731,1.2744734037043584,0.13168317996608064,0.0,1.0,0.5204220255401857,0.0001853756204077356,0.0,0.8045291323320576,1.0543944760850819
1.0,0.0,-0.9862649071659377,0.2474298218872014,0.0,0.5230376785312721,-0.9381944194495243,1.3574833354286995,0.0,0.0,-0.5717328743665882,-1.307825001976872,0.0,-1.180586088844646,0.6425720427662357
1.0,1.0,-0.9862649071659377,-0.9354054242077128,0.0,-0.4571891102380914,0.6710185428442086,-0.6855169236756652,0.0,0.0,-0.16217478690154793,-0.8718215427777788,0.0,1.1454075036452287,1.29881171729368
0.0,0.0,-0.9862649071659377,0.2474298218872014,0.0,0.03292428414659036,-1.139346039736241,-0.6855169236756652,1.0,1.0,-1.3908490492966685,-0.9808224075775521,1.0,-0.2983126572105555,0.241174702163863
0.0,0.0,-0.9862649071659377,0.2474298218872014,1.0,-1.4374158990074548,0.4698669225574919,0.5402832317869536,0.0,0.0,0.24738330056349225,0.436188834819501,0.0,0.20584358943749637,-0.7016814659922423
0.0,0.0,-0.0701136189928391,0.2474298218872014,0.0,1.0131510729159539,0.4698669225574919,-0.6855169236756652,1.0,1.0,-0.2986941493898947,-0.6538198131782321,0.0,1.1133248334039894,-0.005064854732871704
0.0,0.0,-0.0701136189928391,1.4302650679821156,0.0,0.5230376785312721,-0.9381944194495243,2.1746834390704453,1.0,1.0,-0.9812909618316283,-0.7628206779780055,0.0,-0.6512220298641915,-0.6758269933246913
0.0,1.0,-0.9862649071659377,-0.9354054242077128,0.0,-0.4571891102380914,0.26871530227077534,-0.6855169236756652,0.0,0.0,-0.4352135118782414,-0.10881548917936558,0.0,1.0741126808869184,-0.9619603517888012
0.0,0.0,1.7621889573533582,-0.9354054242077128,1.0,0.5230376785312721,0.6710185428442086,0.13168317996608064,0.0,1.0,2.3634334191328668,1.853200077216554,0.0,-1.1090504051986385,0.3017635728891996
0.0,1.0,0.8460376691802596,-0.9354054242077128,0.0,0.5230376785312721,-1.139346039736241,1.7660833872495723,1.0,0.0,-0.16217478690154793,0.10918624042018105,0.0,-1.7420328180663396,0.1672523347643524
0.0,0.0,-0.0701136189928391,-0.9354054242077128,1.0,0.5230376785312721,-1.139346039736241,2.3789834649808816,0.0,1.0,0.383902663051839,0.10918624042018105,0.0,-1.8275866053763123,-0.29793463378953344
0.0,1.0,0.8460376691802596,-0.9354054242077128,0.0,0.5230376785312721,0.4698669225574919,-1.094116975496538,0.0,0.0,-0.16217478690154793,0.10918624042018105,0.0,0.8245808012328325,0.8625798063402607
0.0,0.0,-0.9862649071659377,2.61310031407703,0.0,0.03292428414659036,-0.1335879383026579,-0.6855169236756652,0.0,1.0,-0.7082522368549349,-0.9808224075775521,1.0,0.9620779594095735,-0.04445635643742866
0.0,0.0,-0.0701136189928391,0.2474298218872014,0.0,0.5230376785312721,1.6767766442777916,-1.094116975496538,1.0,0.0,0.6569413880285324,-0.3268172187789122,0.0,1.0510467088180533,1.1435793225123478
0.0,1.0,-0.0701136189928391,-0.9354054242077128,0.0,1.0131510729159539,-1.139346039736241,0.5402832317869536,1.0,0.0,-0.5717328743665882,-0.10881548917936558,0.0,-1.6217228046616912,-0.1198058949947462
1.0,1.0,-0.9862649071659377,-0.9354054242077128,0.0,0.5230376785312721,-1.139346039736241,-0.6855169236756652,0.0,0.0,-1.3908490492966685,-0.8718215427777788,1.0,-0.2983126572105555,-0.7122284686473613
0.0,1.0,-0.0701136189928391,-0.9354054242077128,0.0,1.0131510729159539,-0.5358911788760911,0.13168317996608064,0.0,0.0,1.2030188379819193,1.853200077216554,0.0,-1.3906511916146675,1.4235395690142492
0.0,0.0,-0.9862649071659377,1.4302650679821156,1.0,1.5032644673006357,-1.139346039736241,0.5402832317869536,0.0,1.0,-0.9812909618316283,-0.10881548917936558,0.0,-1.357040775171464,0.38834514472544307
0.0,0.0,-0.0701136189928391,0.2474298218872014,1.0,-0.9473025046227731,-0.1335879383026579,0.5402832317869536,1.0,1.0,-0.4352135118782414,-0.10881548917936558,0.0,0.2898696305455047,-0.12021715320356993
0.0,0.0,-0.0701136189928391,0.2474298218872014,0.0,-0.9473025046227731,-0.1335879383026579,0.5402832317869536,0.0,1.0,-0.2986941493898947,-0.5448189483784588,0.0,0.05459671544308061,0.7362265626556571
0.0,1.0,-0.0701136189928391,-0.9354054242077128,0.0,-0.9473025046227731,-0.9381944194495243,2.1746834390704453,1.0,0.0,-0.16217478690154793,2.507205266015194,0.0,-1.4212061156539433,-0.6330561396070031
0.0,0.0,-0.9862649071659377,0.2474298218872014,0.0,-0.4571891102380914,0.6710185428442086,1.3574833354286995,0.0,1.0,0.383902663051839,-0.4358180835786855,1.0,0.2898696305455047,-0.09347097954704289
0.0,0.0,-0.0701136189928391,1.4302650679821156,1.0,2.4834912560699993,1.2744734037043584,1.7660833872495723,0.0,1.0,1.0664994754935726,0.10918624042018105,0.0,0.23105140176989886,1.3057647060320867
1.0,0.0,-0.9862649071659377,0.2474298218872014,0.0,-0.9473025046227731,-0.3347395585893745,-1.094116975496538,0.0,1.0,-0.7082522368549349,-0.8718215427777788,1.0,0.4579217127615221,-0.9504149452754669
0.0,1.0,-0.0701136189928391,-0.9354054242077128,0.0,1.0131510729159539,1.4756250239910749,1.7660833872495723,1.0,0.0,0.9299801130052259,1.7441992124167807,0.0,0.5375253306533195,0.5908482898529943
1.0,0.0,-0.0701136189928391,0.2474298218872014,1.0,1.0131510729159539,0.6710185428442086,0.13168317996608064,0.0,1.0,0.11086393807514554,1.9622009420163273,0.0,0.6518279614723113,1.9075487880349549
0.0,1.0,0.8460376691802596,-0.9354054242077128,0.0,1.9933778616853173,-0.5358911788760911,1.3574833354286995,0.0,0.0,1.2030188379819193,1.4171966180174609,0.0,-1.3906511916146675,1.1140824148563777
0.0,0.0,-0.9862649071659377,-0.9354054242077128,0.0,1.9933778616853173,-1.139346039736241,-0.6855169236756652,0.0,1.0,-1.3908490492966685,-0.2178163539791389,0.0,-0.2983126572105555,-0.8599177214333272
0.0,0.0,0.8460376691802596,2.61310031407703,1.0,0.03292428414659036,0.26871530227077534,0.9488832836078265,1.0,1.0,0.383902663051839,0.9811931588183676,0.0,-0.18067619965934345,0.15203578103786716
1.0,1.0,-0.9862649071659377,-0.9354054242077128,0.0,0.03292428414659036,-0.3347395585893745,-0.6855169236756652,0.0,0.0,-0.8447715993432816,-1.5258267315764187,0.0,0.8780519183015653,0.6531281769409402
0.0,0.0,0.8460376691802596,0.2474298218872014,1.0,-2.4176426877768185,-0.5358911788760911,2.3789834649808816,0.0,1.0,0.6569413880285324,1.853200077216554,0.0,-1.2324845259995925,-0.449512961276481
1.0,0.0,-0.9862649071659377,2.61310031407703,0.0,0.03292428414659036,-1.139346039736241,-0.6855169236756652,1.0,1.0,-1.3908490492966685,-1.307825001976872,1.0,-0.2983126572105555,-0.2392199361364271
0.0,0.0,-0.9862649071659377,0.2474298218872014,0.0,1.5032644673006357,-0.3347395585893745,-0.6855169236756652,0.0,1.0,-0.8447715993432816,-0.9808224075775521,1.0,0.8780519183015653,-1.0365488002922725
0.0,1.0,0.8460376691802596,-0.9354054242077128,0.0,0.03292428414659036,-0.1335879383026579,0.5402832317869536,0.0,0.0,2.3634334191328668,2.071201806816101,0.0,-1.505634195236153,-0.021956258689713567
1.0,1.0,-0.9862649071659377,-0.9354054242077128,0.0,0.5230376785312721,-0.1335879383026579,-0.6855169236756652,0.0,0.0,-0.7082522368549349,0.7631914292188209,0.0,0.9620779594095735,-0.2754067753478469
0.0,0.0,-0.0701136189928391,0.2474298218872014,1.0,0.03292428414659036,-0.7370427991628077,0.5402832317869536,0.0,1.0,-0.2986941493898947,0.8721922940185942,0.0,-1.0041314025178278,-0.34438643949940406
1.0,1.0,-0.0701136189928391,-0.9354054242077128,0.0,0.5230376785312721,-0.3347395585893745,-0.6855169236756652,1.0,0.0,-0.7082522368549349,0.10918624042018105,0.0,0.4579217127615221,-0.5257177471039589
0.0,0.0,-0.9862649071659377,0.2474298218872014,1.0,-0.4571891102380914,0.26871530227077534,2.1746834390704453,0.0,1.0,-0.16217478690154793,1.1991948884179142,0.0,0.5037540988204359,-0.7755104845780758
0.0,0.0,-0.0701136189928391,-0.9354054242077128,0.0,1.0131510729159539,-0.3347395585893745,-1.094116975496538,1.0,0.0,-0.7082522368549349,-0.4358180835786855,0.0,0.4579217127615221,0.06567155718484342
1.0,0.0,0.8460376691802596,0.2474298218872014,1.0,0.03292428414659036,2.2802315051379414,0.9488832836078265,1.0,1.0,1.2030188379819193,0.32718797001972766,0.0,0.9620779594095735,1.4520229791302908
1.0,0.0,-0.0701136189928391,-0.9354054242077128,1.0,-1.4374158990074548,-1.139346039736241,1.7660833872495723,0.0,1.0,0.7934607505168791,0.10918624042018105,0.0,-1.866798757893383,-0.3319225974319248
0.0,0.0,-0.0701136189928391,0.2474298218872014,1.0,0.03292428414659036,-0.3347395585893745,-0.2769168718547923,1.0,0.0,0.383902663051839,0.436188834819501,0.0,-0.8864949449666158,0.8199191121679199
0.0,0.0,-0.0701136189928391,0.2474298218872014,1.0,1.0131510729159539,0.6710185428442086,-1.094116975496538,0.0,0.0,-0.025655424413201202,0.21818710521995435,0.0,0.8780519183015653,-0.15617544311971474
0.0,1.0,-0.0701136189928391,-0.9354054242077128,0.0,-0.9473025046227731,2.2802315051379414,-0.6855169236756652,1.0,0.0,1.0664994754935726,0.436188834819501,0.0,1.289779519730807,-0.32625751582435597
0.0,1.0,1.7621889573533582,-0.9354054242077128,0.0,1.5032644673006357,0.6710185428442086,-0.6855169236756652,1.0,0.0,-0.16217478690154793,-0.4358180835786855,0.0,1.1454075036452287,0.035237007576851186
1.0,0.0,-0.9862649071659377,0.2474298218872014,0.0,0.03292428414659036,-0.1335879383026579,-0.6855169236756652,0.0,1.0,-0.7082522368549349,-1.4168258667766453,1.0,0.9620779594095735,-0.3171564892839536
1.0,1.0,0.8460376691802596,-0.9354054242077128,0.0,1.5032644673006357,-1.139346039736241,0.5402832317869536,0.0,0.0,-0.16217478690154793,0.10918624042018105,0.0,-1.7420328180663396,0.21264487771055796
0.0,0.0,-0.9862649071659377,-0.9354054242077128,1.0,-1.4374158990074548,-0.3347395585893745,-1.094116975496538,0.0,1.0,-0.7082522368549349,-0.10881548917936558,0.0,0.4579217127615221,-1.2813956885304538
0.0,0.0,0.8460376691802596,0.2474298218872014,0.0,1.0131510729159539,0.8721701631309251,-0.6855169236756652,1.0,1.0,-0.025655424413201202,-0.8718215427777788,0.0,1.1721430621795952,0.4004357391675173
0.0,1.0,-0.9862649071659377,-0.9354054242077128,0.0,-0.4571891102380914,-0.7370427991628077,0.13168317996608064,0.0,0.0,-0.8447715993432816,-0.4358180835786855,1.0,-0.2983126572105555,0.17811433882227282
0.0,0.0,0.8460376691802596,-0.9354054242077128,0.0,0.03292428414659036,0.6710185428442086,-0.6855169236756652,0.0,1.0,-0.16217478690154793,-0.8718215427777788,0.0,1.1454075036452287,-0.7361702487808326
1.0,0.0,-0.9862649071659377,-0.9354054242077128,1.0,0.03292428414659036,-0.7370427991628077,0.5402832317869536,0.0,0.0,-0.5717328743665882,0.0001853756204077356,0.0,-0.7394493730276007,-1.4622426047422779
1.0,0.0,0.8460376691802596,0.2474298218872014,1.0,0.5230376785312721,0.8721701631309251,-1.094116975496538,0.0,0.0,0.11086393807514554,0.10918624042018105,0.0,0.9232967096674158,-0.8116531156887319
0.0,0.0,0.8460376691802596,0.2474298218872014,1.0,0.5230376785312721,2.2802315051379414,0.13168317996608064,0.0,1.0,1.885615650423653,0.8721922940185942,0.0,1.0590310837649681,1.2093984658887216
0.0,0.0,-0.9862649071659377,2.61310031407703,0.0,0.03292428414659036,-1.139346039736241,-0.6855169236756652,0.0,0.0,-1.3908490492966685,-1.4168258667766453,1.0,-0.2983126572105555,-0.4860546360792207
0.0,1.0,-0.9862649071659377,-0.9354054242077128,0.0,0.5230376785312721,0.8721701631309251,0.5402832317869536,0.0,0.0,0.6569413880285324,-0.10881548917936558,0.0,0.22067171433890959,-0.6399982594603235
0.0,0.0,-0.0701136189928391,0.2474298218872014,0.0,-0.4571891102380914,-0.5358911788760911,-1.094116975496538,0.0,0.0,-0.8447715993432816,-1.4168258667766453,0.0,0.2898696305455047,-1.2902076599617291
1.0,0.0,0.8460376691802596,0.2474298218872014,0.0,0.5230376785312721,2.079079884851225,-0.6855169236756652,0.0,1.0,0.7934607505168791,-0.2178163539791389,0.0,1.2701734434722718,1.314996972875892
0.0,0.0,1.7621889573533582,-0.9354054242077128,1.0,1.0131510729159539,0.4698669225574919,0.13168317996608064,0.0,1.0,2.3634334191328668,1.6351983476170073,0.0,-1.0703019098903845,2.5410904328313864
1.0,0.0,-0.0701136189928391,1.4302650679821156,1.0,-0.4571891102380914,-0.3347395585893745,2.3789834649808816,0.0,0.0,-0.2986941493898947,1.853200077216554,0.0,-0.2983126572105555,-0.7148298312529108
0.0,0.0,0.8460376691802596,0.2474298218872014,1.0,-0.9473025046227731,-1.139346039736241,-0.2769168718547923,0.0,0.0,1.885615650423653,0.8721922940185942,0.0,-1.927125146381184,5.690681059897838
0.0,0.0,-0.0701136189928391,2.61310031407703,1.0,-0.4571891102380914,0.06756368198405872,-0.2769168718547923,0.0,1.0,-0.16217478690154793,0.21818710521995435,0.0,0.18292739640803926,-0.7569877725694318
0.0,0.0,-0.0701136189928391,0.2474298218872014,1.0,0.5230376785312721,0.26871530227077534,-1.094116975496538,1.0,1.0,-0.2986941493898947,0.8721922940185942,0.0,0.7604154607503532,-0.8798110649013573
1.0,0.0,-0.9862649071659377,0.2474298218872014,0.0,-0.9473025046227731,0.6710185428442086,-0.6855169236756652,0.0,0.0,-0.16217478690154793,-0.2178163539791389,0.0,1.1454075036452287,-1.0787368109127489
1.0,0.0,1.7621889573533582,-0.9354054242077128,1.0,0.03292428414659036,2.2802315051379414,-0.6855169236756652,0.0,1.0,1.339538200470266,0.21818710521995435,0.0,1.3058208548514272,-0.027080697993535196
1.0,0.0,-0.9862649071659377,0.2474298218872014,0.0,1.0131510729159539,-0.1335879383026579,-0.6855169236756652,0.0,1.0,-0.7082522368549349,-0.3268172187789122,0.0,0.9620779594095735,0.32753020976979347
0.0,1.0,0.8460376691802596,-0.9354054242077128,0.0,1.9933778616853173,2.2802315051379414,1.3574833354286995,1.0,0.0,1.6125769254469595,0.8721922940185942,0.0,0.7310063463625499,0.7898972629237736
0.0,0.0,-0.9862649071659377,-0.9354054242077128,0.0,0.03292428414659036,-0.9381944194495243,0.5402832317869536,0.0,1.0,-0.7082522368549349,-1.307825001976872,1.0,-1.054547027182633,-1.3856011606971184
1.0,0.0,0.8460376691802596,1.4302650679821156,1.0,-0.9473025046227731,-0.3347395585893745,-0.2769168718547923,0.0,0.0,0.5204220255401857,0.0001853756204077356,0.0,-0.9600177309361233,-0.43992219701053614
1.0,0.0,-0.9862649071659377,-0.9354054242077128,0.0,-0.4571891102380914,-1.139346039736241,-0.6855169236756652,0.0,1.0,-1.3908490492966685,-1.634827596376192,0.0,-0.2983126572105555,-0.7464392790552573
1.0,1.0,-0.0701136189928391,-0.9354054242077128,0.0,-1.4374158990074548,0.6710185428442086,-0.6855169236756652,0.0,0.0,-0.16217478690154793,0.8721922940185942,0.0,1.1454075036452287,2.2189547461887282
1.0,0.0,0.8460376691802596,0.2474298218872014,1.0,0.5230376785312721,2.2802315051379414,-0.2769168718547923,0.0,1.0,1.7490962879353062,0.5451896996192743,0.0,0.7604154607503532,0.9733777680943458
0.0,1.0,-0.9862649071659377,-0.9354054242077128,0.0,1.0131510729159539,-0.7370427991628077,-0.2769168718547923,0.0,0.0,-0.2986941493898947,-0.3268172187789122,1.0,-1.0041314025178278,-0.8247298303019648
0.0,0.0,-0.0701136189928391,0.2474298218872014,0.0,-0.9473025046227731,-1.3404976600229574,0.13168317996608064,0.0,0.0,-0.5717328743665882,-0.3268172187789122,0.0,-2.062859520478736,-0.8569177075419269
0.0,1.0,1.7621889573533582,-0.9354054242077128,0.0,-0.4571891102380914,0.26871530227077534,0.5402832317869536,0.0,0.0,1.6125769254469595,1.3081957532176876,0.0,-0.8864949449666158,-0.3070131573243379
0.0,0.0,0.8460376691802596,2.61310031407703,1.0,0.03292428414659036,2.079079884851225,-0.6855169236756652,0.0,0.0,0.7934607505168791,-0.10881548917936558,0.0,1.2701734434722718,0.9627870957574184
0.0,1.0,-0.9862649071659377,-0.9354054242077128,0.0,0.03292428414659036,-0.1335879383026579,-0.6855169236756652,0.0,0.0,-0.7082522368549349,-0.8718215427777788,1.0,0.9620779594095735,-0.7992412405520937
0.0,0.0,-0.9862649071659377,0.2474298218872014,0.0,1.0131510729159539,-0.5358911788760911,-0.6855169236756652,0.0,1.0,-0.9812909618316283,-1.0898232723773253,1.0,0.7604154607503532,-0.6243367798547026
0.0,1.0,-0.0701136189928391,-0.9354054242077128,0.0,0.5230376785312721,0.6710185428442086,-0.6855169236756652,0.0,0.0,-0.16217478690154793,-0.10881548917936558,0.0,1.1454075036452287,-0.24337472707671343
0.0,0.0,-0.9862649071659377,0.2474298218872014,0.0,0.03292428414659036,-1.139346039736241,-0.6855169236756652,1.0,1.0,-1.3908490492966685,-0.2178163539791389,0.0,-0.2983126572105555,-0.24897964662108302
0.0,0.0,-0.9862649071659377,0.2474298218872014,1.0,0.5230376785312721,-0.7370427991628077,1.7660833872495723,0.0,1.0,-0.4352135118782414,0.6541905644190477,0.0,-0.8864949449666158,-0.8695941777601397
0.0,1.0,-0.9862649071659377,-0.9354054242077128,0.0,-0.4571891102380914,-0.7370427991628077,-0.6855169236756652,0.0,0.0,-1.117810324319975,-0.2178163539791389,0.0,0.5839607744235349,-0.7006960309648725
0.0,0.0,0.8460376691802596,0.2474298218872014,1.0,-0.9473025046227731,1.6767766442777916,-0.2769168718547923,1.0,1.0,2.3634334191328668,1.7441992124167807,0.0,-0.35523352376759354,0.23881126309971562
0.0,0.0,-0.0701136189928391,1.4302650679821156,0.0,1.0131510729159539,0.06756368198405872,0.5402832317869536,1.0,0.0,0.24738330056349225,-0.6538198131782321,0.0,-0.2983126572105555,-0.6104369381216874
1.0,1.0,1.7621889573533582,-0.9354054242077128,0.0,1.5032644673006357,2.2802315051379414,-0.6855169236756652,0.0,0.0,2.3634334191328668,1.4171966180174609,0.0,1.35929197192016,-0.2964159465126945
0.0,0.0,-0.9862649071659377,0.2474298218872014,0.0,-0.9473025046227731,-0.7370427991628077,0.5402832317869536,0.0,1.0,-0.5717328743665882,-1.307825001976872,1.0,-0.7394493730276007,-0.0154269874569921
0.0,0.0,0.8460376691802596,0.2474298218872014,1.0,-0.9473025046227731,0.06756368198405872,0.5402832317869536,0.0,1.0,-0.2986941493898947,0.21818710521995435,0.0,0.4075060880967167,0.9230720744939416
0.0,1.0,0.8460376691802596,-0.9354054242077128,0.0,-0.9473025046227731,1.0733217834176418,-1.094116975496538,0.0,0.0,0.24738330056349225,-0.3268172187789122,0.0,0.9620779594095735,-0.7256914507865596
0.0,1.0,0.8460376691802596,-0.9354054242077128,0.0,0.5230376785312721,0.26871530227077534,0.13168317996608064,0.0,0.0,0.7934607505168791,-0.2178163539791389,0.0,-0.494373419795909,1.133873965738245
0.0,1.0,-0.9862649071659377,-0.9354054242077128,0.0,-1.9275292933921366,-0.9381944194495243,-0.6855169236756652,0.0,0.0,-1.2543296868083218,-1.8528293259757387,0.0,0.2898696305455047,-0.18784384564382725
0.0,0.0,-0.9862649071659377,0.2474298218872014,0.0,-0.4571891102380914,-0.9381944194495243,2.3789834649808816,0.0,1.0,-0.7082522368549349,-1.0898232723773253,1.0,-1.054547027182633,0.1948160181891996
1.0,1.0,-0.0701136189928391,-0.9354054242077128,0.0,0.03292428414659036,-0.3347395585893745,-0.6855169236756652,1.0,0.0,-0.8447715993432816,-1.0898232723773253,0.0,0.8780519183015653,-1.0142924991867803
0.0,0.0,1.7621889573533582,0.2474298218872014,1.0,0.5230376785312721,0.4698669225574919,-0.2769168718547923,0.0,1.0,2.022135012912,1.6351983476170073,0.0,-0.8864949449666158,-0.021942802055551124
0.0,0.0,-0.9862649071659377,0.2474298218872014,0.0,0.03292428414659036,-0.9381944194495243,-0.6855169236756652,0.0,1.0,-1.2543296868083218,-0.5448189483784588,1.0,0.2898696305455047,-0.4429504215325119
0.0,0.0,1.7621889573533582,0.2474298218872014,1.0,-0.4571891102380914,2.2802315051379414,-1.094116975496538,0.0,1.0,2.2951737378886934,1.4171966180174609,0.0,1.2228484318137383,-0.0307269467237173
1.0,1.0,2.678340245526457,-0.9354054242077128,0.0,0.03292428414659036,-0.7370427991628077,2.3789834649808816,0.0,0.0,1.4760575629586128,1.3081957532176876,0.0,-1.6025429474522543,0.4591231495489615
1.0,1.0,-0.9862649071659377,-0.9354054242077128,0.0,-0.9473025046227731,-1.139346039736241,-0.6855169236756652,0.0,0.0,-1.3908490492966685,-0.5448189483784588,1.0,-0.2983126572105555,-0.39720717344212686
0.0,0.0,-0.0701136189928391,1.4302650679821156,0.0,0.5230376785312721,0.8721701631309251,0.5402832317869536,0.0,0.0,0.5204220255401857,-0.3268172187789122,0.0,0.3633924165150123,1.053381597731807
0.0,0.0,-0.9862649071659377,0.2474298218872014,1.0,-0.9473025046227731,-1.139346039736241,0.9488832836078265,0.0,0.0,-0.5717328743665882,-0.10881548917936558,0.0,-1.6217228046616912,-0.3620200595264463
0.0,1.0,0.8460376691802596,-0.9354054242077128,0.0,0.03292428414659036,0.26871530227077534,1.7660833872495723,0.0,0.0,0.9299801130052259,1.6351983476170073,0.0,-0.5769253198318472,1.0947922616712604
0.0,1.0,-0.9862649071659377,-0.9354054242077128,0.0,1.0131510729159539,-0.3347395585893745,-1.094116975496538,0.0,0.0,-0.7082522368549349,-0.7628206779780055,1.0,0.4579217127615221,-0.4631830120340282
0.0,0.0,1.7621889573533582,0.2474298218872014,1.0,-0.4571891102380914,1.8779282645645081,0.5402832317869536,1.0,0.0,2.3634334191328668,2.289203536415647,0.0,-0.5769253198318472,-0.1558595736004232
0.0,0.0,2.678340245526457,0.2474298218872014,1.0,-0.4571891102380914,2.2802315051379414,-0.6855169236756652,0.0,0.0,1.7490962879353062,0.5451896996192743,0.0,1.3250704569961707,0.19865524612046948
0.0,1.0,-0.0701136189928391,-0.9354054242077128,0.0,1.9933778616853173,-0.3347395585893745,0.13168317996608064,1.0,0.0,-0.4352135118782414,1.3081957532176876,0.0,-0.10225189462520197,-1.0023660111308867
0.0,0.0,0.8460376691802596,0.2474298218872014,1.0,1.0131510729159539,-1.139346039736241,0.9488832836078265,1.0,0.0,0.9299801130052259,0.6541905644190477,0.0,-1.8771177453978753,1.584859380580418
0.0,0.0,-0.9862649071659377,0.2474298218872014,1.0,1.0131510729159539,-0.7370427991628077,-0.2769168718547923,0.0,0.0,-0.4352135118782414,0.32718797001972766,0.0,-0.8864949449666158,-0.7948466561124607
1.0,1.0,2.678340245526457,-0.9354054242077128,0.0,0.03292428414659036,2.2802315051379414,-1.094116975496538,0.0,0.0,2.3634334191328668,1.9622009420163273,0.0,1.280492430976764,0.3005844719869255
0.0,0.0,-0.9862649071659377,-0.9354054242077128,0.0,-1.4374158990074548,-0.3347395585893745,-0.6855169236756652,0.0,1.0,-0.8447715993432816,-0.5448189483784588,1.0,0.8780519183015653,-0.398086851290019
0.0,1.0,1.7621889573533582,-0.9354054242077128,0.0,-0.4571891102380914,0.4698669225574919,1.7660833872495723,0.0,0.0,2.3634334191328668,1.9622009420163273,0.0,-1.0703019098903845,-0.07879113453066404
1.0,0.0,-0.9862649071659377,0.2474298218872014,0.0,-0.4571891102380914,-0.9381944194495243,-1.094116975496538,0.0,0.0,-1.117810324319975,-0.6538198131782321,1.0,-0.2983126572105555,-0.4872257453381546
0.0,0.0,-0.9862649071659377,0.2474298218872014,1.0,0.5230376785312721,-0.1335879383026579,0.9488832836078265,0.0,0.0,-0.4352135118782414,0.6541905644190477,0.0,0.2898696305455047,1.433402428021158
0.0,1.0,-0.0701136189928391,-0.9354054242077128,0.0,1.9933778616853173,1.4756250239910749,-0.6855169236756652,0.0,0.0,0.383902663051839,-0.3268172187789122,0.0,1.2309612909552012,-0.3266272612634611
1.0,1.0,-0.9862649071659377,-0.9354054242077128,0.0,1.5032644673006357,-0.5358911788760911,-1.094116975496538,0.0,0.0,-0.8447715993432816,0.32718797001972766,0.0,0.2898696305455047,-0.7974834067762404
0.0,1.0,-0.0701136189928391,-0.9354054242077128,0.0,1.5032644673006357,2.2802315051379414,-0.6855169236756652,0.0,0.0,1.2030188379819193,0.5451896996192743,0.0,1.298182123841608,0.951561200197671
0.0,0.0,-0.0701136189928391,0.2474298218872014,0.0,-1.9275292933921366,-0.3347395585893745,-1.094116975496538,0.0,0.0,-0.7082522368549349,-0.9808224075775521,0.0,0.4579217127615221,-0.952163426812586
0.0,1.0,-0.0701136189928391,-0.9354054242077128,0.0,0.03292428414659036,-1.139346039736241,1.3574833354286995,0.0,0.0,-0.16217478690154793,0.32718797001972766,0.0,-1.7420328180663396,1.6251721988616172
0.0,1.0,-0.9862649071659377,-0.9354054242077128,0.0,-0.4571891102380914,-0.1335879383026579,-0.6855169236756652,0.0,0.0,-0.7082522368549349,-0.2178163539791389,0.0,0.9620779594095735,-0.6067584420961706
0.0,0.0,-0.0701136189928391,0.2474298218872014,0.0,0.03292428414659036,0.6710185428442086,-0.6855169236756652,0.0,1.0,-0.16217478690154793,-0.5448189483784588,0.0,1.1454075036452287,1.4395601729564023
0.0,0.0,-0.0701136189928391,-0.9354054242077128,0.0,-0.9473025046227731,-0.3347395585893745,-0.6855169236756652,0.0,1.0,-0.8447715993432816,-0.3268172187789122,0.0,0.8780519183015653,-1.1676373490970282
1.0,0.0,-0.9862649071659377,0.2474298218872014,0.0,-0.9473025046227731,-1.139346039736241,-0.6855169236756652,0.0,0.0,-1.3908490492966685,-0.2178163539791389,0.0,-0.2983126572105555,-1.0314549017722703
0.0,1.0,-0.9862649071659377,-0.9354054242077128,0.0,-0.4571891102380914,-0.9381944194495243,-0.6855169236756652,1.0,0.0,-1.2543296868083218,-1.8528293259757387,0.0,0.2898696305455047,0.16201260601054235
0.0,0.0,1.7621889573533582,-0.9354054242077128,1.0,1.0131510729159539,-0.3347395585893745,-0.2769168718547923,0.0,1.0,2.3634334191328668,1.6351983476170073,0.0,-1.5114386257074297,-0.11210458883823736
0.0,0.0,-0.0701136189928391,0.2474298218872014,1.0,-1.4374158990074548,-0.7370427991628077,0.5402832317869536,0.0,1.0,-0.16217478690154793,1.3081957532176876,0.0,-1.1003794132415468,1.3568704552545523
0.0,1.0,-0.9862649071659377,-0.9354054242077128,0.0,1.0131510729159539,-0.3347395585893745,0.13168317996608064,0.0,0.0,-0.5717328743665882,0.7631914292188209,0.0,0.14282405860648972,-0.0743654032657573
0.0,0.0,-0.0701136189928391,1.4302650679821156,1.0,0.5230376785312721,0.06756368198405872,0.5402832317869536,1.0,0.0,0.11086393807514554,-0.10881548917936558,0.0,-0.1625782831130032,-0.7671263156836022
0.0,0.0,-0.9862649071659377,1.4302650679821156,0.0,1.0131510729159539,-0.7370427991628077,0.13168317996608064,0.0,1.0,-0.7082522368549349,-0.5448189483784588,1.0,-0.5503907805345813,0.05506597451255034
0.0,1.0,-0.9862649071659377,-0.9354054242077128,0.0,1.9933778616853173,-0.7370427991628077,-1.094116975496538,0.0,0.0,-0.9812909618316283,-1.634827596376192,0.0,0.05459671544308061,0.11043773845192542
0.0,0.0,-0.0701136189928391,1.4302650679821156,1.0,1.0131510729159539,-0.1335879383026579,1.7660833872495723,0.0,0.0,-0.2986941493898947,0.0001853756204077356,0.0,0.05459671544308061,-0.6882230739099737
0.0,1.0,-0.9862649071659377,-0.9354054242077128,0.0,0.5230376785312721,0.8721701631309251,-1.094116975496538,0.0,0.0,0.11086393807514554,-0.7628206779780055,1.0,0.9232967096674158,-0.6004127563051828
1.0,0.0,-0.0701136189928391,0.2474298218872014,0.0,-0.4571891102380914,1.6767766442777916,-0.6855169236756652,0.0,1.0,0.5204220255401857,-0.4358180835786855,0.0,1.2456658481491028,1.7245757956734151
0.0,0.0,-0.0701136189928391,0.2474298218872014,1.0,0.03292428414659036,-0.3347395585893745,0.9488832836078265,1.0,1.0,0.383902663051839,0.436188834819501,0.0,-0.8864949449666158,-1.0492494469368139
0.0,0.0,1.7621889573533582,0.2474298218872014,1.0,-0.9473025046227731,2.2802315051379414,-1.094116975496538,0.0,1.0,1.339538200470266,0.436188834819501,0.0,1.1454075036452287,2.4411604978588914
0.0,0.0,-0.9862649071659377,1.4302650679821156,0.0,0.5230376785312721,0.06756368198405872,-1.094116975496538,0.0,0.0,-0.4352135118782414,-0.8718215427777788,1.0,0.6819911557162117,0.03660871986609219
0.0,0.0,-0.0701136189928391,0.2474298218872014,1.0,0.5230376785312721,0.06756368198405872,0.5402832317869536,1.0,1.0,0.9299801130052259,1.5261974828172342,0.0,-0.7626670949127083,-0.8259362395454233
1.0,1.0,0.8460376691802596,-0.9354054242077128,0.0,-2.4176426877768185,-0.9381944194495243,1.3574833354286995,1.0,0.0,0.5204220255401857,1.7441992124167807,0.0,-1.6217228046616912,1.4409190074920448
0.0,0.0,-0.0701136189928391,0.2474298218872014,1.0,-0.4571891102380914,-1.139346039736241,0.5402832317869536,0.0,0.0,-0.9812909618316283,0.6541905644190477,0.0,-1.357040775171464,-0.9958827733630526
0.0,1.0,-0.9862649071659377,-0.9354054242077128,0.0,0.03292428414659036,-1.139346039736241,-0.6855169236756652,1.0,0.0,-1.3908490492966685,-0.8718215427777788,1.0,-0.2983126572105555,-1.6728129651047883
0.0,0.0,-0.0701136189928391,1.4302650679821156,0.0,0.5230376785312721,0.6710185428442086,-0.6855169236756652,0.0,1.0,-0.16217478690154793,-0.5448189483784588,0.0,1.1454075036452287,1.814302936158401
1.0,1.0,-0.9862649071659377,-0.9354054242077128,0.0,0.03292428414659036,-0.9381944194495243,-0.6855169236756652,0.0,0.0,-1.2543296868083218,-0.9808224075775521,1.0,0.2898696305455047,0.17106471629611528
1.0,1.0,-0.9862649071659377,-0.9354054242077128,0.0,1.5032644673006357,0.26871530227077534,-0.6855169236756652,0.0,0.0,-0.4352135118782414,-1.0898232723773253,1.0,1.0741126808869184,-0.751779728604058
0.0,1.0,0.8460376691802596,-0.9354054242077128,0.0,0.03292428414659036,0.6710185428442086,-0.6855169236756652,1.0,0.0,-0.16217478690154793,-0.2178163539791389,0.0,1.1454075036452287,0.7586416390531551
1.0,0.0,-0.0701136189928391,0.2474298218872014,1.0,1.9933778616853173,-0.5358911788760911,2.3789834649808816,0.0,1.0,-0.4352135118782414,0.5451896996192743,0.0,-0.494373419795909,-0.4895971262563108
0.0,1.0,0.8460376691802596,-0.9354054242077128,0.0,0.03292428414659036,0.8721701631309251,-0.2769168718547923,0.0,0.0,0.383902663051839,-0.3268172187789122,0.0,0.5251425456479287,-0.9282013500844623
1.0,0.0,-0.0701136189928391,-0.9354054242077128,0.0,0.03292428414659036,-0.3347395585893745,-0.6855169236756652,1.0,1.0,-0.8447715993432816,-1.307825001976872,0.0,0.8780519183015653,-1.131089830492775
0.0,0.0,-0.9862649071659377,0.2474298218872014,0.0,0.5230376785312721,-0.9381944194495243,-1.094116975496538,0.0,0.0,-1.117810324319975,-0.3268172187789122,1.0,-0.2983126572105555,-0.5150840050596572
0.0,0.0,-0.9862649071659377,1.4302650679821156,0.0,-0.9473025046227731,-0.3347395585893745,-1.094116975496538,0.0,0.0,-0.7082522368549349,-1.0898232723773253,1.0,0.4579217127615221,-0.9337155244048617
0.0,0.0,-0.0701136189928391,0.2474298218872014,0.0,-0.4571891102380914,0.06756368198405872,0.5402832317869536,0.0,1.0,-0.025655424413201202,-0.3268172187789122,0.0,-0.0042215133325252075,1.8468510165304057
1.0,0.0,-0.9862649071659377,0.2474298218872014,0.0,0.03292428414659036,-0.3347395585893745,0.9488832836078265,0.0,1.0,-0.4352135118782414,-0.4358180835786855,1.0,-0.10225189462520197,-0.7130115208353606
0.0,0.0,-0.9862649071659377,1.4302650679821156,0.0,-0.9473025046227731,0.06756368198405872,-0.6855169236756652,0.0,0.0,-0.5717328743665882,-1.0898232723773253,0.0,1.02509749024058,0.7208633712286253
0.0,0.0,-0.9862649071659377,0.2474298218872014,0.0,0.5230376785312721,0.26871530227077534,1.3574833354286995,0.0,1.0,-0.16217478690154793,-0.2178163539791389,0.0,0.5037540988204359,-0.8695941777601397
0.0,0.0,0.8460376691802596,1.4302650679821156,0.0,-0.9473025046227731,0.6710185428442086,-0.6855169236756652,1.0,1.0,-0.16217478690154793,-0.2178163539791389,0.0,1.1454075036452287,0.14422187507021317
0.0,0.0,-0.9862649071659377,0.2474298218872014,0.0,1.5032644673006357,-0.9381944194495243,-0.2769168718547923,0.0,1.0,-0.9812909618316283,-1.5258267315764187,0.0,-0.6512220298641915,-1.0339120496284928
0.0,0.0,0.8460376691802596,2.61310031407703,1.0,-1.9275292933921366,0.6710185428442086,-0.6855169236756652,0.0,0.0,-0.16217478690154793,0.8721922940185942,0.0,1.1454075036452287,-0.041435584761922974
0.0,1.0,-0.9862649071659377,-0.9354054242077128,0.0,0.03292428414659036,-0.3347395585893745,-1.094116975496538,0.0,0.0,-0.7082522368549349,-0.6538198131782321,1.0,0.4579217127615221,0.20449247451601169
0.0,0.0,0.8460376691802596,1.4302650679821156,1.0,-1.9275292933921366,1.2744734037043584,-1.094116975496538,0.0,1.0,0.383902663051839,1.0901940236181409,0.0,0.9956883758527773,-0.7322629003761886
1.0,0.0,1.7621889573533582,0.2474298218872014,1.0,-0.9473025046227731,0.06756368198405872,0.13168317996608064,1.0,1.0,2.2951737378886934,0.9811931588183676,0.0,-1.2110093106251316,-0.059565459407885345
1.0,1.0,-0.0701136189928391,-0.9354054242077128,0.0,0.03292428414659036,-0.7370427991628077,0.13168317996608064,0.0,0.0,-0.16217478690154793,0.5451896996192743,0.0,-1.1003794132415468,2.8966042731792117
1.0,0.0,-0.0701136189928391,0.2474298218872014,0.0,0.5230376785312721,-0.5358911788760911,-1.094116975496538,1.0,1.0,-0.8447715993432816,-0.2178163539791389,0.0,0.2898696305455047,-0.9583613827867268
1.0,1.0,1.7621889573533582,-0.9354054242077128,0.0,1.0131510729159539,-0.3347395585893745,-0.2769168718547923,0.0,0.0,2.3634334191328668,1.9622009420163273,0.0,-1.4936508549083556,-0.09486777665919442
0.0,0.0,-0.0701136189928391,1.4302650679821156,0.0,1.0131510729159539,0.6710185428442086,0.5402832317869536,0.0,1.0,0.383902663051839,-0.3268172187789122,0.0,0.2898696305455047,0.16269046768886897
1.0,0.0,0.8460376691802596,-0.9354054242077128,1.0,0.03292428414659036,-1.3404976600229574,0.5402832317869536,0.0,1.0,0.7934607505168791,0.8721922940185942,0.0,-2.062859520478736,-0.503505411958837
0.0,0.0,-0.0701136189928391,0.2474298218872014,0.0,0.5230376785312721,-0.3347395585893745,0.9488832836078265,0.0,0.0,-0.2986941493898947,-0.5448189483784588,0.0,-0.2983126572105555,-0.33419202721840907
1.0,0.0,1.7621889573533582,0.2474298218872014,1.0,-0.4571891102380914,2.2802315051379414,-0.6855169236756652,0.0,0.0,2.3634334191328668,1.5261974828172342,0.0,1.3624373317477323,-0.5312574542305406
0.0,0.0,-0.9862649071659377,0.2474298218872014,0.0,0.03292428414659036,-0.3347395585893745,0.5402832317869536,0.0,1.0,-0.2986941493898947,-0.7628206779780055,1.0,-0.2983126572105555,-1.0112223112707541
1.0,1.0,0.8460376691802596,-0.9354054242077128,0.0,-0.4571891102380914,0.6710185428442086,-0.6855169236756652,1.0,0.0,-0.16217478690154793,0.0001853756204077356,0.0,1.1454075036452287,0.2869284735321143
0.0,1.0,-0.0701136189928391,-0.9354054242077128,0.0,1.0131510729159539,-0.7370427991628077,-0.2769168718547923,0.0,0.0,-0.8447715993432816,-0.3268172187789122,0.0,-0.2983126572105555,-1.2816199311750303
1.0,1.0,-0.0701136189928391,-0.9354054242077128,0.0,0.03292428414659036,-0.3347395585893745,1.3574833354286995,0.0,0.0,-0.2986941493898947,1.853200077216554,0.0,-0.2983126572105555,-1.1227469486211028
0.0,1.0,-0.0701136189928391,-0.9354054242077128,0.0,-2.4176426877768185,-0.5358911788760911,0.13168317996608064,0.0,0.0,1.2030188379819193,1.3081957532176876,0.0,-1.3906511916146675,0.9126331420690846
1.0,0.0,-0.9862649071659377,0.2474298218872014,0.0,1.0131510729159539,-0.7370427991628077,-0.6855169236756652,0.0,0.0,-1.117810324319975,-0.9808224075775521,1.0,0.5839607744235349,-0.48019441023474196
0.0,1.0,-0.0701136189928391,-0.9354054242077128,0.0,-0.4571891102380914,-0.7370427991628077,-0.2769168718547923,1.0,0.0,-0.4352135118782414,0.10918624042018105,0.0,-0.8864949449666158,-1.1294447976574793
0.0,1.0,-0.9862649071659377,-0.9354054242077128,0.0,-0.9473025046227731,-1.139346039736241,-0.6855169236756652,0.0,0.0,-1.3908490492966685,-1.1988241371770987,1.0,-0.2983126572105555,-0.838805453083919
0.0,1.0,-0.9862649071659377,-0.9354054242077128,0.0,1.5032644673006357,0.06756368198405872,-0.6855169236756652,0.0,0.0,-0.5717328743665882,-1.1988241371770987,1.0,1.02509749024058,-0.5951346892178305
0.0,1.0,-0.9862649071659377,-0.9354054242077128,0.0,-0.9473025046227731,0.06756368198405872,-0.6855169236756652,0.0,0.0,-0.5717328743665882,-0.6538198131782321,0.0,1.02509749024058,0.7335898119918771
0.0,1.0,0.8460376691802596,-0.9354054242077128,0.0,1.0131510729159539,-0.3347395585893745,-0.2769168718547923,0.0,0.0,-0.16217478690154793,-0.5448189483784588,0.0,-0.45872600841675376,-0.992342180019939
0.0,0.0,-0.0701136189928391,1.4302650679821156,1.0,0.5230376785312721,-0.3347395585893745,1.7660833872495723,1.0,0.0,-0.4352135118782414,0.32718797001972766,0.0,-0.10225189462520197,-0.5055660948715865
0.0,0.0,-0.9862649071659377,1.4302650679821156,1.0,0.03292428414659036,-0.9381944194495243,-0.6855169236756652,0.0,0.0,-1.2543296868083218,2.289203536415647,0.0,0.2898696305455047,-0.7711159001384429
0.0,1.0,1.7621889573533582,-0.9354054242077128,0.0,-0.4571891102380914,-1.139346039736241,-0.2769168718547923,0.0,0.0,0.6569413880285324,0.5451896996192743,0.0,-1.8552657718589503,-0.015619681615309126
0.0,0.0,-0.9862649071659377,-0.9354054242077128,0.0,0.03292428414659036,-0.9381944194495243,-0.6855169236756652,0.0,1.0,-1.2543296868083218,-0.3268172187789122,1.0,0.2898696305455047,-1.012478341003578
0.0,0.0,0.8460376691802596,0.2474298218872014,1.0,-0.4571891102380914,1.0733217834176418,1.7660833872495723,1.0,1.0,0.5204220255401857,0.32718797001972766,0.0,0.5839607744235349,1.6083010984833814
0.0,1.0,-0.0701136189928391,-0.9354054242077128,0.0,0.5230376785312721,-0.9381944194495243,0.9488832836078265,1.0,0.0,-0.7082522368549349,-0.3268172187789122,0.0,-1.054547027182633,-0.3764310173008747
0.0,0.0,-0.9862649071659377,0.2474298218872014,0.0,0.5230376785312721,-0.7370427991628077,-0.6855169236756652,0.0,0.0,-1.117810324319975,-0.9808224075775521,1.0,0.5839607744235349,-1.036680902280997
0.0,0.0,1.7621889573533582,0.2474298218872014,1.0,0.03292428414659036,2.2802315051379414,-0.6855169236756652,0.0,1.0,1.4760575629586128,0.32718797001972766,0.0,1.3127953483821315,2.2514449761828033
1.0,0.0,-0.0701136189928391,-0.9354054242077128,0.0,0.5230376785312721,1.2744734037043584,-0.6855169236756652,1.0,1.0,0.24738330056349225,-0.5448189483784588,0.0,1.2141560827335995,-0.7058488425688376
0.0,0.0,1.7621889573533582,0.2474298218872014,1.0,-1.9275292933921366,-0.7370427991628077,1.7660833872495723,0.0,1.0,1.339538200470266,1.1991948884179142,0.0,-1.5816194668601415,-0.3032011700155111
0.0,0.0,-0.0701136189928391,0.2474298218872014,1.0,-1.4374158990074548,1.6767766442777916,-0.2769168718547923,1.0,1.0,0.7934607505168791,-0.10881548917936558,0.0,0.8780519183015653,-0.9480799275661287
0.0,0.0,-0.0701136189928391,0.2474298218872014,1.0,0.03292428414659036,-0.3347395585893745,-0.2769168718547923,0.0,0.0,-0.025655424413201202,0.5451896996192743,0.0,-0.5924038010885856,-0.8007071191198983
1.0,0.0,-0.9862649071659377,0.2474298218872014,1.0,1.5032644673006357,-1.139346039736241,2.3789834649808816,0.0,0.0,-1.117810324319975,2.289203536415647,0.0,-1.180586088844646,-0.7622734803173137
0.0,0.0,-0.0701136189928391,0.2474298218872014,0.0,-0.4571891102380914,-0.7370427991628077,2.3789834649808816,1.0,1.0,-0.7082522368549349,-0.3268172187789122,0.0,-0.5503907805345813,-0.16710058900949742
0.0,0.0,-0.0701136189928391,0.2474298218872014,0.0,1.0131510729159539,1.6767766442777916,-0.6855169236756652,0.0,1.0,0.5204220255401857,-0.3268172187789122,0.0,1.2456658481491028,0.6504891433972642
0.0,0.0,-0.9862649071659377,0.2474298218872014,1.0,0.5230376785312721,-0.3347395585893745,0.13168317996608064,0.0,1.0,0.11086393807514554,0.436188834819501,0.0,-0.7055157795032125,-0.41075997608854137
1.0,0.0,-0.9862649071659377,-0.9354054242077128,0.0,1.0131510729159539,-0.7370427991628077,-1.094116975496538,0.0,1.0,-0.9812909618316283,-0.2178163539791389,0.0,0.05459671544308061,0.22557585077030914
0.0,0.0,-0.0701136189928391,1.4302650679821156,0.0,1.9933778616853173,0.6710185428442086,-0.6855169236756652,0.0,1.0,-0.025655424413201202,-0.7628206779780055,0.0,0.8780519183015653,2.2198382694757384
0.0,1.0,-0.9862649071659377,-0.9354054242077128,0.0,0.03292428414659036,0.06756368198405872,-1.094116975496538,0.0,0.0,-0.4352135118782414,-1.1988241371770987,0.0,0.6819911557162117,0.2915805814573217
0.0,0.0,-0.9862649071659377,0.2474298218872014,0.0,0.03292428414659036,0.06756368198405872,0.5402832317869536,0.0,0.0,-0.025655424413201202,-0.8718215427777788,1.0,-0.0042215133325252075,-0.6463097020528672
0.0,0.0,-0.9862649071659377,-0.9354054242077128,1.0,0.03292428414659036,0.6710185428442086,-0.6855169236756652,0.0,1.0,-0.16217478690154793,0.436188834819501,0.0,1.1454075036452287,0.11131665533985251
0.0,0.0,-0.9862649071659377,0.2474298218872014,1.0,0.5230376785312721,-0.3347395585893745,2.1746834390704453,0.0,1.0,1.0664994754935726,1.9622009420163273,0.0,-1.180586088844646,-0.5162300026397322
0.0,0.0,2.678340245526457,0.2474298218872014,1.0,-1.9275292933921366,-0.5358911788760911,0.5402832317869536,0.0,1.0,1.7490962879353062,1.853200077216554,0.0,-1.4982045242329183,0.5907297480872047
0.0,0.0,1.7621889573533582,0.2474298218872014,1.0,1.5032644673006357,2.2802315051379414,-0.6855169236756652,0.0,1.0,1.339538200470266,0.21818710521995435,0.0,1.3058208548514272,2.117949614432228
1.0,0.0,-0.9862649071659377,0.2474298218872014,0.0,-0.4571891102380914,-0.9381944194495243,1.3574833354286995,0.0,1.0,-0.5717328743665882,-0.6538198131782321,0.0,-1.180586088844646,0.41825419155377175
1.0,0.0,0.8460376691802596,0.2474298218872014,1.0,0.5230376785312721,0.26871530227077534,-0.6855169236756652,0.0,1.0,-0.2986941493898947,0.7631914292188209,0.0,0.7604154607503532,0.12423278965143689
1.0,0.0,0.8460376691802596,0.2474298218872014,1.0,0.03292428414659036,1.8779282645645081,-0.6855169236756652,1.0,1.0,0.6569413880285324,-0.10881548917936558,0.0,1.2586404574378394,1.3903342478067025
0.0,0.0,-0.9862649071659377,0.2474298218872014,0.0,-0.4571891102380914,0.6710185428442086,-0.6855169236756652,0.0,1.0,-0.16217478690154793,-0.8718215427777788,1.0,1.1454075036452287,-0.10163541655040968
1.0,0.0,0.8460376691802596,0.2474298218872014,1.0,0.5230376785312721,0.4698669225574919,0.13168317996608064,1.0,0.0,0.11086393807514554,0.436188834819501,0.0,0.38035921327720634,0.5118867137588006
1.0,0.0,-0.0701136189928391,1.4302650679821156,1.0,-0.4571891102380914,0.6710185428442086,0.13168317996608064,0.0,0.0,0.9299801130052259,1.6351983476170073,0.0,-0.205441769670125,2.0458127256662744
1.0,1.0,-0.9862649071659377,-0.9354054242077128,0.0,0.03292428414659036,-0.5358911788760911,0.9488832836078265,0.0,0.0,-0.7082522368549349,-0.9808224075775521,1.0,-0.046234533886529754,-1.071920082775303
0.0,1.0,-0.9862649071659377,-0.9354054242077128,0.0,-1.4374158990074548,-0.3347395585893745,0.13168317996608064,0.0,0.0,0.5204220255401857,0.32718797001972766,0.0,-0.9600177309361233,-1.0807168612542235
0.0,1.0,0.8460376691802596,-0.9354054242077128,0.0,-1.4374158990074548,2.2802315051379414,1.7660833872495723,1.0,0.0,2.2951737378886934,2.3982044012154207,0.0,0.4926911090820773,0.2848721824879947
0.0,0.0,-0.9862649071659377,1.4302650679821156,1.0,0.03292428414659036,-0.9381944194495243,0.13168317996608064,0.0,1.0,-0.4352135118782414,0.8721922940185942,0.0,-1.2786164701373226,-0.5232613377431448
1.0,0.0,-0.0701136189928391,0.2474298218872014,1.0,-0.4571891102380914,0.06756368198405872,-0.2769168718547923,1.0,1.0,0.24738330056349225,1.7441992124167807,0.0,-0.2983126572105555,-0.3552520496762263
0.0,0.0,0.8460376691802596,0.2474298218872014,1.0,-0.4571891102380914,0.06756368198405872,0.5402832317869536,1.0,0.0,2.2951737378886934,0.9811931588183676,0.0,-1.2110093106251316,1.2961561179860235
1.0,0.0,-0.9862649071659377,0.2474298218872014,1.0,1.0131510729159539,0.06756368198405872,0.13168317996608064,0.0,1.0,-0.16217478690154793,0.32718797001972766,0.0,0.18292739640803926,-0.9091796809152803
0.0,1.0,1.7621889573533582,-0.9354054242077128,0.0,-0.4571891102380914,-0.7370427991628077,0.13168317996608064,0.0,0.0,-0.2986941493898947,-0.6538198131782321,0.0,-1.0041314025178278,0.06075121902091829
0.0,0.0,1.7621889573533582,0.2474298218872014,1.0,1.0131510729159539,2.2802315051379414,0.9488832836078265,1.0,1.0,1.6125769254469595,0.5451896996192743,0.0,0.8780519183015653,2.7063605160432584
1.0,0.0,-0.0701136189928391,0.2474298218872014,1.0,0.03292428414659036,0.8721701631309251,-1.094116975496538,1.0,0.0,0.11086393807514554,2.507205266015194,0.0,0.9232967096674158,-0.7091389082394288
1.0,0.0,-0.0701136189928391,2.61310031407703,1.0,0.03292428414659036,-0.5358911788760911,-0.2769168718547923,1.0,1.0,-0.7082522368549349,0.32718797001972766,0.0,-0.046234533886529754,0.21084570489968832
0.0,1.0,-0.9862649071659377,-0.9354054242077128,0.0,0.03292428414659036,-1.139346039736241,-0.6855169236756652,0.0,0.0,-1.3908490492966685,-1.9618301907755118,0.0,-0.2983126572105555,-1.5513445098764518
0.0,0.0,-0.9862649071659377,1.4302650679821156,0.0,-1.4374158990074548,-0.7370427991628077,-0.6855169236756652,0.0,0.0,-1.117810324319975,-1.1988241371770987,1.0,0.5839607744235349,-0.3193526197441761
0.0,0.0,-0.0701136189928391,-0.9354054242077128,1.0,-0.9473025046227731,0.4698669225574919,-0.6855169236756652,0.0,1.0,-0.2986941493898947,0.8721922940185942,0.0,1.1133248334039894,1.056020631275483
1.0,0.0,-0.9862649071659377,2.61310031407703,1.0,1.0131510729159539,2.2802315051379414,-0.6855169236756652,0.0,1.0,1.2030188379819193,1.4171966180174609,0.0,1.298182123841608,-0.022464410240128217
0.0,1.0,-0.0701136189928391,-0.9354054242077128,0.0,-2.9077560821615003,-0.3347395585893745,0.9488832836078265,1.0,0.0,-0.5717328743665882,-0.8718215427777788,0.0,0.14282405860648972,-0.4850031844303905
0.0,1.0,-0.0701136189928391,-0.9354054242077128,0.0,-0.9473025046227731,0.26871530227077534,-1.094116975496538,0.0,0.0,-0.2986941493898947,-0.9808224075775521,0.0,0.7604154607503532,-0.7146997547522914
1.0,0.0,-0.0701136189928391,0.2474298218872014,1.0,0.5230376785312721,-1.139346039736241,0.13168317996608064,0.0,1.0,0.6569413880285324,0.32718797001972766,0.0,-1.8552657718589503,1.0306637201110642
0.0,0.0,-0.9862649071659377,-0.9354054242077128,0.0,0.03292428414659036,-0.7370427991628077,1.3574833354286995,0.0,1.0,-0.8447715993432816,-0.5448189483784588,1.0,-0.2983126572105555,-0.8044980170161304
1.0,0.0,0.8460376691802596,0.2474298218872014,1.0,-0.4571891102380914,-0.1335879383026579,0.13168317996608064,1.0,1.0,0.383902663051839,2.3982044012154207,0.0,-0.6512220298641915,-0.8829547181144745
0.0,1.0,-0.0701136189928391,-0.9354054242077128,0.0,1.0131510729159539,-1.139346039736241,2.1746834390704453,0.0,0.0,-0.4352135118782414,-0.5448189483784588,0.0,-1.6707379953080295,0.9223035565386662
0.0,0.0,-0.0701136189928391,0.2474298218872014,1.0,-1.4374158990074548,0.06756368198405872,-0.6855169236756652,1.0,1.0,-0.4352135118782414,0.32718797001972766,0.0,0.6819911557162117,0.5970171629853528
0.0,0.0,-0.0701136189928391,1.4302650679821156,0.0,0.5230376785312721,0.4698669225574919,0.9488832836078265,0.0,0.0,-0.025655424413201202,-0.4358180835786855,1.0,0.5839607744235349,-0.1708156656845826
0.0,1.0,0.8460376691802596,-0.9354054242077128,0.0,0.5230376785312721,0.6710185428442086,-0.6855169236756652,1.0,0.0,-0.16217478690154793,-0.10881548917936558,0.0,1.1454075036452287,1.248450165762448
0.0,1.0,-0.9862649071659377,-0.9354054242077128,0.0,-0.4571891102380914,-1.139346039736241,-0.6855169236756652,0.0,0.0,-1.3908490492966685,-1.9618301907755118,0.0,-0.2983126572105555,-0.6129108603116568
0.0,0.0,-0.9862649071659377,0.2474298218872014,1.0,-2.4176426877768185,0.26871530227077534,-0.6855169236756652,0.0,1.0,-0.4352135118782414,0.0001853756204077356,0.0,1.0741126808869184,0.6035101125787418
1.0,0.0,1.7621889573533582,1.4302650679821156,1.0,0.5230376785312721,2.2802315051379414,1.3574833354286995,0.0,0.0,1.339538200470266,0.21818710521995435,0.0,0.9849941524390307,-0.017965076168079627
0.0,0.0,0.8460376691802596,1.4302650679821156,0.0,0.03292428414659036,0.6710185428442086,1.3574833354286995,0.0,1.0,0.11086393807514554,-0.4358180835786855,0.0,0.6518279614723113,-0.8872639211592354
0.0,0.0,-0.0701136189928391,1.4302650679821156,0.0,-0.4571891102380914,-0.7370427991628077,1.7660833872495723,1.0,0.0,-0.4352135118782414,-0.7628206779780055,0.0,-0.8864949449666158,-0.8905037783307794
0.0,1.0,-0.9862649071659377,-0.9354054242077128,0.0,-0.4571891102380914,-1.139346039736241,-0.6855169236756652,0.0,0.0,-1.3908490492966685,-0.6538198131782321,1.0,-0.2983126572105555,-1.747592562624883
0.0,0.0,-0.9862649071659377,1.4302650679821156,0.0,-0.4571891102380914,-0.3347395585893745,-0.6855169236756652,0.0,0.0,-0.8447715993432816,-1.1988241371770987,1.0,0.8780519183015653,-1.0919205642316476
0.0,0.0,-0.9862649071659377,2.61310031407703,1.0,0.03292428414659036,-0.3347395585893745,-0.2769168718547923,0.0,1.0,1.2030188379819193,0.32718797001972766,0.0,-1.2225991093986501,-1.0971940655592072
0.0,0.0,0.8460376691802596,1.4302650679821156,1.0,-0.9473025046227731,-0.7370427991628077,0.5402832317869536,0.0,1.0,-0.2986941493898947,-0.10881548917936558,0.0,-1.0041314025178278,0.17302553006085145
0.0,1.0,-0.0701136189928391,-0.9354054242077128,0.0,0.5230376785312721,-0.5358911788760911,-1.094116975496538,1.0,0.0,-0.8447715993432816,-1.307825001976872,0.0,0.2898696305455047,-0.8201786246218884
0.0,0.0,-0.0701136189928391,1.4302650679821156,0.0,-1.4374158990074548,-0.3347395585893745,-0.2769168718547923,1.0,1.0,-0.16217478690154793,-0.4358180835786855,0.0,-0.45872600841675376,-0.6449826276628968
0.0,0.0,1.7621889573533582,0.2474298218872014,1.0,-0.4571891102380914,1.4756250239910749,-0.6855169236756652,0.0,1.0,0.383902663051839,0.6541905644190477,0.0,1.2309612909552012,0.27050478565204567
0.0,1.0,0.8460376691802596,-0.9354054242077128,0.0,-0.4571891102380914,2.2802315051379414,2.3789834649808816,0.0,0.0,1.2030188379819193,0.32718797001972766,0.0,0.9620779594095735,-0.45839329855976313
0.0,0.0,-0.0701136189928391,0.2474298218872014,1.0,-2.4176426877768185,0.6710185428442086,-0.6855169236756652,1.0,1.0,-0.16217478690154793,0.8721922940185942,0.0,1.1454075036452287,-1.0525395126074055
0.0,0.0,-0.0701136189928391,-0.9354054242077128,0.0,1.5032644673006357,-0.5358911788760911,2.1746834390704453,1.0,1.0,-0.7082522368549349,-0.5448189483784588,0.0,-0.046234533886529754,-0.920114369366102
0.0,0.0,-0.0701136189928391,1.4302650679821156,0.0,0.5230376785312721,0.6710185428442086,-0.6855169236756652,1.0,0.0,-0.16217478690154793,-0.8718215427777788,0.0,1.1454075036452287,0.6891390017619121
1.0,0.0,-0.9862649071659377,0.2474298218872014,1.0,0.03292428414659036,-0.1335879383026579,-1.094116975496538,0.0,1.0,-0.5717328743665882,0.10918624042018105,0.0,0.5839607744235349,-0.8450772921680979
0.0,0.0,-0.9862649071659377,0.2474298218872014,0.0,-1.4374158990074548,-1.139346039736241,-0.6855169236756652,0.0,1.0,-1.3908490492966685,-1.4168258667766453,1.0,-0.2983126572105555,-0.9118187144589563
1.0,1.0,-0.0701136189928391,-0.9354054242077128,0.0,1.0131510729159539,-0.1335879383026579,-0.6855169236756652,1.0,0.0,-0.7082522368549349,-1.307825001976872,0.0,0.9620779594095735,-0.4936396068156929
0.0,0.0,-0.0701136189928391,0.2474298218872014,0.0,0.5230376785312721,0.06756368198405872,0.13168317996608064,0.0,1.0,-0.16217478690154793,-0.7628206779780055,0.0,0.18292739640803926,-0.8535132100255866
0.0,1.0,-0.0701136189928391,-0.9354054242077128,0.0,-0.4571891102380914,0.6710185428442086,-0.6855169236756652,0.0,0.0,-0.16217478690154793,-0.2178163539791389,0.0,1.1454075036452287,1.6248115363494384
0.0,1.0,-0.0701136189928391,-0.9354054242077128,0.0,0.5230376785312721,0.4698669225574919,0.5402832317869536,1.0,0.0,0.11086393807514554,1.9622009420163273,0.0,0.38035921327720634,-0.7338144007688643
0.0,0.0,0.8460376691802596,0.2474298218872014,0.0,-0.9473025046227731,0.4698669225574919,-0.6855169236756652,1.0,1.0,-0.2986941493898947,-0.2178163539791389,0.0,1.1133248334039894,0.8737939375238536
1.0,1.0,-0.9862649071659377,-0.9354054242077128,0.0,0.5230376785312721,-1.139346039736241,-0.6855169236756652,1.0,0.0,-1.3908490492966685,-0.4358180835786855,1.0,-0.2983126572105555,0.2357526407834988
1.0,1.0,-0.0701136189928391,-0.9354054242077128,0.0,0.03292428414659036,-1.3404976600229574,-0.2769168718547923,0.0,0.0,0.383902663051839,-0.4358180835786855,0.0,-2.062859520478736,-0.43972051228993303
0.0,0.0,0.8460376691802596,-0.9354054242077128,0.0,0.03292428414659036,1.2744734037043584,2.3789834649808816,1.0,1.0,0.5204220255401857,-0.2178163539791389,0.0,0.8045291323320576,1.3825203418390477
0.0,1.0,-0.9862649071659377,-0.9354054242077128,0.0,0.5230376785312721,0.26871530227077534,2.3789834649808816,0.0,0.0,-0.16217478690154793,-0.5448189483784588,0.0,0.5037540988204359,0.6847965794650523
1.0,0.0,0.8460376691802596,0.2474298218872014,1.0,0.5230376785312721,-0.1335879383026579,-0.2769168718547923,0.0,0.0,1.7490962879353062,2.289203536415647,0.0,-1.2158770261100096,1.135263759530232
0.0,0.0,-0.9862649071659377,0.2474298218872014,0.0,1.0131510729159539,-0.9381944194495243,-1.094116975496538,1.0,0.0,-1.117810324319975,-0.3268172187789122,1.0,-0.2983126572105555,-0.3064534972529462
0.0,0.0,-0.9862649071659377,0.2474298218872014,1.0,-0.9473025046227731,-0.5358911788760911,-0.2769168718547923,0.0,1.0,-0.5717328743665882,1.3081957532176876,0.0,-0.2983126572105555,0.2906157004768765
1.0,0.0,1.7621889573533582,0.2474298218872014,1.0,1.5032644673006357,1.0733217834176418,0.13168317996608064,0.0,1.0,1.4760575629586128,1.4171966180174609,0.0,-0.22159322837280854,2.5984720751788735
0.0,0.0,-0.0701136189928391,2.61310031407703,0.0,1.0131510729159539,0.6710185428442086,-0.6855169236756652,1.0,0.0,-0.16217478690154793,-0.7628206779780055,0.0,1.1454075036452287,-0.33982903671554554
0.0,0.0,-0.0701136189928391,2.61310031407703,1.0,2.4834912560699993,-0.1335879383026579,-1.094116975496538,0.0,1.0,-0.5717328743665882,0.5451896996192743,0.0,0.5839607744235349,-1.1451349375888302
1.0,0.0,1.7621889573533582,2.61310031407703,1.0,-0.4571891102380914,-0.7370427991628077,0.5402832317869536,0.0,1.0,2.1586543754003467,1.7441992124167807,0.0,-1.6847423354926976,2.2049979562246746
0.0,0.0,-0.0701136189928391,0.2474298218872014,0.0,-0.4571891102380914,0.06756368198405872,0.13168317996608064,0.0,1.0,-0.2986941493898947,-0.8718215427777788,0.0,0.4075060880967167,0.8186783043156599
0.0,0.0,-0.9862649071659377,2.61310031407703,0.0,-0.9473025046227731,-0.3347395585893745,-0.6855169236756652,0.0,0.0,-0.8447715993432816,-1.0898232723773253,1.0,0.8780519183015653,-0.6436729513890875
1.0,0.0,-0.0701136189928391,-0.9354054242077128,0.0,1.5032644673006357,0.6710185428442086,-0.6855169236756652,1.0,1.0,-0.16217478690154793,-0.2178163539791389,0.0,1.1454075036452287,-0.7157190395806117
0.0,1.0,-0.9862649071659377,-0.9354054242077128,0.0,0.5230376785312721,-1.139346039736241,-0.6855169236756652,0.0,0.0,-1.3908490492966685,-1.9618301907755118,0.0,-0.2983126572105555,-1.1321465606530379
0.0,0.0,0.8460376691802596,0.2474298218872014,1.0,0.5230376785312721,0.8721701631309251,0.5402832317869536,0.0,1.0,0.383902663051839,0.32718797001972766,0.0,0.5251425456479287,1.0482689510483303
0.0,0.0,-0.0701136189928391,0.2474298218872014,0.0,1.9933778616853173,-0.3347395585893745,-0.6855169236756652,1.0,0.0,-0.8447715993432816,-0.2178163539791389,0.0,0.8780519183015653,-0.8127759768630578
1.0,0.0,-0.0701136189928391,0.2474298218872014,1.0,0.03292428414659036,-0.5358911788760911,2.1746834390704453,0.0,0.0,0.6569413880285324,0.9811931588183676,0.0,-1.2324845259995925,0.5196782465307966
0.0,0.0,-0.0701136189928391,0.2474298218872014,1.0,-0.9473025046227731,-0.3347395585893745,-0.2769168718547923,0.0,0.0,1.0664994754935726,0.5451896996192743,0.0,-1.180586088844646,1.1484385830932273
0.0,0.0,-0.0701136189928391,1.4302650679821156,1.0,0.5230376785312721,0.6710185428442086,-0.6855169236756652,0.0,0.0,-0.16217478690154793,0.8721922940185942,0.0,1.1454075036452287,-0.6035797083343128
0.0,1.0,-0.9862649071659377,-0.9354054242077128,0.0,-0.4571891102380914,-0.9381944194495243,-0.6855169236756652,1.0,0.0,-1.2543296868083218,-0.8718215427777788,1.0,0.2898696305455047,0.13707112366086568
0.0,0.0,-0.9862649071659377,1.4302650679821156,0.0,0.03292428414659036,-0.5358911788760911,0.9488832836078265,0.0,0.0,-0.16217478690154793,-0.3268172187789122,1.0,-0.7795527108291502,-0.2226717620722515
1.0,1.0,1.7621889573533582,-0.9354054242077128,0.0,1.0131510729159539,0.06756368198405872,1.7660833872495723,0.0,0.0,1.885615650423653,1.3081957532176876,0.0,-1.1127189017958699,2.4258128314443534
1.0,0.0,-0.0701136189928391,0.2474298218872014,0.0,1.9933778616853173,-0.3347395585893745,-0.6855169236756652,1.0,0.0,-0.8447715993432816,-1.4168258667766453,0.0,0.8780519183015653,-1.1039467887103958
0.0,1.0,-0.9862649071659377,-0.9354054242077128,0.0,0.5230376785312721,-0.9381944194495243,0.9488832836078265,0.0,0.0,-0.9812909618316283,-1.634827596376192,0.0,-0.6512220298641915,0.5695587813911985
0.0,0.0,-0.9862649071659377,1.4302650679821156,0.0,-0.4571891102380914,-1.139346039736241,-0.6855169236756652,0.0,0.0,-1.3908490492966685,-0.7628206779780055,1.0,-0.2983126572105555,-1.7361666430818374
0.0,1.0,-0.0701136189928391,-0.9354054242077128,0.0,1.0131510729159539,2.2802315051379414,-0.6855169236756652,0.0,0.0,1.2030188379819193,0.7631914292188209,0.0,1.298182123841608,1.135254829774328
0.0,0.0,-0.9862649071659377,0.2474298218872014,0.0,0.5230376785312721,-1.139346039736241,-0.6855169236756652,0.0,0.0,-1.3908490492966685,-0.7628206779780055,1.0,-0.2983126572105555,-0.4869343139271125
0.0,1.0,0.8460376691802596,-0.9354054242077128,0.0,1.5032644673006357,0.4698669225574919,-0.6855169236756652,1.0,0.0,-0.2986941493898947,-1.0898232723773253,0.0,1.1133248334039894,0.732732371897248
0.0,0.0,-0.0701136189928391,0.2474298218872014,0.0,-0.4571891102380914,0.6710185428442086,-0.6855169236756652,1.0,1.0,-0.16217478690154793,-0.7628206779780055,0.0,1.1454075036452287,-0.15065026065654036
0.0,1.0,-0.0701136189928391,-0.9354054242077128,0.0,-0.9473025046227731,-0.5358911788760911,-0.6855169236756652,0.0,0.0,-0.9812909618316283,-1.4168258667766453,0.0,0.7604154607503532,-1.109580537600575
1.0,0.0,-0.0701136189928391,0.2474298218872014,0.0,-0.4571891102380914,0.4698669225574919,-1.094116975496538,0.0,1.0,-0.16217478690154793,-0.4358180835786855,0.0,0.8245808012328325,-1.010860341888504
0.0,1.0,-0.9862649071659377,-0.9354054242077128,0.0,0.03292428414659036,0.26871530227077534,-1.094116975496538,0.0,0.0,-0.2986941493898947,0.6541905644190477,0.0,0.7604154607503532,-0.6962976417254124
0.0,0.0,-0.0701136189928391,0.2474298218872014,0.0,-0.9473025046227731,-0.7370427991628077,0.9488832836078265,1.0,1.0,-0.7082522368549349,-0.3268172187789122,0.0,-0.5503907805345813,-0.18272840094480636
1.0,1.0,-0.0701136189928391,-0.9354054242077128,0.0,0.03292428414659036,0.4698669225574919,0.5402832317869536,1.0,0.0,0.383902663051839,0.9811931588183676,0.0,0.05459671544308061,-0.482124376968623
1.0,0.0,2.678340245526457,-0.9354054242077128,1.0,-2.4176426877768185,0.26871530227077534,0.13168317996608064,0.0,1.0,2.2951737378886934,1.4171966180174609,0.0,-1.0893164235031882,0.3715630239357983
0.0,0.0,0.8460376691802596,-0.9354054242077128,1.0,-1.4374158990074548,1.4756250239910749,0.9488832836078265,1.0,1.0,0.7934607505168791,0.0001853756204077356,0.0,0.6819911557162117,1.5071315791126965
0.0,1.0,-0.0701136189928391,-0.9354054242077128,0.0,-0.9473025046227731,0.6710185428442086,-0.6855169236756652,1.0,0.0,-0.16217478690154793,-0.8718215427777788,0.0,1.1454075036452287,-0.9830368753161622
0.0,0.0,-0.0701136189928391,0.2474298218872014,1.0,-0.9473025046227731,-1.139346039736241,1.7660833872495723,1.0,1.0,-0.025655424413201202,0.7631914292188209,0.0,-1.768768376600706,-0.8950276186278425
0.0,1.0,-0.9862649071659377,-0.9354054242077128,0.0,0.03292428414659036,-0.3347395585893745,-0.6855169236756652,0.0,0.0,-0.7082522368549349,0.7631914292188209,0.0,0.4579217127615221,0.14998899840862237
0.0,0.0,-0.9862649071659377,1.4302650679821156,0.0,0.5230376785312721,-1.139346039736241,-0.6855169236756652,0.0,1.0,-1.3908490492966685,-0.2178163539791389,0.0,-0.2983126572105555,-1.729039435150639
0.0,0.0,0.8460376691802596,0.2474298218872014,1.0,-0.9473025046227731,-0.3347395585893745,1.7660833872495723,0.0,0.0,2.3634334191328668,1.853200077216554,0.0,-1.5438751489292712,1.2435626834228974
0.0,0.0,0.8460376691802596,0.2474298218872014,1.0,-1.9275292933921366,-1.3404976600229574,0.13168317996608064,1.0,1.0,0.5204220255401857,1.1991948884179142,0.0,-2.062859520478736,-0.7835115709276882
0.0,0.0,-0.0701136189928391,0.2474298218872014,0.0,-0.4571891102380914,-0.5358911788760911,-0.6855169236756652,0.0,1.0,-0.9812909618316283,-0.6538198131782321,0.0,0.7604154607503532,-1.2367295306991046
0.0,0.0,-0.0701136189928391,0.2474298218872014,0.0,-0.4571891102380914,0.06756368198405872,0.13168317996608064,0.0,1.0,0.11086393807514554,-0.5448189483784588,0.0,-0.1625782831130032,2.3103667089321775
0.0,0.0,-0.0701136189928391,-0.9354054242077128,1.0,0.03292428414659036,2.2802315051379414,-0.6855169236756652,1.0,1.0,1.2030188379819193,0.5451896996192743,0.0,1.298182123841608,-0.837862727601317
0.0,0.0,-0.9862649071659377,0.2474298218872014,0.0,0.03292428414659036,-0.9381944194495243,-0.6855169236756652,0.0,1.0,-1.2543296868083218,-0.6538198131782321,1.0,0.2898696305455047,-0.5599475753021499
0.0,1.0,-0.9862649071659377,-0.9354054242077128,0.0,-0.4571891102380914,2.079079884851225,-0.6855169236756652,0.0,0.0,0.9299801130052259,-0.10881548917936558,0.0,1.094750655895903,-0.4429504215325119
0.0,1.0,-0.0701136189928391,-0.9354054242077128,0.0,-0.9473025046227731,0.06756368198405872,1.7660833872495723,0.0,0.0,0.9299801130052259,0.21818710521995435,0.0,-0.7626670949127083,0.7546838173021153
0.0,1.0,-0.9862649071659377,-0.9354054242077128,0.0,-2.4176426877768185,0.4698669225574919,1.3574833354286995,0.0,0.0,-0.025655424413201202,-0.8718215427777788,1.0,0.5839607744235349,-0.7799050690177087
0.0,1.0,-0.9862649071659377,-0.9354054242077128,0.0,1.5032644673006357,-0.5358911788760911,-1.094116975496538,1.0,0.0,-0.8447715993432816,-1.1988241371770987,1.0,0.2898696305455047,0.3604600525318814
1.0,1.0,-0.0701136189928391,-0.9354054242077128,0.0,-0.9473025046227731,-0.3347395585893745,2.1746834390704453,1.0,0.0,-0.2986941493898947,-0.3268172187789122,0.0,-0.2983126572105555,-0.6745932186982194
0.0,0.0,1.7621889573533582,0.2474298218872014,1.0,-0.9473025046227731,2.2802315051379414,-0.2769168718547923,1.0,0.0,1.885615650423653,0.9811931588183676,0.0,0.5160935873747586,2.5829830533960814
0.0,0.0,-0.9862649071659377,0.2474298218872014,1.0,-0.9473025046227731,-0.1335879383026579,0.5402832317869536,0.0,1.0,-0.2986941493898947,0.10918624042018105,0.0,0.05459671544308061,-0.6848618297028162
0.0,0.0,1.7621889573533582,1.4302650679821156,1.0,1.5032644673006357,0.06756368198405872,-0.2769168718547923,0.0,0.0,2.3634334191328668,1.9622009420163273,0.0,-1.2908702677989072,-0.23940418115402226
0.0,1.0,0.8460376691802596,-0.9354054242077128,0.0,0.03292428414659036,0.26871530227077534,-1.094116975496538,1.0,0.0,-0.2986941493898947,0.21818710521995435,0.0,0.7604154607503532,0.38480792723220864
0.0,0.0,0.8460376691802596,0.2474298218872014,1.0,-0.4571891102380914,-1.139346039736241,0.13168317996608064,1.0,0.0,1.2030188379819193,0.32718797001972766,0.0,-1.894807438262719,1.639967980562824
0.0,0.0,-0.9862649071659377,0.2474298218872014,0.0,1.0131510729159539,-0.5358911788760911,1.3574833354286995,1.0,1.0,-0.7082522368549349,-0.3268172187789122,1.0,-0.046234533886529754,-0.4365829703816933
0.0,0.0,-0.9862649071659377,-0.9354054242077128,0.0,0.03292428414659036,-0.9381944194495243,0.9488832836078265,0.0,1.0,-0.7082522368549349,-0.8718215427777788,1.0,-1.054547027182633,-0.6181843616392164
0.0,0.0,-0.9862649071659377,0.2474298218872014,1.0,0.5230376785312721,0.6710185428442086,2.1746834390704453,0.0,1.0,0.383902663051839,2.071201806816101,0.0,0.2898696305455047,-0.7983402720808861
0.0,0.0,-0.9862649071659377,0.2474298218872014,0.0,-0.9473025046227731,-0.9381944194495243,-1.094116975496538,1.0,1.0,-1.117810324319975,-0.5448189483784588,1.0,-0.2983126572105555,-0.3953753038909234
0.0,0.0,0.8460376691802596,-0.9354054242077128,1.0,0.5230376785312721,-0.5358911788760911,0.13168317996608064,0.0,1.0,-0.025655424413201202,1.7441992124167807,0.0,-0.8864949449666158,-0.2063474825797886
1.0,0.0,-0.9862649071659377,1.4302650679821156,0.0,-0.4571891102380914,-1.3404976600229574,-0.6855169236756652,0.0,1.0,-1.3908490492966685,-1.5258267315764187,0.0,-2.062859520478736,-1.4475425238251938
1.0,0.0,0.8460376691802596,0.2474298218872014,0.0,0.03292428414659036,1.2744734037043584,0.5402832317869536,1.0,1.0,0.6569413880285324,-0.2178163539791389,0.0,0.6358592115784812,1.411719674665546
0.0,1.0,-0.0701136189928391,-0.9354054242077128,0.0,0.03292428414659036,-0.9381944194495243,-0.2769168718547923,0.0,0.0,1.0664994754935726,1.1991948884179142,0.0,-1.7099501478251002,-1.252176375851344
0.0,1.0,-0.0701136189928391,-0.9354054242077128,0.0,-0.4571891102380914,-0.9381944194495243,2.1746834390704453,1.0,0.0,-0.5717328743665882,-1.1988241371770987,0.0,-1.180586088844646,-0.8123647186542338
0.0,0.0,-0.9862649071659377,0.2474298218872014,0.0,-0.9473025046227731,-0.7370427991628077,0.5402832317869536,0.0,1.0,-0.8447715993432816,-0.2178163539791389,0.0,-0.2983126572105555,-0.9275631061893755
1.0,0.0,-0.0701136189928391,1.4302650679821156,0.0,1.5032644673006357,0.6710185428442086,-0.6855169236756652,0.0,1.0,-0.16217478690154793,-0.2178163539791389,0.0,1.1454075036452287,-0.7041090824153643
0.0,1.0,-0.9862649071659377,-0.9354054242077128,0.0,-0.4571891102380914,-1.3404976600229574,0.13168317996608064,0.0,0.0,-0.4352135118782414,0.10918624042018105,0.0,-2.062859520478736,-0.5540234288205755
0.0,1.0,1.7621889573533582,-0.9354054242077128,0.0,-0.4571891102380914,0.6710185428442086,0.13168317996608064,1.0,0.0,2.3634334191328668,1.9622009420163273,0.0,-1.1341506450744308,-0.06569778681773697
1.0,0.0,-0.0701136189928391,0.2474298218872014,1.0,0.5230376785312721,-0.7370427991628077,0.5402832317869536,1.0,1.0,0.7934607505168791,0.0001853756204077356,0.0,-1.4746772327226763,1.0929945628270055
0.0,1.0,-0.9862649071659377,-0.9354054242077128,0.0,0.03292428414659036,-1.139346039736241,-0.6855169236756652,1.0,0.0,-1.3908490492966685,-0.7628206779780055,1.0,-0.2983126572105555,-1.683657087865517
0.0,0.0,1.7621889573533582,0.2474298218872014,1.0,-0.9473025046227731,2.2802315051379414,-0.2769168718547923,1.0,1.0,2.3634334191328668,1.5261974828172342,0.0,0.2898696305455047,-0.15320775634210898
0.0,0.0,0.8460376691802596,0.2474298218872014,0.0,-0.4571891102380914,0.6710185428442086,-0.6855169236756652,0.0,1.0,-0.16217478690154793,-0.6538198131782321,0.0,1.1454075036452287,0.6350049934927432
0.0,0.0,1.7621889573533582,0.2474298218872014,1.0,-0.4571891102380914,-1.139346039736241,0.13168317996608064,1.0,0.0,2.3634334191328668,2.180202671615874,0.0,-1.9559172863412708,-0.5160095049952335
1.0,0.0,-0.0701136189928391,0.2474298218872014,0.0,0.03292428414659036,-0.1335879383026579,-0.6855169236756652,0.0,1.0,-0.7082522368549349,-0.5448189483784588,0.0,0.9620779594095735,2.7006058071715824
1.0,0.0,-0.9862649071659377,0.2474298218872014,1.0,-0.4571891102380914,-1.139346039736241,0.13168317996608064,0.0,1.0,-0.7082522368549349,0.436188834819501,0.0,-1.5587032738306847,1.3366378647530364
1.0,0.0,-0.9862649071659377,0.2474298218872014,1.0,1.5032644673006357,-1.139346039736241,-0.6855169236756652,0.0,1.0,-1.3908490492966685,0.10918624042018105,0.0,-0.2983126572105555,-1.3586950611881004
0.0,1.0,-0.9862649071659377,-0.9354054242077128,0.0,1.0131510729159539,-0.5358911788760911,-0.2769168718547923,0.0,0.0,-0.7082522368549349,-1.0898232723773253,1.0,-0.046234533886529754,-0.5883011874497125
0.0,0.0,0.8460376691802596,0.2474298218872014,1.0,-0.4571891102380914,0.4698669225574919,-0.6855169236756652,1.0,0.0,-0.2986941493898947,0.0001853756204077356,0.0,1.1133248334039894,0.7771482584502315
1.0,0.0,-0.0701136189928391,0.2474298218872014,1.0,-1.4374158990074548,-0.5358911788760911,0.9488832836078265,1.0,0.0,-0.2986941493898947,0.7631914292188209,0.0,-0.6512220298641915,-0.6129044873746308
0.0,0.0,0.8460376691802596,0.2474298218872014,0.0,-0.9473025046227731,0.6710185428442086,-0.6855169236756652,0.0,0.0,-0.16217478690154793,-0.8718215427777788,0.0,1.1454075036452287,1.0397993003930448
0.0,1.0,-0.0701136189928391,-0.9354054242077128,0.0,-0.9473025046227731,1.6767766442777916,-1.094116975496538,1.0,0.0,0.6569413880285324,-0.2178163539791389,0.0,1.0510467088180533,-1.0825613618515517
0.0,0.0,-0.9862649071659377,0.2474298218872014,0.0,-0.4571891102380914,0.6710185428442086,-0.6855169236756652,0.0,1.0,-0.16217478690154793,-0.7628206779780055,1.0,1.1454075036452287,-0.3404466250544143
1.0,0.0,0.8460376691802596,0.2474298218872014,1.0,1.9933778616853173,-0.3347395585893745,0.13168317996608064,0.0,1.0,-0.16217478690154793,0.10918624042018105,0.0,-0.45872600841675376,0.1716579903194955
0.0,0.0,-0.0701136189928391,-0.9354054242077128,0.0,-1.4374158990074548,-0.1335879383026579,-0.6855169236756652,1.0,1.0,-0.7082522368549349,-0.3268172187789122,0.0,0.9620779594095735,-0.5059773530804106
0.0,0.0,2.678340245526457,-0.9354054242077128,1.0,1.0131510729159539,-1.139346039736241,1.3574833354286995,1.0,1.0,1.339538200470266,0.5451896996192743,0.0,-1.9024461692725383,0.17760644663259972
0.0,1.0,0.8460376691802596,-0.9354054242077128,0.0,1.5032644673006357,0.6710185428442086,-0.6855169236756652,0.0,0.0,-0.025655424413201202,1.1991948884179142,0.0,0.8780519183015653,0.22708787612455117
0.0,1.0,-0.0701136189928391,-0.9354054242077128,0.0,0.03292428414659036,2.2802315051379414,-0.6855169236756652,0.0,0.0,1.2030188379819193,0.21818710521995435,0.0,1.298182123841608,-1.1337877886564083
1.0,0.0,-0.0701136189928391,1.4302650679821156,1.0,0.5230376785312721,0.06756368198405872,-0.6855169236756652,0.0,0.0,-0.5717328743665882,1.3081957532176876,0.0,1.02509749024058,-0.19995645535947013
1.0,1.0,0.8460376691802596,-0.9354054242077128,0.0,1.5032644673006357,-1.139346039736241,0.13168317996608064,1.0,0.0,0.6569413880285324,0.436188834819501,0.0,-1.8552657718589503,-0.6033537359409608
1.0,0.0,-0.0701136189928391,-0.9354054242077128,0.0,0.5230376785312721,0.8721701631309251,-1.094116975496538,0.0,1.0,0.11086393807514554,-0.7628206779780055,0.0,0.9232967096674158,1.4111392535823897
0.0,0.0,-0.9862649071659377,0.2474298218872014,1.0,0.03292428414659036,-0.5358911788760911,2.3789834649808816,0.0,0.0,-0.7082522368549349,0.32718797001972766,0.0,-0.046234533886529754,0.25897469251151894
0.0,1.0,-0.9862649071659377,-0.9354054242077128,0.0,-0.4571891102380914,-1.139346039736241,-0.6855169236756652,1.0,0.0,-1.3908490492966685,-0.6538198131782321,1.0,-0.2983126572105555,-1.3821904751172533
0.0,1.0,-0.0701136189928391,-0.9354054242077128,0.0,-0.4571891102380914,-0.9381944194495243,0.5402832317869536,0.0,0.0,-0.16217478690154793,0.7631914292188209,0.0,-1.4212061156539433,1.167769054070567
0.0,0.0,-0.9862649071659377,2.61310031407703,0.0,0.03292428414659036,-0.5358911788760911,1.3574833354286995,0.0,0.0,-0.4352135118782414,-0.8718215427777788,1.0,-0.494373419795909,-0.6285624474377272
0.0,0.0,-0.0701136189928391,0.2474298218872014,1.0,0.03292428414659036,0.26871530227077534,-0.2769168718547923,0.0,1.0,-0.16217478690154793,0.10918624042018105,0.0,0.5037540988204359,-0.7788474458446653
0.0,0.0,-0.0701136189928391,0.2474298218872014,1.0,0.03292428414659036,0.4698669225574919,-1.094116975496538,1.0,0.0,-0.16217478690154793,0.436188834819501,0.0,0.8245808012328325,-1.168514327495752
0.0,0.0,-0.0701136189928391,0.2474298218872014,0.0,-2.4176426877768185,0.4698669225574919,-0.6855169236756652,1.0,0.0,-0.2986941493898947,-0.4358180835786855,0.0,1.1133248334039894,-1.195657369278131
1.0,0.0,2.678340245526457,0.2474298218872014,1.0,0.5230376785312721,2.2802315051379414,-1.094116975496538,0.0,0.0,1.6125769254469595,0.7631914292188209,0.0,1.1721430621795952,0.5273241398845694
0.0,0.0,0.8460376691802596,0.2474298218872014,1.0,-2.4176426877768185,0.26871530227077534,2.3789834649808816,0.0,1.0,-0.16217478690154793,-0.10881548917936558,0.0,0.5037540988204359,-0.775598946318606
0.0,1.0,-0.0701136189928391,-0.9354054242077128,0.0,1.5032644673006357,-0.1335879383026579,-0.6855169236756652,1.0,0.0,-0.7082522368549349,-0.3268172187789122,0.0,0.9620779594095735,-0.2756727561390132
0.0,1.0,2.678340245526457,-0.9354054242077128,0.0,-0.9473025046227731,-0.9381944194495243,0.13168317996608064,1.0,0.0,1.4760575629586128,0.9811931588183676,0.0,-1.7559818051277483,0.28434209127975013
0.0,1.0,-0.9862649071659377,-0.9354054242077128,0.0,1.5032644673006357,-1.3404976600229574,-0.2769168718547923,0.0,0.0,-0.7082522368549349,0.7631914292188209,0.0,-2.062859520478736,-0.8431870849484232
0.0,0.0,-0.0701136189928391,0.2474298218872014,0.0,1.0131510729159539,1.4756250239910749,-0.6855169236756652,0.0,1.0,0.5204220255401857,-0.2178163539791389,0.0,1.02509749024058,-1.2869742992441044
1.0,0.0,-0.9862649071659377,0.2474298218872014,0.0,-0.4571891102380914,-1.139346039736241,-0.6855169236756652,0.0,1.0,-1.3908490492966685,-0.8718215427777788,1.0,-0.2983126572105555,-0.8159338290387267
0.0,1.0,-0.0701136189928391,-0.9354054242077128,0.0,0.03292428414659036,0.4698669225574919,-1.094116975496538,0.0,0.0,-0.16217478690154793,0.10918624042018105,0.0,0.8245808012328325,0.02816026202359811
0.0,0.0,-0.0701136189928391,1.4302650679821156,1.0,0.03292428414659036,-0.5358911788760911,-0.6855169236756652,0.0,0.0,-0.8447715993432816,1.7441992124167807,0.0,0.2898696305455047,-1.1188434355362396
0.0,0.0,2.678340245526457,1.4302650679821156,1.0,-2.4176426877768185,0.6710185428442086,0.13168317996608064,0.0,0.0,2.2951737378886934,1.4171966180174609,0.0,-0.8459306492593012,0.5441967807228055
0.0,0.0,-0.9862649071659377,0.2474298218872014,1.0,0.5230376785312721,-0.3347395585893745,0.9488832836078265,1.0,1.0,-0.16217478690154793,0.0001853756204077356,0.0,-0.45872600841675376,0.3680509384643913
0.0,1.0,-0.0701136189928391,-0.9354054242077128,0.0,-1.4374158990074548,0.6710185428442086,-0.6855169236756652,0.0,0.0,-0.16217478690154793,0.0001853756204077356,0.0,1.1454075036452287,-1.2113566956474948
0.0,0.0,-0.0701136189928391,0.2474298218872014,1.0,1.0131510729159539,-0.9381944194495243,2.3789834649808816,0.0,0.0,-0.16217478690154793,0.10918624042018105,0.0,-1.4212061156539433,-0.68292773774151
0.0,0.0,-0.9862649071659377,0.2474298218872014,0.0,-0.9473025046227731,-1.139346039736241,-0.6855169236756652,0.0,0.0,-1.3908490492966685,-0.9808224075775521,1.0,-0.2983126572105555,-1.4821596624710531
0.0,0.0,0.8460376691802596,0.2474298218872014,1.0,0.03292428414659036,-0.7370427991628077,0.13168317996608064,0.0,1.0,1.6125769254469595,1.9622009420163273,0.0,-1.6217228046616912,1.4285892036454078
0.0,0.0,0.8460376691802596,0.2474298218872014,1.0,-0.9473025046227731,2.2802315051379414,-1.094116975496538,0.0,1.0,1.2030188379819193,0.10918624042018105,0.0,1.1301300416255908,0.4812897427249807
1.0,1.0,2.678340245526457,-0.9354054242077128,0.0,-1.9275292933921366,2.2802315051379414,-0.2769168718547923,1.0,0.0,2.022135012912,0.8721922940185942,0.0,1.0741126808869184,0.2639562461064592
0.0,0.0,-0.9862649071659377,-0.9354054242077128,0.0,0.03292428414659036,-1.139346039736241,-1.094116975496538,0.0,1.0,-1.2543296868083218,-0.6538198131782321,1.0,-0.8864949449666158,-0.8686075600766995
0.0,0.0,-0.9862649071659377,1.4302650679821156,1.0,1.0131510729159539,-0.3347395585893745,-0.6855169236756652,0.0,0.0,-0.7082522368549349,0.6541905644190477,0.0,0.4579217127615221,-0.5311715897344842
0.0,0.0,1.7621889573533582,0.2474298218872014,1.0,-2.4176426877768185,2.2802315051379414,-0.2769168718547923,0.0,0.0,1.4760575629586128,0.32718797001972766,0.0,0.8524787753556494,-0.06768664976147272
0.0,1.0,-0.0701136189928391,-0.9354054242077128,0.0,-0.4571891102380914,-0.3347395585893745,-1.094116975496538,1.0,0.0,-0.7082522368549349,-0.7628206779780055,0.0,0.4579217127615221,-0.1510615188653644
0.0,0.0,-0.0701136189928391,0.2474298218872014,0.0,-0.4571891102380914,-0.3347395585893745,-0.6855169236756652,1.0,1.0,-0.8447715993432816,-0.9808224075775521,0.0,0.8780519183015653,-0.9131229798160952
1.0,1.0,-0.9862649071659377,-0.9354054242077128,0.0,1.0131510729159539,-1.3404976600229574,-0.6855169236756652,1.0,0.0,-1.5273684117850153,-2.0708310555752854,0.0,-2.062859520478736,-1.1544638971419463
0.0,1.0,-0.9862649071659377,-0.9354054242077128,0.0,-1.4374158990074548,-1.3404976600229574,-0.2769168718547923,0.0,0.0,-0.8447715993432816,-0.9808224075775521,1.0,-2.062859520478736,0.20977054160336422
1.0,0.0,-0.0701136189928391,-0.9354054242077128,1.0,-0.4571891102380914,-1.139346039736241,0.5402832317869536,1.0,1.0,0.11086393807514554,0.21818710521995435,0.0,-1.7913907722836317,-0.7017362604805982
0.0,0.0,-0.0701136189928391,1.4302650679821156,0.0,1.0131510729159539,0.06756368198405872,-0.6855169236756652,0.0,0.0,-0.5717328743665882,-1.307825001976872,0.0,1.02509749024058,-0.8237378463205908
0.0,0.0,-0.0701136189928391,0.2474298218872014,0.0,-1.9275292933921366,-0.9381944194495243,-0.2769168718547923,1.0,1.0,-0.4352135118782414,-0.4358180835786855,0.0,-1.2786164701373226,-0.22714428749779042
1.0,1.0,-0.0701136189928391,-0.9354054242077128,0.0,1.5032644673006357,-0.9381944194495243,0.13168317996608064,1.0,0.0,-0.7082522368549349,-0.9808224075775521,0.0,-1.054547027182633,1.196631631450634
0.0,0.0,0.8460376691802596,-0.9354054242077128,1.0,0.5230376785312721,2.2802315051379414,0.5402832317869536,1.0,1.0,1.4760575629586128,2.507205266015194,0.0,0.6990399176801555,1.3660700134860904
1.0,1.0,1.7621889573533582,-0.9354054242077128,0.0,-1.4374158990074548,2.2802315051379414,-1.094116975496538,1.0,0.0,1.4760575629586128,0.5451896996192743,0.0,1.1593564907066372,2.8021836786992327
0.0,1.0,-0.0701136189928391,-0.9354054242077128,0.0,0.5230376785312721,-0.3347395585893745,0.13168317996608064,0.0,0.0,-0.16217478690154793,-0.3268172187789122,0.0,-0.45872600841675376,-0.532767133535793
1.0,0.0,-0.0701136189928391,0.2474298218872014,1.0,0.03292428414659036,0.06756368198405872,-1.094116975496538,1.0,1.0,-0.4352135118782414,1.0901940236181409,0.0,0.6819911557162117,-0.990028264866169
0.0,0.0,1.7621889573533582,-0.9354054242077128,1.0,0.5230376785312721,0.6710185428442086,1.7660833872495723,0.0,1.0,2.3634334191328668,2.071201806816101,0.0,-0.9244421893379745,1.3436730615890482
0.0,1.0,-0.9862649071659377,-0.9354054242077128,0.0,-0.9473025046227731,0.06756368198405872,-0.2769168718547923,0.0,0.0,0.11086393807514554,-0.5448189483784588,1.0,-0.1625782831130032,-0.4670106569158432
0.0,0.0,2.678340245526457,0.2474298218872014,1.0,0.03292428414659036,-1.139346039736241,-0.2769168718547923,0.0,1.0,1.6125769254469595,1.3081957532176876,0.0,-1.9158139485397214,0.24522778671961457
1.0,0.0,-0.9862649071659377,2.61310031407703,1.0,0.03292428414659036,-0.5358911788760911,-0.6855169236756652,0.0,1.0,-0.9812909618316283,0.0001853756204077356,0.0,0.7604154607503532,-0.811546076983066
0.0,1.0,-0.0701136189928391,-0.9354054242077128,0.0,-0.9473025046227731,0.26871530227077534,-0.6855169236756652,1.0,0.0,-0.4352135118782414,0.436188834819501,0.0,1.0741126808869184,0.9914137852474959
0.0,0.0,-0.9862649071659377,0.2474298218872014,1.0,-0.9473025046227731,-0.3347395585893745,1.3574833354286995,0.0,1.0,0.7934607505168791,0.0001853756204077356,0.0,-1.0825557075519692,0.18074117262292735
0.0,1.0,-0.0701136189928391,-0.9354054242077128,0.0,0.03292428414659036,-0.5358911788760911,-1.094116975496538,1.0,0.0,-0.8447715993432816,-0.9808224075775521,0.0,0.2898696305455047,-0.8415640514807325
0.0,0.0,-0.9862649071659377,0.2474298218872014,0.0,0.03292428414659036,0.06756368198405872,-1.094116975496538,0.0,1.0,-0.4352135118782414,-1.0898232723773253,0.0,0.6819911557162117,1.3400424646612237
0.0,0.0,-0.9862649071659377,0.2474298218872014,0.0,1.0131510729159539,0.06756368198405872,0.13168317996608064,0.0,0.0,0.383902663051839,-0.3268172187789122,1.0,-0.4159491147617675,-0.42306481251951367
0.0,0.0,-0.0701136189928391,0.2474298218872014,1.0,0.5230376785312721,1.4756250239910749,-0.6855169236756652,0.0,1.0,0.383902663051839,0.0001853756204077356,0.0,1.2309612909552012,-0.3287723871599519
0.0,1.0,-0.0701136189928391,-0.9354054242077128,0.0,-0.4571891102380914,-0.5358911788760911,1.7660833872495723,1.0,0.0,1.2030188379819193,2.3982044012154207,0.0,-1.3906511916146675,-0.6050905814069761
0.0,0.0,-0.0701136189928391,0.2474298218872014,0.0,1.5032644673006357,0.06756368198405872,0.13168317996608064,0.0,0.0,-0.16217478690154793,-0.6538198131782321,0.0,0.18292739640803926,2.3473877119809625
0.0,1.0,-0.9862649071659377,-0.9354054242077128,0.0,-0.4571891102380914,-1.139346039736241,-0.6855169236756652,0.0,0.0,-1.3908490492966685,-0.6538198131782321,1.0,-0.2983126572105555,-0.6577356215959128
0.0,1.0,-0.0701136189928391,-0.9354054242077128,0.0,0.5230376785312721,0.26871530227077534,0.5402832317869536,0.0,0.0,-0.16217478690154793,-0.10881548917936558,0.0,0.5037540988204359,1.0860354840504394
0.0,0.0,-0.9862649071659377,-0.9354054242077128,0.0,-0.9473025046227731,-0.7370427991628077,1.7660833872495723,0.0,1.0,-0.8447715993432816,-1.0898232723773253,0.0,-0.2983126572105555,0.23524393653750145
0.0,1.0,2.678340245526457,-0.9354054242077128,0.0,0.03292428414659036,2.2802315051379414,-0.6855169236756652,0.0,0.0,1.339538200470266,0.32718797001972766,0.0,1.1454075036452287,0.6298032321336468
0.0,0.0,-0.0701136189928391,1.4302650679821156,0.0,0.03292428414659036,-0.5358911788760911,-1.094116975496538,0.0,1.0,-0.8447715993432816,-1.307825001976872,0.0,0.2898696305455047,-0.9439660493343738
0.0,1.0,-0.0701136189928391,-0.9354054242077128,0.0,1.9933778616853173,1.4756250239910749,1.7660833872495723,1.0,0.0,0.6569413880285324,0.436188834819501,0.0,0.8434529601982673,-0.2937681173272659
0.0,0.0,-0.0701136189928391,1.4302650679821156,1.0,0.5230376785312721,-0.1335879383026579,1.7660833872495723,1.0,0.0,0.11086393807514554,1.4171966180174609,0.0,-0.43404703130810773,-0.08896152933295172
0.0,0.0,-0.9862649071659377,1.4302650679821156,0.0,1.5032644673006357,-0.9381944194495243,-1.094116975496538,1.0,1.0,-1.117810324319975,-1.4168258667766453,1.0,-0.2983126572105555,-0.2533172957253747
1.0,0.0,0.8460376691802596,1.4302650679821156,0.0,1.5032644673006357,0.4698669225574919,-1.094116975496538,1.0,0.0,-0.16217478690154793,-0.4358180835786855,0.0,0.8245808012328325,0.5904370316441703
0.0,1.0,-0.9862649071659377,-0.9354054242077128,0.0,0.5230376785312721,-1.139346039736241,-0.6855169236756652,1.0,0.0,-1.3908490492966685,-0.8718215427777788,1.0,-0.2983126572105555,0.00911047508426458
1.0,0.0,-0.0701136189928391,0.2474298218872014,1.0,0.03292428414659036,-0.3347395585893745,-0.2769168718547923,0.0,1.0,0.7934607505168791,0.5451896996192743,0.0,-1.0825557075519692,1.7456880640228236
0.0,1.0,-0.0701136189928391,-0.9354054242077128,0.0,-0.4571891102380914,-1.139346039736241,0.13168317996608064,0.0,0.0,0.383902663051839,0.5451896996192743,0.0,-1.8275866053763123,-0.2910728612752057
0.0,1.0,-0.9862649071659377,-0.9354054242077128,0.0,0.5230376785312721,-0.9381944194495243,-1.094116975496538,1.0,0.0,-1.117810324319975,-0.4358180835786855,1.0,-0.2983126572105555,-0.3162132077376024
1.0,1.0,-0.9862649071659377,-0.9354054242077128,0.0,1.0131510729159539,-1.139346039736241,-0.6855169236756652,0.0,0.0,-1.3908490492966685,-1.9618301907755118,0.0,-0.2983126572105555,-0.22442959584810473
1.0,0.0,-0.0701136189928391,0.2474298218872014,0.0,0.5230376785312721,-0.9381944194495243,1.7660833872495723,1.0,1.0,-0.8447715993432816,-1.1988241371770987,0.0,-0.8864949449666158,-1.14630638421926
0.0,0.0,-0.9862649071659377,0.2474298218872014,0.0,-0.9473025046227731,-0.7370427991628077,-0.6855169236756652,1.0,1.0,-1.117810324319975,-0.2178163539791389,0.0,0.5839607744235349,-0.06679838424083756
1.0,0.0,0.8460376691802596,0.2474298218872014,1.0,-0.9473025046227731,0.6710185428442086,-0.6855169236756652,0.0,1.0,-0.16217478690154793,1.0901940236181409,0.0,1.1454075036452287,-0.8920703399399297
0.0,0.0,-0.9862649071659377,2.61310031407703,0.0,-0.9473025046227731,0.6710185428442086,-0.6855169236756652,0.0,0.0,-0.16217478690154793,-0.7628206779780055,1.0,1.1454075036452287,-0.5592969301481349
0.0,0.0,-0.9862649071659377,0.2474298218872014,0.0,1.0131510729159539,-1.139346039736241,-0.6855169236756652,0.0,1.0,-1.3908490492966685,-0.2178163539791389,0.0,-0.2983126572105555,-0.4895733474707888
0.0,0.0,-0.0701136189928391,0.2474298218872014,0.0,0.03292428414659036,-0.3347395585893745,-0.2769168718547923,1.0,0.0,-0.4352135118782414,-0.5448189483784588,0.0,-0.10225189462520197,-1.0451368648485748
0.0,0.0,-0.9862649071659377,0.2474298218872014,0.0,-0.9473025046227731,-0.3347395585893745,0.9488832836078265,0.0,1.0,-0.5717328743665882,-0.3268172187789122,1.0,0.14282405860648972,0.041752072655988605
1.0,0.0,2.678340245526457,0.2474298218872014,1.0,0.5230376785312721,-0.3347395585893745,0.9488832836078265,0.0,1.0,1.7490962879353062,1.9622009420163273,0.0,-1.357040775171464,0.43549567500366515
0.0,0.0,1.7621889573533582,0.2474298218872014,1.0,-0.9473025046227731,2.2802315051379414,-0.6855169236756652,0.0,0.0,2.3634334191328668,1.4171966180174609,0.0,1.355950027103364,0.11479152532627988
0.0,0.0,-0.9862649071659377,0.2474298218872014,1.0,0.5230376785312721,-0.9381944194495243,0.5402832317869536,0.0,1.0,-0.7082522368549349,-0.10881548917936558,0.0,-1.054547027182633,-0.6208211123029962
1.0,0.0,1.7621889573533582,0.2474298218872014,1.0,0.03292428414659036,2.2802315051379414,-0.2769168718547923,0.0,1.0,2.3634334191328668,1.4171966180174609,0.0,1.1454075036452287,1.3973828998691784
1.0,0.0,-0.9862649071659377,-0.9354054242077128,0.0,1.0131510729159539,-1.139346039736241,-0.6855169236756652,0.0,1.0,-1.3908490492966685,-0.9808224075775521,1.0,-0.2983126572105555,-0.6435169708518915
0.0,0.0,-0.0701136189928391,0.2474298218872014,0.0,0.03292428414659036,0.4698669225574919,-1.094116975496538,0.0,1.0,-0.16217478690154793,-0.6538198131782321,0.0,0.8245808012328325,-0.744580580274336
1.0,1.0,-0.0701136189928391,-0.9354054242077128,0.0,-0.4571891102380914,-0.3347395585893745,0.13168317996608064,1.0,0.0,0.5204220255401857,-0.10881548917936558,0.0,-0.9600177309361233,0.9597469031680539
0.0,0.0,0.8460376691802596,1.4302650679821156,0.0,-0.4571891102380914,0.4698669225574919,-0.6855169236756652,0.0,0.0,-0.2986941493898947,-1.0898232723773253,0.0,1.1133248334039894,0.5764522972197972
0.0,0.0,-0.9862649071659377,0.2474298218872014,0.0,-0.9473025046227731,-0.5358911788760911,-0.2769168718547923,1.0,1.0,-0.7082522368549349,-0.5448189483784588,0.0,-0.046234533886529754,1.40691789894222
0.0,1.0,-0.9862649071659377,-0.9354054242077128,0.0,-1.9275292933921366,-0.5358911788760911,1.7660833872495723,0.0,0.0,-0.7082522368549349,-1.307825001976872,1.0,-0.046234533886529754,0.15350466596032883
0.0,0.0,2.678340245526457,-0.9354054242077128,1.0,1.0131510729159539,2.2802315051379414,-1.094116975496538,1.0,1.0,1.339538200470266,0.32718797001972766,0.0,1.1454075036452287,0.13418293902770329
0.0,0.0,1.7621889573533582,1.4302650679821156,1.0,-1.4374158990074548,-0.5358911788760911,0.13168317996608064,0.0,1.0,2.1586543754003467,1.3081957532176876,0.0,-1.5587032738306847,0.05915275830992806
0.0,0.0,-0.0701136189928391,0.2474298218872014,0.0,0.03292428414659036,1.2744734037043584,0.13168317996608064,0.0,0.0,0.5204220255401857,-0.4358180835786855,0.0,0.8045291323320576,0.06598409179833811
0.0,1.0,-0.9862649071659377,-0.9354054242077128,0.0,0.5230376785312721,-1.139346039736241,-0.6855169236756652,0.0,0.0,-1.3908490492966685,-0.5448189483784588,1.0,-0.2983126572105555,-0.2578284375893149
1.0,1.0,-0.9862649071659377,-0.9354054242077128,0.0,1.0131510729159539,-0.7370427991628077,0.13168317996608064,1.0,0.0,-0.5717328743665882,-0.10881548917936558,0.0,-0.7394493730276007,0.011279299636410264
0.0,1.0,1.7621889573533582,-0.9354054242077128,0.0,-0.4571891102380914,-0.3347395585893745,0.13168317996608064,0.0,0.0,2.3634334191328668,1.5261974828172342,0.0,-1.4746772327226763,2.274090137826751
0.0,0.0,-0.9862649071659377,0.2474298218872014,0.0,-0.4571891102380914,-1.139346039736241,-0.6855169236756652,1.0,1.0,-1.3908490492966685,-0.7628206779780055,1.0,-0.2983126572105555,-0.6512966010441253
0.0,0.0,1.7621889573533582,0.2474298218872014,1.0,0.03292428414659036,0.6710185428442086,0.13168317996608064,0.0,1.0,2.3634334191328668,1.853200077216554,0.0,-1.1090504051986385,0.03225371316124725
0.0,0.0,0.8460376691802596,1.4302650679821156,0.0,-0.9473025046227731,-0.7370427991628077,-0.2769168718547923,1.0,1.0,-0.2986941493898947,-0.6538198131782321,0.0,-1.0041314025178278,1.1073886001358426
0.0,0.0,-0.9862649071659377,0.2474298218872014,0.0,-0.9473025046227731,-0.7370427991628077,-0.6855169236756652,0.0,0.0,-1.117810324319975,-0.2178163539791389,0.0,0.5839607744235349,0.5897913718927145
0.0,1.0,-0.9862649071659377,-0.9354054242077128,0.0,0.03292428414659036,-0.9381944194495243,0.5402832317869536,0.0,0.0,-0.5717328743665882,1.0901940236181409,0.0,-1.180586088844646,-1.0041848884876179
0.0,0.0,-0.9862649071659377,1.4302650679821156,1.0,1.9933778616853173,-0.3347395585893745,0.13168317996608064,0.0,0.0,-0.4352135118782414,0.8721922940185942,0.0,-0.10225189462520197,-0.8590380435854355
1.0,0.0,0.8460376691802596,0.2474298218872014,0.0,0.5230376785312721,0.4698669225574919,-0.6855169236756652,0.0,0.0,-0.2986941493898947,-1.0898232723773253,0.0,1.1133248334039894,-0.5811195598147243
1.0,0.0,0.8460376691802596,0.2474298218872014,1.0,0.03292428414659036,2.2802315051379414,2.1746834390704453,0.0,0.0,2.2951737378886934,1.0901940236181409,0.0,0.6143839962040207,1.177593312288712
1.0,0.0,-0.0701136189928391,-0.9354054242077128,1.0,0.5230376785312721,-0.7370427991628077,-1.094116975496538,0.0,1.0,-0.9812909618316283,1.9622009420163273,0.0,0.05459671544308061,-1.3297152268895605
0.0,0.0,0.8460376691802596,0.2474298218872014,1.0,0.5230376785312721,0.4698669225574919,-0.2769168718547923,0.0,1.0,0.6569413880285324,1.853200077216554,0.0,-0.19451578290066246,4.354439622264045
1.0,1.0,0.8460376691802596,-0.9354054242077128,0.0,0.5230376785312721,0.8721701631309251,-0.6855169236756652,0.0,0.0,-0.025655424413201202,-0.6538198131782321,0.0,1.1721430621795952,-0.06762736178261149
0.0,0.0,1.7621889573533582,0.2474298218872014,1.0,-1.4374158990074548,2.2802315051379414,1.7660833872495723,1.0,1.0,1.4760575629586128,0.436188834819501,0.0,0.6990399176801555,-0.10547504569245164
0.0,0.0,-0.0701136189928391,0.2474298218872014,0.0,1.0131510729159539,-0.1335879383026579,-0.6855169236756652,0.0,0.0,-0.7082522368549349,-0.8718215427777788,0.0,0.9620779594095735,0.492636891657403
0.0,0.0,0.8460376691802596,0.2474298218872014,1.0,0.03292428414659036,0.06756368198405872,-0.2769168718547923,1.0,1.0,-0.025655424413201202,0.21818710521995435,0.0,-0.0042215133325252075,0.5316271077823491
0.0,0.0,0.8460376691802596,2.61310031407703,1.0,-0.4571891102380914,2.2802315051379414,-1.094116975496538,0.0,0.0,1.0664994754935726,0.21818710521995435,0.0,1.1133248334039894,0.7800979979454251
1.0,0.0,-0.9862649071659377,0.2474298218872014,0.0,1.0131510729159539,-0.1335879383026579,0.13168317996608064,0.0,1.0,-0.4352135118782414,-0.6538198131782321,1.0,0.2898696305455047,-0.7851785703452682
1.0,0.0,0.8460376691802596,-0.9354054242077128,0.0,1.0131510729159539,0.26871530227077534,0.5402832317869536,0.0,1.0,-0.16217478690154793,-0.2178163539791389,0.0,0.5037540988204359,0.03080793010782982
0.0,0.0,-0.9862649071659377,2.61310031407703,0.0,-0.9473025046227731,-0.1335879383026579,-0.6855169236756652,0.0,0.0,-0.7082522368549349,-1.4168258667766453,0.0,0.9620779594095735,0.5809945934137948
0.0,0.0,-0.0701136189928391,0.2474298218872014,0.0,-0.4571891102380914,-0.9381944194495243,0.9488832836078265,0.0,1.0,-0.7082522368549349,-1.0898232723773253,0.0,-1.054547027182633,-1.1781768344261585
0.0,0.0,-0.9862649071659377,2.61310031407703,0.0,1.5032644673006357,-0.7370427991628077,-0.6855169236756652,0.0,1.0,-1.117810324319975,-1.1988241371770987,1.0,0.5839607744235349,-0.8282493189092147
1.0,0.0,1.7621889573533582,0.2474298218872014,1.0,0.03292428414659036,-1.139346039736241,0.5402832317869536,0.0,0.0,1.339538200470266,0.6541905644190477,0.0,-1.9024461692725383,0.09716060188237578
1.0,0.0,-0.9862649071659377,1.4302650679821156,0.0,-1.4374158990074548,0.4698669225574919,-0.6855169236756652,0.0,1.0,-0.2986941493898947,-1.0898232723773253,1.0,1.1133248334039894,-0.8915275137843854
0.0,0.0,-0.0701136189928391,0.2474298218872014,1.0,1.0131510729159539,-0.3347395585893745,0.5402832317869536,0.0,1.0,0.7934607505168791,-0.10881548917936558,0.0,-1.0825557075519692,-0.5942550113699384
1.0,0.0,-0.0701136189928391,-0.9354054242077128,0.0,0.03292428414659036,0.6710185428442086,-0.6855169236756652,1.0,1.0,-0.16217478690154793,-0.6538198131782321,0.0,1.1454075036452287,-0.5458693993363313
0.0,0.0,1.7621889573533582,-0.9354054242077128,1.0,1.0131510729159539,-0.5358911788760911,0.9488832836078265,0.0,1.0,2.3634334191328668,1.4171966180174609,0.0,-1.6074925880224316,0.2768986284960091
0.0,0.0,-0.0701136189928391,0.2474298218872014,0.0,-0.4571891102380914,0.06756368198405872,-1.094116975496538,1.0,1.0,-0.4352135118782414,-0.4358180835786855,0.0,0.6819911557162117,-0.32831380686847567
0.0,1.0,-0.0701136189928391,-0.9354054242077128,0.0,-0.9473025046227731,0.8721701631309251,-0.2769168718547923,0.0,0.0,0.9299801130052259,-0.10881548917936558,0.0,-0.019699994589263685,0.18063607041468052
0.0,0.0,-0.9862649071659377,0.2474298218872014,1.0,-0.4571891102380914,-0.3347395585893745,0.5402832317869536,0.0,1.0,-0.4352135118782414,-0.10881548917936558,0.0,-0.10225189462520197,-1.4151820689250745
0.0,0.0,-0.0701136189928391,0.2474298218872014,0.0,0.03292428414659036,0.6710185428442086,-0.6855169236756652,0.0,1.0,-0.16217478690154793,-0.8718215427777788,0.0,1.1454075036452287,-1.169979456947946
0.0,0.0,-0.9862649071659377,0.2474298218872014,0.0,1.0131510729159539,0.26871530227077534,-0.6855169236756652,0.0,1.0,-0.4352135118782414,-1.1988241371770987,1.0,1.0741126808869184,-0.8780196672401404
0.0,0.0,-0.9862649071659377,2.61310031407703,1.0,2.4834912560699993,-0.3347395585893745,0.5402832317869536,0.0,0.0,-0.5717328743665882,0.6541905644190477,0.0,0.14282405860648972,-1.0198493794216676
1.0,0.0,-0.9862649071659377,1.4302650679821156,0.0,1.0131510729159539,0.26871530227077534,-0.6855169236756652,1.0,0.0,-0.4352135118782414,-0.3268172187789122,1.0,1.0741126808869184,-0.05920749830832735
0.0,0.0,-0.0701136189928391,0.2474298218872014,1.0,-0.4571891102380914,-1.139346039736241,1.7660833872495723,1.0,1.0,-0.9812909618316283,1.0901940236181409,0.0,-1.357040775171464,-0.8086633947748184
1.0,0.0,1.7621889573533582,-0.9354054242077128,1.0,0.5230376785312721,2.2802315051379414,-1.094116975496538,0.0,1.0,1.339538200470266,0.8721922940185942,0.0,1.1454075036452287,2.2487973080985713
0.0,0.0,1.7621889573533582,1.4302650679821156,1.0,-0.4571891102380914,2.2802315051379414,0.13168317996608064,0.0,1.0,2.022135012912,1.0901940236181409,0.0,0.5512839806593092,0.1934234580331559
1.0,1.0,-0.0701136189928391,-0.9354054242077128,0.0,-0.4571891102380914,-0.9381944194495243,1.7660833872495723,1.0,0.0,-0.5717328743665882,-0.5448189483784588,0.0,-1.180586088844646,1.2184283165183016
0.0,1.0,1.7621889573533582,-0.9354054242077128,0.0,-0.4571891102380914,0.4698669225574919,0.5402832317869536,0.0,0.0,2.3634334191328668,1.7441992124167807,0.0,-1.180586088844646,0.0920100062580722
1.0,1.0,-0.0701136189928391,-0.9354054242077128,0.0,0.03292428414659036,-0.7370427991628077,-1.094116975496538,1.0,0.0,-0.9812909618316283,-0.3268172187789122,0.0,0.05459671544308061,-0.989617006657345
0.0,1.0,-0.0701136189928391,-0.9354054242077128,0.0,-1.4374158990074548,0.26871530227077534,-1.094116975496538,0.0,0.0,-0.2986941493898947,0.21818710521995435,0.0,0.7604154607503532,-1.0860539256233899
0.0,0.0,-0.0701136189928391,-0.9354054242077128,0.0,0.03292428414659036,-0.3347395585893745,-0.6855169236756652,1.0,1.0,-0.8447715993432816,-0.9808224075775521,0.0,0.8780519183015653,-1.119985858854529
0.0,0.0,1.7621889573533582,0.2474298218872014,1.0,1.0131510729159539,2.2802315051379414,0.13168317996608064,0.0,0.0,1.7490962879353062,1.1991948884179142,0.0,1.042742958873262,-0.009512408657202851
1.0,0.0,-0.0701136189928391,1.4302650679821156,1.0,-1.4374158990074548,0.06756368198405872,0.5402832317869536,0.0,0.0,0.24738330056349225,0.0001853756204077356,0.0,-0.2983126572105555,2.3947427301731303
1.0,0.0,-0.0701136189928391,0.2474298218872014,0.0,-0.4571891102380914,-0.7370427991628077,-1.094116975496538,0.0,1.0,-0.9812909618316283,-1.634827596376192,0.0,0.05459671544308061,-1.2277514506039198
0.0,0.0,1.7621889573533582,-0.9354054242077128,1.0,-1.4374158990074548,-0.7370427991628077,1.3574833354286995,0.0,1.0,2.022135012912,0.9811931588183676,0.0,-1.6707379953080295,0.31632732603378216
0.0,1.0,-0.0701136189928391,-0.9354054242077128,0.0,0.5230376785312721,0.6710185428442086,1.3574833354286995,0.0,0.0,1.0664994754935726,0.9811931588183676,0.0,-0.2983126572105555,-0.752145346229284
0.0,1.0,-0.0701136189928391,-0.9354054242077128,0.0,0.5230376785312721,0.06756368198405872,-0.2769168718547923,1.0,0.0,1.2030188379819193,1.0901940236181409,0.0,-0.8864949449666158,-0.8160660425336493
0.0,0.0,-0.9862649071659377,0.2474298218872014,0.0,0.5230376785312721,-0.9381944194495243,-1.094116975496538,0.0,1.0,-1.117810324319975,-1.4168258667766453,1.0,-0.2983126572105555,-1.4138374821874402
0.0,0.0,0.8460376691802596,0.2474298218872014,1.0,-0.4571891102380914,1.2744734037043584,2.3789834649808816,0.0,1.0,0.9299801130052259,0.5451896996192743,0.0,0.35178355557245855,-0.4852119171552755
1.0,1.0,0.8460376691802596,-0.9354054242077128,0.0,-0.9473025046227731,-0.9381944194495243,0.9488832836078265,0.0,0.0,0.6569413880285324,0.7631914292188209,0.0,-1.6476720232391642,1.1291897500364092
1.0,1.0,-0.9862649071659377,-0.9354054242077128,0.0,0.5230376785312721,-0.5358911788760911,1.3574833354286995,0.0,0.0,-0.7082522368549349,0.7631914292188209,0.0,-0.046234533886529754,-0.7148652193111411
0.0,1.0,1.7621889573533582,-0.9354054242077128,0.0,1.5032644673006357,2.2802315051379414,1.3574833354286995,0.0,0.0,2.3634334191328668,1.853200077216554,0.0,0.2898696305455047,0.22166293059399358
0.0,0.0,0.8460376691802596,1.4302650679821156,1.0,1.0131510729159539,-0.3347395585893745,0.5402832317869536,0.0,1.0,-0.2986941493898947,0.8721922940185942,0.0,-0.2983126572105555,3.702987347880188
0.0,0.0,-0.9862649071659377,2.61310031407703,0.0,1.0131510729159539,-1.3404976600229574,-0.6855169236756652,0.0,1.0,-1.5273684117850153,-1.0898232723773253,1.0,-2.062859520478736,-1.356474547497551
1.0,1.0,-0.9862649071659377,-0.9354054242077128,0.0,1.0131510729159539,-1.139346039736241,2.3789834649808816,0.0,0.0,-1.117810324319975,-0.7628206779780055,1.0,-1.180586088844646,-0.8475816693880561
0.0,0.0,-0.9862649071659377,0.2474298218872014,0.0,-0.4571891102380914,-0.9381944194495243,2.3789834649808816,0.0,1.0,-0.9812909618316283,-1.0898232723773253,1.0,-0.6512220298641915,-0.3831323278758546
0.0,0.0,-0.9862649071659377,2.61310031407703,0.0,-0.9473025046227731,-0.7370427991628077,-0.6855169236756652,0.0,0.0,-1.117810324319975,-0.8718215427777788,0.0,0.5839607744235349,0.44882074030366237
1.0,0.0,-0.9862649071659377,0.2474298218872014,0.0,-0.4571891102380914,0.26871530227077534,-0.6855169236756652,0.0,1.0,-0.4352135118782414,-1.1988241371770987,1.0,1.0741126808869184,-0.7763894014660023
0.0,0.0,-0.0701136189928391,0.2474298218872014,1.0,-0.9473025046227731,-0.3347395585893745,1.3574833354286995,0.0,0.0,0.24738330056349225,-0.10881548917936558,0.0,-0.8024689038586071,-0.26800032511261457
0.0,1.0,-0.9862649071659377,-0.9354054242077128,0.0,0.5230376785312721,-0.7370427991628077,-1.094116975496538,0.0,0.0,-0.9812909618316283,-0.8718215427777788,0.0,0.05459671544308061,0.6478501098535876
0.0,1.0,-0.0701136189928391,-0.9354054242077128,0.0,-1.4374158990074548,-0.7370427991628077,0.9488832836078265,1.0,0.0,-0.7082522368549349,-0.4358180835786855,0.0,-0.5503907805345813,-0.6663680545217411
0.0,0.0,0.8460376691802596,0.2474298218872014,1.0,0.5230376785312721,0.6710185428442086,2.1746834390704453,0.0,1.0,1.4760575629586128,1.853200077216554,0.0,-0.5284709437237965,1.336075943534153
0.0,0.0,-0.0701136189928391,-0.9354054242077128,0.0,-1.9275292933921366,-0.7370427991628077,-0.2769168718547923,1.0,0.0,-0.2986941493898947,-0.6538198131782321,0.0,-1.0041314025178278,-1.115050760348642
0.0,0.0,-0.0701136189928391,1.4302650679821156,1.0,-0.9473025046227731,0.4698669225574919,-0.6855169236756652,0.0,0.0,-0.2986941493898947,0.32718797001972766,0.0,1.1133248334039894,0.061218392728036815
0.0,0.0,2.678340245526457,0.2474298218872014,1.0,1.0131510729159539,-0.3347395585893745,0.13168317996608064,0.0,1.0,2.1586543754003467,1.0901940236181409,0.0,-1.4326642121686717,0.40218222069609155
0.0,1.0,-0.9862649071659377,-0.9354054242077128,0.0,0.5230376785312721,0.4698669225574919,-1.094116975496538,0.0,0.0,-0.16217478690154793,-0.7628206779780055,0.0,0.8245808012328325,1.5105523409189818
0.0,0.0,-0.9862649071659377,0.2474298218872014,0.0,-0.4571891102380914,-0.3347395585893745,-0.6855169236756652,0.0,0.0,-0.8447715993432816,-0.6538198131782321,1.0,0.8780519183015653,-0.2973796975460115
0.0,1.0,-0.0701136189928391,-0.9354054242077128,0.0,1.9933778616853173,0.6710185428442086,-0.6855169236756652,0.0,0.0,-0.16217478690154793,0.10918624042018105,0.0,1.1454075036452287,-0.7394018562721212
0.0,1.0,0.8460376691802596,-0.9354054242077128,0.0,0.5230376785312721,1.8779282645645081,-1.094116975496538,0.0,0.0,0.7934607505168791,-0.2178163539791389,0.0,1.0741126808869184,0.3039870838963538
1.0,0.0,1.7621889573533582,0.2474298218872014,1.0,-0.4571891102380914,2.2802315051379414,0.5402832317869536,0.0,1.0,2.3634334191328668,2.071201806816101,0.0,-0.09071890859076945,2.3755814780331916
0.0,0.0,-0.9862649071659377,0.2474298218872014,1.0,0.03292428414659036,0.4698669225574919,0.5402832317869536,1.0,0.0,0.24738330056349225,0.0001853756204077356,0.0,0.20584358943749637,0.1728567287712714
0.0,1.0,-0.0701136189928391,-0.9354054242077128,0.0,0.03292428414659036,0.4698669225574919,-1.094116975496538,1.0,0.0,-0.16217478690154793,-0.3268172187789122,0.0,0.8245808012328325,-0.9772792603926272
1.0,0.0,-0.9862649071659377,0.2474298218872014,1.0,0.03292428414659036,0.06756368198405872,0.5402832317869536,0.0,0.0,-0.16217478690154793,0.436188834819501,0.0,0.18292739640803926,-0.41216169685629117
0.0,0.0,-0.9862649071659377,1.4302650679821156,1.0,-0.4571891102380914,-1.139346039736241,2.1746834390704453,0.0,1.0,-0.4352135118782414,0.32718797001972766,0.0,-1.6707379953080295,-0.7394018562721212
0.0,0.0,1.7621889573533582,0.2474298218872014,1.0,1.0131510729159539,-0.3347395585893745,2.3789834649808816,0.0,0.0,2.3634334191328668,1.4171966180174609,0.0,-1.5281483497914088,0.23427300953625432
0.0,0.0,0.8460376691802596,0.2474298218872014,1.0,0.03292428414659036,-0.1335879383026579,0.13168317996608064,0.0,1.0,0.24738330056349225,0.21818710521995435,0.0,-0.5503907805345813,1.2744554531012742
1.0,1.0,-0.9862649071659377,-0.9354054242077128,0.0,1.0131510729159539,-0.9381944194495243,-0.6855169236756652,0.0,0.0,-1.2543296868083218,-1.7438284611759653,0.0,0.2898696305455047,-1.0365488002922725
0.0,0.0,-0.9862649071659377,2.61310031407703,1.0,-0.4571891102380914,0.8721701631309251,0.9488832836078265,0.0,0.0,0.24738330056349225,0.10918624042018105,0.0,0.7099998360855478,-1.1133223463261566
0.0,1.0,0.8460376691802596,-0.9354054242077128,0.0,0.5230376785312721,-0.5358911788760911,1.7660833872495723,0.0,0.0,-0.2986941493898947,0.21818710521995435,0.0,-0.6512220298641915,-0.46460953465806076
1.0,0.0,-0.0701136189928391,-0.9354054242077128,0.0,1.0131510729159539,-0.5358911788760911,0.13168317996608064,1.0,1.0,-0.2986941493898947,-0.3268172187789122,0.0,-0.6512220298641915,0.4765185077999433
0.0,1.0,-0.9862649071659377,-0.9354054242077128,0.0,-1.4374158990074548,-0.3347395585893745,-1.094116975496538,0.0,0.0,-0.7082522368549349,0.21818710521995435,0.0,0.4579217127615221,0.5753847721650913
1.0,1.0,-0.9862649071659377,-0.9354054242077128,0.0,-1.4374158990074548,-0.5358911788760911,0.13168317996608064,0.0,0.0,-0.4352135118782414,-0.5448189483784588,1.0,-0.494373419795909,-0.7183808868628475
0.0,1.0,-0.9862649071659377,-0.9354054242077128,0.0,0.5230376785312721,-0.7370427991628077,-1.094116975496538,0.0,0.0,-0.9812909618316283,-0.4358180835786855,1.0,0.05459671544308061,-0.6586145384838396
0.0,1.0,-0.0701136189928391,-0.9354054242077128,0.0,0.5230376785312721,0.06756368198405872,-1.094116975496538,1.0,0.0,-0.4352135118782414,0.10918624042018105,0.0,0.6819911557162117,-1.1993586931575464
1.0,0.0,0.8460376691802596,1.4302650679821156,1.0,1.5032644673006357,-0.7370427991628077,0.5402832317869536,0.0,1.0,-0.16217478690154793,0.8721922940185942,0.0,-1.1003794132415468,0.8055885153012601
0.0,1.0,-0.0701136189928391,-0.9354054242077128,0.0,-0.9473025046227731,0.4698669225574919,-1.094116975496538,0.0,0.0,-0.16217478690154793,0.21818710521995435,0.0,0.8245808012328325,-0.8877554609123453
1.0,0.0,-0.9862649071659377,0.2474298218872014,1.0,-0.4571891102380914,-0.9381944194495243,0.5402832317869536,0.0,0.0,1.0664994754935726,2.071201806816101,0.0,-1.7099501478251002,0.8856424336031772
0.0,0.0,-0.0701136189928391,0.2474298218872014,1.0,0.03292428414659036,0.6710185428442086,-0.2769168718547923,0.0,0.0,1.0664994754935726,0.9811931588183676,0.0,-0.2983126572105555,-0.9783169644811688
1.0,1.0,0.8460376691802596,-0.9354054242077128,0.0,0.03292428414659036,1.6767766442777916,-0.6855169236756652,0.0,0.0,0.5204220255401857,-0.4358180835786855,0.0,1.2456658481491028,-0.4656751751320545
0.0,0.0,1.7621889573533582,0.2474298218872014,1.0,1.0131510729159539,2.079079884851225,1.3574833354286995,1.0,0.0,1.4760575629586128,1.7441992124167807,0.0,0.5456010600046612,-0.3943573882700652
0.0,1.0,-0.0701136189928391,-0.9354054242077128,0.0,1.0131510729159539,-0.3347395585893745,-0.2769168718547923,0.0,0.0,-0.025655424413201202,-0.7628206779780055,0.0,-0.5924038010885856,-0.47827693831020784
0.0,0.0,2.678340245526457,0.2474298218872014,1.0,0.5230376785312721,-0.7370427991628077,0.5402832317869536,0.0,1.0,1.339538200470266,1.0901940236181409,0.0,-1.5816194668601415,0.39429668738100077
0.0,0.0,-0.0701136189928391,0.2474298218872014,0.0,0.5230376785312721,-0.7370427991628077,-1.094116975496538,1.0,1.0,-0.9812909618316283,-1.307825001976872,0.0,0.05459671544308061,-0.8608931872954568
1.0,0.0,-0.9862649071659377,2.61310031407703,0.0,0.03292428414659036,-1.139346039736241,-0.6855169236756652,0.0,1.0,-1.3908490492966685,-0.9808224075775521,1.0,-0.2983126572105555,-0.737642500576337
1.0,0.0,-0.0701136189928391,-0.9354054242077128,0.0,-0.9473025046227731,-1.139346039736241,0.13168317996608064,0.0,1.0,-0.4352135118782414,-0.2178163539791389,0.0,-1.6707379953080295,-0.5465884172953119
0.0,1.0,-0.9862649071659377,-0.9354054242077128,0.0,0.5230376785312721,-0.7370427991628077,0.5402832317869536,0.0,0.0,0.9299801130052259,0.6541905644190477,0.0,-1.505634195236153,1.3092803735837926
0.0,0.0,0.8460376691802596,0.2474298218872014,1.0,-1.9275292933921366,-1.139346039736241,2.1746834390704453,0.0,1.0,-0.16217478690154793,0.6541905644190477,0.0,-1.7420328180663396,0.920802644707457
0.0,0.0,-0.0701136189928391,0.2474298218872014,1.0,1.5032644673006357,0.4698669225574919,0.5402832317869536,0.0,1.0,0.24738330056349225,0.9811931588183676,0.0,0.20584358943749637,0.5202482873929627
1.0,0.0,-0.9862649071659377,0.2474298218872014,0.0,-0.9473025046227731,-0.5358911788760911,-0.6855169236756652,0.0,0.0,-0.9812909618316283,-1.634827596376192,0.0,0.7604154607503532,-0.8097882432072128
0.0,1.0,-0.0701136189928391,-0.9354054242077128,0.0,0.03292428414659036,-0.1335879383026579,1.7660833872495723,1.0,0.0,-0.2986941493898947,0.5451896996192743,0.0,0.05459671544308061,-0.7358706918129839
0.0,0.0,-0.0701136189928391,0.2474298218872014,0.0,0.5230376785312721,0.8721701631309251,-0.6855169236756652,0.0,0.0,-0.025655424413201202,-0.3268172187789122,0.0,1.1721430621795952,1.9192486938048454
0.0,0.0,-0.9862649071659377,1.4302650679821156,1.0,-0.4571891102380914,-1.3404976600229574,0.5402832317869536,0.0,1.0,0.24738330056349225,1.1991948884179142,0.0,-2.062859520478736,-0.8704335084741472
0.0,0.0,-0.0701136189928391,0.2474298218872014,0.0,0.03292428414659036,0.26871530227077534,-0.6855169236756652,0.0,1.0,-0.4352135118782414,-0.3268172187789122,0.0,1.0741126808869184,-0.9408862568052356
0.0,0.0,0.8460376691802596,0.2474298218872014,1.0,0.5230376785312721,-1.139346039736241,0.13168317996608064,1.0,1.0,1.7490962879353062,1.9622009420163273,0.0,-1.9216957714172818,1.3549660418478444
0.0,1.0,0.8460376691802596,-0.9354054242077128,0.0,-0.9473025046227731,2.079079884851225,-0.2769168718547923,0.0,0.0,1.885615650423653,1.0901940236181409,0.0,0.24462483917965405,0.409424466152975
0.0,0.0,-0.9862649071659377,0.2474298218872014,1.0,0.5230376785312721,-0.5358911788760911,-1.094116975496538,0.0,1.0,-0.8447715993432816,1.6351983476170073,0.0,0.2898696305455047,0.8865213504911036
0.0,1.0,-0.9862649071659377,-0.9354054242077128,0.0,-0.9473025046227731,-0.9381944194495243,-0.6855169236756652,1.0,0.0,-1.2543296868083218,-1.8528293259757387,0.0,0.2898696305455047,0.10236993082653346
1.0,0.0,-0.0701136189928391,0.2474298218872014,0.0,1.0131510729159539,0.6710185428442086,-0.6855169236756652,0.0,1.0,-0.16217478690154793,-0.2178163539791389,0.0,1.1454075036452287,-1.337658231142256
1.0,0.0,-0.0701136189928391,-0.9354054242077128,1.0,2.4834912560699993,-0.5358911788760911,-0.2769168718547923,0.0,1.0,-0.2986941493898947,0.7631914292188209,0.0,-0.6512220298641915,-0.4105961633633836
0.0,0.0,-0.9862649071659377,0.2474298218872014,0.0,-1.9275292933921366,-0.7370427991628077,-0.2769168718547923,0.0,1.0,-0.8447715993432816,-1.5258267315764187,0.0,-0.2983126572105555,-0.37824005123525767
0.0,0.0,0.8460376691802596,0.2474298218872014,1.0,-0.9473025046227731,2.2802315051379414,0.13168317996608064,0.0,1.0,1.2030188379819193,0.10918624042018105,0.0,0.9620779594095735,-0.5104320750397973
1.0,0.0,0.8460376691802596,0.2474298218872014,1.0,-1.4374158990074548,0.06756368198405872,-0.2769168718547923,0.0,0.0,1.7490962879353062,0.8721922940185942,0.0,-1.074713277048555,1.2483570105567037
0.0,1.0,-0.0701136189928391,-0.9354054242077128,0.0,-1.4374158990074548,-1.3404976600229574,1.3574833354286995,1.0,0.0,-0.16217478690154793,-0.5448189483784588,0.0,-2.062859520478736,-0.08608272187118456
1.0,0.0,-0.0701136189928391,1.4302650679821156,1.0,-0.4571891102380914,-0.1335879383026579,-0.2769168718547923,1.0,1.0,-0.4352135118782414,0.32718797001972766,0.0,0.2898696305455047,-0.23207938600367725
1.0,0.0,-0.0701136189928391,2.61310031407703,0.0,0.03292428414659036,0.06756368198405872,0.13168317996608064,1.0,1.0,0.5204220255401857,-0.2178163539791389,0.0,-0.518881015119078,0.8314343420149898
0.0,1.0,-0.0701136189928391,-0.9354054242077128,0.0,1.9933778616853173,-0.9381944194495243,-0.2769168718547923,0.0,0.0,1.0664994754935726,1.7441992124167807,0.0,-1.7099501478251002,-0.7006960309648725
0.0,0.0,-0.0701136189928391,1.4302650679821156,0.0,1.5032644673006357,0.6710185428442086,-0.6855169236756652,1.0,1.0,-0.16217478690154793,-0.5448189483784588,0.0,1.1454075036452287,-0.3024045397125683
0.0,0.0,-0.0701136189928391,1.4302650679821156,0.0,1.5032644673006357,0.26871530227077534,-0.6855169236756652,1.0,1.0,-0.4352135118782414,-0.3268172187789122,0.0,1.0741126808869184,-0.0955416606741348
1.0,0.0,-0.9862649071659377,0.2474298218872014,0.0,0.03292428414659036,-0.3347395585893745,-1.094116975496538,0.0,1.0,-0.7082522368549349,-1.0898232723773253,1.0,0.4579217127615221,-0.1681789150208029
0.0,1.0,-0.9862649071659377,-0.9354054242077128,0.0,0.03292428414659036,1.0733217834176418,-0.6855169236756652,0.0,0.0,0.11086393807514554,0.5451896996192743,0.0,1.1947654578625209,0.37514997700706265
1.0,0.0,-0.0701136189928391,0.2474298218872014,0.0,1.0131510729159539,0.06756368198405872,-0.6855169236756652,1.0,1.0,-0.5717328743665882,-0.9808224075775521,0.0,1.02509749024058,-0.0453681591976161
0.0,0.0,-0.0701136189928391,0.2474298218872014,1.0,-1.4374158990074548,2.079079884851225,2.1746834390704453,0.0,0.0,1.2030188379819193,0.8721922940185942,0.0,0.7940258771935566,-0.7904231714498582
0.0,0.0,-0.9862649071659377,0.2474298218872014,1.0,-0.4571891102380914,-0.5358911788760911,0.5402832317869536,0.0,1.0,-0.5717328743665882,0.32718797001972766,0.0,-0.2983126572105555,0.11476533403102636
0.0,0.0,-0.9862649071659377,-0.9354054242077128,1.0,-1.4374158990074548,-0.3347395585893745,2.3789834649808816,0.0,1.0,0.11086393807514554,1.6351983476170073,0.0,-0.7055157795032125,-0.26085710701886466
0.0,1.0,-0.9862649071659377,-0.9354054242077128,0.0,1.9933778616853173,-1.3404976600229574,-0.6855169236756652,0.0,0.0,-1.5273684117850153,-2.0708310555752854,0.0,-2.062859520478736,-1.4387457453462735
0.0,0.0,-0.0701136189928391,0.2474298218872014,0.0,1.0131510729159539,0.4698669225574919,-1.094116975496538,0.0,1.0,-0.16217478690154793,-0.2178163539791389,0.0,0.8245808012328325,1.8618055399445699
0.0,0.0,-0.0701136189928391,0.2474298218872014,1.0,1.0131510729159539,-0.1335879383026579,-0.2769168718547923,0.0,0.0,0.11086393807514554,0.9811931588183676,0.0,-0.43404703130810773,0.02449554702015741
1.0,0.0,-0.9862649071659377,0.2474298218872014,1.0,0.03292428414659036,0.4698669225574919,-1.094116975496538,0.0,0.0,-0.16217478690154793,0.5451896996192743,0.0,0.8245808012328325,-0.5749020987163143
0.0,0.0,-0.9862649071659377,0.2474298218872014,0.0,0.03292428414659036,-0.7370427991628077,-1.094116975496538,0.0,1.0,-0.9812909618316283,-0.3268172187789122,0.0,0.05459671544308061,-0.3435464390304746
0.0,1.0,2.678340245526457,-0.9354054242077128,0.0,1.9933778616853173,-1.139346039736241,2.1746834390704453,0.0,0.0,1.7490962879353062,0.5451896996192743,0.0,-1.9216957714172818,0.39472398465708264
0.0,0.0,1.7621889573533582,0.2474298218872014,1.0,0.03292428414659036,-0.9381944194495243,0.9488832836078265,1.0,1.0,2.2951737378886934,1.7441992124167807,0.0,-1.8194737462348491,2.0117454013396507
0.0,0.0,0.8460376691802596,0.2474298218872014,0.0,0.5230376785312721,0.6710185428442086,-0.2769168718547923,1.0,1.0,0.11086393807514554,-0.7628206779780055,0.0,0.6518279614723113,1.017734310612227
0.0,1.0,-0.0701136189928391,-0.9354054242077128,0.0,0.5230376785312721,-1.139346039736241,1.7660833872495723,0.0,0.0,1.0664994754935726,1.853200077216554,0.0,-1.886404834151918,0.46927550673150875
0.0,1.0,-0.0701136189928391,-0.9354054242077128,0.0,1.5032644673006357,0.8721701631309251,-0.6855169236756652,0.0,0.0,-0.025655424413201202,-0.6538198131782321,0.0,1.1721430621795952,-1.1289925695568837
0.0,1.0,-0.9862649071659377,-0.9354054242077128,0.0,-0.4571891102380914,-0.7370427991628077,0.13168317996608064,0.0,0.0,-0.025655424413201202,-0.8718215427777788,1.0,-1.180586088844646,-1.0420110359469745
0.0,1.0,-0.0701136189928391,-0.9354054242077128,0.0,-1.4374158990074548,0.4698669225574919,-1.094116975496538,0.0,0.0,-0.16217478690154793,-0.6538198131782321,0.0,0.8245808012328325,1.0226238428196472
1.0,0.0,-0.0701136189928391,-0.9354054242077128,0.0,-0.4571891102380914,-0.1335879383026579,-0.6855169236756652,0.0,1.0,-0.7082522368549349,-0.6538198131782321,0.0,0.9620779594095735,-0.2714044697923411
0.0,0.0,-0.0701136189928391,2.61310031407703,0.0,1.0131510729159539,0.4698669225574919,-0.6855169236756652,0.0,0.0,-0.2986941493898947,-0.4358180835786855,0.0,1.1133248334039894,-0.5985805973438404
0.0,1.0,-0.9862649071659377,-0.9354054242077128,0.0,-1.9275292933921366,-1.139346039736241,-0.6855169236756652,0.0,0.0,-1.3908490492966685,-1.8528293259757387,0.0,-0.2983126572105555,-0.24062451651734812
1.0,0.0,2.678340245526457,0.2474298218872014,1.0,1.0131510729159539,2.2802315051379414,-0.6855169236756652,0.0,0.0,2.3634334191328668,1.3081957532176876,0.0,1.355950027103364,0.6077799956711064
0.0,1.0,0.8460376691802596,-0.9354054242077128,0.0,0.03292428414659036,-0.3347395585893745,2.1746834390704453,0.0,0.0,2.022135012912,1.3081957532176876,0.0,-1.4093236451942248,1.291476176499907
1.0,0.0,-0.0701136189928391,1.4302650679821156,1.0,0.5230376785312721,0.26871530227077534,0.13168317996608064,0.0,1.0,0.7934607505168791,1.9622009420163273,0.0,-0.494373419795909,-0.4408552271831753
0.0,0.0,-0.9862649071659377,0.2474298218872014,0.0,0.03292428414659036,-0.3347395585893745,-1.094116975496538,0.0,1.0,-0.7082522368549349,-1.4168258667766453,1.0,0.4579217127615221,-0.41568040824785923
1.0,0.0,0.8460376691802596,-0.9354054242077128,1.0,-0.4571891102380914,0.6710185428442086,1.7660833872495723,0.0,1.0,2.3634334191328668,2.289203536415647,0.0,-0.9600177309361233,1.0507291370306613
0.0,0.0,0.8460376691802596,0.2474298218872014,0.0,1.5032644673006357,-0.7370427991628077,0.5402832317869536,0.0,0.0,-0.2986941493898947,-0.4358180835786855,0.0,-1.0041314025178278,-0.16322831663658519
0.0,1.0,-0.9862649071659377,-0.9354054242077128,0.0,-1.4374158990074548,-0.1335879383026579,-1.094116975496538,0.0,0.0,-0.5717328743665882,0.0001853756204077356,0.0,0.5839607744235349,0.22296570932174406
1.0,0.0,-0.9862649071659377,0.2474298218872014,1.0,-2.4176426877768185,0.26871530227077534,-0.6855169236756652,0.0,1.0,-0.4352135118782414,0.0001853756204077356,0.0,1.0741126808869184,0.2765530302700513
1.0,0.0,-0.0701136189928391,1.4302650679821156,0.0,1.0131510729159539,-0.3347395585893745,-0.6855169236756652,1.0,1.0,-0.8447715993432816,-1.4168258667766453,0.0,0.8780519183015653,-1.1442500931751405
1.0,0.0,-0.0701136189928391,0.2474298218872014,1.0,1.5032644673006357,-0.3347395585893745,-0.2769168718547923,0.0,0.0,0.11086393807514554,2.289203536415647,0.0,-0.7055157795032125,-0.7150779930500388
1.0,1.0,-0.9862649071659377,-0.9354054242077128,0.0,-1.4374158990074548,0.6710185428442086,-0.6855169236756652,0.0,0.0,-0.16217478690154793,-0.5448189483784588,0.0,1.1454075036452287,0.5885685254839901
1.0,1.0,-0.9862649071659377,-0.9354054242077128,0.0,1.0131510729159539,-0.9381944194495243,-0.6855169236756652,1.0,0.0,-1.2543296868083218,-1.8528293259757387,0.0,0.2898696305455047,-0.33681704098298737
1.0,0.0,1.7621889573533582,1.4302650679821156,1.0,1.9933778616853173,2.2802315051379414,-0.6855169236756652,1.0,1.0,1.885615650423653,0.6541905644190477,0.0,1.3304998319600732,-0.04514620306580132
0.0,1.0,-0.0701136189928391,-0.9354054242077128,0.0,-0.9473025046227731,0.6710185428442086,-0.6855169236756652,1.0,0.0,-0.16217478690154793,-0.4358180835786855,0.0,1.1454075036452287,-0.5993329664834413
1.0,1.0,0.8460376691802596,-0.9354054242077128,0.0,-1.9275292933921366,-1.3404976600229574,-0.2769168718547923,1.0,0.0,-0.025655424413201202,-0.4358180835786855,0.0,-2.062859520478736,0.6661085420677723
0.0,0.0,-0.0701136189928391,0.2474298218872014,0.0,0.5230376785312721,1.2744734037043584,-0.6855169236756652,1.0,1.0,0.24738330056349225,-0.5448189483784588,0.0,1.2141560827335995,-0.600566741109913
0.0,0.0,1.7621889573533582,0.2474298218872014,1.0,-0.4571891102380914,1.4756250239910749,0.13168317996608064,0.0,0.0,2.022135012912,1.853200077216554,0.0,-0.23295906968210445,-0.1987858654693859
0.0,0.0,-0.9862649071659377,0.2474298218872014,0.0,0.03292428414659036,-0.5358911788760911,-0.6855169236756652,0.0,1.0,-0.9812909618316283,-0.6538198131782321,1.0,0.7604154607503532,-0.9047812916758202
0.0,1.0,-0.9862649071659377,-0.9354054242077128,0.0,1.5032644673006357,-1.139346039736241,1.7660833872495723,1.0,0.0,-1.117810324319975,-0.6538198131782321,1.0,-1.180586088844646,0.16418143056268802
0.0,0.0,-0.9862649071659377,0.2474298218872014,1.0,-0.4571891102380914,-1.139346039736241,0.5402832317869536,0.0,1.0,-0.9812909618316283,0.5451896996192743,0.0,-1.357040775171464,1.4026137033449375
1.0,0.0,-0.0701136189928391,1.4302650679821156,1.0,0.5230376785312721,-1.3404976600229574,0.13168317996608064,1.0,0.0,0.383902663051839,0.5451896996192743,0.0,-2.062859520478736,-0.7638362500130109
1.0,0.0,1.7621889573533582,2.61310031407703,1.0,1.0131510729159539,-0.3347395585893745,-0.2769168718547923,0.0,0.0,1.339538200470266,1.9622009420163273,0.0,-1.260792764447745,-0.41026829181995095
0.0,0.0,-0.9862649071659377,-0.9354054242077128,0.0,-0.4571891102380914,-0.3347395585893745,2.1746834390704453,0.0,1.0,-0.4352135118782414,-0.4358180835786855,0.0,-0.10225189462520197,0.5202968219092458
1.0,0.0,-0.9862649071659377,-0.9354054242077128,0.0,-0.9473025046227731,-0.3347395585893745,0.5402832317869536,0.0,1.0,-0.5717328743665882,-0.7628206779780055,1.0,0.14282405860648972,-0.9820559532408242
0.0,0.0,1.7621889573533582,2.61310031407703,1.0,-0.4571891102380914,0.06756368198405872,2.3789834649808816,1.0,1.0,2.3634334191328668,2.071201806816101,0.0,-1.3951931397826678,2.5776366966813704
0.0,0.0,2.678340245526457,1.4302650679821156,1.0,-0.4571891102380914,2.2802315051379414,-0.6855169236756652,0.0,0.0,1.339538200470266,0.436188834819501,0.0,1.3058208548514272,0.6914327728796258
0.0,0.0,-0.0701136189928391,-0.9354054242077128,0.0,0.03292428414659036,-0.9381944194495243,-0.2769168718547923,1.0,1.0,-0.7082522368549349,-1.307825001976872,0.0,-1.054547027182633,0.6969529077295668
0.0,0.0,0.8460376691802596,0.2474298218872014,0.0,-0.9473025046227731,1.2744734037043584,-0.6855169236756652,1.0,0.0,0.24738330056349225,-0.6538198131782321,0.0,1.2141560827335995,1.5828030895362986
0.0,0.0,-0.9862649071659377,0.2474298218872014,1.0,-0.4571891102380914,-0.5358911788760911,0.9488832836078265,0.0,0.0,-0.4352135118782414,1.9622009420163273,0.0,-0.494373419795909,0.2528222742960331
1.0,1.0,-0.0701136189928391,-0.9354054242077128,0.0,0.5230376785312721,-0.3347395585893745,0.5402832317869536,1.0,0.0,-0.4352135118782414,1.0901940236181409,0.0,-0.10225189462520197,-0.22508799645367075
1.0,1.0,2.678340245526457,-0.9354054242077128,0.0,0.5230376785312721,2.2802315051379414,-0.6855169236756652,1.0,0.0,2.3634334191328668,1.6351983476170073,0.0,1.3624373317477323,0.3043964592957523
1.0,1.0,0.8460376691802596,-0.9354054242077128,0.0,-0.9473025046227731,0.26871530227077534,2.3789834649808816,1.0,0.0,-0.16217478690154793,1.6351983476170073,0.0,0.5037540988204359,0.6175800734265495
0.0,0.0,-0.9862649071659377,-0.9354054242077128,0.0,0.5230376785312721,-0.7370427991628077,1.3574833354286995,0.0,1.0,-0.5717328743665882,-0.4358180835786855,1.0,-0.7394493730276007,-0.5513866781567955
0.0,0.0,-0.9862649071659377,0.2474298218872014,0.0,0.03292428414659036,-0.3347395585893745,-0.6855169236756652,0.0,0.0,-0.8447715993432816,-1.0898232723773253,0.0,0.8780519183015653,0.5009439092556209
0.0,1.0,0.8460376691802596,-0.9354054242077128,0.0,0.03292428414659036,0.8721701631309251,-0.6855169236756652,0.0,0.0,-0.025655424413201202,-0.2178163539791389,0.0,1.1721430621795952,0.3992120321137953
1.0,1.0,-0.9862649071659377,-0.9354054242077128,0.0,1.0131510729159539,-1.3404976600229574,-0.6855169236756652,1.0,0.0,-1.5273684117850153,-1.9618301907755118,0.0,-2.062859520478736,-1.03951619587822
0.0,0.0,-0.0701136189928391,2.61310031407703,1.0,0.03292428414659036,-0.5358911788760911,1.7660833872495723,0.0,0.0,0.9299801130052259,-0.10881548917936558,0.0,-1.3198924201552917,-0.8530141944570637
0.0,0.0,-0.9862649071659377,0.2474298218872014,1.0,1.9933778616853173,-0.3347395585893745,0.5402832317869536,0.0,1.0,-0.4352135118782414,0.8721922940185942,0.0,-0.10225189462520197,-0.9820559532408242
1.0,1.0,-0.0701136189928391,-0.9354054242077128,0.0,0.03292428414659036,0.4698669225574919,-0.6855169236756652,0.0,0.0,-0.2986941493898947,-0.3268172187789122,0.0,1.1133248334039894,2.4872564897957927
0.0,0.0,-0.0701136189928391,0.2474298218872014,0.0,-2.9077560821615003,-0.3347395585893745,-1.094116975496538,0.0,1.0,-0.7082522368549349,-0.8718215427777788,0.0,0.4579217127615221,-0.8236323845035423
0.0,1.0,-0.9862649071659377,-0.9354054242077128,0.0,0.5230376785312721,-0.5358911788760911,-0.2769168718547923,0.0,0.0,-0.16217478690154793,-0.3268172187789122,1.0,-0.7795527108291502,0.02694063409889989
1.0,0.0,0.8460376691802596,0.2474298218872014,1.0,1.5032644673006357,2.2802315051379414,-1.094116975496538,1.0,0.0,1.6125769254469595,0.436188834819501,0.0,1.1721430621795952,1.4405077492832208
0.0,0.0,-0.9862649071659377,0.2474298218872014,0.0,1.0131510729159539,-0.3347395585893745,-0.6855169236756652,0.0,1.0,-0.7082522368549349,-0.6538198131782321,1.0,0.4579217127615221,0.20273311882022813
0.0,1.0,-0.0701136189928391,-0.9354054242077128,0.0,0.5230376785312721,-0.9381944194495243,1.3574833354286995,0.0,0.0,-0.4352135118782414,0.436188834819501,0.0,-1.2786164701373226,-0.9029791619433113
1.0,0.0,1.7621889573533582,0.2474298218872014,1.0,0.03292428414659036,1.6767766442777916,-0.2769168718547923,0.0,1.0,2.3634334191328668,1.3081957532176876,0.0,-0.35523352376759354,2.4265693080398485
0.0,0.0,-0.0701136189928391,2.61310031407703,0.0,2.4834912560699993,0.26871530227077534,-1.094116975496538,1.0,0.0,-0.2986941493898947,-0.5448189483784588,0.0,0.7604154607503532,-0.936153439510235
0.0,0.0,-0.0701136189928391,0.2474298218872014,1.0,0.03292428414659036,0.06756368198405872,-0.6855169236756652,1.0,1.0,-0.5717328743665882,0.6541905644190477,0.0,1.02509749024058,-0.5220164232245437
1.0,1.0,-0.9862649071659377,-0.9354054242077128,0.0,-2.9077560821615003,-0.5358911788760911,0.13168317996608064,0.0,0.0,-0.16217478690154793,0.32718797001972766,0.0,-0.7795527108291502,-0.950524539766205
0.0,1.0,-0.0701136189928391,-0.9354054242077128,0.0,-0.4571891102380914,-0.5358911788760911,-0.6855169236756652,1.0,0.0,-0.9812909618316283,-0.9808224075775521,0.0,0.7604154607503532,-0.8374514693924933
0.0,0.0,-0.0701136189928391,0.2474298218872014,1.0,-0.9473025046227731,0.4698669225574919,-1.094116975496538,0.0,1.0,-0.16217478690154793,-0.10881548917936558,0.0,0.8245808012328325,-0.815150117533892
1.0,0.0,-0.9862649071659377,0.2474298218872014,1.0,-0.4571891102380914,-0.7370427991628077,-0.2769168718547923,0.0,1.0,-0.16217478690154793,0.7631914292188209,0.0,-1.1003794132415468,-0.3769745829406106
0.0,1.0,-0.9862649071659377,-0.9354054242077128,0.0,-0.9473025046227731,-0.5358911788760911,-0.2769168718547923,0.0,0.0,0.5204220255401857,-0.10881548917936558,0.0,-1.180586088844646,-1.0851152504936832
0.0,0.0,0.8460376691802596,2.61310031407703,0.0,-0.4571891102380914,0.4698669225574919,-1.094116975496538,0.0,0.0,-0.16217478690154793,-0.9808224075775521,0.0,0.8245808012328325,0.1322325081623785
0.0,1.0,-0.9862649071659377,-0.9354054242077128,0.0,0.5230376785312721,-1.139346039736241,-0.6855169236756652,1.0,0.0,-1.3908490492966685,-1.7438284611759653,0.0,-0.2983126572105555,0.08935698351365873
0.0,0.0,-0.9862649071659377,0.2474298218872014,0.0,0.5230376785312721,-0.5358911788760911,1.3574833354286995,0.0,0.0,-0.7082522368549349,-0.7628206779780055,1.0,-0.046234533886529754,-1.3903072142788386
0.0,1.0,-0.0701136189928391,-0.9354054242077128,0.0,-0.4571891102380914,-0.5358911788760911,1.3574833354286995,1.0,0.0,-0.7082522368549349,-1.1988241371770987,0.0,-0.046234533886529754,-0.6655455381040929
0.0,0.0,-0.0701136189928391,0.2474298218872014,1.0,1.0131510729159539,-0.7370427991628077,2.3789834649808816,0.0,1.0,-0.8447715993432816,0.32718797001972766,0.0,-0.2983126572105555,-1.011616818483999
0.0,0.0,-0.9862649071659377,-0.9354054242077128,0.0,0.03292428414659036,-0.3347395585893745,-1.094116975496538,0.0,1.0,-0.7082522368549349,-1.4168258667766453,1.0,0.4579217127615221,-0.0743654032657573
0.0,1.0,-0.9862649071659377,-0.9354054242077128,0.0,-0.9473025046227731,-0.1335879383026579,-0.6855169236756652,0.0,0.0,-0.7082522368549349,-0.2178163539791389,0.0,0.9620779594095735,-0.343083375718194
1.0,0.0,-0.0701136189928391,0.2474298218872014,1.0,0.03292428414659036,-0.3347395585893745,0.9488832836078265,0.0,1.0,0.6569413880285324,0.0001853756204077356,0.0,-1.0248907773798064,0.9093731895771947
1.0,0.0,-0.0701136189928391,0.2474298218872014,0.0,-1.4374158990074548,-0.3347395585893745,-0.6855169236756652,0.0,1.0,-0.8447715993432816,-1.1988241371770987,0.0,0.8780519183015653,-1.0626789886798975
0.0,1.0,0.8460376691802596,-0.9354054242077128,0.0,1.5032644673006357,0.4698669225574919,-0.6855169236756652,1.0,0.0,-0.2986941493898947,0.9811931588183676,0.0,1.1133248334039894,1.099985952377012
0.0,1.0,-0.0701136189928391,-0.9354054242077128,0.0,0.5230376785312721,-0.3347395585893745,-1.094116975496538,1.0,0.0,-0.7082522368549349,-0.9808224075775521,0.0,0.4579217127615221,0.624571462976556
1.0,0.0,-0.9862649071659377,1.4302650679821156,0.0,-0.9473025046227731,0.06756368198405872,0.13168317996608064,0.0,0.0,-0.16217478690154793,-0.8718215427777788,1.0,0.18292739640803926,0.08133757581112934
0.0,1.0,-0.0701136189928391,-0.9354054242077128,0.0,-0.4571891102380914,0.6710185428442086,-0.6855169236756652,0.0,0.0,-0.16217478690154793,-0.10881548917936558,0.0,1.1454075036452287,2.255021537952301
0.0,1.0,-0.9862649071659377,-0.9354054242077128,0.0,0.03292428414659036,0.6710185428442086,-0.6855169236756652,0.0,0.0,-0.16217478690154793,-0.7628206779780055,1.0,1.1454075036452287,-0.9153374258505244
0.0,0.0,-0.9862649071659377,0.2474298218872014,0.0,1.0131510729159539,0.6710185428442086,-0.6855169236756652,0.0,0.0,-0.16217478690154793,-0.8718215427777788,1.0,1.1454075036452287,-0.46525282313999
0.0,0.0,-0.0701136189928391,1.4302650679821156,0.0,1.5032644673006357,0.06756368198405872,2.1746834390704453,0.0,0.0,-0.025655424413201202,-0.8718215427777788,0.0,-0.0042215133325252075,-0.44123346548092274
1.0,0.0,-0.9862649071659377,0.2474298218872014,0.0,1.0131510729159539,-1.139346039736241,-0.6855169236756652,1.0,1.0,-1.3908490492966685,-0.3268172187789122,1.0,-0.2983126572105555,-0.4485115054184949
0.0,0.0,-0.0701136189928391,0.2474298218872014,0.0,0.5230376785312721,1.4756250239910749,-0.6855169236756652,0.0,1.0,0.383902663051839,-0.5448189483784588,0.0,1.2309612909552012,-0.45056199540768
1.0,0.0,-0.9862649071659377,0.2474298218872014,1.0,0.5230376785312721,-0.7370427991628077,-1.094116975496538,0.0,0.0,-0.9812909618316283,0.5451896996192743,0.0,0.05459671544308061,-1.0434038359691689
0.0,0.0,-0.9862649071659377,-0.9354054242077128,0.0,0.03292428414659036,1.0733217834176418,-0.6855169236756652,0.0,1.0,0.11086393807514554,-0.7628206779780055,0.0,1.1947654578625209,0.4411258155989643
0.0,0.0,-0.0701136189928391,0.2474298218872014,1.0,-0.4571891102380914,0.4698669225574919,-0.2769168718547923,1.0,1.0,0.383902663051839,1.1991948884179142,0.0,0.05459671544308061,-1.189899754354596
1.0,1.0,-0.9862649071659377,-0.9354054242077128,0.0,1.5032644673006357,-0.7370427991628077,0.9488832836078265,0.0,0.0,-0.7082522368549349,0.10918624042018105,0.0,-0.5503907805345813,0.6105414476821547
0.0,1.0,-0.0701136189928391,-0.9354054242077128,0.0,0.5230376785312721,-0.1335879383026579,0.5402832317869536,0.0,0.0,-0.2986941493898947,-0.5448189483784588,1.0,0.05459671544308061,-0.9417277612872846
0.0,0.0,0.8460376691802596,1.4302650679821156,0.0,-0.4571891102380914,0.8721701631309251,-1.094116975496538,1.0,1.0,0.11086393807514554,-0.2178163539791389,0.0,0.9232967096674158,0.4423840764675576
1.0,0.0,-0.9862649071659377,2.61310031407703,1.0,0.03292428414659036,-0.9381944194495243,0.5402832317869536,0.0,0.0,-0.4352135118782414,0.7631914292188209,0.0,-1.2786164701373226,-0.7079294449293912
0.0,0.0,-0.0701136189928391,0.2474298218872014,1.0,-1.4374158990074548,1.0733217834176418,-1.094116975496538,0.0,1.0,0.24738330056349225,2.180202671615874,0.0,0.9620779594095735,1.4507859925399738
1.0,0.0,-0.9862649071659377,2.61310031407703,0.0,0.5230376785312721,-0.3347395585893745,-1.094116975496538,0.0,1.0,-0.7082522368549349,-0.3268172187789122,1.0,0.4579217127615221,-0.27892244289955304
0.0,0.0,0.8460376691802596,1.4302650679821156,1.0,0.5230376785312721,0.4698669225574919,-0.6855169236756652,1.0,1.0,-0.2986941493898947,1.3081957532176876,0.0,1.1133248334039894,0.2918635720380018
1.0,0.0,-0.0701136189928391,2.61310031407703,1.0,1.0131510729159539,1.2744734037043584,1.7660833872495723,0.0,0.0,0.7934607505168791,0.10918624042018105,0.0,0.4859303931308582,1.82784133746048
0.0,0.0,2.678340245526457,0.2474298218872014,1.0,0.5230376785312721,2.2802315051379414,-0.6855169236756652,0.0,1.0,1.339538200470266,0.32718797001972766,0.0,1.1454075036452287,0.29859560904318977
0.0,0.0,2.678340245526457,0.2474298218872014,1.0,0.5230376785312721,0.06756368198405872,0.13168317996608064,0.0,0.0,2.022135012912,1.7441992124167807,0.0,-1.1479092950804204,0.22782523596192694
0.0,1.0,-0.9862649071659377,-0.9354054242077128,0.0,1.9933778616853173,-0.7370427991628077,2.3789834649808816,0.0,0.0,-0.7082522368549349,-0.8718215427777788,1.0,-0.5503907805345813,-0.9214106879738894
1.0,0.0,-0.9862649071659377,2.61310031407703,1.0,-0.4571891102380914,-0.3347395585893745,-0.6855169236756652,0.0,0.0,-0.7082522368549349,0.7631914292188209,0.0,0.4579217127615221,-0.7974834067762404
0.0,0.0,-0.0701136189928391,-0.9354054242077128,0.0,0.03292428414659036,-0.3347395585893745,1.3574833354286995,1.0,1.0,-0.4352135118782414,-0.4358180835786855,0.0,-0.10225189462520197,1.2558528135212792
0.0,0.0,0.8460376691802596,0.2474298218872014,1.0,0.5230376785312721,2.2802315051379414,0.13168317996608064,0.0,1.0,1.7490962879353062,0.7631914292188209,0.0,1.042742958873262,1.020279317015023
0.0,1.0,-0.0701136189928391,-0.9354054242077128,0.0,1.0131510729159539,-0.3347395585893745,-0.6855169236756652,0.0,0.0,-0.8447715993432816,-0.4358180835786855,0.0,0.8780519183015653,-1.1695891056394598
0.0,0.0,-0.9862649071659377,-0.9354054242077128,0.0,-1.9275292933921366,-1.139346039736241,-0.6855169236756652,0.0,1.0,-1.3908490492966685,-1.0898232723773253,1.0,-0.2983126572105555,-0.9311308433766982
1.0,0.0,-0.0701136189928391,0.2474298218872014,0.0,-1.9275292933921366,0.6710185428442086,-0.6855169236756652,1.0,0.0,-0.16217478690154793,-0.8718215427777788,0.0,1.1454075036452287,-1.1339686379545424
0.0,1.0,-0.9862649071659377,-0.9354054242077128,0.0,1.0131510729159539,-1.3404976600229574,-0.6855169236756652,0.0,0.0,-1.5273684117850153,-2.0708310555752854,0.0,-2.062859520478736,-1.9321651090894667
0.0,1.0,0.8460376691802596,-0.9354054242077128,0.0,2.4834912560699993,2.2802315051379414,0.13168317996608064,1.0,0.0,1.6125769254469595,0.6541905644190477,0.0,1.02509749024058,1.3516759761772532
0.0,0.0,-0.0701136189928391,1.4302650679821156,0.0,1.5032644673006357,-0.7370427991628077,0.5402832317869536,0.0,0.0,-0.4352135118782414,-0.8718215427777788,0.0,-0.8864949449666158,-1.1922294815316656
0.0,0.0,-0.0701136189928391,0.2474298218872014,0.0,0.03292428414659036,0.26871530227077534,-0.6855169236756652,0.0,1.0,-0.4352135118782414,-0.5448189483784588,0.0,1.0741126808869184,-0.2307942087298886
1.0,0.0,0.8460376691802596,0.2474298218872014,1.0,-0.4571891102380914,-0.7370427991628077,0.5402832317869536,1.0,0.0,1.2030188379819193,1.4171966180174609,0.0,-1.5587032738306847,1.607889840274558
1.0,1.0,-0.9862649071659377,-0.9354054242077128,0.0,0.03292428414659036,-0.7370427991628077,-0.6855169236756652,1.0,0.0,-1.117810324319975,-0.6538198131782321,1.0,0.5839607744235349,-0.359589698780518
0.0,0.0,-0.0701136189928391,0.2474298218872014,1.0,1.5032644673006357,-0.3347395585893745,0.5402832317869536,0.0,0.0,0.11086393807514554,0.32718797001972766,0.0,-0.7055157795032125,-0.3924407250715085
0.0,0.0,-0.0701136189928391,2.61310031407703,0.0,0.03292428414659036,0.8721701631309251,-0.6855169236756652,0.0,1.0,-0.025655424413201202,-0.7628206779780055,0.0,1.1721430621795952,-1.285461346053115
1.0,0.0,-0.0701136189928391,-0.9354054242077128,0.0,-0.9473025046227731,0.06756368198405872,0.5402832317869536,1.0,1.0,0.11086393807514554,-0.6538198131782321,0.0,-0.1625782831130032,-0.31762109343905354
1.0,1.0,-0.0701136189928391,-0.9354054242077128,0.0,-0.4571891102380914,-0.3347395585893745,0.13168317996608064,0.0,0.0,-0.16217478690154793,-0.2178163539791389,0.0,-0.45872600841675376,-0.532767133535793
0.0,0.0,-0.9862649071659377,0.2474298218872014,0.0,0.5230376785312721,0.6710185428442086,-0.6855169236756652,0.0,1.0,-0.16217478690154793,-0.3268172187789122,1.0,1.1454075036452287,-0.49074141288986106
0.0,0.0,-0.0701136189928391,2.61310031407703,0.0,0.03292428414659036,0.4698669225574919,-1.094116975496538,0.0,1.0,-0.16217478690154793,-0.9808224075775521,0.0,0.8245808012328325,3.015063198531003
0.0,0.0,-0.0701136189928391,1.4302650679821156,1.0,1.0131510729159539,0.26871530227077534,0.13168317996608064,0.0,0.0,-0.025655424413201202,0.32718797001972766,0.0,0.2898696305455047,0.6408126870704515
0.0,1.0,1.7621889573533582,-0.9354054242077128,0.0,-1.4374158990074548,2.2802315051379414,-0.6855169236756652,1.0,0.0,2.1586543754003467,0.9811931588183676,0.0,1.2141560827335995,0.05562285275014214
0.0,0.0,-0.0701136189928391,0.2474298218872014,0.0,0.03292428414659036,0.26871530227077534,-0.6855169236756652,1.0,1.0,-0.4352135118782414,-1.1988241371770987,0.0,1.0741126808869184,-0.6778832843688106
0.0,0.0,0.8460376691802596,0.2474298218872014,0.0,-1.4374158990074548,0.06756368198405872,-0.2769168718547923,1.0,0.0,0.11086393807514554,-0.7628206779780055,0.0,-0.1625782831130032,0.08047685270250456
1.0,0.0,-0.9862649071659377,0.2474298218872014,0.0,-0.4571891102380914,-0.5358911788760911,-0.6855169236756652,0.0,0.0,-0.8447715993432816,-0.2178163539791389,0.0,0.2898696305455047,0.4367274263595041
0.0,1.0,-0.9862649071659377,-0.9354054242077128,0.0,-1.9275292933921366,-0.3347395585893745,1.7660833872495723,0.0,0.0,-0.16217478690154793,-0.5448189483784588,0.0,-0.45872600841675376,0.8387402028461551
0.0,0.0,-0.0701136189928391,0.2474298218872014,0.0,-0.9473025046227731,-0.1335879383026579,-1.094116975496538,0.0,1.0,-0.5717328743665882,-0.7628206779780055,0.0,0.5839607744235349,1.0308212202978597
0.0,0.0,-0.0701136189928391,1.4302650679821156,0.0,0.03292428414659036,0.6710185428442086,-0.6855169236756652,1.0,1.0,-0.16217478690154793,-0.3268172187789122,0.0,1.1454075036452287,-0.05976219650645318
0.0,1.0,-0.0701136189928391,-0.9354054242077128,0.0,0.03292428414659036,-0.3347395585893745,-0.6855169236756652,1.0,0.0,-0.8447715993432816,-0.2178163539791389,0.0,0.8780519183015653,-0.8576031216248656
0.0,0.0,-0.0701136189928391,0.2474298218872014,1.0,-0.4571891102380914,0.8721701631309251,0.13168317996608064,1.0,1.0,0.5204220255401857,0.32718797001972766,0.0,0.3633924165150123,-0.5211939068068958
1.0,1.0,-0.0701136189928391,-0.9354054242077128,0.0,-0.4571891102380914,1.6767766442777916,-1.094116975496538,1.0,0.0,0.6569413880285324,-0.3268172187789122,0.0,1.0510467088180533,-0.9645302559190858
0.0,0.0,-0.9862649071659377,1.4302650679821156,1.0,1.5032644673006357,-0.3347395585893745,-0.2769168718547923,0.0,0.0,-0.16217478690154793,0.10918624042018105,0.0,-0.45872600841675376,1.3374057139974436
1.0,0.0,0.8460376691802596,1.4302650679821156,0.0,-0.4571891102380914,0.4698669225574919,-0.6855169236756652,0.0,1.0,-0.2986941493898947,-0.7628206779780055,0.0,1.1133248334039894,-0.8809658551707387
1.0,0.0,0.8460376691802596,0.2474298218872014,1.0,1.0131510729159539,-0.7370427991628077,-0.2769168718547923,1.0,1.0,0.5204220255401857,0.9811931588183676,0.0,-1.4011544467531685,0.8746164539415017
0.0,0.0,0.8460376691802596,1.4302650679821156,1.0,-0.9473025046227731,0.6710185428442086,0.9488832836078265,0.0,1.0,0.6569413880285324,1.5261974828172342,0.0,0.013077965719123561,-0.6375985049363994
0.0,1.0,-0.9862649071659377,-0.9354054242077128,0.0,0.03292428414659036,-0.9381944194495243,-0.6855169236756652,0.0,0.0,-1.2543296868083218,-1.5258267315764187,0.0,0.2898696305455047,0.22469693388238204
0.0,1.0,2.678340245526457,-0.9354054242077128,0.0,0.5230376785312721,2.2802315051379414,2.1746834390704453,0.0,0.0,2.3634334191328668,1.9622009420163273,0.0,0.2262823561934984,0.46924673405190315
1.0,0.0,0.8460376691802596,0.2474298218872014,1.0,0.03292428414659036,0.6710185428442086,0.5402832317869536,1.0,0.0,0.24738330056349225,0.9811931588183676,0.0,0.4579217127615221,1.4080183507861308
0.0,1.0,-0.9862649071659377,-0.9354054242077128,0.0,-0.9473025046227731,-0.3347395585893745,-0.6855169236756652,0.0,0.0,-0.8447715993432816,-0.7628206779780055,1.0,0.8780519183015653,-0.5425975092775297
1.0,0.0,1.7621889573533582,-0.9354054242077128,1.0,-0.9473025046227731,-0.9381944194495243,-0.2769168718547923,0.0,1.0,1.6125769254469595,2.289203536415647,0.0,-1.768768376600706,-0.05202906447676631
0.0,0.0,0.8460376691802596,-0.9354054242077128,1.0,0.03292428414659036,-0.9381944194495243,-0.2769168718547923,0.0,1.0,0.5204220255401857,1.5261974828172342,0.0,-1.6217228046616912,-0.6820795607971663
0.0,0.0,-0.9862649071659377,0.2474298218872014,1.0,0.5230376785312721,-0.9381944194495243,0.5402832317869536,0.0,1.0,-0.4352135118782414,0.5451896996192743,0.0,-1.2786164701373226,-1.0147410226623221
0.0,0.0,-0.0701136189928391,2.61310031407703,0.0,1.9933778616853173,0.06756368198405872,0.5402832317869536,1.0,0.0,0.24738330056349225,-0.6538198131782321,0.0,-0.2983126572105555,0.24785894369384182
1.0,0.0,-0.9862649071659377,0.2474298218872014,0.0,-0.4571891102380914,0.8721701631309251,-1.094116975496538,1.0,1.0,0.11086393807514554,-0.3268172187789122,1.0,0.9232967096674158,-0.35308322512408064
0.0,0.0,2.678340245526457,-0.9354054242077128,1.0,-1.9275292933921366,2.2802315051379414,0.9488832836078265,0.0,1.0,2.3634334191328668,2.507205266015194,0.0,0.9472498345081602,0.38693427146078435
0.0,1.0,-0.9862649071659377,-0.9354054242077128,0.0,-1.4374158990074548,-0.7370427991628077,0.5402832317869536,0.0,0.0,-0.4352135118782414,0.0001853756204077356,0.0,-0.8864949449666158,0.33644415169981434
0.0,0.0,-0.0701136189928391,0.2474298218872014,0.0,-1.4374158990074548,-0.3347395585893745,-1.094116975496538,1.0,1.0,-0.7082522368549349,-0.2178163539791389,0.0,0.4579217127615221,-0.5688998590304711
0.0,0.0,-0.0701136189928391,-0.9354054242077128,1.0,1.0131510729159539,-1.139346039736241,-0.2769168718547923,0.0,1.0,-0.5717328743665882,0.9811931588183676,0.0,-1.6217228046616912,-0.8034395782793025
1.0,0.0,-0.9862649071659377,0.2474298218872014,0.0,0.5230376785312721,-0.7370427991628077,-0.6855169236756652,1.0,0.0,-1.117810324319975,-1.5258267315764187,0.0,0.5839607744235349,-0.38886883023448604
0.0,0.0,-0.0701136189928391,0.2474298218872014,1.0,-0.4571891102380914,0.06756368198405872,0.13168317996608064,1.0,0.0,-0.025655424413201202,0.10918624042018105,0.0,-0.0042215133325252075,-0.0211039248770044
0.0,0.0,-0.9862649071659377,0.2474298218872014,0.0,-2.4176426877768185,-0.5358911788760911,-0.6855169236756652,0.0,1.0,-0.9812909618316283,-1.634827596376192,0.0,0.7604154607503532,-0.6998163531169804
1.0,0.0,-0.0701136189928391,0.2474298218872014,1.0,1.0131510729159539,-1.139346039736241,0.5402832317869536,0.0,1.0,0.5204220255401857,-0.10881548917936558,0.0,-1.8422911625702136,3.2631126154445993
0.0,0.0,-0.0701136189928391,0.2474298218872014,1.0,1.5032644673006357,-0.9381944194495243,-0.2769168718547923,1.0,0.0,-0.5717328743665882,0.21818710521995435,0.0,-1.180586088844646,-1.1586441304839779
1.0,1.0,-0.0701136189928391,-0.9354054242077128,0.0,1.2850891002491955,0.44716050768408055,-0.4126827164147832,1.0,0.0,-0.22294676816502224,0.07331591001219456,0.0,0.8677079444293686,-0.41180554517788487
1.0,0.0,-0.6228720310796267,0.2474298218872014,0.0,-0.36408971555701297,0.19229586830969148,-0.8475887887890048,0.39665160195425186,0.39665160195425186,-0.43292790604542764,-0.2178163539791389,0.0,0.8060570357476897,-1.0309897045106333
0.10810309122322337,1.0,-0.9862649071659377,-0.9354054242077128,0.0,0.576020451514163,-1.3404976600229574,-0.6855169236756652,0.10810309122322337,0.0,-1.5273684117850153,-2.059047725144425,0.0,-2.062859520478736,-1.545442950012693
0.1466048216920255,1.0,-0.9862649071659377,-0.9354054242077128,0.0,0.4511846917386325,-0.9381944194495243,1.057969646725942,0.0,0.0,-0.9048147897286208,-0.9808224075775521,0.1466048216920255,-0.7140342261288462,0.874639824058531
1.0,0.4866738313076071,-0.9862649071659377,-0.3282251391354869,0.0,-0.6826518061145175,-0.23148316802132723,-0.6855169236756652,0.4866738313076071,0.5133261686923929,-0.7082522368549349,-1.4168258667766453,1.0,0.7167183072757033,0.13717194747773143
1.0,0.0,-0.7725927081760778,0.2474298218872014,0.7667719275754722,0.5230376785312721,-0.9986034257426165,-0.15420782747015244,0.2332280724245278,0.2332280724245278,0.6207374068286177,0.5343928749101017,0.0,-1.378836535683817,-0.2812125938795388
0.4186945827732177,1.0,-0.6026773258071563,-0.9354054242077128,0.0,0.9334533248781918,-1.0551249460061374,-0.3433596672391541,1.0,0.0,-1.1050494617090485,-1.4243619599111383,0.0,-0.6149438912247815,0.5529668802469921
0.8631385219890039,0.0,-0.0701136189928391,-0.9354054242077128,0.13686147801099613,-1.0143801481712469,0.09509359004080542,0.42844001777180507,0.8631385219890039,1.0,0.09217969634787145,-0.3405414044977835,0.0,-0.10065559292670828,-0.07066240148929648
0.8803599686384168,0.8803599686384168,0.8460376691802596,-0.9354054242077128,0.11964003136158319,-1.0059396864976884,0.4131100192279915,2.2078862344312036,1.0,0.11964003136158319,-0.047842521234563895,1.439585344370739,0.0,0.5250783858972428,0.7240060434645836
0.0,0.0,-0.9862649071659377,2.333140724761066,0.0,-1.179307671975012,-0.6787200094971675,1.185825892827188,0.0,0.0,-0.6613982941415992,-0.5648125375619277,1.0,-0.44796874022993854,-0.027028510790920196
0.0,0.09230629365145371,-0.9862649071659377,0.13824668431987464,0.0,-0.4119485593335082,-1.139346039736241,-0.6855169236756652,1.0,0.9076937063485463,-1.3908490492966685,-0.7728821438124758,1.0,-0.2983126572105555,-0.745588990514874
0.0,0.5918887388212843,-0.9862649071659377,-0.45267704015728083,0.0,1.0131510729159539,-1.2584054185796034,-0.6855169236756652,0.0,0.40811126117871566,-1.4716533225845818,-1.8039241731572484,0.40811126117871566,-1.342728074701412,-1.4379022707828493
1.0,1.0,-0.9862649071659377,-0.9354054242077128,0.0,0.3762175914780755,-1.3404976600229574,-0.6855169236756652,1.0,0.0,-1.5273684117850153,-2.0708310555752854,0.0,-2.062859520478736,-0.9367328223376254
0.2918188044168002,0.7081811955831998,-0.3374637925724241,-0.5902318568702432,0.0,-1.2943915942294573,-0.8544424498399513,0.4719345691797875,0.7081811955831998,0.0,-0.9074468225604004,-0.3722010794861512,0.0,-0.4768296439665334,-0.7729072617946895
0.0,0.0,0.8460376691802596,-0.9354054242077128,0.48166698796411533,-0.16720613925473726,1.4756250239910749,0.10171970129449992,1.0,1.0,0.5811732734374686,-0.2823083572105059,0.0,0.9665404994323841,1.4625793195369212
0.0,0.0,1.069601322145461,-0.9354054242077128,1.0,-0.8277026718982992,1.5199033431243132,0.993854642691572,0.6220124098777455,1.0,1.1631789027756994,1.2961988946526808,0.0,0.768297599647612,2.0947191934906773
0.0,1.0,-0.445890228061931,-0.9354054242077128,0.0,-0.6017312135097717,-0.6054412180097157,-0.6855169236756652,0.0,0.0,-1.028493798130079,-0.5769650077130978,0.7050843642966599,0.12746299180595666,-1.1347137891975911
0.751275845569712,1.0,-0.9862649071659377,-0.9354054242077128,0.0,-2.542046963381636,-0.4858599122079951,0.13168317996608064,0.0,0.0,0.007603528089832112,0.32718797001972766,0.0,-0.824438720359502,-0.9829065148416286
0.3302525290190985,1.0,-0.9862649071659377,-0.9354054242077128,0.0,-0.13346673423473943,-1.139346039736241,-0.6855169236756652,1.0,0.0,-1.3908490492966685,-0.5818241906474442,1.0,-0.2983126572105555,-0.8478606692819894
0.0,0.43445184448827134,-0.9862649071659377,-0.2664551325044724,0.0,-1.6503465672062874,-1.139346039736241,-0.6855169236756652,0.5655481555117287,0.5655481555117287,-1.3908490492966685,-1.6205379851025752,0.0,-0.2983126572105555,-1.2169588077224693
0.0,0.7463178261268613,-0.9862649071659377,-0.6353412076445859,0.0,-0.4571891102380914,-1.139346039736241,-0.6855169236756652,1.0,0.25368217387313874,-1.3908490492966685,-0.6814713895146907,1.0,-0.2983126572105555,-1.196775728271822
0.5947979132185829,0.4052020867814171,-0.9862649071659377,-0.23185748814906884,0.0,-0.9473025046227731,-1.0197014757491651,-0.4424824655116052,0.4052020867814171,0.5947979132185829,-0.9848418896866689,-1.549328000410187,0.5947979132185829,-0.748119282374117,-0.4800079749357174
0.0,1.0,-0.5936693671905873,-0.9354054242077128,0.0,-1.4374158990074548,-0.5071373492225286,-0.21863625495716543,0.42852697479498936,0.0,-0.7082522368549349,-0.06207175983615265,0.0,0.025832610361349873,0.043260189901856205
0.7409738609106683,0.7409738609106683,-0.9862649071659377,-0.6290201772329675,0.0,0.15987646441002146,-1.184187077299663,-0.47384073596594206,1.0,0.2590261390893317,-1.3505579949035482,-1.7884903239104502,0.2590261390893317,-1.6057957592441885,-0.529781753906569
0.7671948531085717,1.0,-0.9862649071659377,-0.9354054242077128,0.0,0.03292428414659036,-0.4890620463677932,0.4732623081878091,0.0,0.0,-0.7082522368549349,-0.9046945205545402,1.0,0.07113563517060112,-0.7747646698810349
1.0,0.0,-0.9862649071659377,0.6666494573838511,0.0,-0.3703362880786624,-1.139346039736241,-0.6855169236756652,0.17720964812330686,1.0,-1.3908490492966685,-0.9490855623629947,1.0,-0.2983126572105555,-0.7137345630096876
0.7442116569432979,0.25578834305670206,-0.0701136189928391,-0.9354054242077128,0.0,-1.072667797682327,-1.1907982793925511,0.4452285706505118,0.25578834305670206,0.7442116569432979,-0.3653733888261384,-0.30145980577578374,0.0,-1.7710381105083113,-0.4287964284946001
0.681039427096909,0.681039427096909,-0.9862649071659377,-0.5581276164633102,0.0,-1.2810890499470382,-0.39889899463641065,-0.8158442302926835,1.0,0.0,-0.7517965309265827,-1.312524931926241,1.0,0.40431972434034386,0.560693903189947
0.23750647129246993,0.23750647129246993,-0.9862649071659377,-0.9354054242077128,0.0,-1.8111241905586561,0.23099286491218757,1.3779027613379888,0.0,0.7624935287075301,0.08526214032496815,-0.46170649434510724,1.0,0.03953751843550343,-0.5325138914287039
0.5997771071279752,0.40022289287202484,-0.9862649071659377,-0.9354054242077128,0.5997771071279752,-0.06487990916616149,-0.9381944194495243,1.6025522924821634,0.0,0.5997771071279752,-0.5991280344426335,-0.2616839505729408,0.0,-1.1216804589761118,-0.04610681836768327
0.47771489088022767,1.0,-0.9862649071659377,-0.9354054242077128,0.0,-0.24489910447052443,-1.139346039736241,-0.6855169236756652,1.0,0.0,-1.3908490492966685,-1.1189724263718754,0.47771489088022767,-0.2983126572105555,0.13833659074589616
0.9171086783066458,0.08289132169335423,-0.9862649071659377,0.14938304499291005,0.0,-1.028554798703098,-1.139346039736241,-0.6855169236756652,0.0,0.0,-1.3908490492966685,-0.3533447402137162,0.0,-0.2983126572105555,-0.9659019259032253
0.0,0.0,-0.9862649071659377,0.2474298218872014,0.0,-0.6883412309823519,-0.8204985217061731,0.1780513120948971,0.0,0.0,-1.0301852887097414,-1.083638536865585,1.0,-0.16512210861346716,-0.7695604687729213
0.436335831606556,0.436335831606556,0.3296360152095874,-0.9354054242077128,0.563664168393444,-1.2235618634871028,0.26871530227077534,0.8819476102825337,0.436335831606556,0.563664168393444,-0.08522371397495083,1.6351983476170073,0.0,0.38319508787797285,1.1075403671496367
0.19789075097326592,1.0,0.11118424742886035,-0.9354054242077128,0.0,-1.1464491759769315,-1.30069161482493,1.5596287631850694,0.8021092490267341,0.0,0.1890321622461879,-0.1996947405070577,0.0,-2.033760561820431,0.30251979105035476
1.0,0.02209933124572916,-0.0701136189928391,-0.9354054242077128,0.0,-0.9364713263722974,0.045337100547402254,0.5673725954635882,1.0,0.9779006687542708,0.09577900500971681,-0.651410966960951,0.0,-0.18507557482260462,-0.2836754287185992
0.44399496135741545,1.0,0.33665293679712227,-0.9354054242077128,0.0,-0.12978595427046336,0.3805566166813097,1.3566568707717626,1.0,0.0,-0.010363880069959475,1.8170134377522267,0.0,0.43514592071567526,-0.1338020634198468
0.32268638827758367,0.0,-0.3657431692892721,-0.5537205907179181,0.0,1.028805704059256,-0.47098228902958655,1.7791344141541123,0.6773136117224163,1.0,-0.6201463568322891,-0.5096458529970868,0.32268638827758367,-0.0643105737041344,-0.8532850991717176
1.0,0.9565992167018272,-0.9862649071659377,-0.8327334718213003,0.0,-0.009618326295852547,-0.8945437300388237,-0.6500497990662655,0.0,0.0,-1.2069293086694304,-0.9760916846650637,1.0,0.2852282538162821,0.1671704881159617
0.07535666977640398,1.0,-0.9862649071659377,-0.9354054242077128,0.0,-0.34638917059717467,-1.139346039736241,-0.6855169236756652,0.924643330223596,0.0,-1.3908490492966685,-0.744173177092881,0.924643330223596,-0.2983126572105555,-1.2992814770224375
0.9191157152786594,0.08088428472134057,-0.9862649071659377,0.15175703906362337,0.0,-0.9473025046227731,-0.8568443948123754,-0.3099661947834263,0.0,0.9191157152786594,-0.6972099658694515,-1.355110667893285,0.9191157152786594,-0.8863364679161987,-0.7132271345019205
0.2529901679892411,0.0,-0.9862649071659377,-0.9354054242077128,0.2529901679892411,0.03292428414659036,-1.037567275320952,-0.680629792494237,0.0,0.7470098320107589,-1.081639404559767,-0.4883629305982289,0.7470098320107589,-0.8492938610196904,-1.0187913897509449
1.0,1.0,-0.34916311092188135,-0.9354054242077128,0.0,1.5032644673006357,0.5484814506273903,-0.6855169236756652,0.6954111231066475,0.0,-0.24533934549059197,-0.48341996189727576,0.30458887689335246,1.1236918936529643,-0.5525326628232542
0.9245654529102307,0.0,-0.13922307648188548,-0.8461787831367271,0.9245654529102307,-0.4571891102380914,-1.093824695618136,0.5711057916369174,0.9245654529102307,0.9245654529102307,0.04907428040539071,0.12774036566574953,0.07543454708976927,-1.659745701839261,-0.707165513541583
0.0,1.0,-0.8339864251080277,-0.9354054242077128,0.0,-1.4374158990074548,-0.40160856547977974,-0.7545388050387904,0.16621543190925292,0.0,-0.7082522368549349,0.10948135029289592,0.0,0.29032461618881455,0.3689862897528038
0.21680910658649122,1.0,-0.9862649071659377,-0.9354054242077128,0.0,0.48184583710287654,-1.3404976600229574,-0.5969287114891877,0.0,0.0,-1.408973847733592,-1.9290367748889228,0.21680910658649122,-2.062859520478736,-0.939164426528032
0.7055060531605701,1.0,-0.9862649071659377,-0.9354054242077128,0.0,0.8688156450047388,-1.3404976600229574,-0.6855169236756652,0.7055060531605701,0.0,-1.5273684117850153,-2.0708310555752854,0.0,-2.062859520478736,-1.287663602696677
0.9958313750293707,0.0,-0.9824458160291851,-0.9354054242077128,0.9958313750293707,0.03905358094940614,-0.7362042734955979,0.5470964333030375,0.004168624970629309,0.004168624970629309,-0.5723019723900314,-0.0020865430137148033,0.0,-0.7365596203391465,-1.4599826754430056
0.0,1.0,-0.9862649071659377,-0.9354054242077128,0.0,0.5230376785312721,-1.2795336439416576,-0.6855169236756652,0.3030749441361852,0.0,-1.485992813625352,-1.9717247625453238,0.0,-1.5280695784680514,-1.0927123770199996
0.0,0.3842018313792199,-0.9862649071659377,-0.2070176458823549,0.0,-0.872508507889213,-1.139346039736241,-0.6855169236756652,0.3842018313792199,0.6157981686207801,-1.3908490492966685,-1.1655558755086954,1.0,-0.2983126572105555,-1.2083604310505152
1.0,0.26289929415698077,-0.7454093801642214,-0.0635367294151502,0.0,-0.7148900411193209,-0.7266639434818811,1.5723246658611258,0.26289929415698077,0.7371007058430192,-0.5358420303296408,-0.36725730899462317,0.0,-0.79400431812788,0.2054397093275137
1.0,1.0,-0.9862649071659377,-0.9354054242077128,0.0,0.5645726607951909,-1.1222993132507173,-0.6855169236756652,1.0,0.0,-1.3792796260476796,-0.5559036341779013,0.9152543416691064,-0.24846676201609702,0.18722984616188765
0.0,1.0,-0.9484300645141882,-0.9354054242077128,0.0,-1.0080240144785415,-0.34304663625322696,1.6985865933566469,0.9587024074078462,0.0,-0.10579557677170492,-0.0502963361923503,0.0,-0.49721227495882947,0.841739710748862
0.0,0.057863897757707394,-0.9862649071659377,0.1789863641429526,0.0,-1.4657757703498129,-1.139346039736241,-0.6855169236756652,0.9421361022422926,0.9421361022422926,-1.3908490492966685,-1.5384411613689701,0.0,-0.2983126572105555,-0.9550516287499276
0.0,0.39452179860812986,-0.43155527300004504,-0.21922446685925404,0.0,-0.8439099459872521,-0.09115371607285132,0.37908160443120775,0.0,0.6054782013918701,0.18978403332175,-0.06879791539502328,0.0,-0.3813039562043442,0.6918616718394281
0.0,0.8932439340641156,-0.9862649071659377,-0.8091305866843161,0.0,-1.770561559851163,-1.139346039736241,-0.6855169236756652,0.10675606593588438,0.10675606593588438,-1.3908490492966685,-1.7364642908794086,0.10675606593588438,-0.2983126572105555,-0.2844662526511158
1.0,0.0,-0.9862649071659377,1.0332345126337648,0.0,-0.4571891102380914,-1.272979094123504,-0.6855169236756652,0.0,1.0,-1.3908490492966685,-1.306303307526717,0.3356600647969632,-1.4705716060168603,-1.235536708406843
0.16967990389556553,0.0,-0.0701136189928391,-0.9354054242077128,0.8303200961044345,-1.3542535053503326,0.23458391467208797,-0.13825443680541466,0.16967990389556553,1.0,-0.0024908321062946555,1.246797966078067,0.0,0.21309831203817992,1.1806439246917069
0.6468483616687238,1.0,-0.9862649071659377,-0.9354054242077128,0.0,1.186235421111007,-1.2694606357657128,0.18026974266104845,1.0,0.0,-1.3827323022049123,-1.5704112137889288,0.35315163833127616,-1.751283212641,-0.6887821392851723
1.0,1.0,-0.9862649071659377,-0.9354054242077128,0.0,1.3129689316911044,-1.139346039736241,-0.6855169236756652,0.0,0.0,-1.3908490492966685,-1.8528293259757387,0.0,-0.2983126572105555,-1.3140280507145343
0.0,1.0,-0.9862649071659377,-0.9354054242077128,0.0,0.5230376785312721,-0.9381944194495243,0.8888298105163075,0.22939474570494967,0.0,-0.93872207266873,-1.1808562128764608,0.0,-0.6166430923107019,0.6204752843382586
0.26593792496423896,0.0,-0.9862649071659377,0.2474298218872014,0.0,-0.8169627655229311,-0.32191580086711535,-0.9854547255750147,0.734062075035761,0.26593792496423896,-0.7358545714105065,-1.1188107361814845,1.0,0.49842960002092546,0.11783061215657975
0.0,0.6396549047947317,-0.9862649071659377,-0.509176544841494,0.0,0.07264076304468459,-0.9381944194495243,-0.8327539482499352,1.0,0.0,-1.205135604135096,-0.6754319077591243,1.0,0.07792102806599469,-0.02275079808820235
0.7400501371457373,0.7400501371457373,0.6078842674659065,-0.6279275642061518,0.0,-0.6924926853161028,0.37329397448366475,-0.9879014480634576,0.7400501371457373,0.2599498628542627,-0.26320595983409756,-0.3028206335462302,0.0,0.8604940895008585,1.1769972117732967
0.45324084682883103,0.546759153171169,-0.9862649071659377,-0.39929617560866515,0.0,-0.41135453567954156,-1.048175909016498,-0.5003226901740685,0.0,0.45324084682883103,-1.0814682919829164,-1.714811969440891,0.45324084682883103,-0.6410689634577674,-1.4124338554926088
1.0,1.0,-0.0701136189928391,-0.9354054242077128,0.0,-1.4215774185163346,-0.1400883442294704,2.1746834390704453,1.0,0.0,-0.43080175883454735,0.41153156849504735,0.0,0.27086196049081745,-0.4003932607355255
0.7202364928310543,0.0,-0.9862649071659377,0.2474298218872014,0.7202364928310543,0.1700401262701256,-0.10126096630832492,0.7689059988405944,0.0,0.0,-0.3149473294863819,0.10074972839034169,0.2797635071689457,0.11881625107922517,-0.6858111173320062
0.0,0.5887932791278138,-0.9862649071659377,-0.4490156213289777,0.0,-1.725991371631675,-1.139346039736241,-0.6855169236756652,0.41120672087218624,0.41120672087218624,-1.3908490492966685,-1.6541846848028707,0.0,-0.2983126572105555,-1.3242992844848307
0.6027818820232985,0.0,-0.0701136189928391,-0.222413768443129,0.0,0.9124015187565844,-0.5358911788760911,0.20430977321922072,1.0,1.0,-0.7905436351082814,-0.3477077090999354,0.0,0.15636296690568016,-0.9431689760975566
1.0,0.0,-0.9862649071659377,1.1097668182164342,0.0,-0.9473025046227731,0.06756368198405872,-0.20045674035275024,0.0,0.0,-0.2361567161365697,-0.9604253948525497,1.0,0.3181525360949199,-0.21522236938080258
0.0,1.0,-0.9862649071659377,-0.9354054242077128,0.0,0.3924860509213504,-1.313707256286111,-0.6855169236756652,0.0,0.0,-1.5091860633965384,-1.8821062358131726,0.1331851252237497,-1.8278481255311887,-1.6255204555011982
1.0,1.0,0.7762265932512071,-0.9354054242077128,0.0,0.14496476424283167,0.2993709619164444,-1.0629814964435498,0.07620037959916315,0.0,-0.2882913221456469,-0.8219860991315001,0.0,0.7897520005616,-0.03459674237794667
0.9405318271353834,1.0,-0.0701136189928391,-0.9354054242077128,0.0,-1.4374158990074548,-0.15751217695707426,2.1746834390704453,1.0,0.0,-0.4433320689260657,0.4491529993601122,0.0,0.25489150458132165,-0.4070598457610897
0.4166390577384792,0.4166390577384792,0.3115907904574946,-0.2453855405056458,0.0,-0.3754764814962925,0.5034032997665566,-0.8557556642582075,0.4166390577384792,0.5833609422615208,-0.21905408545175062,-0.4085768955698881,0.0,0.9850047816566956,1.2917404790552969
0.4188373788191737,0.0,-0.9862649071659377,0.2474298218872014,0.0,0.03292428414659036,-0.6011951499050519,-0.6855169236756652,0.0,1.0,-1.0256120390375867,-0.9733952686905535,1.0,0.5714156050273484,-0.458257593233628
0.9191765518355596,0.08082344816444043,-0.9862649071659377,0.15182899868737598,0.0,-0.49680176476383964,-0.7695583342736809,-0.3099413369631243,0.0,0.0,-0.888907461813359,-1.1988241371770987,1.0,-0.2983126572105555,-0.7741191130077983
1.0,0.0,-0.9862649071659377,0.2474298218872014,0.9172515799646939,0.03292428414659036,0.03427372445152346,0.5740942405014751,0.0,0.08274842003530614,-0.1847683100018238,0.3640316400621949,0.08274842003530614,0.15932926064824982,-0.4370565444584591
1.0,1.0,-0.0701136189928391,-0.9354054242077128,0.0,1.2614650361355455,0.7950672525931225,-0.7359130469178957,1.0,0.0,-0.0611462150315234,-0.23126035867634648,0.0,1.1337691834243837,-0.5268416977287178
0.55158787254407,0.0,-0.5754515589647478,0.7778274910184803,0.44841212745592995,-0.9473025046227731,-0.6675979414676023,0.08952556517640942,0.0,1.0,-0.647035299082608,-0.7325435312650099,0.55158787254407,-0.5176313112497156,-0.8944498402922918
1.0,1.0,-0.9862649071659377,-0.9354054242077128,0.0,-0.537976589474838,-1.139346039736241,-0.6855169236756652,0.0,0.0,-1.3908490492966685,-1.6707617504013215,0.0,-0.2983126572105555,-0.6646801325205407
0.0,0.41125511658536906,1.9247964358715293,-0.23901722514684623,0.5887448834146309,0.9261609608267187,1.5357098076667957,-0.6855169236756652,1.0,0.5887448834146309,1.2686198355749134,1.3662353674501864,0.0,1.1988786635341226,0.7074046131324248
1.0,0.7776022837352256,-0.9862649071659377,-0.6723455667587213,0.0,-0.8383024050008432,-1.0051390568120664,-0.6855169236756652,0.0,0.0,-1.2694026715233435,-0.47209431817139375,0.7776022837352256,-0.1675022596662173,-0.21174202293206545
0.0,0.48037008186635466,-0.5102052882945168,-0.9354054242077128,0.0,1.0323928445319026,-0.729145619485451,1.7821249583828664,0.5196299181336453,0.5196299181336453,-0.7738320541898045,-0.754261965767941,0.0,-0.4498704963461275,9.284608285464735e-05
0.014713949334495657,1.0,-0.9862649071659377,-0.9354054242077128,0.0,-1.4590504099668564,-0.337699293338825,0.13168317996608064,0.0,0.0,0.5103783306260298,0.32718797001972766,0.0,-0.9573623777736205,-1.0788012180321085
0.37673896993794076,0.0,-0.9862649071659377,0.2474298218872014,0.0,-0.7626576892695004,-0.23276456196342948,-0.9401814128569532,0.6232610300620592,0.37673896993794076,-0.6904751073419493,-1.1308881459043367,1.0,0.5853245495121175,-0.01714504632700703
1.0,0.0,-0.9862649071659377,-0.04877779128810822,0.7495782999760721,0.03292428414659036,-0.13392724087501007,0.6426055513938016,0.0,0.25042170002392794,-0.3331118411041212,0.08133847054541266,0.25042170002392794,0.06241444406126456,-0.2617025701832285
0.0,0.0,-0.9862649071659377,0.2474298218872014,0.0,-0.3694743262335901,-0.6149416432937725,-0.6123904478430837,1.0,0.3929894489788591,-0.8447715993432816,-1.0469870825814434,1.0,0.05872019738112583,0.3855375123024947
0.8291642207065144,0.8291642207065144,-0.9862649071659377,-0.7333348431652862,0.0,-1.0310314082946557,-1.139346039736241,-0.6855169236756652,0.0,0.1708357792934856,-1.3908490492966685,-1.7783443352488062,0.1708357792934856,-0.2983126572105555,-0.6289942275625688
0.43091853083425236,0.43091853083425236,-0.9862649071659377,-0.26227580457899036,0.0,-1.1585014484732086,-0.44921121818720977,-0.9180436414670882,1.0,0.0,-0.7859428762293745,-1.2307347499348693,1.0,0.3622863869176679,0.5170252017540049
0.0,0.06351182959000135,-0.0701136189928391,-0.9354054242077128,0.0,-1.8341452982403255,-0.7242672917334051,-0.1731131244079403,1.0,0.0,-0.32470593284818117,-0.688434034929862,0.0,-0.9432936198325209,-1.0865018612736304
0.9631781323640086,0.0,0.8460376691802596,-0.9354054242077128,0.9631781323640086,-0.4391422197034322,0.6932388778550966,1.7886515127858833,0.03682186763599138,1.0,2.295570297546373,2.1968903818507326,0.0,-0.8950438198993586,1.0629463088569018
1.0,0.8661478811993668,-0.8636361161020389,-0.7770804203258401,0.0,1.3720590347187156,0.16101701996854556,-0.7402089063539375,0.1338521188006332,0.1338521188006332,-0.49003372965737213,-0.9731032987409173,0.8661478811993668,0.9691400869440485,-0.7794311207217479
1.0,0.9863280351730027,-0.0701136189928391,-0.9192337423269704,0.0,1.4898628411221004,-0.9326941436946173,0.11492408335566792,1.0,0.013671964826997285,-0.7101187247770796,-0.9703906156499686,0.0,-1.0361662099253446,1.167168642757556
0.0,0.0,0.7769973689628369,2.434825608682057,1.0,0.14372773874754655,0.28387389936395757,0.9180915676426381,0.9246409396475377,1.0,0.37361469217480003,0.9811931588183676,0.0,-0.1515484315453737,0.17978392952681221
0.30828560283108797,0.0,1.4109101734981027,1.883798160292572,1.0,0.18401918739006273,0.0826788567091537,0.9488832836078265,0.691714397168912,1.0,0.8047722026801969,1.2836237346435397,0.0,-0.5433324619702343,0.2394223853275495
0.0,1.0,-0.9862649071659377,-0.9354054242077128,0.0,-0.4571891102380914,-1.139346039736241,-0.6855169236756652,0.5343462750294631,0.0,-1.3908490492966685,-0.6538198131782321,1.0,-0.2983126572105555,-1.5523413182771912
0.0,1.0,-0.9862649071659377,-0.9354054242077128,0.0,0.1553214041020926,-1.139346039736241,-0.6855169236756652,0.2500892505300282,0.0,-1.3908490492966685,-1.9073103016057114,0.0,-0.2983126572105555,-0.836696049347995
1.0,0.08683424774235715,-0.9862649071659377,-0.9354054242077128,0.0,-0.9047438767129261,0.06756368198405872,-0.4726340549115433,0.0,0.9131657522576428,-0.5361692059347628,-0.8812865508759334,1.0,0.9519682836715211,-0.98460636817966
0.585149532325472,0.585149532325472,-0.2261333264474752,-0.9354054242077128,0.0,-1.4374158990074548,-0.7862347101243915,0.13168317996608064,0.0,0.41485046767452805,-0.2086730263785651,-0.5900380081175728,0.585149532325472,-1.0324416750574188,-0.06362771807530299
0.27387915592815193,1.0,-0.9862649071659377,-0.9354054242077128,0.0,0.6572695212944302,-1.194437275713947,-0.6855169236756652,1.0,0.0,-1.4282388570628264,-1.8035345908695664,0.0,-0.7815852627181128,-0.21981785000811827
0.7570812020424559,1.0,-0.9862649071659377,-0.9354054242077128,0.0,-1.5564736556342735,-1.2916341502156958,-0.37617350528850896,0.0,0.0,-1.0807803201324266,-1.5227393029906202,0.7570812020424559,-1.6342179175138747,-0.10809299158139876
0.37785054927578643,1.0,-0.9862649071659377,-0.9354054242077128,0.0,0.3378480632556,-0.9381944194495243,0.5855345653555413,0.0,0.0,-0.9995233476522876,-0.9808224075775521,0.37785054927578643,-0.44200494396078377,0.6839910580004366
0.7589151676703682,0.24108483232963185,-0.9862649071659377,-0.03773381509116977,0.0,-0.8291435991150353,-1.139346039736241,-0.6855169236756652,0.0,0.0,-1.3908490492966685,-0.32293017483529174,0.24108483232963185,-0.2983126572105555,-1.2041048296638572
1.0,0.7949546714934751,0.8460376691802596,-0.6928705826030849,0.2050453285065249,-2.0156608399485982,-0.8969492193882147,1.1899202717219115,1.0,0.0,0.6603853131848078,1.6771488580256861,0.0,-1.6088009442601203,1.4751555967509433
1.0,0.0,2.2176216158062156,-0.04998515793144229,1.0,0.276567063488287,-0.08184928800615954,1.1543620712368017,0.0,1.0,1.9035667148863007,2.0444232720787796,0.0,-1.2572123323865292,0.5901914775650224
0.7252682029740912,0.7252682029740912,0.5943417794328629,-0.610442971462474,0.2747317970259088,-0.3710249166107243,-1.139346039736241,2.21060032522844,0.0,0.0,1.0874899884533904,0.839842846852076,0.0,-1.85925661662681,1.7454432558591002
0.7927723509919435,0.7927723509919435,-0.0701136189928391,-0.9354054242077128,0.0,1.5032644673006357,-0.8548260647171692,0.5550493205831284,1.0,0.20722764900805646,-0.7082522368549349,-0.890470435768344,0.0,-0.8455967997314298,0.7579833341541762
0.12177933252080775,1.0,-0.9862649071659377,-0.9354054242077128,0.0,-1.4374158990074548,-1.3404976600229574,-0.2769168718547923,0.0,0.0,-0.8613968361832787,-1.0339186178155808,1.0,-2.062859520478736,0.1762399217035299
1.0,0.7569991321722287,0.8460376691802596,-0.6479754329093731,0.2430008678277713,-0.9473025046227731,0.3664753388600443,1.6343072110787982,0.7569991321722287,0.2430008678277713,-0.16217478690154793,1.502761823915395,0.0,0.6596764330375048,0.25073371286194135
0.04689646779121992,0.0,-0.11307787837053346,1.4857358630029254,1.0,0.47706850450365873,-0.14302123878458559,1.6511119922313222,0.9531035322087801,0.0,0.07245028276026977,1.3865260847456748,0.0,-0.39221684783107147,-0.12218870273784557
1.0,0.7313275179746926,-0.31625825949698816,-0.9354054242077128,0.0,-0.3255091280949106,-0.88415051436368,1.546524207092806,0.7313275179746926,0.26867248202530736,-0.6450908662951017,-0.661961079933099,0.26867248202530736,-0.9435434961425295,0.9417582674263678
0.0,1.0,-0.9862649071659377,-0.9354054242077128,0.0,0.5230376785312721,-1.3360351632179195,-0.6855169236756652,0.0,0.0,-1.5243397649460702,-2.0684128995086226,0.0,-2.0237135035167535,-1.5962349440846049
0.49816518664589293,0.5018348133541071,-0.9862649071659377,-0.3461580830654992,0.0,0.5230376785312721,-0.938932570807729,-0.6855169236756652,1.0,0.0,-1.2548306619070975,-1.6352275888608796,0.0,0.14120525153215358,-0.14887846825106985
0.0,0.0,0.8896268707432298,1.4865427206181014,0.5237893032109858,0.05624319644015574,1.5139070790821294,0.5986050949357011,0.4762106967890142,0.4762106967890142,0.6244064123768225,-0.24897929477219224,0.0,0.9773619087371614,1.4574248894770436
1.0,0.0,-0.9862649071659377,2.61310031407703,0.0,-0.7820083218317759,-0.9721143174499869,0.3335783780901379,0.0,0.16862850993749878,-1.0503541318537097,-0.8902021961908633,1.0,-0.5917114482106314,-1.1936158774505352
1.0,1.0,-0.9862649071659377,-0.9354054242077128,0.0,0.3346157795436646,-0.7989526896301276,-0.6855169236756652,1.0,0.0,-1.1598278768819417,-1.0228476514862794,0.6922227602289506,0.49344621391964416,-0.3525807930213434
0.18361426478693765,0.0,0.8460376691802596,1.6474504920579096,0.8163857352130623,-0.9473025046227731,-1.0654774259969475,1.545045330696185,0.0,0.0,0.6430593362820038,-0.059856965333644596,0.0,-1.740800323178517,1.5744165426511962
1.0,0.0,-0.9862649071659377,0.2474298218872014,0.0,0.4916447054719755,-0.7048321542954975,-0.6855169236756652,0.967973765439823,0.03202623456017695,-1.0959493186946871,-1.5153540697863996,0.03202623456017695,0.5996584943500491,-0.40127965494564033
0.0,1.0,-0.9862649071659377,-0.9354054242077128,0.0,0.9698210184706977,-1.3227142026462877,-0.6855169236756652,0.08840822336564658,0.0,-1.5152989774924097,-2.041921337168484,0.0,-1.9068590672517718,-1.068690119945421
1.0,0.2081821605303671,-0.9862649071659377,0.0011846248036936347,0.0,-0.5592219755859663,-0.024417950067533445,-0.6855169236756652,0.0,0.7918178394696329,-0.6341597827376081,-1.3349763503792702,0.7918178394696329,0.7883982088351666,-0.7335732943686893
0.5899558971376361,1.0,-0.9862649071659377,-0.9354054242077128,0.0,0.03292428414659036,-0.3347395585893745,-0.8530609653540704,0.0,0.0,-0.7887926398284056,-1.1682654370320598,0.4100441028623639,0.7057800050855177,0.4691677528280839
1.0,0.0,-0.9862649071659377,0.8152451114223705,0.0,0.32687967552012664,0.06756368198405872,-0.29322330967536525,0.0,0.5199540329815249,-0.3751261662191957,-1.098523299782243,0.48004596701847513,0.620817133152698,0.24233957555818805
0.4205357786650751,0.5794642213349249,-0.9862649071659377,-0.43798088295869236,0.0,-0.7411922866810279,-1.2559062067559417,0.7350977415190874,0.0,0.4205357786650751,-0.8370924467265172,-0.9349836440238128,1.0,-1.320804431343236,-0.6925763039633789
0.0,1.0,-0.9862649071659377,-0.9354054242077128,0.0,0.41750071045427134,-1.139346039736241,-0.6855169236756652,0.0,0.0,-1.3908490492966685,-1.9618301907755118,0.0,-0.2983126572105555,-1.2945831774678591
1.0,0.6393613569742423,-0.6558653497928916,-0.0822532280582966,0.36063864302575765,-0.14382954533304926,-0.39080508411082315,0.5068123789210248,0.36063864302575765,0.36063864302575765,-0.6097839215858571,-0.5091033199372602,0.6393613569742423,0.07497761588954527,-0.7690410735337772
0.8050446675193619,0.0,-0.0701136189928391,-0.7048053855354612,1.0,0.020561988539307352,-1.139346039736241,0.4606244728326093,1.0,1.0,0.29717018200286827,0.21818710521995435,0.0,-1.8099142703054993,-0.680697946246073
0.09684894132337374,1.0,0.0186146633587706,-0.9354054242077128,0.0,0.3806367884075875,0.4503856010872421,0.718359402782826,1.0,0.0,0.08442042662086896,1.9305310869387566,0.0,0.392309877306787,-0.6029332766327811
0.382736287902708,1.0,-0.2849762207806259,-0.9354054242077128,0.0,-1.9275292933921366,-1.216334064190394,-0.5291308566048902,0.382736287902708,0.0,-0.8683399090403283,-1.310487703144286,0.0,-0.9736687734881861,0.10641512844418954
1.0,0.0,-0.9862649071659377,0.2474298218872014,1.0,1.0227265530379552,-1.139346039736241,2.3789834649808816,0.0,0.9804627250923779,-0.7162538858003793,0.6861342623304736,0.0,-1.5513158944403163,-0.7149297022922448
0.6080878495418852,0.6080878495418852,-0.9862649071659377,-0.47183791927300145,0.0,0.22500567850821712,-1.1039963677988538,-0.36524627370283425,1.0,0.3919121504581148,-1.259850427125121,-1.6436434223205514,0.3919121504581148,-1.3713121647111823,-0.3812113319764522
0.0,0.6366443216222826,-0.9862649071659377,-0.0758256176999288,0.0,-0.9914455649340468,-1.139346039736241,-0.6855169236756652,0.6366443216222826,0.0,-1.3908490492966685,-0.7726380626974706,1.0,-0.2983126572105555,-1.08789875164012
1.0,0.0,-0.9862649071659377,0.7740096111147725,0.0,-0.4571891102380914,-1.0056914841670692,-0.45881923727428264,0.0,0.44518439145777433,-1.0878767565895933,-1.3444005881698733,0.5548156085422257,-1.0838613787333249,-1.0707609754397156
0.9089979089486697,0.9089979089486697,-0.9862649071659377,-0.8277649434438608,0.0,0.03292428414659036,-0.9381944194495243,-0.6855169236756652,0.0,0.09100209105133028,-1.2543296868083218,-0.951064487708004,1.0,0.2898696305455047,0.10454106917644834
0.7263970326502283,0.7263970326502283,-0.7356031961804621,-0.6117781909902467,0.27360296734977174,0.569310200312662,-0.5548822793800153,0.7252949103329038,0.27360296734977174,0.27360296734977174,-0.024340382425622753,-0.4944140375018221,0.7263970326502283,-0.5904014330855294,-0.540651821771799
0.45255369310088844,0.45255369310088844,-0.9862649071659377,-0.28786663706295035,0.0,-0.5036972512887732,-0.44485927024210986,-0.16954966323278597,0.5474463068991116,0.0,-0.6594245743216409,-0.9418370406283412,1.0,0.11241358618514839,0.006246257118258436
1.0,0.0,-0.48321580624381144,0.2474298218872014,0.0,-0.13995407130859527,0.008317023735655238,-0.9098749433157448,0.5490895525838956,0.5490895525838956,-0.5369815652403728,-0.2178163539791389,0.0,0.6756405956863236,-1.0126399209409365
0.910471278403273,0.910471278403273,-0.9862649071659377,-0.8295076967652851,0.0,1.0131510729159539,-0.9381944194495243,-0.7220983639595444,1.0,0.0,-1.24210728281154,-1.7162074128772793,0.08952872159672698,0.23721042225686645,-0.33409863172969045
0.29795945154195047,1.0,-0.9862649071659377,-0.9354054242077128,0.0,0.6690715967154955,-0.9381944194495243,-0.6855169236756652,1.0,0.0,-1.2543296868083218,-1.8528293259757387,0.0,0.2898696305455047,-0.5492201285276176
0.0,0.4763977239849888,-0.0701136189928391,0.30326502980443304,0.5236022760150112,-1.1807914102021926,0.14440131181304805,-0.043685172335883427,0.0,0.5236022760150112,-0.37662033365859804,0.05725847651717356,0.0,0.6204525299279741,-1.080139064496281
1.0,1.0,-0.9862649071659377,-0.9354054242077128,0.0,0.1811140528287289,-0.6949151096257278,-0.6855169236756652,0.0,0.0,-1.089218731020794,-0.45350564779429625,0.6976418714934634,0.4931172828273511,0.03607043165112506
0.7964717756738773,1.0,-0.9862649071659377,-0.9354054242077128,0.0,-1.337663990129892,-1.1802860718335189,-0.4432401578681203,0.20352822432612272,0.0,-0.3035108587470763,-0.22550794403423824,0.0,-1.8286242249042397,0.21176876947340512
1.0,1.0,-0.9862649071659377,-0.9354054242077128,0.0,-0.497038458138239,-0.7697526209686256,-0.6855169236756652,0.0,0.0,-1.1400101157691944,-1.702621728048294,0.0,0.24204665553189136,-0.008550787206069721
0.8420914150187097,0.0,-0.8415967536217374,0.06064998191035709,0.0,-0.689368448001078,-0.7370427991628077,-0.2769168718547923,0.15790858498129035,0.0,-0.7585412819309509,-1.112763275565753,0.8420914150187097,-0.40976749653529654,-0.8231654255664531
1.0,0.0,-0.9862649071659377,0.2474298218872014,0.7689177413153975,0.03292428414659036,-0.025401459523785253,0.6347034546603665,0.0,0.23108225868460253,-0.22526919217752628,0.23468350652744813,0.23108225868460253,0.11702752170600426,-0.4816827537062396
1.0,0.0,-0.13079579542523084,1.3519188188193665,0.06623597785186586,0.03292428414659036,-0.8715770481186349,1.3033552874633423,0.9337640221481341,0.0,-0.5446053939562012,-0.17449768077886685,0.0,-1.0902724398347288,-0.6049843460169164
1.0,0.0,-0.9862649071659377,0.30167614422114986,0.0,1.3908783625588617,0.06756368198405872,-0.6480390920166574,0.0,0.954138733595367,-0.552950021809182,-1.2878293311812008,0.04586126640463295,0.9864745032093112,0.37678339294250374
1.0,0.6208056844220913,0.8460376691802596,-0.9354054242077128,0.0,-0.20390965206571288,0.19243975128876645,2.1465752394879107,0.6208056844220913,0.3791943155779087,0.09666204420795738,0.8498806894391533,0.0,0.1159766767042053,0.15580300862849383
0.3474134082254142,0.0,-0.667981665691618,0.2474298218872014,0.0,-0.7563280399670194,-0.9296977298146232,-0.8274700602798355,1.0,1.0,-1.2011344212533193,-1.0714063883011367,0.0,-0.09397024396340131,-0.9299395408663012
0.7908692089214858,1.0,-0.9862649071659377,-0.9354054242077128,0.0,-0.4571891102380914,-0.14277130540237098,1.253378274817446,0.20913079107851418,0.0,-0.39057800509932705,-0.9580269704937333,1.0,0.2052923104329111,-0.6896229248065607
1.0,1.0,-0.21605639913121122,-0.9354054242077128,0.0,-1.6434350964533344,-1.3404976600229574,-0.2769168718547923,0.4203500655282616,0.0,-0.579589501056657,-1.0044591808256482,0.5796499344717384,-2.062859520478736,0.24199192024603078
1.0,0.0,-0.9862649071659377,-0.15658318221013498,0.658436789543455,0.03292428414659036,-0.20726029087060854,0.6798459772796016,0.0,0.34156321045654503,-0.3953247456065506,-0.04781007438665402,0.34156321045654503,0.018553498693792164,-0.20694265096678247
1.0,0.0,-0.5623281903037147,-0.9354054242077128,0.0,-0.42066251093388385,-0.36472194518719175,0.7598090916977819,0.4627365832859299,1.0,-0.40256407589166515,-0.829506344319576,0.5372634167140701,-0.2355033967061999,-0.045614062633525077
0.46011915898357203,0.0,-0.49165237920876137,0.8860199093327972,0.539880841016428,-0.7217919417919096,-0.05707841552585391,-0.02373090482643836,0.0,1.0,-0.5089177001134766,-0.49265439446166376,0.46011915898357203,0.5713277962611301,-0.8759227803387428
1.0,0.5847661059491537,-0.9862649071659377,-0.44425213895113036,0.0,-0.17058740913023923,-0.8546694488632337,-0.5158523330487066,0.0,0.0,-1.0842672873101962,-1.0713441146689915,1.0,0.045636408788820415,-0.2190458419581065
0.0,1.0,-0.43684942756431455,-0.9354054242077128,0.0,-2.025257424989487,-0.45537008693022313,-0.35900522157190456,0.0,0.0,0.4379360922846476,0.8718647585077601,0.0,-0.65066655420658,0.7776324547123207
0.3023324263030682,0.3023324263030682,-0.9862649071659377,-0.11017962798146086,0.0,-0.6509481612468663,-0.47507652146001456,-0.9705839304419741,0.6976675736969318,0.0,-0.8447715993432816,-1.221641256073518,0.6976675736969318,0.467696208711284,0.5056850628011607
1.0,1.0,-0.23508248251346514,-0.9354054242077128,0.0,0.9248976908472482,-0.31469205627101227,-0.6855169236756652,1.0,0.0,-0.8311655829856436,-1.1508050947111932,0.18006727234929853,0.7351228589801364,-0.3622999343177823
1.0,0.696501466227079,1.402138814529676,-0.5764166613229741,0.303498533772921,0.1816729807248107,-0.8951491524439776,1.944950156785771,0.0,0.303498533772921,1.6540103517937867,1.4307661069448954,0.0,-1.746227109710813,1.4399511316247091
0.4116612143575281,0.4116612143575281,-0.0701136189928391,-0.23949757190511659,0.5883387856424719,1.0997431170900593,0.13864164144863533,0.5402832317869536,0.4116612143575281,0.5883387856424719,-0.033615332162849704,1.026064587187863,0.0,0.07901262833017553,0.2134222476799303
0.8743176048544171,1.0,-0.7559767307393255,-0.9354054242077128,0.0,0.33824180263367676,-0.03246306860246051,-0.6855169236756652,0.0,0.0,-0.639619915009801,0.5850980623261411,0.0,0.9851192556300588,-0.2344272939071958
0.0,0.0,-0.9862649071659377,-0.32596605845543125,0.0,-0.21959980761228015,-1.139346039736241,-0.8835914967790395,0.5152360548642109,1.0,-1.3246693845493946,-0.7099809887344546,1.0,-0.5834422234821772,-0.7566411188659978
0.026889650729895687,1.0,-0.9862649071659377,-0.9354054242077128,0.0,-1.476952832986598,-0.3401484554026369,0.13168317996608064,0.0,0.0,0.5020672356642873,0.32718797001972766,0.0,-0.9551650895764832,-1.0772160352016964
0.3980646044590398,0.0,1.0239485814609537,0.9594202236051327,1.0,0.5230376785312721,-0.2136592784683847,1.4407849512295343,0.6019353955409602,0.3980646044590398,0.7629862504342337,1.634143548678536,0.0,-0.8014581708772429,0.11980632026699745
0.2238490659063206,0.0,0.8460376691802596,0.2474298218872014,1.0,-0.4571891102380914,-0.11254672724283886,0.5402832317869536,1.0,0.0,2.050695883719551,1.0787921258920092,0.0,-1.2888402795099614,1.3659374205318122
0.8217906368444492,0.0,-0.9862649071659377,2.1915156822280024,0.0,-0.05441851174070905,-1.139346039736241,-0.6855169236756652,1.0,1.0,-1.3908490492966685,-1.2107001284800125,1.0,-0.2983126572105555,-0.3126558561608913
0.0,0.0,0.529889775174622,-0.5272295292043403,0.6549173721776133,-1.0991566628770233,1.1979693051139906,0.3848801651649856,1.0,1.0,0.46368752802406954,-0.2631147583997216,0.0,0.8419080868354104,1.38011491235673
1.0,1.0,-0.0701136189928391,-0.9354054242077128,0.0,0.22430222241568754,1.3271558030978543,-0.9520797464449825,1.0,0.0,0.3722008667292775,-0.2889264237792818,0.0,1.0838483341938376,-0.7909752917409594
1.0,0.9681953185148349,0.8460376691802596,-0.8977857259562372,0.03180468148516513,-2.355291086176747,-0.9317968562360804,1.3314925464227299,1.0,0.0,0.542131799742684,1.7337989990570877,0.0,-1.6197184885562665,1.4462294616460054
0.0,0.0,-0.9862649071659377,0.2474298218872014,0.45128469079259137,0.25410495578478887,-0.21198124534136709,0.6052477126310709,0.0,1.0,-0.5150205073552587,0.5759407260040368,0.5487153092074086,0.2898696305455047,-0.6675305497551538
0.534423503732523,0.465576496267477,-0.5597264003673709,-0.9354054242077128,0.0,-1.1754877815541533,-0.5220424917726054,0.7305178122884252,0.465576496267477,0.534423503732523,-0.6352930808265822,-0.6105759558071951,0.534423503732523,-0.1799204773614328,-0.8350790874411513
1.0,0.3559914842719861,-0.9862649071659377,-0.9354054242077128,0.0,-0.1415519105819938,-0.4506097436844749,1.2397995614504724,0.0,0.6440085157280139,-0.6017729469228223,-0.9808224075775521,1.0,-0.12699529623174174,-0.20182154402351496
1.0,0.0,0.8460376691802596,0.497676921637384,0.8942172628959257,-0.5090346465874717,-0.7370427991628077,0.734785975168107,0.8942172628959257,0.0,1.073046311496434,1.2327100608137622,0.0,-1.518705003056774,1.8433116934709435
0.0,1.0,-0.18806662994528106,-0.9354054242077128,0.0,-2.2914400587523596,-0.5099932299487981,-0.026136626685186015,0.0,0.0,0.9569457483802355,1.167858885655219,0.0,-1.1526503910361123,0.8692129546147797
0.3300995133101554,0.6699004866898446,-0.37253471333725097,-0.5449520851456837,0.0,-1.2756297060542832,-0.8698429030791963,0.4093685706295288,0.6699004866898446,0.0,-0.9335771124290146,-0.36385581873710304,0.0,-0.4671799147091831,-0.7868830451150798
0.678417235319971,1.0,-0.9862649071659377,-0.9354054242077128,0.0,0.3654256581583328,-1.139346039736241,-0.6855169236756652,0.0,0.0,-1.3908490492966685,-1.2223495373260302,0.678417235319971,-0.2983126572105555,-1.0898545233616255
0.9077094137712539,0.9077094137712539,-0.9017127677062216,-0.9354054242077128,0.0,-2.8172903771888542,-0.5544555798332143,0.09397324165043625,0.09229058622874609,0.0,-0.17477423889717214,0.2366501866134253,0.0,-0.8002792099395831,-0.965708761113758
1.0,0.4811453940562932,-0.9862649071659377,0.9057531223189998,0.0,0.03292428414659036,-0.8489965129124986,0.10086720810343763,0.0,0.5188546059437068,-1.062420736992821,-0.9808224075775521,1.0,-0.17702642923084627,-0.8984786195876434
0.0,1.0,-0.9862649071659377,-0.9354054242077128,0.0,-0.1511473260724665,-0.9381944194495243,-0.6855169236756652,1.0,0.0,-1.2543296868083218,-1.1781071653398743,0.687784717096083,0.2898696305455047,-0.10534505759907609
1.0,0.48834298645273877,-0.9862649071659377,-0.3301994746723492,0.0,0.044350801102663207,-0.9335047651240527,-0.6855169236756652,0.5116570135472612,0.0,-1.2511468706923417,-1.5790565394186713,0.0,0.15310873195143693,-0.5326152161248112
0.0,1.0,-0.9862649071659377,-0.9354054242077128,0.0,0.10986114906526566,-1.139346039736241,-0.6855169236756652,0.0,0.0,-1.3908490492966685,-1.9618301907755118,0.0,-0.2983126572105555,-1.768084837227173
1.0,1.0,0.8460376691802596,-0.9354054242077128,0.0,-1.502041219858253,-0.1866347970485091,1.9935858026078845,1.0,0.0,0.09535941035169351,1.6763228441052105,0.0,-0.2981585063095501,0.9282142978868291
0.0,1.0,-0.0724910539247575,-0.9354054242077128,0.0,-2.9064842259523203,-0.3326515851515583,0.9499436107054609,0.9974049756163534,0.0,-0.5703157900685996,-0.8718215427777788,0.0025950243836465603,0.14396881914055673,-0.4857684620116779
0.8683011070355868,1.0,0.05054249144747913,-0.9354054242077128,0.0,1.5032644673006357,0.64452709713445,-0.6855169236756652,1.0,0.0,-0.18015423580947065,-0.05990812848990701,0.0,1.1411822514911152,-0.25912126376826894
1.0,1.0,0.8460376691802596,-0.9354054242077128,0.0,-2.293373935223973,-0.8361900212290001,1.4438174697238788,1.0,0.0,0.46273098550023867,1.7349867854892973,0.0,-1.44208385688498,1.3713328644778269
0.5972780822554306,1.0,-0.9862649071659377,-0.9354054242077128,0.0,-1.4374158990074548,-1.3404976600229574,-0.2769168718547923,0.0,0.0,-0.9263116223610554,-1.2412377175447205,1.0,-2.062859520478736,0.04531649233201593
0.013743004133184855,1.0,-0.9736742362259522,-0.9354054242077128,0.0,0.5297733089360301,-1.3239110947289743,-0.6855169236756652,0.013743004133184855,0.0,-1.5161112948073927,-2.0603450602270375,0.0,-2.021287792190005,-1.5914665382123296
1.0,1.0,-0.9862649071659377,-0.9354054242077128,0.0,0.22418028421619185,-1.2325615821519096,-0.6855169236756652,0.4634093540126675,0.0,-1.4541133988776145,-1.786363657407247,0.0,-1.1160201792427418,-0.8483332497378514
1.0,0.0,-0.91667566692485,0.15758373732810527,0.0,0.03292428414659036,-0.07247144538398365,-0.6855169236756652,0.07595824089256686,1.0,-0.6667731543653769,-1.3588692691549302,0.9240417591074331,0.97600334909335,-0.3345291196009521
0.7638834668825957,1.0,-0.0701136189928391,-0.9354054242077128,0.0,-1.4374158990074548,-0.228578384728754,2.1746834390704453,1.0,0.0,-0.46744799045238805,0.4876626474261438,0.0,0.15099006791948025,-0.45406315884541104
0.7599554089375856,0.7599554089375856,-0.0701136189928391,-0.9354054242077128,0.0,1.5032644673006357,-0.8416237025829905,0.6220943417031943,1.0,0.24004459106241438,-0.7082522368549349,-0.8761621355123077,0.0,-0.8125070670662464,0.6885182033015795
0.531265753973534,1.0,0.8460376691802596,-0.9354054242077128,0.0,-0.9473025046227731,0.45728860841496755,-0.9025921382799063,0.531265753973534,0.0,-0.23470284894590568,-0.4221861066917569,0.0,0.9408744157028714,0.6000417929849962
1.0,0.0,-0.9862649071659377,0.5780132751908039,0.0,-0.5941679320655205,0.21249665517555527,-0.4571226200785669,0.0,0.7205160613914648,-0.3589035736291025,-1.1074321641591673,1.0,0.8250407075507934,-0.536668487605796
1.0,0.06234136251124145,-0.9862649071659377,-0.9354054242077128,0.0,1.0131510729159539,-1.126805973656223,-0.6855169236756652,0.06234136251124145,0.9376586374887586,-1.382338246229979,-1.035184506989724,0.9376586374887586,-0.26164457198686364,-0.6243968793417618
0.0,0.1477390919062267,-0.2054649783562525,0.07267881675446061,0.0,-0.6020069258730338,0.00812776655080745,0.47991703117810064,0.0,0.8522609080937733,0.05502156215338014,-0.2301950860838408,0.0,-0.14542997856868703,1.4143347967726654
0.8668830714125217,0.8668830714125217,-0.9862649071659377,-0.7779500292225439,0.0,-0.09756049529355411,-0.3615162444623369,-0.7399085075947442,0.13311692858747826,0.0,-0.8447715993432816,-1.4677872902343194,0.13311692858747826,0.7997548987059222,0.6249956174876518
1.0,0.0,-0.6996611819562193,0.6174614882904303,0.6871655054033311,0.03292428414659036,-0.24707214536442146,0.7959316131940646,0.3128344945966689,0.0,-0.2902986842016521,0.23159345211807947,0.0,-0.24362665562672703,-0.47676214682670726
1.0,0.15555932736637124,-0.843749029011896,-0.9354054242077128,0.0,-0.043317425817139765,-0.768333809913265,1.0760063820540653,0.15555932736637124,0.8444406726336288,-0.8022978789409355,-0.9129980027351301,0.8444406726336288,-0.4355585187887747,0.3488511994588588
0.7496162320085874,1.0,-0.7568754955829708,-0.9354054242077128,0.0,-0.08979215428250747,-0.636621380126023,1.2558037453370163,0.2503837679914126,0.0,-0.6740700044713172,-1.0354065020633316,0.7496162320085874,-0.33025775044386085,-1.0069316327042865
1.0,0.0,-0.9862649071659377,2.61310031407703,0.0,-0.9174328842018326,-0.9443239423455111,0.5029304622288332,0.0,0.03047215273359416,-0.9937710784261418,-0.8751430337780514,1.0,-0.640468121559573,-1.269389008335943
0.8672149810747233,1.0,-0.9862649071659377,-0.9354054242077128,0.0,-2.7125169331147956,-0.5091812571694694,0.13168317996608064,0.0,0.0,-0.0715361562431388,0.32718797001972766,0.0,-0.8035157619394051,-0.9678121296389173
0.0,0.35414667079312545,-0.0701136189928391,-0.17146734261407967,0.0,-0.6307611371705445,0.5285441895458414,-0.6855169236756652,1.0,0.6458533292068745,-0.2588705423496437,-0.3381954507714812,0.0,1.1201586795205871,1.0867686667638947
1.0,0.3971638325040825,-0.9862649071659377,-0.22234955767276424,0.6028361674959175,1.3086091532252306,-1.139346039736241,2.3789834649808816,0.0,0.0,-1.117810324319975,1.0770499025318025,0.3971638325040825,-1.180586088844646,-0.7961548076326326
0.0,0.8951308334675191,-0.9862649071659377,-0.8113624778044972,0.0,-0.7931091550961931,-1.2561192489584532,1.7232338403699887,0.0,0.0,-0.46384685539763854,-0.9579607478918084,1.0,-1.851377738926236,-0.6856106100570053
0.2625947939061809,1.0,-0.5051117897565438,-0.9354054242077128,0.0,-1.9275292933921366,-1.1921674080093256,-0.5782206772777083,0.2625947939061809,0.0,-1.0323563107283624,-1.4807295508157432,0.0,-0.7616734771082614,-0.002521135870267366
1.0,0.0,-0.0701136189928391,-0.9354054242077128,1.0,-0.6358686510810047,-1.139346039736241,0.7637268383611121,0.8177161215240419,1.0,0.23529033248235084,0.19831800482701814,0.0,-1.8051364323686365,-0.634325191666685
1.0,0.4360349079811636,-0.5867909645305561,-0.26832763580067154,0.0,-0.6081953623159909,-0.24703043034739405,1.4833749415982656,0.4360349079811636,0.5639650920188364,-0.4352135118782414,-0.05559262715599417,0.5639650920188364,0.06872677852004064,-0.5727062976171247
0.0,0.8407099858779311,0.8460376691802596,-0.9354054242077128,0.0,1.4251942977876846,0.6300741447382325,-0.6855169236756652,1.0,0.1592900141220689,-0.1899632934963717,0.738114668712537,0.0,1.132063146388592,1.1511487358981793
0.9107956712879438,0.0,0.01161104166732771,-0.9354054242077128,0.0,-0.9910227409616459,-1.139346039736241,0.13168317996608064,0.0,1.0,-0.3865010395303581,-0.2567097498731284,0.0,-1.6815007452853834,-0.42112300209572695
0.0,0.4646644359844765,-0.5605619855705333,-0.30219165060205144,0.5353355640155235,0.5230376785312721,0.5775505386563178,1.41523578858015,0.4646644359844765,0.5353355640155235,0.2570312779086231,2.0205529814520937,0.0,0.33191692146800145,-0.7683573944812786
0.23321641154980122,0.0,-0.9862649071659377,-0.9354054242077128,0.23321641154980122,0.03292428414659036,-1.0455223216148484,-0.7129480241176309,0.0,0.7667835884501988,-1.095136907675328,-0.5012950699116631,0.7667835884501988,-0.8522015043447106,-1.0070529949638116
0.0,1.0,-0.9862649071659377,-0.9354054242077128,0.0,-0.12104301128386497,-1.139346039736241,-0.6855169236756652,0.0,0.0,-1.3908490492966685,-1.1023717104110904,0.6570731357217398,-0.2983126572105555,-1.536539595036086
1.0,1.0,-0.5043417913897712,-0.9354054242077128,0.0,0.7808520560851152,-0.6102870467324406,-0.6855169236756652,1.0,0.0,-1.0317826080686276,-0.8945199339366439,0.47396994143055615,0.36469069267050835,-0.1479296059412023
1.0,0.35510430327930476,-0.9862649071659377,0.5902052960646367,0.0,-0.28314773479726385,-1.3404976600229574,-0.6855169236756652,0.35510430327930476,0.6448956967206952,-1.4393276623972278,-1.7193601123342448,0.0,-2.062859520478736,-1.2244794873702056
0.351177159708424,0.0,0.5243062619364169,-0.9354054242077128,0.0,-1.2652992692323877,-1.139346039736241,0.13168317996608064,0.0,1.0,-0.080905989780304,-0.5007053567536468,0.0,-1.7490202727544057,0.3659774662609028
1.0,0.4795821017542502,0.8460376691802596,-0.9354054242077128,0.0,0.07295262580829232,0.16403239881243514,2.060019294693297,0.4795821017542502,0.5204178982457498,0.1930608115786273,0.5574043292617312,0.0,-0.028443517848268762,-0.01617692040929386
0.5841994847141693,0.5841994847141693,-0.9862649071659377,-0.443581919383205,0.0,0.3192482765976339,-0.468143727765844,-0.6855169236756652,0.0,0.41580051528583073,-0.9353115219315256,0.1739974244643111,0.41580051528583073,0.6825733898884665,-0.39371898658868854
0.0,1.0,-0.9862649071659377,-0.9354054242077128,0.0,-0.4571891102380914,-1.139346039736241,-0.6855169236756652,0.7368224753949129,0.0,-1.3908490492966685,-0.6538198131782321,1.0,-0.2983126572105555,-1.4783560919930427
0.0,1.0,-0.9862649071659377,-0.9354054242077128,0.0,-0.023676231782273405,-1.2283068995246422,-0.6855169236756652,0.0,0.0,-1.4512257932046557,-1.2805039943635084,0.5577422659504374,-1.0786971545838044,-1.685310136401969
0.4134645653392409,0.0,-0.6074688130164618,-0.9354054242077128,0.0,-1.5222402502397319,-1.139346039736241,-0.3476336380282481,0.0,1.0,-0.9957276171952266,-0.7292793108890082,0.5865354346607591,-0.8657619030875883,-0.7721361763224606
1.0,1.0,-0.9862649071659377,-0.9354054242077128,0.0,0.5862216686769942,-1.3404976600229574,-0.6855169236756652,1.0,0.0,-1.5273684117850153,-2.0708310555752854,0.0,-2.062859520478736,-1.0085211876447644
0.0,0.0,-0.9862649071659377,-0.4873798119766026,0.0,-0.15271725325839547,-1.0143851468798806,0.3298172252397268,0.37877262595128935,1.0,-0.9668012239694701,-0.8305349989866072,1.0,-0.7681061490336902,-0.6307263715097415
0.0,0.6625531661280819,-0.9862649071659377,-0.9354054242077128,0.0,-1.2780769309694322,-1.139346039736241,-0.6855169236756652,0.0,0.3374468338719181,-1.3908490492966685,-1.162042140461114,1.0,-0.2983126572105555,-0.8699603637242064
0.8996473971450123,1.0,-0.9862649071659377,-0.9354054242077128,0.0,0.7180461439923782,-1.139346039736241,-0.6855169236756652,0.0,0.0,-1.3908490492966685,-1.8418908054796368,0.0,-0.2983126572105555,-0.4152690975501281
0.39244477770642716,0.39244477770642716,-0.9862649071659377,-0.9354054242077128,0.0,0.03292428414659036,-0.9381944194495243,-0.6855169236756652,0.0,0.6075552222935728,-1.2543296868083218,-0.5834781397158444,1.0,0.2898696305455047,-0.5480030489756146
1.0,0.0,-0.2939780771409438,1.141235543204012,0.24435315546465453,0.03292428414659036,-0.6924342537300883,1.157797911457796,0.7556468445353455,0.0,-0.4716560633484366,-0.058008122405934115,0.0,-0.8474072662045437,-0.5682030766237132
0.4982476978489402,1.0,-0.9862649071659377,-0.9354054242077128,0.0,-0.20783827926953302,-1.3404976600229574,-0.48193288851495764,0.0,0.0,-1.2552865794985204,-1.7449744758751016,0.4982476978489402,-2.062859520478736,-0.625238953386683
1.0,0.669651518719086,1.156890584010286,-0.9354054242077128,0.330348481280914,-0.7810055412189179,-1.139346039736241,0.945224451497938,0.669651518719086,0.330348481280914,1.2505627426412933,0.255171429729905,0.0,-1.8953405812469708,1.6115110083600315
0.06630817624012542,0.0,-0.13086194007163887,0.2474298218872014,1.0,1.9283808110203062,-1.139346039736241,0.2806975633293258,0.9336918237598746,1.0,0.9488189261687034,0.24709769943383214,0.0,-1.8646755413359735,-0.6017905763966439
1.0,1.0,-0.9862649071659377,-0.9354054242077128,0.0,-0.9436098123326049,-1.139346039736241,-0.6855169236756652,0.0,0.0,-1.3908490492966685,-1.8511868217810794,0.0,-0.2983126572105555,-0.5715704758029642
0.22533279771252823,0.7746672022874718,-0.0701136189928391,-0.9354054242077128,0.0,-0.726425259916605,1.1384952316135164,-0.6855169236756652,0.22533279771252823,0.22533279771252823,0.26085350348611924,-0.4849410232155214,0.0,1.02942500578933,0.7339737570682672
0.6346431803259424,1.0,-0.0701136189928391,-0.9354054242077128,0.0,-1.1263687756748175,-0.4082316748496129,2.1746834390704453,1.0,0.0,-0.3984507095952391,0.031600664965791836,0.0,-0.2983126572105555,-0.6682824670661075
0.0,1.0,-0.5393573297715498,-0.9354054242077128,0.0,-2.6567248050653047,0.07737199525981947,1.1581642255395195,0.4878098008087379,0.0,-0.2920373565011064,-0.8718215427777788,0.5121901991912621,0.36876996095140124,-0.6360490394390476
1.0,0.8508175178361462,-0.8495911839586627,-0.9354054242077128,0.0,0.44992134581521354,-0.013554746280044383,-0.6855169236756652,0.14918248216385377,0.14918248216385377,-0.6267870474171809,0.5517981748239423,0.0,0.9894275158726166,-0.31575506092699807
1.0,0.9121123754598561,-0.9862649071659377,-0.8314488442060743,0.0,-0.9042276026349967,-1.0155948731804372,-0.6855169236756652,0.0,0.08788762454014387,-1.3068605119868193,-1.8947714012149977,0.08788762454014387,-0.17769345438646472,-1.1828365834986043
1.0,1.0,1.7621889573533582,-0.9354054242077128,0.0,-1.342267679678902,2.2802315051379414,-0.6181752714696191,1.0,0.0,1.5290639667560169,0.8202813376510991,0.0,1.0545031882603788,2.7971537801854667
1.0,1.0,1.7621889573533582,-0.9354054242077128,0.0,-1.4101393784293559,2.2802315051379414,-0.9576768636849029,1.0,0.0,1.4912531207331454,0.6240513197167331,0.0,1.1292977751359219,2.8007417375753243
0.1576859647018184,0.8423140352981816,-0.9862649071659377,-0.7488889073439233,0.0,-0.5344731136449228,-1.139346039736241,-0.6855169236756652,0.0,0.0,-1.3908490492966685,-0.5850681871010932,0.8423140352981816,-0.2983126572105555,-1.634667704714035
1.0,0.0,-0.9862649071659377,2.61310031407703,0.0,0.03292428414659036,-1.139346039736241,-0.6855169236756652,0.9483645221254872,1.0,-1.3908490492966685,-1.2909400667488575,1.0,-0.2983126572105555,-0.264956223434722
0.981757518571639,0.018242481428361046,-0.9862649071659377,1.3871093679627209,0.0,-0.44824822574323786,-1.3368281553255923,-0.6855169236756652,0.018242481428361046,0.981757518571639,-1.3908490492966685,-1.5138960540657078,0.018242481428361046,-2.0306698070960936,-1.4516520156665955
1.0,1.0,-0.43100661392774775,-0.9354054242077128,0.0,-0.26412220847133616,-0.43225933489125046,-0.809338485856467,1.0,0.0,-0.8695865565171531,-0.5216939624993573,0.6969614623664215,0.6374333445266057,0.07810676992274113
0.002744465231605653,0.002744465231605653,2.678340245526457,0.24418357167957616,0.9972555347683943,0.5163121826791071,2.2802315051379414,-0.6843955350398105,1.0,0.9972555347683943,2.362496737523391,1.6331043040314017,0.0,1.25813402737083,0.43271091899691494
1.0,0.1033897370259792,0.1193276625276185,-0.9354054242077128,0.8966102629740208,-1.3360705090907703,-1.139346039736241,1.6393482315298877,0.1033897370259792,0.8966102629740208,0.8640342554500017,0.1317253819146868,0.0,-1.8712054254335595,-0.03186938495713898
0.0,0.42400158219434003,-0.9862649071659377,-0.25409419393227384,0.0,-1.0806156742593223,-1.139346039736241,-0.6855169236756652,0.57599841780566,0.57599841780566,-1.3908490492966685,-1.2249860693345578,0.57599841780566,-0.2983126572105555,-0.47717098744172404
0.08260438691446836,0.0,-0.9105867916854985,2.515392933752535,0.0,-0.8663314716993418,-0.5691231914173633,1.732331230475689,0.08260438691446836,0.0,-0.4464906101185454,-0.4178101843588212,0.9173956130855316,-0.5510575966156209,0.07919840086292707
0.0,0.0,-0.9862649071659377,-0.9291363898360966,0.0,0.030326680020799444,-1.139346039736241,-1.0919513926078255,0.005300006397605417,1.0,-1.255053240302907,-0.6543975184590154,1.0,-0.8833775750785505,-0.867455810603557
0.9750671629451425,1.0,-0.9862649071659377,-0.9354054242077128,0.0,0.4985978437300794,-1.139346039736241,-0.6855169236756652,1.0,0.0,-1.3908490492966685,-0.44125348518046814,1.0,-0.2983126572105555,0.19541272871071702
1.0,0.5092512207412155,-0.9862649071659377,-0.35493047112236975,0.0,-0.9563707990221313,0.17744398233604503,-0.6855169236756652,0.0,0.49074877925878446,-0.49715833933326614,-0.4378348657011777,0.49074877925878446,1.014203076509808,-0.10673122690569414
0.0,0.0,1.0999067672180136,-0.9354054242077128,0.2771039033782243,-0.10288805053535605,1.5531728994658764,2.2091464610607185,1.0,1.0,0.8987225078624619,0.14463842731229248,0.0,0.8750526164914924,1.6822384423876509
0.0,0.17913852684664744,-0.0701136189928391,-0.9354054242077128,0.0,-1.8397311019342548,-0.48480476464595745,-0.35011288320744727,0.8208614731533526,0.0,-0.2742382719076888,-0.5366622871067802,0.0,-0.6190661694682238,-1.132302863724667
0.7184572708365536,1.0,-0.9862649071659377,-0.9354054242077128,0.0,0.1709121468012142,-0.9381944194495243,-0.22536342877176851,0.0,0.0,-1.177457619011076,-1.1649528133189762,0.7184572708365536,0.024912116080799462,0.2832578229384211
0.46496326795508947,0.46496326795508947,-0.9862649071659377,-0.30254511958955244,0.0,0.03292428414659036,-0.9381944194495243,-0.6855169236756652,0.0,0.5350367320449105,-1.2543296868083218,-0.8058640080999326,1.0,0.2898696305455047,-0.22005371128528176
1.0,0.0,-0.0701136189928391,0.30274041838152455,0.0,-0.434270902243553,-0.45883051198829045,0.9679898436029202,1.0,0.476619484126412,-0.24639393375427587,-0.4256240977799418,0.0,-0.6953837336401698,-0.47518009195484107
0.0,1.0,-0.9862649071659377,-0.9354054242077128,0.0,-0.20441426605484958,-1.171815419595744,-0.619561748796765,0.8385825587026248,0.0,-1.3027026245749973,-0.7980099593683665,1.0,-0.5831412969286145,-1.3780248446348955
0.7949224398505409,0.7949224398505409,2.3025761037138106,-0.9354054242077128,0.2050775601494591,0.5105947773310532,2.1152247711039003,1.5984939838408379,0.2050775601494591,0.2050775601494591,2.0414672547517645,1.8197772768619571,0.0,0.6211704338612627,0.7560738256946576
1.0,1.0,-0.9862649071659377,-0.9354054242077128,0.0,-0.48856218365021165,0.0868778181284452,1.6876176307399007,0.0,0.0,-0.16217478690154793,-0.9668677098585021,0.9679940665042343,0.21373247071127022,-0.8603205987010185
1.0,0.7109524788367483,-0.0701136189928391,-0.593509828379453,0.0,1.2199323438290368,0.322164279513126,-0.8036217558016647,1.0,0.2890475211632517,-0.3594777034917681,-0.2178163539791389,0.0,0.898116402164473,-0.6077917162233365
1.0,0.19950692733831976,-0.9862649071659377,-0.9354054242077128,0.0,-0.5549701275991333,-1.139346039736241,-0.6855169236756652,0.0,0.8004930726616802,-1.3908490492966685,-1.6783204516030368,0.0,-0.2983126572105555,-0.7113826341499694
0.7362471836984882,0.7362471836984882,-0.0701136189928391,-0.9354054242077128,0.0,1.5032644673006357,-0.8320858067410566,0.6705302520095751,1.0,0.2637528163015118,-0.7082522368549349,-0.86582526729659,0.0,-0.7886017673637865,0.6383339123402576
0.0,0.0,0.8460376691802596,0.9447349384234007,0.0,-1.4374158990074548,-1.139346039736241,-0.08480948096249616,0.5298400231811167,1.0,-0.03380290629584827,-0.6538198131782321,0.0,-1.7652389526769692,0.6694103547279363
0.0,1.0,-0.9862649071659377,-0.9354054242077128,0.0,-0.6006795618354713,-1.139346039736241,-0.6855169236756652,0.7072300956444445,0.0,-1.3908490492966685,-0.8133806769887444,1.0,-0.2983126572105555,-1.2231036941883127
0.7677795014428388,1.0,-0.7735157982725953,-0.9354054242077128,0.0,-1.4374158990074548,-1.186057569284803,0.10262435912250778,0.2322204985571612,0.0,-0.0573580188329509,0.041001459051198785,0.0,-1.837062368653308,0.24980652699660044
0.08729017958967544,0.08729017958967544,-0.9862649071659377,0.1441799208305784,0.0,-0.9900845908379174,-0.5183326178165094,-1.0584502035927434,1.0,0.0,-0.8328547996742058,-1.1183673875687319,1.0,0.30453892698255974,0.45703099855209955
0.506103956359347,0.506103956359347,-0.9862649071659377,-0.35120777588271646,0.0,-0.45120584869718033,-0.4340875480208907,-0.8873228727013601,0.493896043640653,0.0,-0.8447715993432816,-1.3104863480643476,0.493896043640653,0.5875510134393389,0.5487495681576571
0.06798565774306586,0.06798565774306586,0.9706079650174699,-0.9354054242077128,0.9320143422569341,-1.2708124915778085,1.5303267248361783,1.0044411701616123,0.9320143422569341,0.9320143422569341,0.9001963750313735,0.1558057808678952,0.0,0.6767894699008079,1.442897444045689
0.0,0.0,0.5522809117906744,-0.556138537936301,0.6793578078404857,-1.123113832642965,1.2176342380503908,0.4248256182784832,1.0,1.0,0.48704367689349914,-0.24446655803636733,0.0,0.8305819893987278,1.3891108525219924
0.5938830975578988,0.4061169024421012,-0.9862649071659377,0.46952629549530145,0.0,-0.7482591710498823,0.8844744115045695,-0.20019559480026927,0.0,0.0,0.28136777803555413,-0.5619518877458194,0.5938830975578988,0.5532342341259108,-0.13158464165764278
0.0,0.3692304815098961,2.001798282990327,-0.1893090055753002,0.6307695184901039,0.8849672877374835,1.6117897186033,-0.6855169236756652,1.0,0.6307695184901039,1.3804947751664387,1.393719696846915,0.0,1.2049854996049099,0.6793821402686135
1.0,0.0,-0.0701136189928391,-0.9354054242077128,1.0,-0.9024747458871898,-1.139346039736241,1.0971249827548144,0.5457320277809004,1.0,0.420945807906273,0.16867150339723308,0.0,-1.8256462049957005,-0.5337417576685599
0.4513968820618468,0.4513968820618468,1.6731333391368222,-0.9354054242077128,0.5486031179381532,-0.33123760859748685,1.8388218808675245,1.3177648624123286,0.5486031179381532,0.5486031179381532,1.5021415180524529,1.033441036386322,0.0,0.6474540954525253,1.0806432688757623
1.0,0.0,-0.9862649071659377,-0.28612115903882684,0.5489219798889773,0.03292428414659036,-0.2953766165001667,0.7245937341795742,0.0,0.4510780201110227,-0.4700792055918603,-0.2029937908760222,0.4510780201110227,-0.03414941417635886,-0.14114363028764418
0.20173046233023584,0.0,-0.9862649071659377,0.008815920831976076,1.0,0.325296075244346,0.34639126797288544,2.092256361708462,0.0,1.0,0.21866197838101956,1.6973922943583863,0.0,-0.026541795703790894,-0.7868055138486861
0.3154284521201667,0.0,0.8460376691802596,2.61310031407703,0.0,-1.282820189653334,-1.0124481512792358,0.5608296603787137,0.6845715478798333,0.6845715478798333,-0.11911269570741678,-0.5506738909875759,0.0,-1.5649365453200104,1.551707377217943
0.08786811124265681,0.08786811124265681,-0.9862649071659377,0.14349632290159814,0.0,-1.3943505607481455,-1.139346039736241,-0.6855169236756652,0.0,0.9121318887573432,-1.3908490492966685,-1.4551366672317345,0.9121318887573432,-0.2983126572105555,-0.8818472650691311
1.0,0.8611752265579796,-0.0701136189928391,-0.9354054242077128,0.0,0.4549977975949191,-0.19511541802038077,0.37011180291966217,1.0,0.13882477344202038,-0.39730897274245386,0.8480816978451358,0.0,0.07095413867249804,-0.26962040203326954
0.0,0.0027108994143296705,-0.9862649071659377,0.2442232745113142,0.0,-0.4571891102380914,-1.139346039736241,-0.6855169236756652,1.0,0.9972891005856703,-1.3908490492966685,-0.7625251875974584,1.0,-0.2983126572105555,-0.6532779808192873
1.0,0.8833039358583187,1.5483664583770944,-0.9354054242077128,0.11669606414168132,-0.5715777184537153,-1.139346039736241,0.6833292853537023,0.8833039358583187,0.11669606414168132,1.396401201551005,0.3017480261993815,0.0,-1.9044468542540407,2.2315637907703523
0.5268337989481078,0.0,-0.5527730825522753,0.2474298218872014,1.0,1.4769612587272491,-1.139346039736241,1.3156369264975936,0.4731662010518922,1.0,0.13150028868734898,0.44788846398432897,0.0,-1.7137605762066601,-0.6571289710132908
0.0,0.0,0.8460376691802596,1.8961816464397567,1.0,0.3299829344138081,0.39063367770398405,-0.0417297564247503,1.0,1.0,-0.02982054897181524,1.1793900463939349,0.0,0.6036202605685409,0.23678566818693142
0.0,0.7942894499664624,-0.9862649071659377,-0.9354054242077128,0.0,-0.3563676143004144,-0.9381944194495243,-0.3493035580604502,0.7942894499664624,0.20571055003353755,-1.141995794217499,-0.8718215427777788,1.0,0.013308940409999304,-0.018292897636060568
0.0,0.0,-0.9862649071659377,1.3040574342160467,0.0,-1.7706450984379478,-1.139346039736241,-0.6855169236756652,0.10669925011343606,0.10669925011343606,-1.3908490492966685,-0.9575617865058484,1.0,-0.2983126572105555,-0.5806958841839392
0.0,0.0,0.20339884059675173,0.6005594650205008,0.14927253998354528,-0.3108681677185744,0.9112298491002391,-0.3195603182394058,0.8507274600164547,0.8507274600164547,0.061989725049720334,-0.6163831544364189,0.0,1.0975168868815852,1.2297862584714687
0.0,0.0,-0.9862649071659377,-0.05304046269975804,0.0,-0.33268782269459435,-1.139346039736241,-0.7893117457002807,0.7459745255487181,1.0,-1.3561696534687797,-0.735131681581643,1.0,-0.4477259419216292,-0.7064991205158381
0.5914817070640831,0.0,1.929811124895426,1.2138494930054604,1.0,0.32281739131221415,-0.08821720896690485,0.9488832836078265,0.4085182929359169,1.0,1.1913897187709157,1.5614413170674486,0.0,-0.8764743269129679,0.31969712300496134
0.0,0.06706193290004536,-0.0701136189928391,-0.9354054242077128,0.0,-1.8946613418244977,-0.6426154839259854,-0.3043183811129587,0.9329380670999546,0.0,-0.2895388970631442,-0.6099609610907363,0.0,-0.8599791686266838,-1.1215092225195298
1.0,1.0,1.7621889573533582,-0.9354054242077128,0.0,-0.9517480897050876,2.2802315051379414,1.3352460370913837,1.0,0.0,1.746619683752361,1.9493479081820229,0.0,0.6241507448024548,2.776509422161035
1.0,1.0,-0.9862649071659377,-0.9354054242077128,0.0,0.4225635455510762,-0.17482438455657628,-0.3504619228311633,0.0,0.0,-0.6522788040200846,0.4503561850803168,0.20500181005323725,0.7438884128387467,-0.3256768706101021
0.0,0.0,0.8460376691802596,2.164535377455147,0.3792285849638004,-1.251550889983147,-1.139346039736241,0.34289440601786836,0.6207714150361996,0.6207714150361996,0.20022952569476313,-0.4058023508711408,0.0,-1.7893476288786279,0.7150041329022626
0.07355057641028884,0.07355057641028884,0.8460376691802596,-0.9354054242077128,0.0,-1.4734640216708514,-1.1541408573541925,0.10163041063338157,0.07355057641028884,0.9264494235897112,0.10082286027296244,-0.6377856603077455,0.0,-1.8113574551907612,0.8456523435286589
1.0,0.7215965507512772,-0.32517329765389036,-0.6061000118019266,0.0,0.8210181697021605,0.6710185428442086,-0.6855169236756652,0.7215965507512772,0.0,-0.16217478690154793,-0.2178163539791389,0.0,1.1454075036452287,-0.6360560737401684
0.9519053560359123,1.0,-0.9422029371440123,-0.9354054242077128,0.0,-0.5043327686480149,0.03854073530259174,1.785734861265605,0.04809464396408769,0.0,-0.18187233730079172,-0.9021870408127108,0.9519053560359123,0.15978232736799447,-0.8961596729485537
0.0,1.0,-0.9862649071659377,-0.9354054242077128,0.0,0.14000696311930072,-1.0074998917215834,-0.6855169236756652,0.7815144817514149,0.0,-1.271539034639737,-0.14362780665962216,0.7815144817514149,-0.1698033452455343,-1.4425633606734802
0.0,0.0,-0.9862649071659377,0.6544649880037692,0.0,-0.5415175860583477,-0.5358911788760911,1.089490008438887,0.0,0.0,-0.6612734360692563,-0.8870494471058764,1.0,-0.12334091301736472,-0.616147082068802
0.0,0.0,0.15846436403012765,1.7253801852025434,1.0,0.40075532998555524,-0.03321405411890932,1.5621935343093702,1.0,0.24949807523468648,0.17898657442136348,1.3084145941516219,0.0,-0.37083149649112923,-0.02883316425869606
0.7995371309195156,0.20046286908048438,-0.8026105914269768,0.01031527480549399,0.0,-1.0455520418359012,-1.0586991778905142,-0.357880368897878,0.20046286908048438,0.0,-1.2540137338494053,-0.26151760615917197,0.0,-0.3488449610445139,-0.9582685449088806
0.0,1.0,-0.9862649071659377,-0.9354054242077128,0.0,-1.2660062642213412,-0.47543894026315425,-0.011218414764120221,0.0,0.0,0.18620316856898445,0.17470245429407438,0.17486732330720278,-0.8443071358749381,-1.176858680400172
0.8135950132118559,0.0,-0.8154897383980901,-0.9354054242077128,0.8135950132118559,-0.7312678526529985,-0.9006987543275651,1.385257950943048,0.1864049867881441,0.8135950132118559,-0.4097656219172753,0.055640667116770154,0.0,-1.2274510847341678,-0.8108560882940414
0.7643082539350002,1.0,0.6301083724110432,-0.9354054242077128,0.0,-1.8120136116997672,-1.1982683301954173,0.011994107112940466,1.0,0.0,-0.18653785899599656,-0.4358180835786855,0.0,-1.7063831222925683,0.35205480642684156
0.6337585637201772,0.0,-0.9862649071659377,0.2474298218872014,0.0,-0.4088030041244979,-0.15344649298740315,-0.19623935643921908,0.0,0.0,-0.5352116066737171,-1.0391416040570518,1.0,0.4152847332202393,-1.151281001899717
0.907866130462516,0.09213386953748404,-0.9862649071659377,-0.9354054242077128,0.0,0.9679950293791422,-1.1208131625954911,-0.534933308205771,0.0,0.907866130462516,-1.353114877898143,-1.0410784363191636,0.907866130462516,-0.33082756330918095,-0.5317516077556413
0.6838034177035054,0.0,0.21957028719402563,0.2474298218872014,1.0,-0.7923303243806028,-0.345080814301905,0.26088111987801127,1.0,0.6838034177035054,1.361649671366341,1.2793338143492585,0.0,-1.2854639530520402,0.36813088110303416
1.0,0.0,-0.9862649071659377,1.2213605707903763,0.4116933242049433,-0.4571891102380914,0.020276964595628666,-0.6855169236756652,0.0,0.5883066757950567,-0.5476217322005756,-0.3910754265057179,0.5883066757950567,0.8204309728743118,-0.785073662632971
0.6829820634171324,0.3170179365828676,-0.9862649071659377,-0.12755016714729672,0.0,-0.9473025046227731,-0.6193510614315474,-0.4064504171706982,0.0,0.6829820634171324,-0.6649731502552707,-1.1749392620646395,0.6829820634171324,-0.3952624134432523,-0.34151967321980736
0.5480513987009608,0.45194860129903924,-0.4841669122609841,-0.2871509131525999,0.0,-0.6786951733081728,-0.9188631860380417,-0.9094507535853796,0.45194860129903924,0.5480513987009608,-1.1663901666121628,-1.6840903847628352,0.0,-0.10490018191305162,-0.6506197846672105
0.0,0.0,-0.9862649071659377,0.2474298218872014,0.0,-0.038078531801956084,-0.7946159221231454,0.3655801875223944,0.713782454855326,1.0,-0.8056973625471511,-1.074416287402465,0.713782454855326,-0.5147602021379927,0.41068156845633164
0.0,0.10033255470782687,-0.9862649071659377,0.12875293984803737,0.0,-0.7997795177573536,-0.5762552907700611,-0.8891375402318451,0.8996674452921731,0.0,-0.8584689357488213,-1.1445049485309438,0.8996674452921731,0.19544750004236922,0.4546102438388431
0.3758984558181624,1.0,-0.9862649071659377,-0.9354054242077128,0.0,-0.4571891102380914,-0.5601315021940337,0.23603584748445838,0.6241015441818376,0.0,-0.8437903464191258,-0.9127947995388579,1.0,0.24967020987148708,-0.2558548023297882
0.539781061914633,0.0,-0.9862649071659377,1.9746282488698608,0.0,-0.9473025046227731,-0.2101576732634523,0.8838651077685928,0.0,0.0,-0.2878323789665044,-0.6711644937836254,1.0,-0.12877926598969414,0.10927183975710116
0.43874467538833906,1.0,-0.9862649071659377,-0.9354054242077128,0.0,1.0131510729159539,-1.3404976600229574,-0.6855169236756652,0.43874467538833906,0.0,-1.5273684117850153,-2.0708310555752854,0.0,-2.062859520478736,-1.1693575024478793
0.0,1.0,-0.9862649071659377,-0.9354054242077128,0.0,-0.5883146296743954,-1.0543567185356253,-0.6855169236756652,0.0,0.0,-1.3331677443581988,-1.869721467053493,0.0,-0.04979756542377628,-1.3204392707900903
1.0,1.0,0.19490613317671146,-0.9354054242077128,0.0,-2.5918105852743953,-0.7952309535048632,0.9218799867441325,0.6446375481816041,0.0,0.2778527486674695,1.2406466230643325,0.0,-1.3224471752692308,0.5910897651530712
0.0,0.6085178897984981,-0.9862649071659377,-0.9354054242077128,0.0,-1.9275292933921366,-1.139346039736241,-0.6855169236756652,0.0,0.3914821102015019,-1.3908490492966685,-1.487797129782342,0.3914821102015019,-0.2983126572105555,-1.344407035355334
0.531857479688174,0.531857479688174,-0.5573755341336574,-0.9354054242077128,0.0,-2.4488702427898423,-0.630058805361922,-0.05959987809288553,0.468142520311826,0.0,-0.22608530532820637,-0.13206348605208262,0.0,-0.8846875455646203,-1.0275462593270464
0.0,1.0,-0.9862649071659377,-0.9354054242077128,0.0,0.0002733648418324422,-1.139346039736241,-0.6855169236756652,1.0,0.0,-1.3908490492966685,-0.7555591371152132,1.0,-0.2983126572105555,-1.6635736497087616
1.0,0.0,-0.9862649071659377,0.2474298218872014,0.0,-0.23269228674523013,0.03837115991416801,-0.6855169236756652,0.22902539092479635,0.7709746090752037,-0.5915455136917294,-1.2737160341928255,0.7709746090752037,0.9618554488966078,-0.6876373511483039
1.0,0.5428493106134089,-0.9862649071659377,-0.39467147602466457,0.0,-0.7232468285022137,-0.863476234080334,-0.6855169236756652,0.0,0.0,-1.141209366592006,-0.39532948691760583,0.5428493106134089,-0.029424718877890277,-0.015973396239480298
0.0,0.0,0.8460376691802596,2.1026736166933544,1.0,0.24442200715171108,0.3555178874619889,0.24359359701696448,1.0,1.0,0.08934292806800309,1.1223039811803055,0.0,0.37772166335511503,0.21237540804702584
0.0,0.6671842140875157,-0.9862649071659377,-0.5417391821736472,0.0,-1.7644118188537634,-1.139346039736241,-0.6855169236756652,0.3328157859124843,0.3328157859124843,-1.3908490492966685,-1.6712740442090113,0.0,-0.2983126572105555,-1.378818152681653
0.7305491368093014,0.26945086319069855,-0.9862649071659377,-0.07128615618545564,0.0,-0.9473025046227731,-0.6671920308572072,-0.38701450851769065,0.0,0.7305491368093014,-0.671466976790206,-1.2112332270148245,0.7305491368093014,-0.4941850168331443,-0.4163969130873024
1.0,0.0,-0.9862649071659377,0.2474298218872014,0.0,-0.6073022133139029,0.20710610273466462,-0.8106639251624821,0.0,0.6937176074033384,-0.4352135118782414,-1.1988241371770987,1.0,0.9540127619689822,-0.8489051983547079
1.0,0.0,-0.9862649071659377,0.2474298218872014,0.0,-0.7838685471653837,0.0004873569354493512,-0.7534859896293886,0.0,0.16673075999338316,-0.4352135118782414,-1.0716075579810833,1.0,0.5512337159132588,-0.9631082118686254
1.0,1.0,-0.9862649071659377,-0.9354054242077128,0.0,-0.2787326215067041,-1.163759989834506,-0.6855169236756652,0.12137088462656176,0.0,-1.4074185250905333,-1.6745161905336183,0.0,-0.5124772709704393,-0.7264676846938389
0.0,0.5045763735960344,-0.0701136189928391,-0.3494008971489433,0.0,-0.7044887494275571,0.46802583262973263,-0.6855169236756652,1.0,0.49542362640396564,-0.29994367660157295,-0.1578288061034917,0.0,1.1094338205216685,1.0645589701677132
0.7414609111390454,1.0,-0.9862649071659377,-0.9354054242077128,0.0,-1.2007294454683037,-1.139346039736241,-0.6855169236756652,0.0,0.0,-1.3908490492966685,-1.8528293259757387,0.0,-0.2983126572105555,-0.485379527397898
1.0,0.0,-0.9862649071659377,0.2474298218872014,0.0,-0.24798462407741145,-0.6806102245798686,1.183072750315573,0.0,1.0,-0.5134597004285146,-0.5607659600382453,0.4268491507426113,-0.7203000538253582,-0.06462561704376457
1.0,0.0,-0.0701136189928391,1.4248065575590028,0.0,0.030662524463161644,-0.9358737492218109,1.3555977409225228,1.0,0.0023073840761567155,-0.5701578613511248,-0.2188223814180441,0.0,-1.1782371538442975,-0.6179674850680541
0.0,0.2475968799611773,-0.9862649071659377,-0.9354054242077128,0.0,-1.9275292933921366,0.270648868228986,1.7660833872495723,0.0,0.7524031200388227,0.14597799594428132,-0.4628063576161795,0.7524031200388227,0.041298230491729704,-0.14943522672664822
0.0,0.0,-0.9862649071659377,-0.09916401634851002,0.0,-0.3135763094770893,-1.0804046847396964,-0.2066057287938614,0.706980461243459,1.0,-1.1908348461583067,-0.7947600611056991,1.0,-0.519904103491617,-0.6415940679265028
0.0,1.0,-0.0701136189928391,-0.9354054242077128,0.0,-1.3814019388781915,-0.17812855153954515,0.9488832836078265,1.0,0.0,-0.3591525848255392,-0.7869565281124105,0.0,0.07413272496245828,-0.1869024763113356
0.0,1.0,-0.9862649071659377,-0.9354054242077128,0.0,0.5230376785312721,-1.311707233821509,-0.6855169236756652,0.0,0.0,-1.507828670443697,-2.0552299813734525,0.0,-1.8103034825332904,-1.538833145622327
0.7954554068305367,1.0,-0.9862649071659377,-0.9354054242077128,0.0,-2.607005947577542,-0.49474670253916625,0.13168317996608064,0.0,0.0,-0.0225532996018811,0.32718797001972766,0.0,-0.8164658549482501,-0.9771546751987598
0.0,0.7140640822236142,-0.3320741783986322,-0.5971903425373062,0.28593591777638583,0.5230376785312721,0.5273833957163814,1.007616955070474,0.7140640822236142,0.28593591777638583,0.1889355164898506,1.9933682043312704,0.0,0.35448499138961503,-0.7522646650027882
1.0,0.0,-0.5337031313973349,0.8317285357839671,0.5060185128691373,0.03292428414659036,-0.4292622006560156,0.9439649542673982,0.49398148713086265,0.0,-0.3644889000140004,0.11312237906544825,0.0,-0.49062302276006786,-0.5141690742295945
0.24536470813988343,0.24536470813988343,-0.9862649071659377,-0.9354054242077128,0.0,0.03292428414659036,-0.9381944194495243,-0.6855169236756652,0.0,0.7546352918601166,-1.2543296868083218,-0.4872870110504598,1.0,0.2898696305455047,-0.7220786441782534
1.0,0.10291603074414502,-0.9862649071659377,0.12569711333483888,0.0,0.5734782036958833,-0.75774452550047,-0.6855169236756652,1.0,0.0,-1.1318603552269968,-1.5594805406350343,0.0,0.5536940812186028,-0.38351186669159104
0.46351864851540525,1.0,-0.9862649071659377,-0.9354054242077128,0.0,-1.700352595207651,-0.7076896673173059,0.8191146682328945,0.0,0.0,-0.09889551650476475,-0.19115141360544943,0.0,-1.0659550764153,0.6128483165463037
0.6211784344430843,0.0,-0.9862649071659377,1.7169333146338797,0.0,-0.5240722859370672,-1.139346039736241,-0.6855169236756652,1.0,1.0,-1.3908490492966685,-1.3904087584778877,0.6211784344430843,-0.2983126572105555,-0.4951475612060841
0.5429997807183217,1.0,-0.9862649071659377,-0.9354054242077128,0.0,-1.2134339703007675,-1.3404976600229574,0.656734694548428,0.0,0.0,-0.7317334474581508,-1.2175721903150896,1.0,-2.062859520478736,-0.31119854908039146
0.0,0.0,1.3993544516817753,-0.9354054242077128,1.0,-0.8454002135138379,1.9615734422002884,1.4424377192607318,1.0,1.0,1.4530762998381421,0.658504679205755,0.0,0.9097073883469119,2.0851179653442795
0.49771165253746985,0.5022883474625301,-0.9862649071659377,-0.9354054242077128,0.0,-0.70112425768804,-0.4376168927320675,-0.6855169236756652,0.5022883474625301,0.49771165253746985,-0.9145932992711372,-0.8718215427777788,1.0,0.6558011035859277,-0.42481572929862965
1.0,0.0,-0.9862649071659377,0.2474298218872014,0.0,0.07199674846200721,-0.27425390715055586,-0.6855169236756652,0.5398606371128367,0.4601393628871633,-0.8037206619342272,-1.3753599661270661,0.4601393628871633,0.8094989603815246,-0.5671822989866255
0.0,0.0,-0.9862649071659377,0.2474298218872014,0.0,-0.4839346334664386,-0.8403628239075402,0.5514318989140773,0.4863574819956078,1.0,-0.7746494502384128,-1.1487848435587877,0.4863574819956078,-0.6867467832044785,0.4997016372055296
0.0,0.5910448229145068,-0.9862649071659377,-0.45167882667800424,0.0,-1.727094883399577,-1.139346039736241,-0.6855169236756652,0.4089551770854932,0.4089551770854932,-1.3908490492966685,-1.6546755252426388,0.0,-0.2983126572105555,-1.3258651749670554
0.7718819805982451,1.0,-0.9862649071659377,-0.9354054242077128,0.0,1.0560496800634165,0.6816920852441122,-0.6855169236756652,0.0,0.0,-0.12378824606992245,-0.8660377198565006,0.7718819805982451,1.078820574870431,-0.6813301987416804
1.0,1.0,-0.08129347941668508,-0.9354054242077128,0.0,1.0131510729159539,-0.14340660937966043,-0.6855169236756652,1.0,0.0,-0.7149160594679694,-1.3144757291562772,0.0,0.9538749525596535,-0.4917258897037351
0.598442701205227,0.0,-0.9862649071659377,0.2474298218872014,0.0,0.22973289489884047,-0.41551345987990024,1.1129596167044205,0.0,0.598442701205227,-0.5448542047462513,-0.5671283620845592,1.0,-0.07975771456136838,-0.9849845499798562
1.0,0.0,-0.9862649071659377,-0.2665022190332149,0.5655083473229738,0.03292428414659036,-0.2820311177640898,0.7178165435865231,0.0,0.43449165267702616,-0.45875740405142684,-0.1794907217515207,0.43449165267702616,-0.02616738982308464,-0.15110910196425684
1.0,0.0,-0.9862649071659377,0.5831432158723361,0.0,0.8077422819004662,0.06756368198405872,-0.45357843413173743,0.0,0.7161790747329522,-0.45549171903165786,-1.1840780967673519,0.28382092526704783,0.7860719949767918,0.3030999930536947
1.0,0.0,-0.9862649071659377,0.2474298218872014,0.0,-0.4571891102380914,0.026747623383470975,-0.6855169236756652,0.0,1.0,-0.5994342783696819,-0.8491749691884118,1.0,0.9954980723708275,-0.797182173374734
1.0,1.0,1.6035104803375546,-0.9354054242077128,0.0,-0.372300895824193,-1.139346039736241,0.8587482674838631,0.8267988278090783,0.0,1.4997028765683518,0.47822059044488696,0.0,-1.910527987386952,2.4502759029733836
0.0,1.0,-0.0701136189928391,-0.9354054242077128,0.0,-1.3972999163032251,-0.7452749705468202,0.9990494067935809,1.0,0.0,-0.7026651538991113,-0.46704426307109104,0.0,-0.5761816529919566,-0.67234299799433
0.3425242571785434,0.0,-0.38391765843749537,0.2474298218872014,0.0,0.20080001049145796,0.18872337761143237,-0.6855169236756652,0.3425242571785434,0.6574757428214566,-0.48950313948921276,-0.8808379106047095,0.0,0.9530983797732453,0.8132788868347387
0.22735098302998702,0.22735098302998702,-0.278401514963182,-0.021488934074993943,0.0,-0.4571891102380914,0.5338224870134295,-0.12814318299019056,0.772649016970013,0.772649016970013,-0.16217478690154793,-0.8123835855046998,0.22735098302998702,0.9265867051180463,0.6736038121998198
0.0,0.5764031375795171,-0.9862649071659377,-0.43436012520154743,0.0,-0.3244710163479614,-0.9996688791259594,1.5930016873134039,0.0,0.0,-0.5508718590976579,-0.8884775589169457,1.0,-1.208623503479529,-0.9365307175609039
0.2879296164757261,1.0,-0.9862649071659377,-0.9354054242077128,0.0,-0.6650661812731777,-0.3347395585893745,1.5307872748240807,0.7120703835242739,0.0,-0.24079072226710854,-0.29712295236329284,0.2879296164757261,-0.3560865535492279,0.447300128772811
1.0,0.0,-0.0701136189928391,-0.02450462372248885,0.0,-0.5698664375564111,-0.31970321030502835,0.8549459166458313,1.0,0.6149502631526544,-0.15196978492838092,-0.4859367959490889,0.0,-0.554561920818516,-0.4335368546805141
0.9118524088429647,1.0,-0.8247518487901906,-0.9354054242077128,0.0,0.3934307332048489,-0.06266381516022312,-0.6855169236756652,0.0,0.0,-0.6601168250563673,0.6382853015590829,0.0,0.9782380171218636,-0.24666573670298636
0.0,1.0,-0.9862649071659377,-0.9354054242077128,0.0,0.1011069942719248,-1.1673294875962392,-0.6855169236756652,0.8608838058569381,0.0,-1.4098411034328844,-0.9447861036089683,0.8608838058569381,-0.5437897012155026,-1.6729600439374752
0.1007946030158865,1.0,-0.9862649071659377,-0.9354054242077128,0.0,-1.878128508372364,-1.1596210374490428,-0.6443322436601097,0.0,0.0,-1.349567804458684,-1.808882530392213,0.1007946030158865,-0.4761694577965995,-0.22297982740477923
1.0,1.0,-0.9862649071659377,-0.9354054242077128,0.0,-0.20623582757409537,-1.139346039736241,-0.6855169236756652,0.0,0.0,-1.3908490492966685,-1.4394861957566303,0.2560155318536622,-0.2983126572105555,-0.6906497517048676
0.0,0.7260955860624008,-0.9862649071659377,-0.6114216293413492,0.0,-1.7932850713402329,-1.139346039736241,-0.6855169236756652,0.27390441393759923,0.27390441393759923,-1.3908490492966685,-1.6841168251926186,0.0,-0.2983126572105555,-1.4197894885337359
0.0,0.0,0.3027939396885272,1.9117228901100565,1.0,-0.5483138403346166,-0.08911104521741697,0.7065986097912167,0.40703709474117844,1.0,-0.1827537615843668,0.4641254030791868,0.0,0.011147453333944096,-0.5078055938445626
0.8977873357748004,1.0,-0.9862649071659377,-0.9354054242077128,0.0,-1.4875116948199691,-1.139346039736241,-0.3186809717539583,0.0,0.0,-0.16519550199579813,0.006502998133277815,0.0,-1.6184691798966564,0.29088640741423455
0.9187505222607465,0.0,0.9204744828744682,0.4396393138807877,1.0,0.07274574147335855,1.9106151927539088,-0.48632567878759825,0.9187505222607465,0.9187505222607465,0.7124020225459025,-0.08224669916503988,0.0,1.2233733370635027,1.4193030047828796
0.20991536287591328,0.20991536287591328,-0.9862649071659377,-0.9354054242077128,0.0,-0.27572270895122775,-0.9381944194495243,0.8631118554587309,0.0,0.7900846371240867,-0.7369097483712646,-0.7802977184248476,1.0,-1.019270313362205,-0.661172432328999
0.023022604787637513,1.0,-0.09120580802613336,-0.9354054242077128,0.0,-1.471266959947593,0.6432323373066846,-0.6667028486571048,0.0,0.0,-0.16217478690154793,0.007713827115795407,0.0,1.101089905395459,-1.2053516600067324
1.0,0.0,0.8460376691802596,-0.5230302734202386,1.0,-0.4571891102380914,0.18012219008066943,1.3387292602795982,0.3486327890117539,0.6513672109882461,1.9588748472963058,1.9851933324169426,0.0,-1.1687391414964703,1.244973626930331
0.0,1.0,-0.2796862783023689,-0.9354054242077128,0.0,-2.795641010392905,-0.1506831454964182,1.0423519067048588,0.771246668519738,0.0,-0.4468158384435048,-0.8718215427777788,0.228753331480262,0.24373555198790037,-0.5524629729895473
0.0,0.374435369720422,0.8460376691802596,-0.9354054242077128,0.0,0.5834716542406683,0.9732002784566836,1.2315261289458905,1.0,0.625564630279578,0.21371595773626317,0.23113521624349848,0.0,0.9201531648310033,1.2767294732620966
0.06892153936721879,0.9310784606327812,-0.9862649071659377,-0.7723597722503837,0.0,-0.49096847984357644,1.940443091687517,-0.6291942345616254,0.0,0.0,0.8547071160762003,-0.16140304093987487,0.06892153936721879,1.0319063932211645,-0.40681568568383186
1.0,0.9226789345112127,-0.9154271134154688,-0.9354054242077128,0.0,0.48514158866712237,-0.07137490788119835,-0.6855169236756652,0.07732106548878726,0.07732106548878726,-0.6660289465851391,0.6536266101470906,0.0,0.9762531951054482,-0.2963192336095298
1.0,0.0,-0.0701136189928391,-0.9354054242077128,1.0,-1.3352302302355408,-1.139346039736241,1.6382974400567578,0.1042469660518095,1.0,0.7223021037831924,0.1205492498725809,0.0,-1.858937704177488,-0.3704745498092552
1.0,0.15956036801957707,-0.0701136189928391,0.058696194713769856,0.0,0.6794430256899601,-0.34331621951199454,-1.0289206008551814,1.0,0.8404396319804229,-0.7358562007410884,-0.2178163539791389,0.0,0.4263795684319829,-0.879682389916657
0.08931380174428694,0.08931380174428694,0.7642127146605944,0.1417863092213254,0.9106861982557131,0.5230376785312721,0.5811904631700591,-0.5760360516125608,0.08931380174428694,0.9106861982557131,-0.18656091345262923,0.7923972741048693,0.0,1.0339742995037071,0.12713480555970605
1.0,1.0,0.958550925169774,-0.9354054242077128,0.0,-0.02726692501085888,-1.139346039736241,2.1531712517624024,0.1228107818457338,0.0,1.5958108758026845,1.092103036994544,0.0,-1.9150287841198612,1.9626977896391222
0.2359060345950812,1.0,-0.2862392364749303,-0.9354054242077128,0.0,-0.7160610898803224,-0.22849370049108747,0.9488832836078265,0.7640939654049188,0.0,-0.39531137374011777,-0.8142486015427036,0.2359060345950812,0.03081001525046429,-0.3309030611455933
1.0,0.8344794896327102,2.375056587942334,-0.9354054242077128,0.16552051036728976,0.769779615386762,2.0138737543294245,1.7660833872495723,0.0,0.16552051036728976,2.3634334191328668,2.289203536415647,0.0,0.34635771502385265,0.643155611877224
0.0,1.0,-0.9862649071659377,-0.9354054242077128,0.0,-0.8559841459291704,-1.139346039736241,-0.6855169236756652,0.18632087949412068,0.0,-1.3908490492966685,-1.097278452201531,1.0,-0.2983126572105555,-0.940049428293102
0.16250921099750792,0.16250921099750792,-0.9862649071659377,-0.9354054242077128,0.0,0.03292428414659036,-0.9381944194495243,-0.6855169236756652,0.0,0.8374907890024921,-1.2543296868083218,-0.43309908599885527,1.0,0.2898696305455047,-0.8201416925802265
0.33214641265493894,1.0,0.23744494154846774,-0.9354054242077128,0.0,-0.4589342874057511,0.4037713865323631,-0.6855169236756652,0.0,0.0,-0.3435524529353223,-0.1831646123243328,0.0,1.0845152531936908,-0.057649199547533565
0.6885557359543588,1.0,-0.7009348434664009,-0.9354054242077128,0.0,-1.4374158990074548,-1.2019935580780257,0.23210769785865815,0.3114442640456412,0.0,-0.06817359679136446,-0.019446753605372458,0.0,-1.86036137646814,0.21514760339627528
0.7726043791228874,1.0,-0.9862649071659377,-0.9354054242077128,0.0,0.90170143329966,-1.3404976600229574,-0.6855169236756652,0.7726043791228874,0.0,-1.5273684117850153,-1.9866165101027986,0.0,-2.062859520478736,-1.1685059112171083
0.0,0.0,-0.9862649071659377,-0.2163665093243622,0.0,-1.0337177390823689,-0.7725092129114615,0.3080257995481437,0.0,0.3921056062057413,-0.9759022737915075,-1.0235622577468173,1.0,-0.1450757792437025,-0.8354351650390377
1.0,0.37930569838554884,-0.9862649071659377,0.5329527697919678,0.0,-0.5754968979323858,-0.31392609708713015,-0.17828547606649464,0.0,0.0,-0.576435363955886,-0.9131661919252856,1.0,0.22349119521446148,0.11537159149692519
0.7442496518432888,0.25575034815671116,-0.9862649071659377,-0.05508070411360211,0.0,-0.5712624908723235,-1.139346039736241,-0.6855169236756652,0.25575034815671116,0.0,-1.3908490492966685,-0.6080944816860836,0.0,-0.2983126572105555,-0.7448068718922142
0.0,1.0,-0.9862649071659377,-0.9354054242077128,0.0,0.5230376785312721,-1.2991449484699653,-0.6855169236756652,0.0,0.0,-1.4993027874050968,-2.0484226786769693,0.0,-1.7001043144582313,-1.5091924080065173
0.2122101112855076,1.0,-0.4030152067132142,-0.9354054242077128,0.0,-0.6652031461678738,2.1217662925775294,-0.7722259861438368,0.2122101112855076,0.0,1.0458632694303402,0.02997102471689317,0.0,1.108460667290782,0.2456998470140621
0.396278468269861,0.0,0.8460376691802596,-0.9354054242077128,0.396278468269861,-0.1612971010587136,1.0353372357726962,2.1361043609750396,0.603721531730139,1.0,1.2507677575969953,0.7756616481085818,0.0,0.10527720416575503,1.2510386314121686
0.0,1.0,-0.9862649071659377,-0.9354054242077128,0.0,-1.0593103732177052,-1.139346039736241,-0.6855169236756652,0.8857326999443123,0.0,-1.3908490492966685,-1.7562836957003705,0.0,-0.2983126572105555,0.016112410150654087
0.4145045842036277,0.0,-0.4498625277646472,1.9205556998460838,1.0,0.11672918102716995,-0.21696620703148933,0.7498838197360223,0.5854954157963723,0.0,-0.22866347142871335,1.1461084691674657,0.0,-0.06432189792489384,-0.38264709554175574
0.0,0.863518140612957,-0.9862649071659377,-0.9354054242077128,0.0,0.03292428414659036,-1.139346039736241,-0.7412834184938201,0.863518140612957,0.13648185938704305,-1.3722166328619252,-0.8420682613724413,1.0,-0.3785888695020274,-1.5630535160974448
0.9229602317984849,1.0,-0.9862649071659377,-0.9354054242077128,0.0,0.4097630116437111,-1.139346039736241,-0.6855169236756652,1.0,0.0,-1.3908490492966685,-0.5365868998739562,0.9229602317984849,-0.2983126572105555,0.22138326707753114
0.0,1.0,-0.0701136189928391,-0.9354054242077128,0.0,-0.16169992461383287,0.37619058838534053,-0.030572050550408236,1.0,0.0,-0.14344439716369234,1.2515369170347754,0.0,0.70344028800215,0.06962457648681886
0.0,0.48083697808907355,0.3704057978847256,-0.3213211034223227,0.5191630219109264,1.5032644673006357,0.4698669225574919,-0.04912681070680858,0.48083697808907355,0.5191630219109264,-0.01519093027468163,0.9811931588183676,0.0,0.6421941284588581,0.7990075943083086
0.08154527506069886,1.0,-0.9862649071659377,-0.9354054242077128,0.0,0.07289071570262201,-1.139346039736241,-0.6855169236756652,0.0,0.0,-1.3908490492966685,-1.8729451357559959,0.08154527506069886,-0.2983126572105555,-1.7907453305743273
0.41293177586343277,0.5870682241365672,-0.9862649071659377,-0.9354054242077128,0.41293177586343277,0.1182708898958289,-0.9381944194495243,1.526207280444983,0.0,0.41293177586343277,-0.6756520509671115,-0.4857132801809285,0.0,-1.0484143827096335,0.2783815373262414
0.03284667024343835,1.0,-0.9862649071659377,-0.9354054242077128,0.0,-1.9114307003448907,-1.1459532006767321,-0.6720957725120531,0.0,0.0,-1.377396429852171,-1.8385080641264275,0.03284667024343835,-0.3562721461574189,-0.23487451336750498
1.0,0.0,0.009821072984241841,0.2474298218872014,1.0,-0.9045398477125763,-0.5534417657888406,0.1673337539550676,1.0,0.9127494628791288,0.9538028884142402,1.4171966180174609,0.0,-1.3407287954087637,0.08461521230577862
0.0,1.0,-0.29752659428342976,-0.9354054242077128,0.0,-2.295983583341076,-0.48596002771748203,0.5373845294616134,0.0,0.0,0.8641416808023547,0.8482285054637708,0.0,-1.1593227184736423,0.8942909606209064
1.0,0.5776319540915472,-0.9862649071659377,0.06377819884179292,0.0,-0.38109218917304344,-0.5133943354904265,-0.34035771278431587,0.0,0.0,-0.7930383559053559,-0.9347839253097404,1.0,0.2447006480877792,0.13316683930451856
0.16551331742797382,1.0,-0.9862649071659377,-0.9354054242077128,0.0,0.6041579723517657,-0.9381944194495243,-0.6855169236756652,1.0,0.0,-1.2543296868083218,-1.8528293259757387,0.0,0.2898696305455047,-0.589291842164312
0.033879160246594986,0.0,-0.9552264708637969,0.2474298218872014,0.0,-1.3709973780980098,-1.1189014958035732,-0.6993599503080715,1.0,1.0,-1.3723484038626457,-1.4815124383895912,0.0,-0.2783855352294591,-0.9162843095988902
0.3114731711327574,0.0,-0.700908360201302,-0.5669839791789344,0.0,-1.4695577739012269,0.09394692426231643,0.8752077101899782,0.0,1.0,-0.13531576823391764,-0.8092773787480674,0.6885268288672426,0.15873424597053912,-0.7091994315308532
0.0,0.0,0.1309855212983373,1.689902481765729,1.0,0.41545568467467725,-0.045280650128670386,1.586704456706427,1.0,0.21950429245391234,0.17079711021367303,1.3214919871985056,0.0,-0.37843104617858636,-0.036061585236709215
0.0,0.0,-0.9862649071659377,-0.6070655325578036,0.0,-0.1031249072684604,-0.9940315289947402,0.49519475112306716,0.2775871726294181,1.0,-0.8977323560664889,-0.8415643009038483,1.0,-0.8446260665768945,-0.6273758945550535
0.22009721408109706,0.0,-0.27175596519654643,1.1699263255996961,0.7799027859189029,-0.8394299119348747,-0.20192082489035945,0.2704880325494555,0.0,1.0,-0.5416853430147757,-0.17870319967814402,0.22009721408109706,0.34779808987583516,-0.9201736471314451
0.7873192156587737,1.0,-0.9862649071659377,-0.9354054242077128,0.0,0.908913371782079,-1.29771657564887,-0.6855169236756652,0.7873192156587737,0.0,-1.4983333666932295,-2.0476486661557978,0.0,-1.6875743095920088,-1.1497174285130782
0.4848263175931874,0.5151736824068126,-0.9862649071659377,-0.36193576752408385,0.0,-1.452289548986891,-1.139346039736241,-0.6855169236756652,0.0,0.0,-1.3908490492966685,-1.0601320075455338,0.0,-0.2983126572105555,-0.6240399000412937
0.0,0.0,-0.9862649071659377,0.2474298218872014,0.0,-0.43321405265227597,-0.5358911788760911,0.9588771032873227,0.0,0.0,-0.7082522368549349,-0.9754903720926636,1.0,-0.046234533886529754,-0.7887904662632824
0.45898898801701304,1.0,-0.9862649071659377,-0.9354054242077128,0.0,0.25788093504879867,-1.139346039736241,-0.6855169236756652,1.0,0.0,-1.3908490492966685,-0.6717007562680699,1.0,-0.2983126572105555,-0.796802369094046
0.5573053688900479,0.5573053688900479,1.7621889573533582,-0.9354054242077128,0.4426946311099521,-1.0034747623491085,2.2802315051379414,0.17207836898990236,1.0,0.4426946311099521,1.6573667294070462,0.7864601877852814,0.0,1.114942971689639,2.6525288782392176
0.860632017890734,0.860632017890734,0.7183555128407701,-0.9354054242077128,0.13936798210926604,-1.015608619402889,0.26871530227077534,2.008835994352774,0.860632017890734,0.13936798210926604,-0.1431483588327036,1.6351983476170073,0.0,0.4739454520724454,0.7387245088524792
1.0,1.0,0.42009119327065003,-0.9354054242077128,0.0,-0.7194339464171244,-0.2924135738703435,2.0940276595756817,1.0,0.0,-0.35259074361966236,0.6216422934603497,0.0,-0.27934665804202485,0.8969326159654152
0.8155371285811439,0.1844628714188561,-0.9862649071659377,0.029240635977104246,0.0,-0.547596834287132,-1.1764510452048842,-0.2332876907510355,0.0,0.8155371285811439,-1.2145697740345638,-0.8919281552858835,1.0,-0.6238060383621398,-0.7766649968162622
0.0,0.29959591176647704,-0.34458879948909105,-0.10694278213612965,0.0,-0.4571891102380914,0.1889049181793842,-0.6855169236756652,1.0,0.700404088233523,-0.4893799299293433,-0.7954768914510281,0.29959591176647704,0.8890918545031643,0.8388650647384248
0.0,1.0,-0.0701136189928391,-0.9354054242077128,0.0,-0.7953982656441094,-0.3829651979251207,1.328804016011496,1.0,0.0,-0.38331893256147165,-0.8979542499646541,0.0,-0.3282320462977006,-0.32225230160180574
0.3973181154575979,0.0,0.48203416588927334,1.203214701451264,0.0,0.32830674831382395,0.6710185428442086,-0.6855169236756652,1.0,1.0,-0.16217478690154793,-0.7852055064067901,0.0,1.1454075036452287,-0.04470078149005513
0.4267889053367494,0.0,-0.4611168243950887,-0.9354054242077128,0.4267889053367494,0.875739590059685,-0.6217404587049723,1.4771395637217677,0.5732110946632506,0.5732110946632506,-0.6499872875812625,-0.3122171495351874,0.0,-0.34209093624673825,-1.1514886854944437
1.0,0.7997820220742694,-0.9862649071659377,-0.698580543015305,0.0,0.22864914019722093,-0.7768785037036241,-0.6855169236756652,0.0,0.0,-1.144846372950529,-0.7408779463235794,0.7997820220742694,-0.009253925913399907,-0.7856100278286489
1.0,0.0,-0.9862649071659377,0.2474298218872014,0.650613000950667,0.03292428414659036,-0.07299583994771498,0.6830427777040503,0.0,0.349386999049333,-0.25757096764541104,0.13152095445010203,0.349386999049333,0.08328945972291874,-0.5172747140208583
0.46823182844137934,0.5317681715586207,-0.0701136189928391,-0.9354054242077128,0.0,-0.48832912303007237,0.9919166308219722,-0.6855169236756652,0.46823182844137934,0.46823182844137934,0.12821182018955884,-0.5378934320324644,0.0,1.0657916368116853,0.33267541726806427
0.3750240129489477,0.0,0.2734651135661842,-0.9354054242077128,0.0,1.319460175338462,-0.30958111532276883,2.0214486079454335,0.6249759870510523,1.0,-0.2474698843644284,-0.5039410066463421,0.0,-0.22348831398455954,-0.8001405624843434
0.0,1.0,-0.0701136189928391,-0.9354054242077128,0.0,-1.1324310508698443,-0.3615284973584335,0.9488832836078265,1.0,0.0,-0.4533948660094107,-0.6393033131931289,0.0,-0.17392275966453738,-0.31525224611013086
0.1634351867076671,0.8365648132923329,-0.9862649071659377,-0.9354054242077128,0.1634351867076671,0.36283413029289424,-0.9381944194495243,1.4242629611868063,0.0,0.1634351867076671,-0.7778353968507977,-0.7848620639892226,0.0,-0.9505813996449854,0.711674343833527
0.41254639576592567,0.0,-0.6083099952538159,-0.9354054242077128,0.0,-1.5231402646521284,-1.139346039736241,-0.34838396629872204,0.0,1.0,-0.996605052668863,-0.7300799611092019,0.5874536042340743,-0.8645017839005003,-0.7724892514777374
0.0,0.7059553207790285,-0.9862649071659377,-0.5875990136984748,0.0,0.09069197103003634,-0.8198992921255518,0.34814992777112175,0.29404467922097155,0.0,-0.9411481696812909,-1.4745719747519028,0.29404467922097155,-0.3744990344614909,0.5319893372278328
0.7140591997898282,1.0,-0.0701136189928391,-0.9354054242077128,0.0,-0.24736254822156845,0.6999367436309173,-0.6855169236756652,0.0,0.0,-0.10351187061939277,-0.3579850132833601,0.0,1.0796877705979058,2.09237055270146
0.5276477301447858,0.47235226985521417,-0.9862649071659377,-0.3112850914704822,0.0,0.5230376785312721,-0.9270716480177772,-0.6855169236756652,1.0,0.0,-1.2467807858210898,-1.6288003433851272,0.0,0.16721691635822317,-0.16297778160719295
0.0,0.0,-0.0701136189928391,0.2474298218872014,0.5344558912572469,-0.9810770922640506,-0.5774763290049999,1.1954193463779994,0.0,0.4655441087427531,-0.17158257951836225,-0.21030491009016516,0.0,-0.9158582309232611,1.6061347243246407
0.48108794838758595,0.0,-0.5108629626326792,0.2474298218872014,0.0,0.2687119315283927,-0.006382799385817872,-0.6855169236756652,0.48108794838758595,0.518912051612414,-0.6219195270044472,-1.016769970149419,0.0,0.8753022485550435,0.559925015038939
1.0,1.0,-0.5309267700159284,-0.9354054242077128,0.0,-0.9502314724343988,1.1708923368804731,-0.8885960317196205,0.497011948821249,0.0,0.2449357395114584,-0.43646948390378515,0.0,1.0985090611158521,-0.18334012657305965
0.7653562810662407,1.0,-0.9862649071659377,-0.9354054242077128,0.0,-1.552417928565125,-1.2932986957693309,-0.3727923075705687,0.0,0.0,-1.0773911945938233,-1.5191313399111042,0.7653562810662407,-1.6488196822485905,-0.10664439024374966
0.0,1.0,-0.9862649071659377,-0.9354054242077128,0.0,0.08339688654041735,-1.1600609311632581,-0.6855169236756652,0.8970185206686845,0.0,-1.4049080152030866,-0.8975215216436859,0.8970185206686845,-0.4800283035393453,-1.6757385459950502
0.3343628113104822,0.3343628113104822,-0.9862649071659377,-0.9354054242077128,0.0,0.03292428414659036,-0.9381944194495243,-0.6855169236756652,0.0,0.6656371886895178,-1.2543296868083218,-0.5454922323172682,1.0,0.2898696305455047,-0.6167455570578495
0.07550336380388922,0.0,0.8460376691802596,0.2474298218872014,1.0,-0.4571891102380914,0.006813186119059733,0.5402832317869536,1.0,0.0,2.212712369150832,1.014112886618031,0.0,-1.2372613744214567,1.3196930626299153
0.7532462207474508,0.7532462207474508,-0.9862649071659377,-0.9354054242077128,0.0,-1.5583532313341701,-0.2877165663334858,0.5349776079244319,0.0,0.24675377925254915,-0.2667801687025002,-0.5179225730473186,1.0,-0.3215922264706491,-0.6582316766270147
0.7276981452797006,0.27230185472029944,-0.9862649071659377,-0.07465840945298555,0.0,-0.5906478965523019,-0.8465907177309404,-0.38817942380442644,0.0,0.0,-0.9934695017865204,-1.1988241371770987,1.0,-0.2983126572105555,-0.7875942580155464
0.8974304098188842,1.0,-0.9862649071659377,-0.9354054242077128,0.0,-0.06761717586203442,-0.8350342231641447,-0.6855169236756652,0.0,0.0,-1.1843160114972373,-0.9472818854818523,0.8974304098188842,0.3652816508041674,0.22876268482822248
0.5265784666592938,0.5265784666592938,0.3636121286261325,-0.3754257483120268,0.47342153334070625,0.5230376785312721,0.14140798396114995,-0.040036957381435534,0.5265784666592938,0.47342153334070625,-0.30595110003838377,0.9353839539712258,0.0,0.4884169307909282,-0.04198446493412217
1.0,0.800749771486121,-0.9862649071659377,-0.22836484497166687,0.0,-0.5548443160669521,-0.13283384955626776,1.5218424261612973,0.0,0.0,-0.3253838719357809,-0.9591039603579868,1.0,0.01672293260857627,-0.9835185763904724
0.021068564384038813,0.0,0.8460376691802596,2.61310031407703,0.0,-1.4270899134023813,-1.1308700880103122,-0.2209608646105794,0.9789314356159612,0.9789314356159612,-0.15929851992329427,-0.6469303379643823,0.0,-1.7302039415035244,0.5705938681275167
0.0,1.0,-0.2168912617813833,-0.9354054242077128,0.0,-1.3588942730974733,-1.3404976600229574,1.422945615757026,0.8397888594565706,0.0,-0.2059186324425878,-0.6146715598576261,0.16021114054342944,-2.062859520478736,-0.1689069258775615
1.0,0.1330062399884765,-0.19196745709334218,0.09010535327827252,0.0,0.6534139580414637,-0.4288734961483873,-1.039770618944747,0.8669937600115235,0.8669937600115235,-0.790297818072685,-0.3337987154392199,0.1330062399884765,0.3941788499085096,-0.9308847337132903
0.5920155046351553,0.0,-0.9862649071659377,0.2474298218872014,0.0,-0.6571477761176769,-0.9011762837518016,-0.44361935780298056,0.0,0.0,-1.0675627321926355,-1.1988241371770987,1.0,-0.2983126572105555,-0.7669956455611343
0.0,0.0,0.7512662246312598,-0.9354054242077128,1.0,-0.9980023780806532,1.170432565285856,0.6389139821810086,0.44827740474066025,1.0,0.831124212770556,1.3908852236823575,0.0,0.6346673306212804,1.924926609827806
0.2538885640433043,0.2538885640433043,-0.9862649071659377,-0.9354054242077128,0.0,-0.3403782736095592,-0.9381944194495243,-0.3743002824012018,0.0,0.7461114359566957,-1.1503475720895007,-0.35449129182240496,1.0,-0.008795882322678805,-0.9643648473270983
0.1961130996934528,1.0,0.48669913135670734,-0.9354054242077128,0.0,-0.6589495337005942,0.5132246717930549,-0.6855169236756652,0.0,0.0,-0.269267728284603,-0.37592534613127543,0.0,1.1094541784597864,-0.013294740696250092
0.5055078791060338,1.0,0.3829159745556157,-0.9354054242077128,0.0,1.5032644673006357,0.5715506515073723,-0.6855169236756652,1.0,0.0,-0.22968253600150268,0.3750844029761412,0.0,1.1295428759936965,0.3087403801389601
1.0,0.5950489797004206,-0.6152685082714674,-0.9354054242077128,0.0,0.3245657594127051,0.19223827717741998,-0.6855169236756652,0.4049510202995794,0.4049510202995794,-0.4871176163337183,0.18937128083415966,0.0,1.036317445398859,-0.3849308908848852
0.33927124589619095,0.33927124589619095,-0.3809374079607265,-0.15387216574534776,0.0,-0.4571891102380914,0.466283660358073,0.14624056825142928,0.660728754103809,0.660728754103809,-0.16217478690154793,-0.8367823963867682,0.33927124589619095,0.818865678512568,0.44447142594234124
0.43055648223649967,0.0,-0.4645684948250861,-0.9354054242077128,0.43055648223649967,-1.2944647964423601,-0.8236499331896285,0.6027101329134401,0.5694435177635003,0.43055648223649967,-0.3574734458600468,-0.27837158190681854,0.0,-1.1223127276585252,-0.9540701916528384
0.0,0.11253951748649704,-0.9862649071659377,-0.9354054242077128,0.0,-1.9275292933921366,-1.139346039736241,-0.6855169236756652,0.0,0.887460482513503,-1.3908490492966685,-1.1634247007583896,0.887460482513503,-0.2983126572105555,-1.0075622910196484
1.0,0.5567215847833661,-0.0701136189928391,-0.411080090856382,0.0,1.068751089822062,0.13602151409048546,-0.8666405071042562,1.0,0.4432784152166339,-0.46475522015264553,-0.2178163539791389,0.0,0.7661660310997734,-0.6838427529825504
1.0,0.0,-0.9862649071659377,0.2474298218872014,0.0,-0.8104692635877663,0.39022405264434307,-0.6855169236756652,0.0,0.2791869036894934,-0.35274687743547345,-0.2482479679220647,0.2791869036894934,1.0707653255890393,-1.0088029168186694
0.8053149673579051,1.0,-0.24847456243591615,-0.9354054242077128,0.0,0.5230376785312721,-0.3739007683509042,0.30163828850802865,0.8053149673579051,0.0,-0.5149483415052067,1.2811815559121849,0.0,-0.0259117026976749,-0.2942191270345269
0.0,0.011271218044557219,-0.9862649071659377,0.23409782791767797,0.0,0.5230376785312721,-0.7393100229350753,0.14089402052026156,0.9887287819554428,0.9887287819554428,-0.8463103388451917,-0.9881938426627734,0.9887287819554428,-0.3022903756997025,0.30170204105272663
0.6031974021769796,1.0,-0.25920248487395336,-0.9354054242077128,0.0,-0.060397125827828635,0.18568200364165782,-0.6855169236756652,0.0,0.0,-0.49156728610086053,0.2009176870912447,0.0,1.0348235988199919,-0.1460269630499103
0.193149851037414,0.0,-0.8093104223275688,0.01896537030216572,0.193149851037414,-0.4571891102380914,-0.6524483953590323,0.8699622444647452,0.193149851037414,0.193149851037414,-0.5500400696848535,-0.7492338987882714,0.806850148962586,-0.3833112013699438,-0.7598077119575727
0.03735068144512532,0.03735068144512532,-0.9862649071659377,-0.9354054242077128,0.0,-0.021993923650363456,-0.9381944194495243,-0.6397324525535958,0.0,0.9626493185548747,-1.2390324131501402,-0.3308884753572917,1.0,0.24593161202222136,-1.00540014989917
0.0,0.9444097255772734,-0.9862649071659377,-0.9354054242077128,0.0,-1.9275292933921366,-0.2900112635001158,1.7660833872495723,0.0,0.05559027442272657,-0.1394073404273193,-0.5387595603919249,0.05559027442272657,-0.42178240209903495,0.7657302141250644
0.8589181512222864,1.0,0.716785351684715,-0.9354054242077128,0.0,-0.1745140272249443,-1.1677248822109236,2.234868338176986,0.14108184877771357,0.0,1.3621916727474193,0.9531461920287683,0.0,-1.936559409683454,1.6005941456292831
0.593607691726478,0.0,-0.0701136189928391,-0.9354054242077128,0.406392308273522,-1.146480818282535,0.14931015326533653,0.20817939534662305,0.593607691726478,1.0,0.05538351922947664,0.2764195608673572,0.0,0.021293068892216993,0.4156905317766838
0.3239900611067996,1.0,-0.9862649071659377,-0.9354054242077128,0.0,-0.470926898834911,-1.139346039736241,-0.6855169236756652,1.0,0.0,-1.3908490492966685,-1.3200460990098946,0.3239900611067996,-0.2983126572105555,0.10966400282841059
0.9130749850496507,1.0,-0.9862649071659377,-0.9354054242077128,0.0,-1.032508732891283,-1.139346039736241,-0.6855169236756652,0.0,0.0,-1.3908490492966685,-1.9523552889731906,0.0,-0.2983126572105555,-1.1366941621538205
1.0,1.0,-0.9862649071659377,-0.9354054242077128,0.0,-0.7675488958924884,-1.139346039736241,-0.6855169236756652,0.0,0.0,-1.3908490492966685,-0.7846813846264589,1.0,-0.2983126572105555,-0.5440038078906226
0.7359046131960023,0.0,-0.9862649071659377,0.5598111537300395,0.0,-1.2061758775584588,-0.9913176344153956,-0.38482626058855923,0.0,0.7359046131960023,-0.8885229060679104,-1.3016793645715798,1.0,-0.8548290187303798,-0.76969690417392
0.0,0.8481280954668835,0.8460376691802596,-0.7557659826343804,0.1518719045331165,1.3543955580158515,0.5004162022303579,-0.6855169236756652,0.8481280954668835,0.1518719045331165,-0.2779606938031426,0.948084820952571,0.0,1.1181972896360344,0.9574833944936468
1.0,0.0,-0.9862649071659377,2.322650649079114,0.0,-0.02725031399799325,-1.0899524991574066,-0.635350280197077,0.0,0.8772231103372915,-1.3238033584764484,-1.0075879818788753,1.0,-0.2983126572105555,-0.7414226444287648
0.12355592412470617,0.8764440758752938,-0.9862649071659377,-0.9354054242077128,0.0,0.15403711088478222,-1.139346039736241,-0.6855169236756652,0.8764440758752938,0.12355592412470617,-1.3908490492966685,-0.7897560831394618,1.0,-0.2983126572105555,-1.5551416144887185
0.6429255636142532,0.6429255636142532,-0.9862649071659377,-0.5130451953711751,0.0,-1.1223094686877886,-1.139346039736241,-0.6855169236756652,0.0,0.35707443638574676,-1.3908490492966685,-1.6971436365199866,0.35707443638574676,-0.2983126572105555,-0.6925194633566429
0.0,0.7039461351385095,-0.9862649071659377,-0.5852224781069211,0.0,-0.7473890394940294,-1.139346039736241,-0.6855169236756652,0.0,0.29605386486149055,-1.3908490492966685,-0.8029799667562003,1.0,-0.2983126572105555,-1.4177425503716325
1.0,1.0,-0.9862649071659377,-0.9354054242077128,0.0,-0.9034981316213981,-1.139346039736241,-0.6855169236756652,0.0,0.0,-1.3908490492966685,-0.6032713138171489,1.0,-0.2983126572105555,-0.4329802217617127
0.3752387289567489,1.0,-0.9862649071659377,-0.9354054242077128,0.0,-1.9891444804682124,-0.4102194369133526,0.13168317996608064,0.0,0.0,0.26428526524962126,0.32718797001972766,0.0,-0.8923002661700286,-1.031863660019131
0.6641341428501649,1.0,-0.9862649071659377,-0.9354054242077128,0.0,1.0131510729159539,-1.3404976600229574,-0.6855169236756652,0.6641341428501649,0.0,-1.5273684117850153,-2.0708310555752854,0.0,-2.062859520478736,-1.1633765137226257
1.0,0.0,-0.9862649071659377,2.61310031407703,0.0,-0.7758680257239023,-0.973374363110124,0.3258997714555777,0.0,0.1748926685773402,-1.0529196686858209,-0.890884994899849,1.0,-0.5895007679148421,-1.1901802417540677
0.3630592121950905,0.6369407878049095,-0.9862649071659377,-0.9354054242077128,0.0,-1.8838221392221257,0.32380702497136926,0.615753270843903,0.0,0.3630592121950905,-0.22391387319078182,-0.8718215427777788,1.0,0.7441195229384008,-0.8568606715355349
0.03422811082052912,0.9657718891794709,-0.9862649071659377,-0.9354054242077128,0.0,-0.9305268490451485,-1.3336126200720546,-1.0801313676415394,0.9657718891794709,0.03422811082052912,-1.3908490492966685,-1.9506375097358113,0.0,-2.002462414894776,-0.3487430465572533
1.0,1.0,-0.0701136189928391,-0.9354054242077128,0.0,1.1712704888564185,0.8413391448074763,-0.7547115010687354,1.0,0.0,-0.023461154077628277,-0.236275159213471,0.0,1.1294279282843254,-0.5498114857099302
1.0,1.0,-0.0701136189928391,-0.9354054242077128,0.0,0.015487797003199688,-0.3347395585893745,1.1044653449335433,1.0,0.0,-0.3880881003230647,0.601052873534221,0.0,-0.1699305297890987,-0.380253668255601
0.0,1.0,-0.9862649071659377,-0.9354054242077128,0.0,0.30134421947842993,-1.139346039736241,-0.6855169236756652,0.22616547679865973,0.0,-1.3908490492966685,-1.666003400068628,0.22616547679865973,-0.2983126572105555,-1.1886978617884405
0.0,0.36275789466594544,-0.9862649071659377,-0.9354054242077128,0.0,0.03292428414659036,-0.7192864045979653,0.20776881081314613,0.0,0.6372421053340546,-0.7082522368549349,-0.7927396943147125,1.0,-0.5058870513324359,-0.3197518445651049
0.1389319800252784,0.1389319800252784,-0.9862649071659377,0.08309617910354739,0.0,-0.5933739588756394,-1.139346039736241,-0.62874930943776,0.8610680199747216,0.8610680199747216,-1.2011799958737213,-0.6265273242381039,0.8610680199747216,-0.5026059818449242,-0.5119901609654867
1.0,0.0,-0.9862649071659377,0.2474298218872014,0.2195105250809587,0.03292428414659036,-0.24642976300932892,0.8591912716845197,0.0,0.7804894749190413,-0.37527863799117195,-0.2444033870468709,0.7804894749190413,-0.039652038708279644,-0.646971818003201
0.9745472651988699,0.9745472651988699,-0.9862649071659377,-0.9052990323754294,0.0,-1.4249411727576997,-0.33985941743534986,-0.6959169124343898,1.0,0.0,-0.7117270279835701,-1.408502756462118,1.0,0.4536443276801001,0.6119375471345293
0.0,1.0,-0.9862649071659377,-0.9354054242077128,0.0,-1.8195861189200573,-0.9621385225149639,-0.7755074997103684,0.0,0.0,-1.2405130909987163,-1.3967061297350793,0.0,-0.13175867302050354,-0.06090563099358026
1.0,0.8857620740796032,-0.0701136189928391,-0.8002807789882876,0.0,1.3912853920200126,0.5331436794617183,-0.7321945461266484,1.0,0.11423792592039683,-0.2401532309947657,-0.2178163539791389,0.0,1.0476726314759686,-0.5215933508745874
1.0,0.0,-0.0701136189928391,0.4030356308180778,0.0,-0.3927131052721671,-0.501470737149019,1.0026359442617034,1.0,0.4342233800334395,-0.27533337926808676,-0.40713924973884097,0.0,-0.7385432985394271,-0.48794305790268544
0.0,1.0,-0.9862649071659377,-0.9354054242077128,0.0,-0.4428457577057422,-0.9381944194495243,-0.6855169236756652,1.0,0.0,-1.2543296868083218,-0.8861763233577425,0.9853673122417347,0.2898696305455047,0.1257097314351705
1.0,0.0,0.36145360230644286,0.8730722473182154,1.0,-0.2263136222409693,0.8139678524019063,-0.4693942402365078,1.0,1.0,0.0792629304581105,0.12180180313603778,0.0,0.7462240986721033,0.5321836268638256
0.0,0.0,0.8460376691802596,1.9668920869860256,0.0,-1.4374158990074548,-1.139346039736241,-0.2025078854953425,0.8178928611784168,1.0,-0.11245248590854913,-0.6538198131782321,0.0,-1.7510212538869374,0.5658453367101985
0.0,0.0,0.8460376691802596,0.28343918956257497,0.5152216328496538,-1.1848988756710928,-1.139346039736241,0.7632419376108907,0.0,0.48477836715034617,0.46255258235934443,-0.3168621919132508,0.0,-1.830242597759391,0.9662670409298901
0.0,0.5124576558819216,0.3993751225775499,-0.3587231556211141,0.0,0.5474603345727318,0.5679368550352274,-0.6855169236756652,1.0,0.4875423441180784,-0.23213517938482045,0.13091256465229995,0.0,1.1289664936589705,1.1190340025379546
1.0,0.25831305577133445,-0.3067674577896766,-0.05811196500561433,0.0,0.7762430556872089,-0.3280508200376234,-0.9885702475223628,0.7416869442286655,0.7416869442286655,-0.7389773982543236,-0.44306712572431917,0.25831305577133445,0.4924498493466277,-0.9049986444285045
0.6988458531609044,0.0,-0.9862649071659377,-0.9354054242077128,0.6988458531609044,0.03292428414659036,-0.8581980883483034,0.04807683176885269,0.0,0.3011541468390956,-0.7772997350525646,-0.19677099904058826,0.3011541468390956,-0.7837327567913617,-1.2834669493322273
1.0,1.0,-0.9862649071659377,-0.9354054242077128,0.0,0.6185607363619183,-0.8964252591881778,1.8032965746211085,0.0,0.0,-0.9529426983554272,-0.8505772837325202,1.0,-0.7239528209419537,-0.9378891074775698
1.0,1.0,-0.9862649071659377,-0.9354054242077128,0.0,-0.07393176112163272,-0.6674582828732325,0.5925462715269005,0.0,0.0,-0.8570741150690397,-1.028351822103931,1.0,-0.1011933896649114,-1.0120815722020713
0.35494583223067055,1.0,-0.0701136189928391,-0.9354054242077128,0.0,-0.5993750913082337,0.9888816866354926,-0.6855169236756652,0.0,0.0,0.1416177693817049,-0.39712868090846715,0.0,1.0374429461789603,1.5964328671124586
0.4217039345532818,1.0,-0.9862649071659377,-0.9354054242077128,0.0,-1.720846546602852,-1.139346039736241,-0.5132086741641282,0.0,0.0,-0.8151415262562532,-0.9794735484160189,0.0,-0.9184096196637586,0.00903399274037378
1.0,1.0,-0.9862649071659377,-0.9354054242077128,0.0,0.09775462697757084,-0.7902579475493037,-0.6855169236756652,1.0,0.0,-1.1539268523503832,-0.6249833703680353,1.0,0.4672569877104342,-0.28084006978049997
0.09942769876361435,1.0,-0.9862649071659377,-0.9354054242077128,0.0,0.4743068315943795,-0.8781942913264824,0.7863786321388545,0.0,0.0,-0.9677171557827363,-1.6239898912259068,0.0,-0.49916984041892365,0.5778678940777756
1.0,0.6912218576096544,-0.9862649071659377,-0.5701717541646978,0.3087781423903456,1.1644873763946828,-1.139346039736241,2.3789834649808816,0.0,0.0,-1.117810324319975,0.1795776894728207,0.6912218576096544,-1.180586088844646,-0.8212403652361079
0.3168161435545186,1.0,-0.9862649071659377,-0.9354054242077128,0.0,-1.1025783401361429,-0.016099155544472277,0.9893768312051799,0.6831838564454814,0.0,-0.16217478690154793,-0.24694842369925218,0.0,0.04948938462128938,0.7594446549329146
0.0,0.17741612408832608,-0.9862649071659377,-0.9354054242077128,0.0,-1.75362125580113,-1.139346039736241,-0.6855169236756652,0.0,0.8225838759116739,-1.3908490492966685,-1.1091617833323768,1.0,-0.2983126572105555,-0.9147508304760114
0.0,0.0,0.8460376691802596,2.056767570001144,1.0,0.2634433953301418,0.3633246176922401,0.1801622337083214,1.0,1.0,0.06285122413260147,1.134995010143577,0.0,0.4279420740502555,0.21780214953423865
1.0,0.8150544284024571,0.8460376691802596,-0.9354054242077128,0.18494557159754288,-2.0550654802884707,-0.6405776083159347,1.4330521055674965,0.8150544284024571,0.18494557159754288,0.8612788211889681,1.8449953486418835,0.0,-1.4993433815725217,1.368755118867993
0.0,0.49809075351100573,-0.0701136189928391,-0.34172947711959023,0.0,-0.7013100601529942,0.4706350186070678,-0.6855169236756652,1.0,0.5019092464889943,-0.29817285116287345,-0.16560512628183155,0.0,1.1098962116561082,1.0655165181229551
0.0,0.06717539991571009,-0.9862649071659377,-0.9354054242077128,0.0,-0.06584640566892104,-1.085296277590428,-1.094116975496538,0.0,0.9328246000842899,-1.217646715722752,-0.595242399705568,0.9328246000842899,-0.7961832183303859,-0.7716067976831382
0.0,0.40524808802768875,0.10350055342775488,-0.23191190004452325,0.5947519119723113,0.5230376785312721,0.18192068569502734,-0.6855169236756652,0.0,0.5947519119723113,-0.4387958400373554,1.2932601338604939,0.0,0.7987024163362901,-0.1389583766028015
1.0,1.0,-0.9862649071659377,-0.9354054242077128,0.0,0.03043930531330863,-1.139346039736241,-0.6855169236756652,0.0,0.0,-1.3908490492966685,-1.0361518262230918,1.0,-0.2983126572105555,-0.7550606039148566
1.0,0.0,-0.9862649071659377,0.2474298218872014,0.2797974183677042,0.03292428414659036,-0.22217615047596645,0.8345580439634361,0.0,0.7202025816322958,-0.35881798151535294,-0.1918327990120956,0.7202025816322958,-0.022459465222168906,-0.6288345167696388
0.10657873012867436,1.0,-0.9862649071659377,-0.9354054242077128,0.0,-0.842831178237626,-0.03962873928335901,-0.6855169236756652,0.0,0.0,-0.644483175826509,-0.6886713344380936,0.10657873012867436,0.9467378385990558,0.6736366016271118
1.0,1.0,-0.9862649071659377,-0.9354054242077128,0.0,0.3171627947523058,-1.139346039736241,-0.6855169236756652,0.0,0.0,-1.3908490492966685,-0.8260351173718105,1.0,-0.2983126572105555,-0.6681196472458025
0.0,1.0,-0.31168787444692403,-0.9354054242077128,0.0,-0.4571891102380914,-0.9381944194495243,1.4204949311246415,1.0,0.0,-0.7517225975374926,-1.112598849614501,0.26368380263461644,-0.7928507331500305,-0.5620138653949882
0.0,0.0,-0.9862649071659377,0.2474298218872014,0.0,0.26180881418513763,-0.5358911788760911,1.2485920780871775,0.0,0.0,-0.7082522368549349,-0.8209177886683582,1.0,-0.046234533886529754,-1.2259848587262894
0.2678154215409376,1.0,-0.9862649071659377,-0.9354054242077128,0.0,0.3917777532112788,-0.9381944194495243,0.8103363598284193,0.0,0.0,-0.9544575711832315,-0.9808224075775521,0.2678154215409376,-0.5714463702900112,0.7747086749047105
0.0,0.0,-0.756557689507938,0.2474298218872014,0.25073066056159776,-1.4374158990074548,-0.9886292980770485,1.1537804054049277,0.0,0.7492693394384022,-0.6055634670464807,-1.0071965548135138,0.0,-1.2188766845554513,0.8671860994827503
1.0,1.0,0.26602406289544,-0.9354054242077128,0.0,0.9637938065780511,0.5234127047602413,-0.8354330740009908,0.6330980633574476,0.0,-0.212264005387729,-0.457772124323638,0.0,1.0041531775151262,-0.2942168150908589
0.4942738501382714,0.4942738501382714,-0.0701136189928391,-0.3372147092793816,0.5057261498617286,-1.195165664560601,-0.7416500964535727,1.9680437080297724,0.4942738501382714,0.0,-0.2986941493898947,-0.21656804340533586,0.0,-1.012214650339521,0.37279050781486633
1.0,1.0,-0.9862649071659377,-0.9354054242077128,0.0,0.45119256557363085,-0.8228753263774722,-0.6855169236756652,1.0,0.0,-1.176063903781117,-1.1654439129053062,0.5732943781794007,0.4584704300031287,-0.34987247767451496
1.0,0.8381069631782958,-0.8379463929354786,-0.9354054242077128,0.0,-0.12576760746126914,-0.6335863188855597,0.8165842771382528,0.0,0.1618930368217042,-0.6640491684985319,-0.857297040447161,0.8381069631782958,-0.30923033258342647,-0.9868725441121436
1.0,0.0,1.937390978411436,-0.23088687101376967,1.0,0.12665209783013864,0.07197041266343368,1.2793438885844939,0.0,1.0,1.9975228595062957,2.094434742149951,0.0,-1.1964920003940123,0.6842847061813465
1.0,1.0,-0.0701136189928391,-0.9354054242077128,0.0,-0.6104642968169446,-0.3347395585893745,1.8002609462579993,1.0,0.0,-0.32996918214641374,-0.0021960645737240103,0.0,-0.25339736709814786,-0.5716166863317967
0.0,0.0,1.3755400777404976,1.1155029349983345,1.0,-0.30434442426522,1.9406585563457734,1.4211954756441965,0.42203605955068735,0.42203605955068735,1.109073825282451,0.12618251428452726,0.0,0.7644028291062686,1.6456946816213172
0.0,1.0,-0.9862649071659377,-0.9354054242077128,0.0,-0.28375200869607753,-1.139346039736241,-0.6855169236756652,1.0,0.0,-1.3908490492966685,-0.6923920992512945,1.0,-0.2983126572105555,-1.4888708803577386
1.0,0.9586271773132206,-0.9483611423660876,-0.9354054242077128,0.04137282268677944,0.482482929406686,-1.139346039736241,-0.6348021111942835,1.0,0.04137282268677944,-1.3287189441437006,-0.40876004286628576,0.9586271773132206,-0.3600855133229848,0.19696607870067562
0.8156290793210368,1.0,-0.23902527547453145,-0.9354054242077128,0.0,0.9227884151561583,-0.35610699487262076,-0.6855169236756652,0.8156290793210368,0.0,-0.8592734401698245,-1.4485011305624338,0.0,0.40436745124626317,-0.6988674155268132
0.09033696057760787,1.0,-0.9862649071659377,-0.9354054242077128,0.0,0.7917743009805209,-1.3404976600229574,-0.6486052369023144,0.0,0.0,-1.4780374347162555,-2.0117502146172317,0.09033696057760787,-2.062859520478736,-1.080235443466205
0.0,0.0,-0.27992515832328035,1.701150987110557,0.7709859255354785,-0.9473025046227731,-0.3808061107363757,0.8210087198686916,0.0,0.7709859255354785,-0.5404680189198329,-0.015627420419581595,0.2290140744645215,-0.0031031321609625295,-0.7081975253022483
1.0,0.06824970535409158,-0.9862649071659377,0.1667016648587891,0.0,-0.8135021255953803,-0.001079012096273868,-1.066230142352097,0.06824970535409158,0.0,-0.4911179494679899,-1.243459798612653,0.9317502946459084,0.6552289771603139,-0.9669910659024944
0.0,0.0,-0.9862649071659377,0.2474298218872014,0.0,-0.537038879121208,-0.6342066538725897,0.6826051522420219,0.0,0.0,-0.8194615984808371,-1.0163394693923955,1.0,-0.08730335616016627,-0.7722761123115622
0.0,0.4371933963572435,-0.9862649071659377,-0.26969793668409003,0.0,-1.0088672200250226,-1.139346039736241,-0.6855169236756652,0.0,0.5628066036427565,-1.3908490492966685,-1.0355902004751285,1.0,-0.2983126572105555,-1.2260282101574116
0.0,0.915513677291914,-0.9862649071659377,-0.8354720238956393,0.0,0.5230376785312721,-0.9211998587447264,0.8798410519344686,0.08448632270808598,0.08448632270808598,-0.9697569429165357,-1.5795731029425875,0.08448632270808598,-0.6214060147194682,0.5466705723931601
1.0,0.7215328611219056,-0.9862649071659377,-0.6060246774634953,0.0,0.2500767292110053,-0.9152895750085017,-0.6855169236756652,0.0,0.2784671388780944,-1.2387844242023032,-0.7200557479976245,1.0,0.02926622040984872,-0.7445353988315787
0.0,1.0,-0.9862649071659377,-0.9354054242077128,0.0,-0.5399133891208905,-1.2177137722237332,-0.5263282504259464,0.6104046670079576,0.0,-1.1780998233426334,-0.847753134414182,1.0,-0.9857718799855861,-0.9459865200662547
0.9493067970577657,0.0,-0.9862649071659377,-0.9354054242077128,0.9493067970577657,0.03292428414659036,-0.7574368389815153,0.4574302503903016,0.0,0.05069320294223434,-0.6063358931074192,-0.032968242140635984,0.05069320294223434,-0.7469035840476621,-1.4321493429494234
1.0,1.0,0.11925600103087663,-0.9354054242077128,0.0,-1.7331261227850383,-1.2607109959478264,-0.2769168718547923,0.6033506269479457,0.0,-0.025655424413201202,-0.17640733546891463,0.0,-1.946208452639354,0.5412790706472544
0.0,1.0,-0.11217693122602745,-0.9354054242077128,0.0,-1.4374158990074548,-0.7185718249480484,0.8550828830620218,0.9540869365396331,0.0,-0.7082522368549349,-0.4057907018419643,0.0,-0.5040960650419966,-0.6093553781879784
0.13500127742120693,0.0,1.6385073631389055,2.2937317756737476,1.0,0.4568717442080963,2.225920053749837,1.4351142135484372,0.13500127742120693,0.13500127742120693,1.247386758826988,0.17404133725599735,0.0,0.8831794092975184,1.6987416182455004
1.0,0.48375494193241275,-0.9862649071659377,-0.9354054242077128,0.0,-0.9313786635198102,-0.7501136781705956,-0.6855169236756652,0.48375494193241275,0.5162450580675872,-1.0606394679306677,-1.5293681823325977,0.48375494193241275,0.06751945652258162,-0.08716806493467977
0.0,0.0,0.5987581550932746,-0.6161449170456619,0.7300887776078051,-1.1728416882291401,1.2584527051200416,0.5077403257818826,1.0,1.0,0.5355239944508494,-0.20575852099898456,0.0,0.8070724286622594,1.407783709865768
1.0,0.5398427789081934,-0.9862649071659377,-0.9354054242077128,0.0,-0.41813415101326523,-0.25820706704834173,0.1968022260723823,0.0,0.46015722109180657,-0.6454318663870722,-0.9306648725346847,1.0,0.44674663320246133,-1.03508418240658
0.0,0.0,1.4653305114887696,2.2298288638236623,0.8379861221084154,0.3642273352695324,2.0195166727633294,1.3688901138363598,0.1620138778915846,0.1620138778915846,1.0962398559060023,0.059250230022225986,0.0,0.8765591794218343,1.6483998757600529
1.0,1.0,-0.8410821013217554,-0.9354054242077128,0.0,1.0131510729159539,-0.8106881570654397,-0.6855169236756652,1.0,0.0,-1.1677926078171832,-1.766462305619143,0.0,0.39639471276301175,-0.36166876626154676
0.8464078493145573,0.8464078493145573,-0.9862649071659377,-0.75373121485345,0.0,0.4477601082079863,-0.2571691781974512,-0.6855169236756652,0.0,0.15359215068544274,-0.7921254468340978,0.5455496249536064,0.15359215068544274,0.8588320364706739,-0.3191100087705846
1.0,0.955236312723479,-0.9862649071659377,-0.9354054242077128,0.0,-0.4352498275218213,0.03154652908133837,1.7295024973678126,0.0,0.044763687276521025,-0.19273033714963983,-0.9808224075775521,1.0,0.16138531714292031,-0.8591261708849184
1.0,1.0,-0.0701136189928391,-0.9354054242077128,0.0,1.3516506913305784,0.5154557840848173,-0.49591978933525815,1.0,0.0,-0.20440627103772224,-0.015503588578677424,0.0,0.9524293534216509,-0.428114440839915
0.37666744909500927,0.0,0.5009533004789918,0.9847295331358769,1.0,-0.9473025046227731,-0.9120442366520645,0.8957643177703289,0.37666744909500927,0.37666744909500927,0.8448831505374416,0.5339273856330556,0.0,-1.6607969427636826,0.641711223518525
0.0,0.4742373087003696,-0.5045867402584262,-0.9354054242077128,0.0,-1.6950992362811423,-0.5462555930718254,-0.08314348294442994,0.5257626912996304,0.0,0.08976130092188778,-0.188589322260316,0.0,-0.9832110536300283,-1.0987683444449148
0.0,1.0,-0.9862649071659377,-0.9354054242077128,0.0,0.691824758414336,-1.2086193854373248,-0.6855169236756652,0.6556162679557668,0.0,-1.437864096846705,-1.85644283502335,0.0,-0.9059938913497969,-0.34813334230377024
0.3515401611342188,0.0,-0.9862649071659377,0.2474298218872014,0.0,0.006154053623182221,-0.3237525598520864,0.49564736708934054,0.0,0.0,-0.6122681594807464,-0.9160934042799315,1.0,0.2097660423784956,-1.2577215294056967
0.41279355060675227,1.0,-0.9862649071659377,-0.9354054242077128,0.0,-1.5228979968561762,-1.139346039736241,-0.6855169236756652,0.0,0.0,-1.3908490492966685,-1.7888233151758703,0.0,-0.2983126572105555,-1.1811592308466135
1.0,0.0,-0.9862649071659377,0.2474298218872014,0.0,-0.11169565629155098,-0.3116520496584959,-0.5649494879875558,0.0,0.704925549688953,-0.7485356126979984,-1.3524991262482016,1.0,0.5901688910331875,-0.4503161339391524
0.4017139417318454,1.0,-0.0701136189928391,-0.9354054242077128,0.0,-0.5535317375150831,0.9512517626198609,-0.6855169236756652,0.0,0.0,0.10969400691227699,-0.3920309165277886,0.0,1.0429445809070457,1.661019903075593
1.0,0.0,0.8460376691802596,-0.3916779289356178,1.0,-0.4571891102380914,0.023758775089954942,1.202605717443686,0.4596815127611311,0.5403184872388689,1.830012289039325,1.8883580770281967,0.0,-1.2352224069621145,1.3068456119488714
0.0,0.9240665896303779,-0.9862649071659377,-0.9354054242077128,0.0,-1.9275292933921366,-0.2736430444703919,1.7660833872495723,0.0,0.07593341036962209,-0.13107564457586746,-0.5365421409809739,0.07593341036962209,-0.4082629724237123,0.7390123728936988
0.07776534407895708,1.0,-0.9862649071659377,-0.9354054242077128,0.0,-1.8513016198880758,-1.139346039736241,-0.6855169236756652,0.0,0.0,-1.3908490492966685,-1.8528293259757387,0.0,-0.2983126572105555,-0.2662947269765014
0.0023393906257782593,1.0,-0.9862649071659377,-0.9354054242077128,0.0,0.03292428414659036,-1.1398166119510997,-0.6855169236756652,1.0,0.0,-1.391168421413511,-0.7658806251937772,0.9976606093742217,-0.30244062160123153,-1.6816352073267573
0.0,0.0,-0.04052137188998217,0.20922351978811404,0.9676993882070865,-1.4374158990074548,-1.139346039736241,1.7132912606398507,0.0,0.03230061179291355,-0.2854651726000383,-0.12641946227431222,0.0,-1.7125807298199078,1.3791250755000433
0.0,1.0,-0.0701136189928391,-0.9354054242077128,0.0,-1.4322659653131922,-0.5358911788760911,2.170390018000018,1.0,0.0,-0.5724501223268083,0.6444551613908417,0.0,-0.2969882844880729,-0.6573635874478106
0.10309374601374488,0.10309374601374488,-0.9862649071659377,-0.9354054242077128,0.0,0.03292428414659036,-0.8967194713453402,0.9488832836078265,0.0,0.8969062539862551,-0.7082522368549349,-0.8830588502487252,1.0,-0.9505963150962786,-0.6649616768313835
0.6854034431905891,0.6854034431905891,-0.9862649071659377,-0.5632895285134406,0.0,-1.283227912687861,-0.39802116572820956,-0.8140610930906587,1.0,0.0,-0.7512007582315846,-1.313951976510875,1.0,0.405053106331711,0.5614558184025666
0.1925697481832388,0.8074302518167612,-0.9862649071659377,-0.7076271387249558,0.0,-0.8529214916848825,-1.301761943157694,1.2939793327287492,0.0,0.1925697481832388,-0.619240006673862,-0.9598321384913046,1.0,-1.7230611753616587,-0.644046430528386
0.0,1.0,-0.9862649071659377,-0.9354054242077128,0.0,0.5044617857708228,-1.3328737693685757,-0.6855169236756652,0.03790121423588233,0.0,-1.5221941621799984,-2.0212558740312137,0.03790121423588233,-1.9959810517847547,-1.6096785475681088
0.0,1.0,-0.9862649071659377,-0.9354054242077128,0.0,-0.35427194276280854,-1.139346039736241,-0.6855169236756652,0.20998644120814391,0.0,-1.3908490492966685,-0.5905963557542877,1.0,-0.2983126572105555,-1.6416745257037686
0.3094397675543594,0.3094397675543594,-0.9862649071659377,-0.9354054242077128,0.0,-0.4220574403544315,-0.9381944194495243,0.8224461785496764,0.0,0.6905602324456406,-0.7504967566499983,-0.7369047337103147,1.0,-1.0025450299246825,-0.6815537997766243
0.4786993325864306,1.0,-0.9862649071659377,-0.9354054242077128,0.0,0.7576546333148892,-0.9381944194495243,-0.6855169236756652,1.0,0.0,-1.2543296868083218,-1.8528293259757387,0.0,0.2898696305455047,-0.49453709225483344
0.9132947881378164,0.9132947881378164,-0.8273947240882158,-0.9354054242077128,0.0,-1.4374158990074548,-0.5882138604362349,0.13168317996608064,0.0,0.0867052118621836,-0.38786575088687203,-0.5542698914540843,0.9132947881378164,-0.6068315841322854,-0.5815351637872752
0.0,1.0,-0.9862649071659377,-0.9354054242077128,0.0,-0.4571891102380914,-1.1309320269736731,-0.6855169236756652,1.0,0.0,-1.385138552624172,-0.6629386526511527,1.0,-0.27370945854458545,-1.3186409672207837
1.0,1.0,-0.9862649071659377,-0.9354054242077128,0.0,1.0131510729159539,-0.9867941768579128,-0.6855169236756652,0.7583924139456815,0.0,-1.2873138004288058,-1.8528293259757387,0.0,0.1477603278408564,-0.3235654288931018
0.0,0.3610506146657382,-0.9862649071659377,-0.17963357076366715,0.0,-1.6143716413059555,-1.139346039736241,-0.6855169236756652,0.6389493853342618,0.6389493853342618,-1.3908490492966685,-1.604536390046529,0.0,-0.2983126572105555,-1.165910150422534
0.24096415446115016,0.0,0.6252780486671353,-0.037591073054906166,0.7590358455388498,0.40493791886328306,0.6710185428442086,-0.6855169236756652,0.24096415446115016,1.0,-0.16217478690154793,0.4217425133326712,0.0,1.1454075036452287,-0.008815271532124802
1.0,0.2758966707268614,-0.9862649071659377,-0.07891048452877325,0.0,-0.32196845644871647,-0.7925398615112266,-0.38964826581099415,0.0,0.0,-0.9577673121441469,-1.1386781857678863,1.0,-0.13603512223814973,-0.5092274228178809
0.36276842021051314,0.36276842021051314,-0.9862649071659377,-0.18166545170796422,0.0,-1.1251001664277163,-1.0663745842220438,-0.24083533778468957,0.0,0.0,-1.1927493954644928,-0.9220296365021442,1.0,-0.511686616535627,-0.7859746606656556
1.0,1.0,-0.9862649071659377,-0.9354054242077128,0.0,-0.4762282510252873,0.07928470632890283,1.7184654645316684,0.0,0.0,-0.16217478690154793,-0.9723538252673117,0.9805768001799882,0.20162183985369364,-0.8791543773430248
1.0,0.0,-0.9862649071659377,2.61310031407703,0.0,0.03292428414659036,-1.139346039736241,-0.6855169236756652,0.9033638126360249,1.0,-1.3908490492966685,-1.2762247179959934,1.0,-0.2983126572105555,-0.28738559246007517
0.6466649191171634,0.0,-0.9862649071659377,0.6653670092372178,0.0,-0.9767118777781107,-1.139346039736241,-0.6855169236756652,0.0,0.6466649191171634,-1.3908490492966685,-0.9103353721581058,1.0,-0.2983126572105555,-0.7298363999793198
0.0,1.0,-0.9862649071659377,-0.9354054242077128,0.0,-0.15643123304967377,-0.9381944194495243,-0.6855169236756652,1.0,0.0,-1.2543296868083218,-1.172819048416604,0.6931752114569247,0.2898696305455047,-0.10115966652563324
0.94840419334129,0.0,-0.9862649071659377,2.4910416367437884,0.94840419334129,-0.43190131430057527,-0.36587529891757353,-0.6855169236756652,0.0,0.05159580665871,-0.7364275433834112,0.6900795911228841,0.05159580665871,0.4492509300189108,-0.7852275539409873
0.0,0.6699174645500392,-0.3725191590487632,-0.544972167157125,0.3300825354499608,0.5230376785312721,0.5362635593915991,1.07977019614703,0.6699174645500392,0.3300825354499608,0.20098925269147708,1.998180223835675,0.0,0.35049018237731727,-0.7551132639736543
1.0,1.0,-0.9862649071659377,-0.9354054242077128,0.0,1.0131510729159539,-1.1304620903801823,-0.6855169236756652,0.044165437710100175,0.0,-1.3848196118964669,-1.8528293259757387,0.0,-0.272335329018481,-0.28439174652752414
1.0,1.0,-0.6090522177263881,-0.9354054242077128,0.0,-2.1005662915108467,-0.4530697664598274,0.9728604311591691,0.41173624303006895,0.0,-0.21838475631335996,0.057910330661604725,0.0,-0.5814087391566412,-0.8369136142953489
0.9993534995658349,1.0,-0.9862649071659377,-0.9354054242077128,0.0,0.03229056710207068,-0.7365226207234141,-0.6855169236756652,0.9993534995658349,0.0,-1.1174572850114926,-0.6538198131782321,0.9993534995658349,0.5842459695018367,-0.35888295775218326
1.0,0.5558065814371796,-0.5793165345515975,-0.4099977926482179,0.0,-1.0020056107371356,-0.6252414047406981,-0.4128091815636966,0.0,0.44419341856282035,-0.6777775211731039,-1.02899361599561,0.5558065814371796,-0.25052449873520843,-0.9446399388862654
0.0,0.0,0.36341844026391856,1.3668890348378762,1.0,0.8074846156105806,0.3746799405693632,0.7336369105571479,0.4732101180813334,1.0,0.31198564420699115,0.9811931588183676,0.0,0.02293851439820871,0.34600640378164427
0.31285485650558753,1.0,0.8460376691802596,-0.9354054242077128,0.0,-0.9473025046227731,0.5451560202428742,-0.8133494342562599,0.31285485650558753,0.0,-0.20488553246307395,-0.51741401351456,0.0,1.0249608733095594,0.3741786471227675
0.0,0.12052257878646444,-0.9862649071659377,-0.9354054242077128,0.0,-0.026145446042438965,-0.9381944194495243,0.751901155856888,0.12052257878646444,0.8794774212135356,-0.7740668993404536,-0.8718215427777788,1.0,-0.8925144646297583,-0.5271590229082278
1.0,1.0,-0.9862649071659377,-0.9354054242077128,0.0,-1.079131406013484,-1.0852410154313021,-0.35580569833346243,0.0,0.0,-1.2439671417087825,-1.5513690568714984,0.2689763285417184,-0.45651976948444917,-1.1146711053708387
0.0,1.0,-0.9862649071659377,-0.9354054242077128,0.0,-0.26839838371168145,-1.1780876462409668,-0.6855169236756652,0.0,0.0,-1.4171425457858382,-0.9267348008252129,0.8074009722143696,-0.6381626675581908,-1.720469159651631
0.0,0.8847179787527156,-0.9862649071659377,-0.799045786235362,0.0,-0.28768532200299074,-0.9381944194495243,-0.7326211635313206,1.0,0.0,-1.2385914587612745,-0.8089923427186796,1.0,0.22206278755113423,0.08594070888898589
1.0,0.0,-0.9862649071659377,0.2474298218872014,0.0,-0.3804987734238756,-0.16506307382691907,0.08722206049784331,0.0,0.5782373402694875,-0.4352135118782414,-0.7576255461348342,1.0,0.22851254016196293,-0.8395989916498987
0.7953418379590974,0.0,-0.798767068377026,2.371023426614046,0.2046581620409026,-0.16768712882620362,-1.139346039736241,-0.6018935880601878,0.2046581620409026,1.0,-1.2790898420572254,-0.6015878245141133,0.7953418379590974,-0.5390652691248926,-0.8104213118558591
0.7450645481202204,0.0,-0.9862649071659377,0.2474298218872014,0.0,-0.20729455089850846,0.06359258541419954,-0.16468372943038712,0.0,0.7450645481202204,-0.5048207626108536,-1.0876713982850308,1.0,0.7884964574263968,-0.9328988164924887
1.0,0.0,-0.9862649071659377,1.36534797698042,0.0,-0.8128089818373218,0.06756368198405872,0.08683310158885134,0.0,0.054882614646474925,-0.18465240559123902,-0.8957505526135326,0.9451173853535251,0.22914789313463624,0.09833179097042141
0.4551436850361561,1.0,-0.5692844338162122,-0.9354054242077128,0.0,0.07689364571962626,-0.9381944194495243,1.5434550687204158,0.4551436850361561,0.0,-0.7204997478998159,-0.7823781864691655,0.0,-1.0203486719277608,1.096968253770574
0.5224345760711689,1.0,-0.9862649071659377,-0.9354054242077128,0.0,1.0131510729159539,-1.3404976600229574,-0.6855169236756652,0.5224345760711689,0.0,-1.5273684117850153,-2.013885234982225,0.0,-2.062859520478736,-1.1070840336804872
0.35545334937417783,1.0,-0.6606158632513423,-0.9354054242077128,0.0,1.1873635205231363,-1.197497625697045,-0.3950404097272813,0.35545334937417783,0.0,-1.2362108238795533,-1.683383830797672,0.0,-1.704451467520808,-0.33586296062573884
1.0,1.0,-0.9862649071659377,-0.9354054242077128,0.0,0.008664676508703284,-1.139346039736241,-0.6855169236756652,0.0,0.0,-1.3908490492966685,-0.7574253587671262,1.0,-0.2983126572105555,-0.6020237342789082
0.6353027505426941,1.0,-0.9862649071659377,-0.9354054242077128,0.0,-0.013191342031559472,-1.139346039736241,-0.6855169236756652,1.0,0.0,-1.3908490492966685,-0.9128458705500255,0.6353027505426941,-0.2983126572105555,0.16772970679331742
1.0,0.439322805996486,-0.47259977363034,-0.27221667745876044,0.0,-0.8878250935931729,-0.6486723049077077,-0.5555950116077717,0.0,0.560677194003514,-0.7413866842267007,-1.1559619385773918,0.439322805996486,-0.18657838477838268,-1.00397334524918
0.5189381161559136,1.0,-0.9862649071659377,-0.9354054242077128,0.0,0.7773762001160391,-1.3404976600229574,-0.6855169236756652,0.5189381161559136,0.0,-1.5273684117850153,-2.0142663521367252,0.0,-2.062859520478736,-1.3123975962239713
0.0,0.0,0.8460376691802596,1.56629306524522,0.8849983565232811,-1.0036663504669647,-1.139346039736241,1.1695246254924079,0.11500164347671893,0.11500164347671893,0.6835610931490025,-0.07502629593373766,0.0,-1.8524504697633555,1.0012555130810785
0.0,0.5302651326349002,0.3602345848435168,-0.379786466768553,0.0,-1.6676392493126022,0.7655064725198643,-0.6855169236756652,0.46973486736509984,0.46973486736509984,-0.0980468822703164,-0.40942667853481385,0.0,1.1579661276873012,-0.5666737004012774
1.0,1.0,-0.1781605409432484,-0.9354054242077128,0.0,-1.6535716688346604,-1.228060373670437,-0.2769168718547923,0.4410321617481616,0.0,-0.025655424413201202,-0.07025021699042436,0.0,-1.8984720295362232,0.4901958480600864
0.40448544968185074,1.0,-0.9862649071659377,-0.9354054242077128,0.0,0.03292428414659036,-1.2207089433221463,-0.6855169236756652,1.0,0.0,-1.446069145023047,-1.2918918437489686,0.5955145503181493,-1.0120461886842846,-1.3340697851246108
0.4275722405665343,0.5724277594334657,-0.9862649071659377,-0.9354054242077128,0.4275722405665343,-0.8087392525012713,-0.5067532565485348,0.30638921961873333,0.0,0.0,0.05344690794132734,0.1873707380613408,0.0,-0.865708823947095,-1.2438466782312236
0.0,0.8039769794008976,0.8460376691802596,-0.9354054242077128,0.0,1.4071909592972713,0.6670186635925212,-0.6855169236756652,1.0,0.19602302059910237,-0.16488946036374702,0.6820596560948443,0.0,1.136384287145756,1.1629471079984284
1.0,0.0,-0.0701136189928391,-0.2985651648352854,1.0,-0.7210668922303907,-0.8144450432716055,0.32029235491692853,1.0,1.0,0.5518773074525107,0.8637356138908737,0.0,-1.5375353567856482,-0.35676073374879397
0.0,1.0,-0.6762898599692743,-0.9354054242077128,0.0,-0.9473025046227731,0.20972931939602169,0.936597109277083,0.6616551750805415,0.0,0.022587692295395145,-0.21945512472961218,0.0,0.03336757178926275,0.9292149999514298
0.262144233093475,0.0,0.8460376691802596,2.61310031407703,0.0,-1.3089354991076425,-1.0338845652650985,0.41931208511769746,0.737855766906525,0.737855766906525,-0.12638702331963014,-0.5680979688498458,0.0,-1.5948527958116787,1.3741089024037265
0.5201681098787319,0.5201681098787319,-0.9862649071659377,-0.36784335237193466,0.0,-0.4571891102380914,-0.8497891532468483,0.09872041699976508,0.0,0.0,-1.0633173305919987,-1.0942199552136427,1.0,-0.1773575348377661,-0.7860639621527947
1.0,0.0,-0.9862649071659377,0.2474298218872014,0.0,-0.2480003538196968,-0.4794779716264079,-0.4513143433220023,0.0,0.42681705665486436,-0.7865028068696069,-1.291870993750447,1.0,0.2396435560106575,-0.5758194707037372
1.0,0.12333462213755053,-0.7602785612706191,1.1384959917259296,0.0,-0.8264066040207991,0.09237264106447696,-0.019500419024052196,0.0,0.0,-0.17901235088850748,-0.8718215427777788,0.8766653778624495,0.25415166861264404,0.07142018072664919
1.0,1.0,0.31238511770942023,-0.9354054242077128,0.0,-0.6618144342572577,-0.434302267758889,2.021972898603562,1.0,0.0,-0.4007398810871063,0.3653515359856825,0.0,-0.47736381292179275,0.9675705194500253
0.4619428505755876,0.0,-0.4933231566100169,0.2474298218872014,0.0,0.25932866265392746,0.02057467273220015,-0.6855169236756652,0.4619428505755876,0.5380571494244124,-0.6036237911679497,-0.9979884801857624,0.0,0.8860512011022195,0.5949304671473232
1.0,0.009658686658222893,-0.9862649071659377,-0.9354054242077128,0.0,0.028190432443230717,-0.7292713572782348,0.9567763633459694,0.0,0.9903413133417771,-0.8381786106180051,-0.9808224075775521,1.0,-0.2936645103252671,0.17806684131915118
0.0,0.0,-0.9862649071659377,-0.9348435216930432,0.0,-1.9275292933921366,-1.139346039736241,-0.6855169236756652,0.0,0.9997624764241154,-1.3908490492966685,-1.0897973821021436,1.0,-0.2983126572105555,-0.9310456038187493
1.0,0.0,0.8460376691802596,2.174332524790785,0.18547290957672247,-0.8563997473437225,-0.7370427991628077,2.0379543828910056,0.18547290957672247,0.0,0.20223036595525518,-0.003349898126225659,0.0,-1.2507165833049665,3.4206381426506565
1.0,0.6160361100802743,-0.9862649071659377,-0.48123940198295345,0.0,-0.1552615612631127,-0.860959460860581,-0.5286292583571213,0.0,0.0,-1.0970741703971618,-1.0645271996838221,1.0,0.06402887135680435,-0.18966779998470853
0.06741009057474712,0.9325899094252529,-0.13187146030875896,-0.9354054242077128,0.06741009057474712,-1.3383001340853504,-0.7370427991628077,0.921339517105735,0.9325899094252529,0.0,-0.6990494542643887,-0.4064270509031716,0.0,-0.5631352373784699,-0.7200180300382436
0.07002970574747103,0.0,-0.9862649071659377,0.2474298218872014,0.0,0.48871518173961864,-0.6947830328248903,0.07445489717124637,0.929970294252529,1.0,-0.8352111885593904,-1.0113556015301441,1.0,-0.2100478732017743,0.25552390690107724
0.0,1.0,-0.0701136189928391,-0.9354054242077128,0.0,-2.889160329870005,-0.33283154824588,0.9488832836078265,1.0,0.0,-0.569142983662812,-0.8707876223092716,0.0,0.14198718399869448,-0.4813713883950504
0.0,0.0,0.8460376691802596,-0.9354054242077128,0.9473161640227714,-1.3083106306074281,1.4756250239910749,0.8627768111661546,1.0,1.0,0.7718836594137235,-0.028527542792028893,0.0,0.7109130082775397,1.502603247168941
0.08854341061361815,1.0,-0.9862649071659377,-0.9354054242077128,0.0,-0.9906988161490101,-1.3226870095123162,-1.0217592911662956,0.9114565893863819,0.0,-1.2699701496015179,-1.7688040241913958,0.0,-2.036819687568515,-0.273903284812592
1.0,1.0,0.8804820013843273,-0.9354054242077128,0.0,0.014497602012558793,-1.139346039736241,2.3098542693191906,0.03759677320626087,0.0,1.6074442379372218,1.1664102420726072,0.0,-1.9155735816258441,1.9036790523177687
1.0,0.47978132685650476,-0.9862649071659377,-0.9354054242077128,0.0,1.0131510729159539,-1.0428372484557442,-0.6855169236756652,0.47978132685650476,0.5202186731434952,-1.3253496084204053,-1.3991950439146859,0.5202186731434952,-0.016113778757458452,-0.49636807155259177
1.0,0.4192427927726723,1.2301274938362308,-0.9354054242077128,0.5807572072273277,-0.6626656184752195,1.3456694793222181,1.594780760397131,0.4192427927726723,0.5807572072273277,2.10587700454565,2.152110055495767,0.0,-0.2979203992694677,1.7741515569730382
0.2716869710690041,0.0,-0.31901998751755456,-0.6140444989225256,0.7283130289309959,-1.3042584754067323,0.3780158511534163,-0.38792818231264337,0.0,0.7283130289309959,-0.06274595649993155,1.1317583959940158,0.0,0.5223081239227867,0.7897927952737289
1.0,0.0,-0.9862649071659377,0.2474298218872014,0.0,-0.6523950919389853,0.1885991496443186,-0.8482571694077098,0.0,0.6017126160243644,-0.4352135118782414,-1.1988241371770987,1.0,0.9179356244261413,-0.8706884135471358
0.9083006648885699,0.0,-0.9022544431789844,0.35589502750046986,1.0,1.4133783225120728,-1.047118690551847,2.3227809353631765,0.09169933511143014,0.0,-1.0051417113898156,2.2092410817859665,0.0,-1.1121289536338317,-0.7005312220894678
0.6636295361715779,1.0,-0.9862649071659377,-0.9354054242077128,0.0,0.6834317333205584,-1.139346039736241,1.3481760478460993,0.0,0.0,-1.2096524868835064,-1.166132063932393,0.6636295361715779,-0.8838153654223934,-1.19704370548577
0.4774808083654769,1.0,0.36733103866912503,-0.9354054242077128,0.0,-1.6714356387490006,-1.0251809139383883,0.363587234483008,1.0,0.0,-0.38232535906255805,-0.4358180835786855,0.0,-1.2725655771106306,-0.030136052054100748
0.0,1.0,-0.49570584970985143,-0.9354054242077128,0.0,-0.5884062835913015,-0.654660401705053,-0.6855169236756652,0.0,0.0,-1.0618983094668837,-0.5740015529266129,0.7322718071846451,0.08821193238645719,-1.1804203557691957
0.0,0.0,-0.06704784509647013,0.2553462118284614,1.0,1.4983441767214618,0.46919379641048065,0.5416505554911263,0.003346362042979223,1.0,0.247840143776255,0.9811931588183676,0.0,0.20455015428640236,0.5190161150379458
0.0,0.0,0.417910308439631,1.4302650679821156,1.0,-0.2601967065619437,-0.669344450403859,1.548426538852436,0.4673107665376526,0.0,0.4744759108585743,0.6623699854974461,0.0,-1.1972584502846728,0.5264568556884173
0.7029971235451178,0.7029971235451178,1.2179898216428462,-0.5840999537453049,0.2970028764548822,-0.7483192860807246,-1.139346039736241,0.9043494039181932,0.7029971235451178,0.0,0.9489511993978784,0.1976936884933181,0.0,-1.8501773460867976,2.221618579720505
0.14717817830809865,0.0,-0.2049510966407737,1.6043526047409766,1.0,-0.8751685080728369,-0.3347395585893745,0.3598721979361813,0.0,0.8528218216919013,-0.591825545441406,0.20544153271160903,0.0,0.1891995573341827,-0.9367217057510449
1.0,0.0,-0.9862649071659377,0.2474298218872014,0.0,-0.8078913744307579,0.12478059350987586,-0.9778920453609738,0.0,0.2844466847657581,-0.4352135118782414,-1.1988241371770987,1.0,0.793528823576312,-0.9458046865911185
0.0,1.0,-0.9862649071659377,-0.9354054242077128,0.0,0.321654267637106,-1.2578461759697945,-0.6855169236756652,0.41089146552910516,0.0,-1.4712737708590793,-1.533380754597061,0.41089146552910516,-1.3378222738356877,-1.638358839804338
1.0,0.2772656456967736,-0.9862649071659377,-0.9354054242077128,0.0,-0.5930807169967977,-1.139346039736241,-0.6855169236756652,0.0,0.7227343543032264,-1.3908490492966685,-1.6952719866966237,0.0,-0.2983126572105555,-0.697719149808095
0.9103391020575343,1.0,-0.9862649071659377,-0.9354054242077128,0.0,0.07686829118075078,-0.9381944194495243,-0.5389751334932751,0.0,0.0,-1.2298487895538455,-1.03946110006427,0.9103391020575343,0.20549050722700535,0.20679405199728385
0.04510067722032318,0.9548993227796768,-0.11143266252571732,-0.9354054242077128,0.0,-1.4153114530059543,-0.7188986505650152,0.9304551445584459,0.9548993227796768,0.04510067722032318,-0.7020951211530236,-0.4505661220388975,0.04510067722032318,-0.5191263218301416,-0.6806057925442325
0.8905324013208848,0.8905324013208848,-0.9862649071659377,-0.8059232901846823,0.0,-0.4571891102380914,-1.0732872852066409,-0.5066030577036933,0.0,0.0,-1.3161268153726535,-1.1749600113299425,1.0,-0.27071827037073654,-0.7948605962492556
0.39163014054035605,0.39163014054035605,-0.9862649071659377,-0.9354054242077128,0.0,0.03292428414659036,-0.9381944194495243,-0.6855169236756652,0.0,0.608369859459644,-1.2543296868083218,-0.5829453627822456,1.0,0.2898696305455047,-0.5489672071377365
0.12443755729685635,0.0,0.7320340407656308,0.10024069317852433,0.8755624427031437,0.4620491649355716,0.6710185428442086,-0.6855169236756652,0.12443755729685635,1.0,-0.16217478690154793,0.586862011552748,0.0,1.1454075036452287,0.07363286365658253
1.0,0.0,-0.9862649071659377,2.61310031407703,0.0,-0.9045800038006956,-0.9469614725045122,0.48685758707956694,0.0,0.043584302440574985,-0.9991412653826881,-0.8765722694354964,1.0,-0.6358407210323418,-1.2621975286527478
0.0,1.0,-0.9862649071659377,-0.9354054242077128,0.0,0.914142933889697,-1.3404976600229574,-0.6855169236756652,0.0,0.0,-1.5273684117850153,-2.0708310555752854,0.0,-2.062859520478736,-1.2670090259944013
1.0,1.0,-0.9862649071659377,-0.9354054242077128,0.0,0.7592893399893332,-0.9830616997486759,2.0086123279526533,0.0,0.0,-1.0117418848433115,-0.8192793439634777,1.0,-0.8868087152929526,-0.9056814265432291
1.0,0.4114457710267546,-0.9862649071659377,-0.23924273793994166,0.0,-0.08192757179816357,-0.9025687661671059,-0.6855169236756652,0.5885542289732454,0.0,-1.2301509530381727,-1.7052185110169216,0.0,0.22095310208842583,-0.7316572352206109
1.0,0.9823305150800816,-0.0701136189928391,-0.9145053346640907,0.0,1.4859443648383754,0.6496930697165687,-0.6927366761295919,1.0,0.017669484919918377,-0.17423592098537155,-0.2178163539791389,0.0,1.1302905900980742,-0.4739755885489315
1.0,0.8841989781315029,-0.9862649071659377,-0.6614583638079801,0.0,-0.08058697965577732,-0.8217266035509959,-0.5908843166029092,0.0,0.0,-1.1278570333604312,-0.9681999960491885,1.0,0.27748561055148613,0.16067422173861573
0.0,0.39920155355780196,-0.9862649071659377,-0.22475984595681342,0.0,-0.06392440684228584,-0.8570913361525965,1.5205971108993903,0.0,0.0,-0.5992547536627975,-0.8498473071124324,1.0,-0.8512743614776201,-1.076033625799584
1.0,0.09627603282472952,-0.9862649071659377,1.2025076980235534,0.0,-0.8529301581315346,-0.02926671800329861,0.053006395963495545,0.0,0.0,-0.2673231278946617,-0.8823157136151657,1.0,0.19322337045220778,0.08997614893373096
0.010815090186641063,0.010815090186641063,0.8361294103740601,0.23463735202474711,0.9891849098133589,0.5230376785312721,0.6601411782712594,-0.6722597844435384,0.010815090186641063,0.9891849098133589,-0.1651277253366164,0.7667279917685151,0.0,1.1319139547307238,0.1574954678737189
0.7433528228936241,1.0,-0.9862649071659377,-0.9354054242077128,0.0,0.2714652402695672,-1.139346039736241,-0.6855169236756652,1.0,0.0,-1.3908490492966685,-0.49176761208471664,1.0,-0.2983126572105555,-0.17948789263112297
0.935013590517106,0.0,-0.9862649071659377,2.459363882769982,0.935013590517106,-0.42533840049755733,-0.37395592328167504,-0.6855169236756652,0.0,0.06498640948289403,-0.7437398496269803,0.6711049563785416,0.06498640948289403,0.447000611332179,-0.7820468059652055
0.5984197635745125,1.0,-0.9862649071659377,-0.9354054242077128,0.0,1.2099709257082525,-1.259719144790848,0.2989973088064902,1.0,0.0,-1.362897978190834,-1.501787345835903,0.40158023642548746,-1.7085559472111922,-0.6249219946809549
0.0,0.16217426471675456,-0.0701136189928391,1.046614195349107,0.8378257352832454,-1.0267862839849415,-0.17163147800646406,0.34148999288511994,0.0,0.8378257352832454,-0.505313092673145,0.09150910531778744,0.0,0.3054172916228379,-1.0013929247905484
1.0,0.769430804194981,-0.9862649071659377,-0.6626800527457767,0.0,-0.834297453426229,-0.8146904684655474,-0.6855169236756652,0.0,0.230569195805019,-1.1705089319514046,-1.7020358755421265,0.230569195805019,0.018126349297010347,-0.6181432211378924
0.0,1.0,-0.9862649071659377,-0.9354054242077128,0.0,-0.6231978512174611,-1.003079911887678,-0.5471179716289705,0.0,0.0,-1.0671609921662413,-0.3971380521745054,0.8306425177506246,-0.410377362488355,-1.5374030002432704
1.0,0.0,-0.0701136189928391,-0.6507235657948693,0.0,-0.8293432263487285,-0.053468002849126534,0.6386240805940717,1.0,0.8796612379650041,0.028721082696873,-0.6013516966552374,0.0,-0.2850840821967118,-0.3538479957669253
0.046945357147813005,1.0,-0.9862649071659377,-0.9354054242077128,0.0,-1.4374158990074548,-1.3404976600229574,-0.2769168718547923,0.0,0.0,-0.8511805495728888,-1.0012907456873354,1.0,-2.062859520478736,0.19684464610039512
0.6159093885087504,0.0,-0.9862649071659377,0.2474298218872014,0.0,0.22117223749585474,-0.36536928481779973,-0.37163803615719454,0.38409061149124957,1.0,-0.7606880422734795,-1.2493610315205657,1.0,0.477973756754115,-0.08063155411217471
0.0,0.0,0.8123856573897739,-0.8919575939621612,0.9632680625733864,-1.401410269938488,1.4460702690725404,0.8888485974638449,1.0,1.0,0.7583584057537772,-0.02784131499649658,0.0,0.6990133360108102,1.4936114309532285
0.0,0.0,0.8460376691802596,2.461473597077963,0.0,-1.4374158990074548,-1.139346039736241,-0.2594574990954869,0.9572702629833256,1.0,-0.15050791398792573,-0.6538198131782321,0.0,-1.7441418704697256,0.5157343111443744
1.0,1.0,-0.22933549466834469,-0.9354054242077128,0.0,1.0131510729159539,-0.27342396185324314,-0.6855169236756652,1.0,0.0,-0.8031573873121892,-1.402543649255535,0.0,0.8452519806131416,-0.46638473810299286
0.8007696871298751,1.0,0.6635125614011651,-0.9354054242077128,0.0,-0.6543661699074758,0.3087908025148305,2.0126586422472834,1.0,0.0,-0.10777719629878128,1.7003471768085263,0.0,0.479170097167085,0.3483413295216393
0.3702220770038469,1.0,-0.9862649071659377,-0.9354054242077128,0.0,0.5230376785312721,-0.3869496375656163,-0.6855169236756652,0.0,0.0,-0.7942291174116048,1.5869474880794499,0.0,0.5387359942368453,-0.4673463281736083
1.0,1.0,-0.9862649071659377,-0.9354054242077128,0.0,1.3972411660832402,-1.1828599674769846,-0.6855169236756652,0.21632402303655351,0.0,-1.4203814670125332,-1.876408831563689,0.0,-0.6800265335092597,-1.767992719158655
0.0,1.0,-0.9862649071659377,-0.9354054242077128,0.0,0.48723907735337013,-1.139346039736241,0.49551611116550154,1.0,0.0,-1.2593154740432508,-0.6538198131782321,1.0,-0.7233387366571233,-0.6372418402930697
1.0,0.597274072430341,-0.9862649071659377,-0.45904700256205255,0.0,0.6250683982502455,-0.5331495551389854,-0.6855169236756652,0.0,0.40272592756965897,-0.9794302523616321,-1.1125148307247033,0.597274072430341,0.5859649523162589,0.2596319856098136
0.0,1.0,-0.9862649071659377,-0.9354054242077128,0.0,-0.4571891102380914,-1.139346039736241,-0.6855169236756652,0.5250315008602682,0.0,-1.3908490492966685,-0.6538198131782321,1.0,-0.2983126572105555,-1.5557449562032772
0.0,1.0,-0.30852675426725484,-0.9354054242077128,0.0,-0.9473025046227731,0.8557024947754062,-0.047528717892579175,0.2602333679515273,0.0,0.24179508908808753,-0.35072109710926325,0.0,0.6172012222371703,1.0366213078352573
1.0,1.0,-0.9862649071659377,-0.9354054242077128,0.0,0.775567587666824,-1.139346039736241,-0.6855169236756652,0.0,0.0,-1.3908490492966685,-1.3772837668071183,0.4847520756852741,-0.2983126572105555,-0.49053836391777506
0.49118634086862656,1.0,-0.9862649071659377,-0.9354054242077128,0.0,0.5143982937436181,-1.139346039736241,-0.6855169236756652,0.0,0.0,-1.3908490492966685,-1.9082904548429953,0.0,-0.2983126572105555,-1.0983773742366458
0.0,0.0036642241932757225,-0.9862649071659377,0.24309564836180098,0.0,0.5230376785312721,-0.7377798637963788,0.13467758435659216,0.9963357758067243,0.9963357758067243,-0.845271836894162,-0.983218829212876,0.9963357758067243,-0.29960579627186673,0.2996412286095516
1.0,0.0,-0.9862649071659377,0.2474298218872014,0.0,-0.8970345870005301,0.5678641178274435,-0.6855169236756652,0.0,0.10256385195379614,-0.2321845453169551,-0.22899590253929858,0.10256385195379614,1.1179864849710206,-1.0530454569644456
1.0,0.0,-0.9862649071659377,0.8821619866308473,0.0,-0.9473025046227731,0.06756368198405872,-0.4363290132350109,0.0,0.0,-0.288695675573087,-1.0233482496389845,1.0,0.4141839346035603,-0.4258271899368872
0.3770626170648813,1.0,0.27533278335307176,-0.9354054242077128,0.0,-0.8830055815717337,-1.264650903650807,1.7426528476097607,0.6229373829351187,0.0,0.5070177383969596,0.1127834731213464,0.0,-2.007414132295609,0.6543636092460294
1.0,0.0,-0.7552771524700159,0.2474298218872014,0.0,-0.5765879928054048,0.3667223307013745,-0.7885365993090941,0.2521283959077715,0.2521283959077715,-0.33427682627424016,-0.2178163539791389,0.0,0.9297021120622488,-1.0483867473126236
1.0,0.03486516023382491,-0.10205538045341929,0.2061900815018865,0.0,-0.49136487429402287,-0.7230164322176279,-1.0798710692182543,0.03486516023382491,0.9651348397661751,-0.9717714229352766,-1.6272269311424528,0.03486516023382491,0.06865870610089508,-1.1634554650293913
0.8949214412278399,0.0,-0.8899970501874506,0.37172044481176814,0.1050785587721601,-0.9473025046227731,-0.8747842523862852,-0.19104666273565774,0.0,1.0,-0.6939069790001653,-1.2564747138835357,0.8949214412278399,-0.9287289991724554,-0.8531808633516157
1.0,0.0,1.1023276638194426,-0.7699584926833284,1.0,-0.32008166866048515,0.5303399552832284,1.6517790071295986,0.0,1.0,2.2775041287995843,2.2434646424974156,0.0,-1.015550608088768,0.9646744740507229
1.0,0.0,-0.9862649071659377,-0.3943386162658369,0.0,-0.9473025046227731,-0.1507131433127085,-0.207343883632516,0.0,0.5425679022262927,-0.5092845359968146,-0.9622626549560397,1.0,0.38945639488795003,-0.9962796584604433
0.3911697660803798,0.0,0.48766698409134995,-0.9354054242077128,0.0,0.24628090557868643,0.9248339982113648,-0.2060209636020594,1.0,1.0,0.2770981688718207,-0.5874567911647453,0.0,0.6858507417431896,0.741012738856837
1.0,0.0,-0.9862649071659377,0.2474298218872014,0.7270406251436851,0.03292428414659036,-0.04224875906553528,0.6518144464982369,0.0,0.27295937485631494,-0.23670326658275148,0.1981663715031504,0.27295937485631494,0.10508503540563863,-0.49428147673525036
0.4766768283303684,1.0,-0.9862649071659377,-0.9354054242077128,0.0,-0.2235634118805703,-0.9381944194495243,-0.6855169236756652,0.5233231716696316,0.0,-1.2543296868083218,-0.923779729295802,1.0,0.2898696305455047,0.15327508158179104
1.0,1.0,-0.9862649071659377,-0.9354054242077128,0.0,0.07642347853807356,-0.7459692369354367,-0.6855169236756652,1.0,0.0,-1.1238685981348924,-0.7070278549007972,0.9556233364667632,0.5709099906835549,-0.35857912420767946
0.0,1.0,-0.9862649071659377,-0.9354054242077128,0.0,0.3781538203646635,-0.9381944194495243,-0.6855169236756652,1.0,0.0,-1.2543296868083218,-1.7078300317821635,0.14780646665299224,0.2898696305455047,-0.5246053328115562
0.9645776315814549,1.0,-0.9862649071659377,-0.9354054242077128,0.0,0.5056767013085143,-0.16921427231157468,-0.6855169236756652,0.03542236841854507,0.0,-0.7324314326265705,0.7091364661465346,0.03542236841854507,0.9174319386363781,-0.32529033674337904
0.670948634630129,0.670948634630129,2.678340245526457,-0.546191871472574,0.329051365369871,0.8518785913076122,2.2802315051379414,0.9593809575984226,0.329051365369871,0.329051365369871,2.3634334191328668,2.0740022360824746,0.0,0.8204030978512239,0.5198198527479005
0.9315894883189899,0.0,-0.9862649071659377,0.2474298218872014,0.0,0.03292428414659036,-0.1886314793797721,-0.6855169236756652,0.0,1.0,-0.7456096746237073,-1.3646282322342698,1.0,0.9160918436757459,-0.3337659517100465
0.0,0.0,0.8460376691802596,2.299900509127459,1.0,0.16270010882821034,0.3219777058448014,0.5161147912749121,1.0,1.0,0.20315966505463967,1.0677793077533075,0.0,0.1619588989294064,0.18906041064064227
0.7186090394224732,0.0,0.18768307202052767,0.5802689679908046,1.0,-0.9473025046227731,-0.7056979218387064,0.4766122631877886,0.7186090394224732,0.7186090394224732,0.8915647984571984,1.0184624633701995,0.0,-1.4737869198773506,0.2562270781376878
0.7473509060391149,1.0,-0.7548001142779066,-0.9354054242077128,0.0,-1.313589193978071,0.8234808666868174,-0.6855169236756652,0.0,0.0,-0.024208813938354168,-0.5172799786458432,0.0,1.1075811016598518,0.7193604256155168
0.005082139818025966,1.0,-0.06545761005187882,-0.9354054242077128,0.0,-2.4176426877768185,-0.5379357401939302,0.13791286774509964,0.005082139818025966,0.0,1.1995497855417516,1.3104115837584802,0.0,-1.3918255298601494,0.915317964701051
0.6957142928497502,0.30428570715024983,-0.9862649071659377,-0.9354054242077128,0.0,-1.3947060070052295,0.18997880803078293,-0.06386114512595009,0.0,0.6957142928497502,-0.4055693113487166,-0.8718215427777788,1.0,0.8908658927182517,-0.9273716826943411
0.04878358167317309,1.0,-0.9862649071659377,-0.9354054242077128,0.0,0.03292428414659036,-0.3347395585893745,-1.0741840014968718,0.0,0.0,-0.7149121403248546,-0.696359433901482,0.9512164183268269,0.4784171689568518,0.22637853094675955
1.0,0.5326025194007621,-0.9862649071659377,-0.3825512102189702,0.4673974805992379,0.7840733071726129,-1.2464798994824915,-0.30355965408807706,0.5326025194007621,0.0,-0.3150010962637353,-0.6881619510117067,0.0,-1.9803850446496525,-0.5888183062226409
0.03787802740795021,0.0,-0.9862649071659377,0.33703675362854657,0.0,0.9760220157449409,-1.139346039736241,-0.6855169236756652,0.03787802740795021,1.0,-1.3908490492966685,-1.4126971290322692,1.0,-0.2983126572105555,-1.7509739376627604
0.8905311399455461,1.0,-0.9862649071659377,-0.9354054242077128,0.0,-0.8936503500420631,-1.139346039736241,-0.6855169236756652,0.0,0.0,-1.3908490492966685,-1.7096429210007686,0.10946886005445389,-0.2983126572105555,-0.6867371447865187
1.0,0.10552006903193256,-0.16678596616455843,-0.9354054242077128,0.0,0.08464108335553677,0.5861164114100509,-0.6855169236756652,0.8944799309680674,0.8944799309680674,-0.21979691711741106,-0.5042966890614706,0.0,1.1260625574818897,-0.5173301645825088
1.0,0.9914753351450482,2.678340245526457,-0.925322150156129,0.008524664854951847,1.0089730204879017,2.257939753214269,1.7591170302465944,0.0,0.008524664854951847,2.358196400981455,2.286415948891693,0.0,0.5887498098112462,0.5612315964108398
0.938482973760765,0.06151702623923505,-0.9862649071659377,-0.9354054242077128,0.938482973760765,-0.3968884731529653,-0.9381944194495243,1.7409475271403547,0.0,0.938482973760765,-0.4604083074913192,0.1444276055600977,0.0,-1.2544943199844274,-0.6343265452601398
1.0,0.8829062691374613,-0.9862649071659377,-0.7969028322467501,0.0,-0.024464921747614832,-0.26407877752412534,-0.6855169236756652,0.0,0.11709373086253871,-0.7968149148770741,-1.4875367777964728,0.11709373086253871,0.9010094044684387,0.48574063035168946
1.0,1.0,1.7327273267693961,-0.9354054242077128,0.0,-1.4216548124314516,1.2421301935557911,-0.6986567008486464,1.0,0.0,0.824403772214259,0.30966169868485316,0.0,0.9122201268029542,0.6875606938386385
0.0,0.09348628055541996,-0.9862649071659377,0.13685095421993299,0.0,0.9673321946245383,-0.9381944194495243,-1.0559184764170528,1.0,0.0,-1.1305730117428077,-0.46947841476328245,0.90651371944458,-0.24332568283966366,-0.33757644202850456
1.0,0.4286810580804259,-0.5935282035901487,-0.25962924294358736,0.0,-0.24708678175387694,-0.10474173178058238,-0.6855169236756652,0.0,0.0,-0.610678540303403,-0.26454296003318717,0.0,0.6428692781887115,1.315750394898037
1.0,0.0,-0.9862649071659377,0.2474298218872014,0.0,-0.62279253988658,-1.139346039736241,-0.6855169236756652,0.0,0.6621120101065646,-1.3908490492966685,-0.6508410441547297,0.6621120101065646,-0.2983126572105555,-0.8887558110843407
1.0,0.0,0.8460376691802596,-0.395771036575126,1.0,-0.4571891102380914,0.02863125978712011,1.2068475017474587,0.45622109200260075,0.5437789079973993,1.8340278117444409,1.8913755878702039,0.0,-1.23315070308165,1.3049176014855288
0.8644928803073485,0.8644928803073485,-0.9862649071659377,-0.9354054242077128,0.0,-1.5038297534033116,-0.3996037954432767,0.35315604448013915,0.0,0.1355071196926515,-0.3427167839128771,-0.5300485551454334,1.0,-0.3994890297148874,-0.685349391841637
0.7339099189537017,0.0,-0.9862649071659377,1.983618861081402,0.0,-0.09749002868710593,-1.139346039736241,-0.6855169236756652,1.0,1.0,-1.3908490492966685,-1.1628047572334306,1.0,-0.2983126572105555,-0.3488694492990048
1.0,1.0,-0.9862649071659377,-0.9354054242077128,0.0,0.5021977509944298,-1.3404976600229574,-0.6855169236756652,1.0,0.0,-1.5273684117850153,-2.0708310555752854,0.0,-2.062859520478736,-0.9797982229405154
0.8681608040515469,1.0,-0.744695608766176,-0.9354054242077128,0.0,0.3291892110135416,-0.027509266773340868,-0.6855169236756652,0.0,0.0,-0.6362578249274987,0.576373806371275,0.0,0.9862479791151987,-0.232419832926342
0.24528553225533456,0.0,0.3966003564883618,0.5375621947959621,0.7547144677446654,-0.5774068350452067,0.06756368198405872,0.44005955059651347,0.7547144677446654,0.0,1.6924216970486579,0.5266754614603968,0.24528553225533456,-0.869096803510252,0.9981787052750051
0.15734065970252598,1.0,0.8460376691802596,-0.9354054242077128,0.0,-0.9473025046227731,0.6077198855719206,-0.7498063253836477,0.15734065970252598,0.0,-0.1836548334576327,-0.5852187412752634,0.0,1.0848326016359258,0.21335825709927034
0.1604001053300721,1.0,-0.9862649071659377,-0.9354054242077128,0.0,-0.29996063007212714,-1.139346039736241,-0.6855169236756652,1.0,0.0,-1.3908490492966685,-0.618852312788327,1.0,-0.2983126572105555,-1.1226722289087077
0.0,1.0,-0.9862649071659377,-0.9354054242077128,0.0,-0.12978465960519114,-1.139346039736241,-0.6855169236756652,0.6659911212547621,0.0,-1.3908490492966685,-1.0907068927866348,0.6659911212547621,-0.2983126572105555,-1.2986735876099906
0.2386900313010175,1.0,-0.9862649071659377,-0.9354054242077128,0.0,0.4282251656823157,-1.3404976600229574,-0.5879881645169437,0.0,0.0,-1.3970251681628616,-1.9147265365899102,0.2386900313010175,-2.062859520478736,-0.9147577536088503
0.0,0.9300903505097387,-0.9862649071659377,-0.8527138267484903,0.0,-0.4571891102380914,-1.139346039736241,-0.6855169236756652,1.0,0.06990964949026135,-1.3908490492966685,-0.6614400254305196,1.0,-0.2983126572105555,-1.3310939405662219
0.105834093828584,0.105834093828584,-0.16707366038652893,0.122245525468236,0.0,-0.4571891102380914,0.6071524444786204,-0.4260540263390179,0.894165906171416,0.894165906171416,-0.16217478690154793,-0.7858926934832374,0.105834093828584,1.0435442936677424,0.9223832028146256
1.0,0.0,-0.9862649071659377,-0.5793610597599199,0.30100926196041233,0.03292428414659036,-0.49484879610422505,0.8258908835722393,0.0,0.6989907380395877,-0.6393036366136653,-0.5542888993140083,0.6989907380395877,-0.15345494384503303,0.007808042139757609
0.1892215397850059,1.0,-0.2434691764169695,-0.9354054242077128,0.0,-1.2519358766980042,-0.42170452091338706,2.0973675081086665,0.8107784602149941,0.0,-0.4942356624250511,0.3448108922893923,0.1892215397850059,-0.2072516732586262,-0.7047972996906088
0.0,0.11836286722964984,-0.9862649071659377,0.1074260506991187,0.0,-1.4374158990074548,-0.9858121844995755,0.8037940625567204,0.0,0.8816371327703502,-0.7244110600314195,-1.2691200373122342,0.11836286722964984,-1.1738937849526367,0.6332244755484653
1.0,0.9613152881849074,-0.9862649071659377,-0.8896477835877968,0.03868471181509259,1.032110968334442,-1.139346039736241,2.3789834649808816,0.0,0.0,-1.117810324319975,-0.6447540007915027,0.9613152881849074,-1.180586088844646,-0.8442815466783871
0.5345299912300164,0.46547000876998357,-0.9862649071659377,-0.9354054242077128,0.5345299912300164,-0.9134552822031399,-0.6573042800726612,1.0053191084316624,0.0,0.5345299912300164,0.009606170104821787,0.26892373871424063,0.0,-1.1303183122072347,-0.8992141830191052
0.12092851977186836,0.0,0.8460376691802596,1.5733035834263673,0.8790714802281316,-0.9473025046227731,-1.0906961043542698,1.4810118340422167,0.0,0.0,0.6944062439613897,-0.03935856408186267,0.0,-1.7838160755766161,1.4009607563609205
0.9948548292452852,1.0,-0.0701136189928391,-0.9354054242077128,0.0,0.027880849940026264,0.4740067602933427,-0.6855169236756652,0.0,0.0,-0.295182072233258,-0.3273780468407186,0.0,1.1127195737429085,2.4801509785378943
0.1800530825918999,1.0,-0.9862649071659377,-0.9354054242077128,0.0,-2.5058891152553597,0.2887770760525986,1.136774238796025,0.0,0.0,-0.050236156462709014,-0.6559361839415757,0.8199469174081001,0.3384559682481638,-0.810625630676174
0.7713748384750765,0.0,-0.27956885523268055,-0.9354054242077128,0.0,-1.171407012536226,-1.139346039736241,-0.05514932572719772,0.0,1.0,-0.6536958409794864,-0.41717907654877506,0.22862516152492351,-1.3569670307045967,-0.6345044915713548
0.9087013092693679,0.09129869073063213,-0.9862649071659377,-0.9354054242077128,0.0,0.07767099536345778,-0.7554076787333301,0.9861879333715406,0.0,0.9087013092693679,-0.8447715993432816,-0.9808224075775521,0.9087013092693679,-0.35201292999363176,0.26232529779357494
0.001120111480109487,0.0,-0.9862649071659377,0.2474298218872014,0.0,0.5224886968916664,-0.5356658666369652,1.3570256578198816,0.0,0.001120111480109487,-0.707946403044574,-0.7624543986179932,1.0,-0.046297279575378575,-1.389548567597184
0.0,0.556181735039757,-0.5796602320078614,-0.4104415375520458,0.443818264960243,1.7207857436302203,-1.139346039736241,1.0407067230023515,1.0,0.443818264960243,-0.14837373883107063,-0.26680721562142073,0.556181735039757,-1.493841339763335,-0.1722346698702244
0.0,1.0,-0.9862649071659377,-0.9354054242077128,0.0,-0.2186370056807606,-1.139346039736241,-0.6855169236756652,0.0,0.0,-1.3908490492966685,-0.9721427073631582,0.7566358037849347,-0.2983126572105555,-1.5978150410412293
0.258688330697908,1.0,-0.9862649071659377,-0.9354054242077128,0.0,0.6498242943773309,-1.191381616605391,-0.6855169236756652,1.0,0.0,-1.4261650152867216,-1.8284202164550105,0.0,-0.7547803397076308,-0.23240496379034153
1.0,0.19313286458729306,2.678340245526457,0.01898546247407487,0.8068671354127069,0.6176946823613875,0.17029729376116293,1.1067114805651896,0.0,0.8068671354127069,1.8677449779058308,2.0253558898001445,0.0,-0.9780135858468618,0.4599882042901731
0.0,0.08409822446798465,-0.9862649071659377,0.14795547785246743,0.0,0.5230376785312721,-0.7539592932777788,0.2004082577174045,0.9159017755320153,0.9159017755320153,-0.8562526353340527,-1.0358230827483668,0.9159017755320153,-0.3279917088488366,0.32143162201082126
1.0,1.0,-0.9862649071659377,-0.9354054242077128,0.0,0.6830271467524327,-1.139346039736241,-0.6855169236756652,0.0,0.0,-1.3908490492966685,-1.192055422024656,0.673566423496707,-0.2983126572105555,-0.5717774540052046
1.0,0.0,-0.0701136189928391,-0.9354054242077128,1.0,-1.0059635027033678,-1.139346039736241,1.2265404768499797,0.4401556876911705,1.0,0.493011881120787,0.15716359102505756,0.0,-1.833607504129917,-0.4946981846087045
0.11584385678025766,0.11584385678025766,0.6337766719479135,0.11040562504394133,0.8841561432197423,0.5230376785312721,0.5778098248777639,-0.6855169236756652,0.0,0.8841561432197423,-0.22543450480487642,0.7631914292188209,0.0,1.1241699021792035,0.11104475086081547
0.0,0.0,0.5009277280472222,0.9846965167836477,1.0,-1.1319259471350893,-1.139346039736241,1.511401079857188,0.0,0.0,0.38205106515084103,-0.04087474460221699,0.0,-1.807714613946585,1.190695138399943
0.0,0.0,0.8460376691802596,-0.9354054242077128,0.990927595347275,-1.4151833638095628,1.4756250239910749,0.9340553435628531,1.0,1.0,0.7897450738186002,-0.004759124144394805,0.0,0.686971634925361,1.5063517790272705
1.0,1.0,-0.9862649071659377,-0.9354054242077128,0.0,-0.2794538208568512,-1.139346039736241,-0.6855169236756652,0.0,0.0,-1.3908490492966685,-1.1395318372625587,1.0,-0.2983126572105555,-0.7820062558297771
1.0,0.0,-0.9862649071659377,-0.7834717531313765,0.0,-0.3942346730090763,-1.0101577008952554,-0.6855169236756652,0.0,1.0,-1.3031703637640293,-1.6068255536670317,0.12844871809319136,-0.1364170982090129,-0.6912984550096644
1.0,0.0,-0.0701136189928391,0.7599690161001602,0.0,-0.24481606415222457,-0.6532199537473391,1.1259354487399085,1.0,0.2833429482655816,-0.37832388105265913,-0.3413548595626022,0.0,-0.8921407558112668,-0.5333642552991799
0.0,0.0,-0.9524997506457188,-0.9354054242077128,0.0,-1.9184976216105827,-1.139346039736241,-0.670457790012913,0.0,1.0,-1.3631759047398524,-1.0817887232623147,0.9815722812617825,-0.32582668076931004,-0.89812611504007
0.0,0.4322407838925123,0.4500397182161845,-0.26383981210055696,0.0,-1.7156822956070816,0.7852242290969458,-0.6855169236756652,0.5677592161074877,0.5677592161074877,-0.08466466067167024,-0.4949045888096526,0.0,1.1605868634008965,-0.4321411477960551
0.15987849725878123,0.8401215027412188,-0.9862649071659377,-0.9354054242077128,0.0,0.2879618995894023,-0.7773953255864782,-0.6855169236756652,0.8401215027412188,0.15987849725878123,-1.1451971342015033,-1.6959872757988808,0.15987849725878123,0.4074167558963433,-0.6957254493466973
0.3921512114451966,0.3921512114451966,0.2891562185313189,-0.21642045280899644,0.0,-0.35147283856035033,0.5132548396850084,-0.8457499289937906,0.3921512114451966,0.6078487885548034,-0.21571102028707906,-0.4165844848390432,0.0,0.9944324076272422,1.3004285410027738
0.8205026765761666,0.0,0.09433308508552918,-0.9354054242077128,0.0,-1.035276547088993,-1.139346039736241,0.13168317996608064,0.0,1.0,-0.33719407122949613,-0.2960778079089087,0.0,-1.6923948458388027,-0.29412638394174767
0.0,0.0,-0.0701136189928391,1.4302650679821156,1.0,-0.5851560031695585,-0.28519567998012896,0.8421992392984513,0.24630116594948082,0.7536988340505192,-0.40360848358879003,0.43135072149641174,0.0,0.0007400365579766088,-0.7460283541872249
0.21119301812925573,0.7888069818707443,-0.9862649071659377,-0.9354054242077128,0.0,0.2399413381179406,-1.139346039736241,-0.6855169236756652,0.7888069818707443,0.21119301812925573,-1.3908490492966685,-0.8088611212095316,1.0,-0.2983126572105555,-1.4639867572760923
1.0,0.1737534753075668,-0.9862649071659377,0.041908087161929036,0.8262465246924332,0.8428332617777008,-1.0344936604705457,2.1304985884293317,0.0,0.8262465246924332,-0.7082522368549349,0.37010137836168505,0.1737534753075668,-1.2959065739713314,-0.7761785406893652
0.7708541085409898,0.7708541085409898,-0.0701136189928391,-0.9354054242077128,0.0,1.5032644673006357,-0.8460082847514763,0.5998282955895389,1.0,0.2291458914590102,-0.7082522368549349,-0.8809140062401637,0.0,-0.8234963620370401,0.7115879821011883
0.05270211174366202,1.0,-0.9379817996025391,-0.9354054242077128,0.0,0.5230376785312721,-0.5252900637063218,-0.6209146669070761,0.05270211174366202,0.0,-0.8231870232521785,2.0195006250046,0.0,0.2692039981088629,-0.5614660586152834
0.0,0.8336224130677277,-0.9862649071659377,-0.9354054242077128,0.0,-1.11039027238459,-1.139346039736241,-0.6855169236756652,0.0,0.16637758693227234,-1.3908490492966685,-1.1806888363181816,1.0,-0.2983126572105555,-0.8541663287334118
0.7709842925321355,1.0,-0.0701136189928391,-0.9354054242077128,0.0,-1.4374158990074548,-0.2257216995591972,2.1746834390704453,1.0,0.0,-0.466478590261572,0.48611465515295926,0.0,0.15516664779498351,-0.452173742319354
0.0,0.0,-0.9862649071659377,0.2474298218872014,0.0,-0.048293377640442836,-0.7956640126338985,0.3698381680089182,0.7085720046026294,1.0,-0.8049860352003757,-1.0761201181530853,0.7085720046026294,-0.5187005237021115,0.41272107464545815
0.4735738884350885,0.0,-0.9862649071659377,0.2474298218872014,0.0,0.05882786662552447,-0.15485055893929578,0.38997175865075207,0.0,0.4735738884350885,-0.5789482261743635,-0.9693005315220695,1.0,0.48433265301115336,-1.0995717684854989
0.05792046055879829,0.05792046055879829,-0.9862649071659377,0.17891945966820444,0.0,-0.4571891102380914,-0.5708435623435565,0.8542180708645712,0.0,0.0,-0.7477885586075278,-0.9934491681585724,1.0,-0.06083501488625488,-0.7750849786844283
0.07469441775785401,1.0,0.7091748950838646,-0.9354054242077128,0.0,-0.8374763007361052,0.6109189302107476,-0.6855169236756652,0.0,0.0,-0.20296372407650984,-0.5479769834710508,0.0,1.1317138100807338,0.02629453206677031
1.0,1.0,-0.9862649071659377,-0.9354054242077128,0.0,-0.3125220055549497,-1.139346039736241,-0.6855169236756652,0.0,0.0,-1.3908490492966685,-1.1505633478397486,1.0,-0.2983126572105555,-0.784881581931215
0.0,0.990148372750647,-0.9772393261708419,-0.9354054242077128,0.009851627249352957,-0.952130919094166,0.06954535276772683,-0.6814915482710596,0.0,0.009851627249352957,-0.5663531228803702,-0.6312692594910778,0.0,1.0178542994235247,0.7410103706513802
1.0,0.0,-0.9862649071659377,0.2474298218872014,0.0,-0.13964685457117998,-0.05709776450476911,-0.6855169236756652,0.32394774281324556,0.6760522571867544,-0.6563392085202574,-1.3047558895268336,0.6760522571867544,0.9153290771524962,-0.6508529871218531
0.0,1.0,0.43747239174125935,-0.9354054242077128,0.0,1.0661241880948864,0.4698669225574919,-0.1388611616125669,1.0,0.0,-0.11604831808160018,1.4186817289772782,0.0,0.7864527263554788,0.2821874514931474
0.0,1.0,-0.9862649071659377,-0.9354054242077128,0.0,0.03292428414659036,-1.139346039736241,-0.6855169236756652,1.0,0.0,-1.3908490492966685,-0.8012354556254309,1.0,-0.2983126572105555,-1.679835333190451
0.0,0.5943958592285453,-0.6146701511098267,-0.45564255054119285,0.0,-0.7485104824127932,-0.1715636983670153,1.2688937684356412,0.5943958592285453,0.4056041407714547,-0.10680196818079529,-0.19723789340028067,0.0,-0.2743771032113514,1.2476018258030557
0.3836122604056218,0.0,-0.0701136189928391,-0.48165532176580284,0.0,1.1272374531506761,-0.5358911788760911,0.9207315232235713,1.0,1.0,-0.760622738088224,-0.41937674398243296,0.0,0.08269914436298575,-0.934786392638152
0.934373855425987,1.0,-0.9862649071659377,-0.9354054242077128,0.0,-1.4695801514850042,-1.086542818479309,-0.14284264148606335,0.0,0.0,-0.03461466383301352,0.16811395963565784,0.0,-1.6827953467481838,0.38338102066985047
0.0,0.0,-0.9862649071659377,0.2474298218872014,0.0,0.17312209773184684,-0.7729457589920014,0.2775428178434297,0.821512947407441,1.0,-0.8204046607109214,-1.0391881368420068,0.821512947407441,-0.43329070097606237,0.36851304257817435
0.3718335292387246,0.0,-0.9862649071659377,0.2474298218872014,0.0,-1.2551753058462278,-1.0645511228529432,-0.5335857243599843,0.0,1.0,-1.137036667479355,-1.4168258667766453,1.0,-0.5795059519288964,-0.8853187411356144
0.0,0.8187856433570937,0.6800179029064016,-0.7210586960720691,0.0,1.1480021335186712,0.5063184840154275,-0.6855169236756652,1.0,0.1812143566429063,-0.2739548809472692,0.6651528134069861,0.0,1.119138673851142,1.1070659120909954
1.0,0.7474912503116178,-0.9862649071659377,-0.9354054242077128,0.0,-1.189900058164245,-0.5379097351349387,-0.6855169236756652,0.7474912503116178,0.2525087496883822,-0.8806139045058722,-1.4718732109477317,0.7474912503116178,0.2669659175284913,0.27225721667232466
0.0,0.9989705201543666,-0.9853217478792125,-0.9341877191611533,0.0010294798456333965,-1.4374158990074548,-1.3402905784839558,-0.27481364426342053,0.0,0.0,-0.8442094236143998,-0.9799246940298083,0.9989705201543666,-2.062496207392254,0.21099221032307341
0.8410617167232435,0.0,-0.695041881237895,0.4354276253007669,0.15893828327675652,1.3474689042717451,0.13150506839747617,-0.6855169236756652,0.15893828327675652,1.0,-0.5283365681507181,-0.8920391541298847,0.0,1.0391201927010416,0.3752301192773939
0.0,1.0,-0.9862649071659377,-0.9354054242077128,0.0,0.7835136289604839,-1.3404976600229574,-0.6855169236756652,0.0,0.0,-1.5273684117850153,-2.0708310555752854,0.0,-2.062859520478736,-1.3804873888789684
0.055696365042170126,0.0,-0.9862649071659377,0.2474298218872014,0.0,-0.9200049700970667,-1.105735797519302,-0.6855169236756652,0.0,0.0,-1.3604345203027672,-1.144185569574895,0.9443036349578299,-0.26555304180035527,-0.6979855371012175
0.897806380306281,1.0,-0.9862649071659377,-0.9354054242077128,0.0,0.47295121669872625,-1.139346039736241,-0.6855169236756652,0.0,0.0,-1.3908490492966685,-0.9832134720141239,0.897806380306281,-0.2983126572105555,-0.8322317078144434
0.14579022553843402,0.14579022553843402,0.19701818686732664,0.07498400458421473,0.854209774461566,-1.2945084143939543,-1.139346039736241,1.5873737061196298,0.14579022553843402,0.0,-0.03995269697188375,-0.045250446527192345,0.0,-1.7390309991920312,1.5675813309576334
1.0,1.0,-0.5529474236355997,-0.9354054242077128,0.0,-1.9805087794904326,-0.44075130947253294,1.0979730739553673,0.4729759037881379,0.0,-0.22674515575905416,0.017859274765559152,0.0,-0.5519377615298434,-0.8200156738006197
0.8259207657998966,0.8259207657998966,-0.9862649071659377,-0.7294983703826192,0.0,-0.6278262389694887,-1.139346039736241,-0.6855169236756652,0.1740792342001034,0.1740792342001034,-1.3908490492966685,-1.6158528093046984,0.0,-0.2983126572105555,-0.72353827642859
0.0,1.0,-0.9862649071659377,-0.9354054242077128,0.0,-1.2397771149629797,-1.139346039736241,-0.6855169236756652,0.7016255690100074,0.0,-1.3908490492966685,-1.7763515321880148,0.0,-0.2983126572105555,-0.03725255986423717
0.0,0.8399471646724719,-0.9862649071659377,-0.7460892893448872,0.0,1.0131510729159539,-1.3083027728653422,-0.6855169236756652,0.0,0.16005283532752812,-1.5055181007416487,-1.9661556707891477,0.16005283532752812,-1.7804387919443676,-1.2817518646672699
0.2271772199831955,0.7728227800168045,-0.9862649071659377,-0.9354054242077128,0.0,0.6343802769441116,-0.9838914853413759,-0.6855169236756652,0.7728227800168045,0.2271772199831955,-1.2853437760523025,-1.6547292184479254,0.2271772199831955,0.156248013569727,-0.6403106026758875
1.0,0.0,-0.28087759705105303,1.158149463198588,0.0,0.03292428414659036,-0.7993674061654253,1.2634833886204728,0.7699463169685661,0.23005368303143392,-0.5403260922210406,-0.2679684547807374,0.23005368303143392,-0.9325113359257293,-0.6403675335245217
0.0,0.8686648735906219,-0.9862649071659377,-0.7800576076403695,0.0,1.3745262580877526,-1.0865094927806267,1.5514292294224812,1.0,0.13133512640937806,-1.0819507488605056,-0.6967667402498614,1.0,-1.064712596173347,0.1818416870590694
0.8680543225322929,1.0,-0.9862649071659377,-0.9354054242077128,0.0,0.8838143851997852,-1.3139565732104996,-0.6855169236756652,1.0,0.0,-1.5093552720140309,-1.8982447401684208,0.13194567746770713,-1.8300351891812985,-1.2242886512032654
1.0,0.9632366534401319,-0.9525841198575605,-0.8919204421322985,0.0,-1.40137948186466,-0.5432861856037706,0.08661866403766827,0.0,0.036763346559868126,-0.4552891464194069,-0.5848913140580527,0.9632366534401319,-0.4741914404631004,-0.7371070534250559
0.03130231374751624,0.03130231374751624,0.8173600141176741,-0.9354054242077128,0.0,0.01758260090370089,1.2052117812849616,2.359798274451859,1.0,0.9686976862524838,0.48623505020241664,-0.2280522917852782,0.0,0.7423904328538143,1.3773838817789923
0.7312700669736856,1.0,-0.9862649071659377,-0.9354054242077128,0.0,-0.23049199514999996,-0.3347395585893745,1.16848941272857,0.2687299330263144,0.0,-0.3618398336016643,-0.5870699073932849,0.7312700669736856,-0.19804715935002049,-0.15533717998612684
1.0,0.9095245109478184,-0.9862649071659377,-0.8283878268491177,0.09047548905218161,-0.8142727574788365,-1.139346039736241,-0.6115803446451846,0.0,0.0,-1.1685192397446145,-0.42647606978001606,0.9095245109478184,-0.44199607357926896,-0.3680774956824442
0.8573600920924986,1.0,-0.9862649071659377,-0.9354054242077128,0.0,0.03292428414659036,-0.5071989302829492,0.6574699147941787,0.0,0.0,-0.7082522368549349,-0.9341787876269191,1.0,0.025678266706339936,-0.8898527131512917
0.9645204722702085,0.0,-0.10261823402626069,-0.9354054242077128,0.0,-0.9820804881564001,-1.139346039736241,0.10268930622813477,0.0,1.0,-0.4691190094276527,-0.24875474762101735,0.03547952772979146,-1.6220449924679317,-0.5602318009647478
0.23990592156190282,1.0,0.1496765000864526,-0.9354054242077128,0.0,-1.0846725823583867,-1.2922401951844027,1.6025472653845187,0.7600940784380972,0.0,0.2635986581929859,-0.12641970164511496,0.0,-2.02758241703111,0.3850259253253072
0.0,1.0,-0.0701136189928391,-0.9354054242077128,0.0,-0.7305259568601215,-0.48946438911757606,1.4910531752952703,1.0,0.0,-0.4194588395291479,-0.9556644683755601,0.0,-0.49172311020756304,-0.41626135945750586
0.0,0.0,-0.9862649071659377,-0.5664176147606068,0.0,0.1858161330932167,-0.8126951227700004,-0.048198926265991315,0.0,0.6880480095048696,-1.0839797393308577,-0.4628293657388317,1.0,0.1850212674372289,-1.130342810088328
1.0,0.0,-0.6924160323413775,2.23371449575774,0.0,-0.6329018781420219,-0.9381944194495243,0.8023942325153289,0.32074274043812745,0.0,-0.8499281784894931,-0.6620541262617481,0.6792572595618726,-0.821011708831033,-1.0720253229611925
0.724422672614117,0.27557732738588303,-0.0701136189928391,0.7783399162687961,0.0,-0.10213985519396346,-0.9381944194495243,1.5826851559297586,1.0,0.0,-0.5717328743665882,-0.48815985701758247,0.0,-1.180586088844646,-0.672042151621224
